200 200 3
82.00 47.67 75.67 36.67 70.67 30.67 39.67 54.67 58.00 41.67 17.67 64.67 53.33 48.00 41.33 53.00 32.67 65.67 63.67 82.33 38.00 22.67 29.33 58.67 47.00 55.00 60.00 54.00 58.33 68.00 56.00 39.67 68.67 68.00 59.67 33.33 53.67 45.67 64.00 50.67 33.33 61.67 55.00 50.00 78.67 51.33 23.67 44.00 30.67 30.33 61.67 28.67 39.33 74.00 44.33 47.67 40.67 52.33 53.67 53.33 40.00 36.67 51.00 53.67 48.67 27.33 44.33 36.67 19.00 20.67 61.67 43.33 45.67 90.67 47.00 44.67 69.67 62.67 53.00 21.00 49.67 52.33 24.33 5.33 56.33 20.33 30.67 29.67 54.67 41.00 29.33 76.00 70.67 47.33 62.33 81.00 84.67 51.33 70.33 63.33 83.33 28.33 60.00 39.00 59.67 18.33 45.00 28.67 31.67 41.33 30.00 33.33 53.67 34.00 62.33 65.00 78.67 53.33 53.67 51.00 70.67 60.00 29.00 51.00 73.67 60.33 60.33 60.67 30.67 42.67 43.00 3.33 49.00 61.67 46.00 47.33 34.67 38.00 70.33 47.67 44.67 78.67 33.00 80.67 54.33 86.33 40.67 31.67 30.67 41.67 50.67 79.67 23.00 28.00 48.00 40.00 48.67 20.00 66.00 35.67 38.33 69.67 82.33 60.67 67.00 50.00 39.67 39.67 55.00 41.33 80.00 50.00 31.67 43.67 32.67 55.33 48.67 55.00 56.00 68.00 32.00 51.67 38.00 52.67 72.67 31.33 71.00 73.33 26.33 48.67 27.00 48.67 68.00 69.67 47.33 38.00 25.67 50.33 54.67 77.33 
62.00 53.24 56.87 49.12 53.61 44.43 45.42 49.71 50.06 44.28 39.31 50.43 50.09 48.23 46.64 48.87 46.78 55.87 58.32 59.89 45.97 38.25 40.23 48.87 49.23 52.26 54.45 54.01 55.69 57.79 54.29 50.98 58.04 58.66 54.45 47.04 50.31 50.18 54.06 50.52 46.75 53.35 53.53 53.69 58.81 49.99 40.34 42.10 39.33 40.58 47.90 42.40 46.34 55.18 49.39 48.17 46.67 49.51 50.27 49.10 44.83 43.78 47.60 48.57 45.74 39.67 41.61 38.74 34.05 36.75 48.75 48.64 52.48 63.14 53.97 52.20 57.60 55.32 49.25 40.04 44.68 43.92 34.71 29.91 40.51 34.47 36.43 38.99 46.38 45.34 46.09 59.59 61.12 56.98 61.94 68.65 69.29 61.14 63.45 62.21 62.97 48.86 51.59 46.60 47.50 37.23 40.29 36.82 37.34 39.75 38.28 40.77 47.04 46.41 55.37 59.72 62.88 56.39 54.47 54.18 58.07 53.95 46.03 51.73 58.92 56.95 55.36 52.12 42.76 42.35 39.90 31.92 43.78 49.98 47.41 46.40 43.66 46.44 55.17 51.88 52.31 59.56 52.17 61.93 58.54 62.16 48.73 41.95 40.81 44.93 50.04 55.25 41.05 39.61 44.32 43.73 44.61 40.00 49.89 45.57 48.47 59.51 64.94 60.29 58.68 52.04 47.05 46.57 50.39 50.02 57.96 50.02 42.94 43.77 42.77 48.85 49.56 51.92 53.22 54.39 45.81 48.35 47.02 52.18 57.14 49.93 58.27 57.50 44.78 45.95 42.34 49.25 56.58 57.02 49.64 44.43 42.02 49.28 51.02 38.33 
47.33 46.35 49.32 49.17 50.03 47.86 47.72 48.61 48.23 46.13 44.94 47.79 48.52 48.32 48.23 49.14 49.80 52.81 54.00 53.13 47.94 44.33 44.59 47.43 48.87 50.49 51.68 52.12 52.87 53.44 52.58 52.07 53.97 54.24 52.52 50.13 50.42 50.74 51.62 50.69 49.88 51.57 52.17 52.46 52.87 49.41 45.47 44.52 43.72 44.50 46.68 46.40 48.18 50.78 49.70 48.85 48.27 48.80 48.86 48.08 46.55 46.11 47.07 47.26 45.97 43.89 43.53 42.44 41.49 43.34 47.81 49.89 52.44 55.50 53.59 52.68 53.32 51.86 48.70 45.18 45.00 43.74 40.41 38.78 40.98 40.31 41.29 43.26 46.37 47.81 50.08 55.16 57.29 57.59 59.87 62.48 62.80 60.57 60.19 59.15 57.48 52.53 50.86 48.25 46.43 42.73 42.03 40.87 40.99 41.93 42.48 44.32 47.27 49.22 53.10 55.78 56.90 55.08 53.84 53.38 53.67 51.90 49.63 51.15 53.46 53.26 52.06 49.68 45.84 44.01 42.28 40.65 44.22 47.06 47.29 47.19 47.08 48.84 51.93 52.28 53.11 55.07 54.24 56.40 55.81 55.09 50.13 46.55 45.62 47.08 49.17 50.07 46.14 44.85 45.73 45.80 45.87 45.36 47.95 48.24 50.52 55.04 57.70 56.87 55.35 52.35 49.84 49.12 49.98 50.45 51.90 49.28 46.40 45.79 45.88 47.85 48.93 50.08 50.76 50.70 48.58 48.95 49.52 51.77 53.64 52.79 54.46 53.41 49.17 47.89 47.10 49.42 52.08 52.28 49.92 48.19 48.84 53.88 61.85 80.33 
8.67 35.38 44.63 47.86 49.14 48.92 48.74 48.65 48.10 47.14 46.71 47.53 48.15 48.53 49.00 49.75 50.56 51.68 51.95 50.98 48.64 46.82 46.60 47.55 48.46 49.32 49.95 50.31 50.67 50.94 50.90 51.06 51.77 51.97 51.41 50.66 50.63 50.81 51.06 50.82 50.63 51.04 51.26 51.23 50.82 49.19 47.38 46.49 46.15 46.56 47.44 47.92 48.80 49.69 49.50 49.06 48.70 48.63 48.45 47.99 47.38 47.17 47.40 47.41 46.91 46.18 45.88 45.63 45.75 46.94 48.96 50.49 51.87 52.87 52.38 51.77 51.36 50.28 48.60 46.94 46.16 45.25 43.92 43.26 43.74 43.94 44.69 46.01 47.75 49.30 51.19 53.69 55.36 56.36 57.63 58.78 59.01 58.30 57.72 56.79 55.31 52.88 50.99 48.99 47.14 45.13 44.08 43.49 43.60 44.26 45.15 46.57 48.39 50.11 52.13 53.60 54.14 53.53 52.78 52.19 51.70 50.72 49.81 50.10 50.77 50.73 50.02 48.65 46.83 45.50 44.51 44.15 45.43 46.81 47.50 47.96 48.54 49.75 51.26 52.03 52.69 53.37 53.38 53.77 53.35 52.36 50.20 48.45 47.88 48.41 49.23 49.42 48.25 47.56 47.55 47.49 47.42 47.42 48.25 48.97 50.44 52.59 54.07 54.17 53.45 52.06 50.72 50.04 49.98 50.03 50.06 48.99 47.73 47.20 47.23 47.88 48.45 48.98 49.32 49.36 49.02 49.41 50.23 51.53 52.58 52.78 53.02 52.18 50.33 49.16 48.65 49.28 50.15 50.31 49.79 49.85 51.57 55.76 62.31 72.00 
37.67 41.68 45.62 48.06 49.28 49.53 49.36 48.98 48.39 47.76 47.49 47.80 48.32 48.93 49.61 50.36 51.00 51.44 51.31 50.48 49.15 48.06 47.68 47.89 48.26 48.60 48.84 48.97 49.13 49.32 49.53 49.88 50.37 50.67 50.68 50.59 50.69 50.87 51.01 50.96 50.85 50.85 50.77 50.52 50.02 49.12 48.18 47.62 47.46 47.69 48.15 48.55 48.99 49.33 49.28 49.06 48.84 48.69 48.53 48.31 48.08 48.00 48.07 48.10 47.97 47.83 47.86 48.04 48.45 49.23 50.24 51.05 51.62 51.84 51.49 50.94 50.34 49.54 48.59 47.74 47.20 46.70 46.17 45.92 46.09 46.39 46.97 47.86 49.01 50.22 51.59 53.05 54.19 55.00 55.71 56.25 56.38 56.13 55.74 55.10 54.09 52.64 51.11 49.48 47.90 46.47 45.58 45.23 45.43 46.06 46.97 48.11 49.38 50.60 51.75 52.54 52.79 52.48 51.93 51.31 50.66 49.89 49.26 49.11 49.20 49.13 48.79 48.14 47.29 46.58 46.09 46.02 46.57 47.33 47.97 48.57 49.27 50.17 51.09 51.70 52.10 52.31 52.25 52.13 51.71 50.99 49.97 49.17 48.93 49.21 49.62 49.76 49.44 49.12 48.95 48.76 48.56 48.45 48.66 49.09 49.94 51.09 52.02 52.37 52.18 51.56 50.83 50.26 49.95 49.76 49.55 49.04 48.47 48.12 48.01 48.11 48.24 48.38 48.53 48.69 48.91 49.48 50.31 51.27 52.02 52.31 52.24 51.59 50.51 49.57 49.00 48.95 49.14 49.28 49.47 50.26 52.22 55.64 59.80 60.67 
58.00 47.83 47.68 48.93 49.81 50.07 49.85 49.36 48.75 48.23 48.02 48.22 48.72 49.43 50.21 50.95 51.47 51.65 51.37 50.64 49.69 48.86 48.40 48.25 48.24 48.24 48.19 48.14 48.16 48.31 48.58 48.99 49.48 49.90 50.19 50.43 50.68 50.92 51.07 51.07 50.97 50.81 50.56 50.20 49.71 49.10 48.53 48.19 48.12 48.27 48.53 48.78 48.99 49.12 49.12 49.05 48.98 48.95 48.93 48.90 48.87 48.88 48.93 48.97 49.02 49.14 49.39 49.77 50.25 50.80 51.31 51.62 51.69 51.50 51.05 50.46 49.85 49.22 48.63 48.18 47.90 47.71 47.55 47.51 47.65 47.93 48.38 49.03 49.85 50.77 51.74 52.66 53.38 53.86 54.19 54.39 54.43 54.35 54.19 53.87 53.28 52.35 51.17 49.81 48.44 47.27 46.53 46.31 46.60 47.26 48.14 49.12 50.09 50.95 51.65 52.08 52.17 51.92 51.44 50.82 50.11 49.38 48.75 48.40 48.27 48.22 48.13 47.94 47.67 47.42 47.25 47.28 47.57 48.01 48.50 49.05 49.66 50.33 50.94 51.34 51.52 51.50 51.31 51.03 50.64 50.17 49.70 49.40 49.39 49.65 49.97 50.17 50.14 50.02 49.84 49.58 49.28 49.02 48.93 49.06 49.50 50.17 50.82 51.23 51.30 51.05 50.63 50.20 49.89 49.68 49.50 49.27 49.00 48.74 48.52 48.33 48.15 48.05 48.06 48.25 48.65 49.31 50.12 50.94 51.54 51.79 51.65 51.11 50.30 49.48 48.86 48.54 48.47 48.60 49.01 50.01 51.94 55.20 60.82 74.33 
26.33 43.68 47.86 49.54 50.35 50.54 50.27 49.73 49.12 48.64 48.47 48.67 49.19 49.93 50.75 51.46 51.92 52.00 51.68 51.04 50.24 49.52 48.99 48.65 48.40 48.16 47.93 47.75 47.69 47.79 48.07 48.48 48.97 49.45 49.88 50.27 50.62 50.91 51.09 51.12 51.01 50.80 50.49 50.09 49.62 49.13 48.72 48.48 48.44 48.55 48.71 48.85 48.95 49.02 49.08 49.16 49.27 49.42 49.58 49.71 49.80 49.85 49.87 49.91 49.99 50.20 50.55 51.01 51.50 51.91 52.15 52.17 51.95 51.54 50.97 50.34 49.71 49.16 48.72 48.44 48.32 48.29 48.30 48.38 48.54 48.79 49.15 49.66 50.29 51.01 51.73 52.35 52.77 52.97 53.01 52.98 52.94 52.95 52.98 52.94 52.69 52.12 51.20 50.02 48.78 47.72 47.06 46.91 47.25 47.94 48.80 49.68 50.48 51.12 51.59 51.86 51.88 51.66 51.23 50.62 49.90 49.14 48.48 48.03 47.83 47.81 47.91 48.02 48.11 48.16 48.20 48.27 48.42 48.66 48.97 49.37 49.83 50.31 50.71 50.94 50.97 50.84 50.58 50.27 49.95 49.67 49.47 49.42 49.55 49.82 50.13 50.37 50.46 50.43 50.28 50.02 49.68 49.35 49.11 49.07 49.27 49.67 50.14 50.51 50.66 50.57 50.31 50.01 49.78 49.65 49.59 49.51 49.37 49.14 48.82 48.44 48.07 47.80 47.72 47.89 48.34 49.02 49.82 50.58 51.12 51.33 51.17 50.68 49.96 49.20 48.56 48.14 47.98 48.09 48.52 49.42 50.89 52.84 54.23 50.00 
72.00 52.41 50.03 50.39 50.84 50.91 50.60 50.05 49.47 49.04 48.90 49.11 49.63 50.35 51.14 51.81 52.22 52.28 51.99 51.43 50.74 50.08 49.53 49.09 48.70 48.34 48.01 47.75 47.63 47.69 47.92 48.28 48.73 49.21 49.67 50.11 50.49 50.80 50.99 51.04 50.95 50.74 50.43 50.04 49.60 49.18 48.84 48.65 48.63 48.71 48.82 48.92 49.00 49.09 49.24 49.47 49.77 50.10 50.41 50.66 50.80 50.85 50.83 50.80 50.86 51.07 51.44 51.91 52.37 52.70 52.81 52.67 52.31 51.78 51.15 50.48 49.83 49.28 48.87 48.63 48.55 48.57 48.65 48.77 48.94 49.16 49.46 49.87 50.39 50.99 51.57 52.02 52.25 52.26 52.11 51.92 51.81 51.86 52.04 52.23 52.24 51.91 51.19 50.14 48.98 47.96 47.33 47.20 47.54 48.22 49.05 49.86 50.54 51.07 51.43 51.64 51.66 51.50 51.12 50.57 49.87 49.13 48.47 47.99 47.78 47.82 48.04 48.34 48.65 48.88 49.02 49.08 49.12 49.18 49.31 49.52 49.81 50.12 50.37 50.48 50.44 50.27 50.02 49.76 49.53 49.36 49.29 49.33 49.50 49.76 50.05 50.28 50.43 50.45 50.35 50.14 49.85 49.53 49.28 49.17 49.24 49.48 49.79 50.05 50.16 50.10 49.91 49.71 49.59 49.57 49.62 49.65 49.56 49.31 48.91 48.41 47.92 47.55 47.42 47.57 48.03 48.72 49.52 50.27 50.80 51.00 50.84 50.36 49.67 48.92 48.28 47.85 47.66 47.74 48.11 48.82 49.94 51.50 53.52 56.33 
19.67 43.67 48.97 50.53 51.09 51.13 50.83 50.33 49.81 49.44 49.32 49.51 49.98 50.64 51.34 51.94 52.31 52.37 52.14 51.69 51.12 50.54 50.02 49.55 49.13 48.72 48.35 48.06 47.89 47.89 48.04 48.31 48.66 49.07 49.49 49.90 50.28 50.58 50.77 50.82 50.75 50.56 50.29 49.95 49.56 49.19 48.92 48.77 48.77 48.85 48.96 49.07 49.19 49.36 49.62 50.00 50.44 50.90 51.31 51.61 51.76 51.76 51.68 51.59 51.59 51.77 52.12 52.57 52.99 53.25 53.30 53.09 52.69 52.13 51.48 50.79 50.13 49.55 49.10 48.82 48.70 48.71 48.79 48.91 49.06 49.23 49.47 49.80 50.23 50.75 51.26 51.63 51.78 51.69 51.42 51.14 50.99 51.06 51.33 51.67 51.87 51.73 51.16 50.22 49.12 48.13 47.49 47.33 47.62 48.24 49.00 49.73 50.33 50.77 51.08 51.28 51.36 51.27 51.00 50.53 49.93 49.26 48.65 48.22 48.04 48.13 48.42 48.82 49.22 49.53 49.68 49.70 49.61 49.51 49.46 49.50 49.64 49.81 49.95 50.00 49.95 49.80 49.62 49.43 49.28 49.17 49.12 49.15 49.27 49.46 49.69 49.90 50.06 50.13 50.11 49.99 49.81 49.60 49.42 49.31 49.32 49.43 49.58 49.69 49.69 49.58 49.41 49.29 49.27 49.36 49.51 49.60 49.53 49.27 48.82 48.26 47.73 47.33 47.18 47.33 47.79 48.49 49.30 50.06 50.62 50.85 50.71 50.23 49.54 48.80 48.15 47.71 47.51 47.55 47.81 48.29 49.00 50.07 52.24 59.33 
67.33 53.41 51.24 51.16 51.30 51.26 51.00 50.58 50.15 49.83 49.72 49.87 50.24 50.78 51.35 51.85 52.17 52.25 52.10 51.76 51.32 50.85 50.40 49.98 49.58 49.19 48.83 48.53 48.33 48.25 48.29 48.43 48.66 48.95 49.29 49.64 49.98 50.25 50.42 50.46 50.40 50.24 50.02 49.74 49.43 49.15 48.94 48.85 48.89 49.00 49.15 49.31 49.51 49.78 50.16 50.65 51.19 51.71 52.13 52.41 52.52 52.47 52.32 52.17 52.15 52.30 52.63 53.05 53.43 53.65 53.65 53.43 53.02 52.49 51.87 51.20 50.53 49.92 49.41 49.06 48.87 48.81 48.85 48.93 49.03 49.14 49.29 49.53 49.90 50.36 50.83 51.19 51.33 51.22 50.93 50.61 50.44 50.52 50.84 51.26 51.57 51.55 51.10 50.28 49.26 48.31 47.66 47.43 47.63 48.14 48.78 49.40 49.90 50.28 50.56 50.78 50.91 50.93 50.78 50.46 49.99 49.46 48.98 48.64 48.51 48.62 48.93 49.34 49.75 50.05 50.17 50.09 49.89 49.64 49.44 49.35 49.36 49.44 49.53 49.57 49.55 49.47 49.37 49.27 49.15 49.04 48.93 48.86 48.86 48.93 49.08 49.25 49.41 49.54 49.61 49.63 49.60 49.55 49.49 49.44 49.42 49.41 49.39 49.31 49.17 48.99 48.82 48.75 48.82 49.00 49.22 49.36 49.32 49.06 48.62 48.08 47.57 47.20 47.07 47.23 47.69 48.39 49.21 49.99 50.58 50.86 50.76 50.30 49.61 48.86 48.20 47.74 47.52 47.51 47.64 47.87 48.05 47.80 46.20 41.67 
50.00 51.24 51.08 51.15 51.27 51.26 51.08 50.78 50.45 50.19 50.07 50.15 50.40 50.79 51.23 51.62 51.88 51.97 51.89 51.65 51.33 50.97 50.61 50.26 49.93 49.60 49.28 49.00 48.78 48.63 48.55 48.56 48.64 48.80 49.04 49.32 49.61 49.84 49.98 50.01 49.96 49.83 49.66 49.46 49.24 49.05 48.93 48.92 49.00 49.17 49.37 49.61 49.90 50.28 50.76 51.31 51.87 52.37 52.74 52.95 52.98 52.86 52.66 52.50 52.48 52.65 52.99 53.40 53.75 53.93 53.90 53.68 53.29 52.80 52.23 51.60 50.95 50.32 49.77 49.34 49.07 48.94 48.91 48.93 48.96 48.99 49.05 49.20 49.49 49.90 50.35 50.73 50.91 50.85 50.61 50.32 50.15 50.22 50.54 50.97 51.31 51.37 51.03 50.33 49.43 48.55 47.90 47.60 47.66 48.00 48.48 48.95 49.35 49.67 49.93 50.17 50.38 50.50 50.49 50.33 50.04 49.69 49.36 49.14 49.07 49.19 49.46 49.82 50.17 50.41 50.45 50.28 49.96 49.60 49.29 49.11 49.05 49.09 49.17 49.24 49.29 49.30 49.29 49.24 49.12 48.92 48.68 48.45 48.29 48.23 48.29 48.42 48.59 48.77 48.95 49.11 49.26 49.38 49.46 49.49 49.45 49.33 49.14 48.89 48.61 48.35 48.18 48.16 48.29 48.54 48.81 48.99 48.98 48.78 48.40 47.95 47.52 47.23 47.15 47.32 47.77 48.43 49.23 50.01 50.64 50.97 50.92 50.52 49.85 49.10 48.42 47.93 47.65 47.56 47.60 47.70 47.72 47.08 43.20 24.00 
52.33 50.33 50.47 50.81 51.05 51.14 51.08 50.90 50.66 50.45 50.32 50.32 50.46 50.72 51.02 51.32 51.53 51.61 51.56 51.39 51.13 50.84 50.55 50.29 50.03 49.79 49.54 49.31 49.09 48.90 48.73 48.61 48.56 48.60 48.74 48.95 49.18 49.39 49.51 49.55 49.51 49.43 49.32 49.19 49.07 48.97 48.93 48.99 49.13 49.34 49.60 49.91 50.28 50.75 51.29 51.86 52.39 52.80 53.06 53.15 53.07 52.89 52.68 52.54 52.58 52.81 53.20 53.62 53.96 54.12 54.07 53.84 53.48 53.03 52.50 51.91 51.28 50.66 50.08 49.62 49.29 49.09 48.99 48.94 48.90 48.86 48.84 48.91 49.12 49.48 49.92 50.32 50.56 50.59 50.44 50.22 50.08 50.14 50.40 50.78 51.09 51.18 50.94 50.39 49.63 48.86 48.23 47.85 47.75 47.89 48.16 48.47 48.76 49.02 49.28 49.56 49.84 50.06 50.19 50.19 50.08 49.91 49.75 49.64 49.62 49.72 49.93 50.20 50.46 50.60 50.55 50.30 49.89 49.45 49.08 48.85 48.77 48.82 48.92 49.05 49.19 49.30 49.36 49.32 49.14 48.81 48.39 47.96 47.64 47.46 47.45 47.56 47.75 47.98 48.25 48.54 48.85 49.13 49.35 49.45 49.39 49.18 48.85 48.45 48.06 47.76 47.60 47.61 47.80 48.08 48.37 48.58 48.62 48.50 48.24 47.92 47.64 47.45 47.43 47.62 48.02 48.61 49.34 50.09 50.72 51.09 51.12 50.79 50.19 49.45 48.76 48.21 47.85 47.66 47.61 47.73 48.19 49.73 55.58 80.67 
38.33 47.19 49.53 50.37 50.77 50.94 50.97 50.89 50.73 50.56 50.42 50.37 50.43 50.59 50.81 51.03 51.19 51.26 51.19 51.02 50.76 50.48 50.22 50.00 49.82 49.67 49.53 49.38 49.20 49.00 48.78 48.58 48.42 48.36 48.41 48.55 48.74 48.93 49.07 49.14 49.17 49.15 49.12 49.08 49.04 49.01 49.03 49.12 49.28 49.50 49.79 50.14 50.58 51.10 51.67 52.23 52.68 52.97 53.08 53.02 52.84 52.59 52.38 52.30 52.42 52.75 53.22 53.69 54.05 54.21 54.14 53.90 53.55 53.11 52.62 52.06 51.45 50.85 50.28 49.81 49.46 49.23 49.08 48.98 48.90 48.80 48.72 48.73 48.88 49.19 49.60 50.02 50.32 50.44 50.40 50.27 50.17 50.20 50.38 50.65 50.89 50.98 50.83 50.43 49.85 49.20 48.60 48.15 47.87 47.78 47.84 47.97 48.16 48.39 48.68 49.03 49.39 49.72 49.97 50.10 50.14 50.12 50.08 50.05 50.06 50.13 50.27 50.46 50.62 50.68 50.54 50.22 49.76 49.27 48.87 48.63 48.56 48.62 48.77 48.97 49.19 49.38 49.49 49.43 49.16 48.68 48.07 47.47 47.01 46.75 46.70 46.81 47.02 47.29 47.63 48.02 48.44 48.86 49.18 49.34 49.27 48.99 48.56 48.06 47.61 47.29 47.16 47.21 47.41 47.70 47.99 48.20 48.29 48.27 48.15 48.01 47.89 47.84 47.90 48.08 48.41 48.90 49.51 50.17 50.76 51.17 51.28 51.06 50.55 49.86 49.16 48.55 48.08 47.75 47.55 47.50 47.68 48.19 48.81 46.33 
57.33 50.52 49.99 50.29 50.56 50.72 50.78 50.74 50.64 50.49 50.36 50.30 50.33 50.45 50.63 50.81 50.94 50.96 50.85 50.61 50.29 49.96 49.66 49.44 49.32 49.26 49.23 49.19 49.11 48.95 48.72 48.47 48.24 48.09 48.05 48.13 48.30 48.51 48.70 48.87 48.99 49.09 49.17 49.22 49.24 49.25 49.28 49.35 49.47 49.65 49.91 50.26 50.72 51.27 51.85 52.37 52.74 52.90 52.86 52.66 52.36 52.05 51.84 51.81 52.01 52.45 53.02 53.56 53.96 54.13 54.06 53.82 53.46 53.04 52.55 52.00 51.42 50.85 50.32 49.87 49.54 49.30 49.14 49.04 48.94 48.83 48.75 48.73 48.84 49.09 49.46 49.86 50.19 50.39 50.45 50.42 50.37 50.36 50.44 50.58 50.72 50.79 50.71 50.46 50.05 49.53 48.97 48.42 47.97 47.66 47.50 47.48 47.59 47.83 48.19 48.64 49.11 49.55 49.88 50.10 50.23 50.29 50.31 50.32 50.34 50.38 50.47 50.58 50.68 50.67 50.49 50.12 49.62 49.12 48.71 48.47 48.40 48.48 48.67 48.92 49.20 49.45 49.57 49.49 49.13 48.52 47.77 47.05 46.50 46.21 46.16 46.28 46.51 46.81 47.17 47.61 48.12 48.62 49.01 49.21 49.13 48.81 48.31 47.77 47.31 47.01 46.91 46.99 47.19 47.45 47.70 47.90 48.03 48.10 48.13 48.17 48.24 48.33 48.46 48.64 48.90 49.25 49.71 50.24 50.77 51.19 51.38 51.27 50.87 50.26 49.57 48.90 48.31 47.83 47.45 47.18 47.00 46.69 45.24 38.67 
38.33 47.57 49.62 50.19 50.41 50.51 50.55 50.52 50.43 50.31 50.21 50.16 50.21 50.34 50.52 50.70 50.81 50.78 50.60 50.26 49.82 49.37 48.99 48.75 48.64 48.67 48.76 48.85 48.88 48.79 48.59 48.31 48.02 47.80 47.70 47.74 47.91 48.16 48.46 48.75 49.03 49.28 49.47 49.61 49.68 49.70 49.69 49.68 49.70 49.78 49.95 50.26 50.70 51.25 51.82 52.31 52.60 52.67 52.50 52.18 51.77 51.40 51.16 51.16 51.43 51.95 52.60 53.21 53.64 53.82 53.77 53.54 53.19 52.78 52.30 51.77 51.22 50.68 50.20 49.80 49.50 49.29 49.16 49.07 49.01 48.95 48.89 48.89 48.97 49.18 49.49 49.84 50.17 50.41 50.56 50.62 50.62 50.59 50.56 50.57 50.61 50.64 50.62 50.50 50.24 49.81 49.25 48.61 47.99 47.47 47.12 46.98 47.06 47.36 47.83 48.41 49.02 49.55 49.96 50.22 50.36 50.41 50.43 50.42 50.41 50.42 50.48 50.58 50.64 50.61 50.41 50.03 49.53 49.03 48.62 48.36 48.28 48.35 48.53 48.79 49.10 49.37 49.50 49.39 48.98 48.30 47.49 46.73 46.18 45.90 45.88 46.02 46.25 46.55 46.91 47.36 47.89 48.43 48.87 49.09 49.01 48.67 48.16 47.62 47.18 46.92 46.86 46.95 47.12 47.33 47.53 47.70 47.85 48.00 48.16 48.37 48.60 48.84 49.05 49.23 49.41 49.63 49.93 50.32 50.76 51.16 51.41 51.41 51.13 50.61 49.94 49.23 48.54 47.92 47.38 46.96 46.69 46.58 46.93 50.67 
57.00 51.83 50.78 50.50 50.42 50.39 50.37 50.31 50.22 50.12 50.06 50.06 50.14 50.31 50.51 50.70 50.80 50.74 50.48 50.03 49.47 48.88 48.39 48.08 47.97 48.06 48.26 48.47 48.60 48.59 48.42 48.12 47.79 47.51 47.37 47.40 47.60 47.94 48.36 48.82 49.26 49.65 49.98 50.20 50.31 50.30 50.22 50.09 49.96 49.89 49.93 50.14 50.52 51.03 51.58 52.05 52.31 52.32 52.08 51.68 51.19 50.76 50.49 50.49 50.79 51.35 52.03 52.66 53.10 53.29 53.25 53.04 52.73 52.36 51.93 51.44 50.93 50.43 49.99 49.64 49.38 49.21 49.12 49.09 49.09 49.10 49.12 49.15 49.24 49.41 49.65 49.93 50.23 50.49 50.71 50.84 50.89 50.84 50.74 50.64 50.58 50.58 50.60 50.56 50.38 50.00 49.41 48.67 47.88 47.19 46.70 46.50 46.60 46.98 47.59 48.33 49.07 49.71 50.16 50.41 50.50 50.48 50.41 50.33 50.27 50.27 50.33 50.43 50.51 50.49 50.31 49.96 49.50 49.01 48.60 48.32 48.18 48.18 48.30 48.52 48.80 49.06 49.20 49.09 48.68 48.02 47.23 46.52 46.03 45.82 45.83 45.99 46.21 46.47 46.79 47.22 47.74 48.29 48.75 48.99 48.93 48.60 48.11 47.60 47.21 47.00 46.96 47.05 47.19 47.34 47.47 47.60 47.76 47.96 48.22 48.55 48.92 49.28 49.56 49.75 49.87 49.98 50.13 50.39 50.73 51.09 51.38 51.47 51.30 50.87 50.24 49.52 48.76 48.04 47.39 46.88 46.55 46.30 45.40 39.67 
51.00 52.01 51.24 50.73 50.50 50.39 50.31 50.23 50.14 50.06 50.02 50.07 50.20 50.40 50.62 50.81 50.90 50.82 50.51 49.97 49.29 48.58 47.98 47.59 47.47 47.59 47.86 48.16 48.38 48.41 48.25 47.94 47.57 47.26 47.11 47.16 47.43 47.88 48.43 49.03 49.60 50.12 50.54 50.83 50.96 50.93 50.77 50.51 50.22 49.98 49.86 49.93 50.20 50.65 51.16 51.61 51.87 51.88 51.64 51.22 50.72 50.26 49.97 49.96 50.25 50.80 51.45 52.04 52.44 52.60 52.55 52.37 52.13 51.84 51.51 51.11 50.66 50.21 49.80 49.48 49.24 49.10 49.05 49.08 49.17 49.27 49.37 49.47 49.57 49.70 49.87 50.07 50.32 50.58 50.84 51.04 51.13 51.09 50.95 50.77 50.64 50.61 50.63 50.63 50.47 50.07 49.42 48.57 47.66 46.85 46.28 46.05 46.21 46.71 47.47 48.35 49.22 49.93 50.39 50.59 50.58 50.43 50.24 50.06 49.95 49.94 50.01 50.14 50.26 50.30 50.18 49.91 49.52 49.08 48.67 48.34 48.11 47.99 47.99 48.11 48.32 48.55 48.68 48.60 48.26 47.69 47.02 46.43 46.04 45.90 45.95 46.10 46.29 46.49 46.75 47.13 47.62 48.16 48.63 48.89 48.87 48.58 48.14 47.69 47.36 47.20 47.19 47.28 47.39 47.48 47.55 47.63 47.76 47.97 48.28 48.69 49.14 49.58 49.92 50.13 50.21 50.24 50.29 50.43 50.69 51.01 51.30 51.45 51.36 51.02 50.45 49.74 48.97 48.20 47.50 46.97 46.72 47.04 48.93 57.00 
63.00 54.03 51.53 50.82 50.60 50.51 50.44 50.35 50.25 50.18 50.17 50.24 50.39 50.60 50.83 51.01 51.08 50.98 50.65 50.07 49.32 48.52 47.83 47.38 47.23 47.36 47.67 48.01 48.25 48.29 48.12 47.78 47.40 47.09 46.97 47.08 47.44 47.99 48.64 49.32 49.97 50.54 51.00 51.32 51.46 51.42 51.20 50.85 50.43 50.03 49.74 49.64 49.78 50.12 50.57 50.99 51.28 51.35 51.19 50.84 50.39 49.97 49.71 49.70 49.97 50.45 51.02 51.51 51.80 51.88 51.80 51.64 51.48 51.32 51.13 50.86 50.51 50.11 49.73 49.40 49.17 49.04 49.02 49.10 49.25 49.43 49.61 49.77 49.89 49.99 50.09 50.22 50.40 50.65 50.93 51.18 51.32 51.30 51.14 50.92 50.75 50.69 50.70 50.67 50.48 50.03 49.29 48.35 47.35 46.47 45.88 45.68 45.91 46.53 47.41 48.41 49.36 50.10 50.54 50.67 50.53 50.24 49.90 49.62 49.47 49.45 49.56 49.73 49.91 50.02 50.01 49.86 49.59 49.24 48.86 48.47 48.13 47.85 47.69 47.66 47.76 47.92 48.05 48.02 47.78 47.35 46.86 46.43 46.16 46.09 46.16 46.29 46.41 46.54 46.74 47.04 47.49 48.00 48.48 48.77 48.81 48.60 48.24 47.87 47.61 47.51 47.54 47.64 47.72 47.76 47.77 47.79 47.86 48.03 48.32 48.73 49.20 49.67 50.05 50.28 50.37 50.37 50.36 50.43 50.61 50.87 51.15 51.32 51.29 51.03 50.54 49.88 49.14 48.38 47.69 47.13 46.76 46.57 46.50 46.67 
50.00 49.60 50.13 50.51 50.70 50.76 50.74 50.66 50.56 50.49 50.49 50.56 50.71 50.89 51.09 51.24 51.29 51.18 50.84 50.25 49.49 48.66 47.94 47.46 47.28 47.40 47.71 48.04 48.27 48.27 48.06 47.69 47.31 47.03 46.97 47.17 47.61 48.22 48.92 49.61 50.24 50.79 51.23 51.53 51.68 51.64 51.41 51.01 50.51 49.99 49.55 49.29 49.27 49.48 49.84 50.25 50.58 50.76 50.73 50.53 50.22 49.91 49.73 49.75 50.00 50.41 50.85 51.18 51.32 51.28 51.14 50.99 50.92 50.90 50.87 50.76 50.53 50.20 49.84 49.50 49.25 49.11 49.09 49.19 49.38 49.61 49.84 50.04 50.18 50.25 50.29 50.34 50.46 50.67 50.95 51.24 51.42 51.43 51.27 51.04 50.84 50.75 50.72 50.65 50.40 49.88 49.07 48.07 47.03 46.14 45.57 45.42 45.72 46.41 47.38 48.44 49.41 50.13 50.51 50.53 50.27 49.84 49.39 49.04 48.86 48.86 49.01 49.23 49.47 49.68 49.80 49.81 49.71 49.49 49.17 48.76 48.30 47.87 47.52 47.32 47.27 47.35 47.44 47.46 47.33 47.08 46.77 46.52 46.37 46.36 46.42 46.50 46.56 46.62 46.73 46.97 47.34 47.82 48.29 48.62 48.73 48.62 48.37 48.11 47.94 47.92 48.00 48.12 48.20 48.20 48.14 48.07 48.04 48.11 48.31 48.64 49.07 49.53 49.92 50.19 50.31 50.33 50.31 50.34 50.46 50.66 50.89 51.05 51.06 50.86 50.46 49.90 49.24 48.57 47.94 47.43 47.00 46.35 44.04 34.33 
28.67 44.26 48.90 50.43 50.97 51.15 51.16 51.09 50.99 50.91 50.89 50.95 51.06 51.22 51.36 51.46 51.48 51.34 51.01 50.45 49.72 48.92 48.22 47.74 47.56 47.66 47.94 48.25 48.42 48.37 48.10 47.70 47.32 47.09 47.10 47.38 47.88 48.51 49.17 49.79 50.33 50.78 51.14 51.40 51.54 51.53 51.33 50.95 50.43 49.84 49.29 48.89 48.71 48.77 49.05 49.44 49.83 50.14 50.29 50.29 50.17 50.04 49.98 50.07 50.32 50.64 50.94 51.10 51.08 50.90 50.68 50.54 50.54 50.65 50.79 50.84 50.74 50.49 50.15 49.81 49.53 49.37 49.33 49.41 49.59 49.83 50.08 50.29 50.42 50.48 50.46 50.45 50.50 50.66 50.93 51.23 51.43 51.45 51.30 51.06 50.85 50.73 50.67 50.56 50.26 49.68 48.83 47.80 46.77 45.90 45.36 45.26 45.61 46.34 47.33 48.38 49.31 49.96 50.24 50.15 49.77 49.25 48.74 48.37 48.20 48.23 48.42 48.70 49.01 49.31 49.57 49.77 49.87 49.82 49.60 49.21 48.68 48.11 47.59 47.21 47.00 46.96 47.00 47.04 47.02 46.93 46.81 46.71 46.68 46.70 46.75 46.78 46.78 46.77 46.80 46.96 47.26 47.68 48.12 48.48 48.66 48.65 48.53 48.40 48.34 48.40 48.54 48.70 48.78 48.75 48.62 48.43 48.26 48.17 48.22 48.43 48.77 49.18 49.57 49.88 50.07 50.14 50.15 50.15 50.21 50.33 50.49 50.62 50.64 50.50 50.19 49.76 49.24 48.71 48.23 47.89 47.77 48.05 49.14 52.33 
50.00 49.86 50.73 51.28 51.54 51.63 51.61 51.53 51.42 51.32 51.28 51.30 51.40 51.51 51.61 51.66 51.62 51.45 51.12 50.59 49.92 49.20 48.55 48.12 47.95 48.05 48.30 48.56 48.67 48.56 48.24 47.82 47.44 47.24 47.31 47.64 48.15 48.75 49.33 49.81 50.20 50.50 50.75 50.95 51.09 51.12 50.99 50.68 50.19 49.59 48.98 48.48 48.17 48.11 48.30 48.68 49.14 49.58 49.92 50.13 50.22 50.27 50.35 50.52 50.77 51.03 51.21 51.22 51.05 50.77 50.49 50.35 50.41 50.62 50.90 51.09 51.12 50.96 50.66 50.32 50.02 49.83 49.75 49.79 49.92 50.11 50.32 50.52 50.64 50.68 50.63 50.56 50.56 50.67 50.91 51.18 51.36 51.37 51.22 50.98 50.76 50.63 50.55 50.41 50.09 49.50 48.65 47.64 46.63 45.79 45.29 45.20 45.56 46.28 47.22 48.20 49.04 49.57 49.74 49.54 49.09 48.53 48.03 47.69 47.58 47.67 47.91 48.22 48.59 48.98 49.38 49.76 50.06 50.19 50.11 49.78 49.25 48.59 47.93 47.38 47.02 46.84 46.81 46.85 46.91 46.96 47.01 47.05 47.11 47.16 47.18 47.16 47.11 47.05 47.03 47.12 47.34 47.68 48.07 48.42 48.64 48.73 48.73 48.73 48.78 48.93 49.13 49.32 49.40 49.33 49.11 48.80 48.47 48.21 48.08 48.14 48.36 48.71 49.10 49.46 49.72 49.86 49.91 49.89 49.88 49.90 49.96 50.02 50.03 49.95 49.75 49.47 49.12 48.77 48.47 48.27 48.33 49.12 52.25 63.33 
58.67 54.39 52.79 52.29 52.13 52.06 51.97 51.84 51.71 51.59 51.53 51.55 51.63 51.74 51.81 51.82 51.73 51.52 51.16 50.66 50.04 49.40 48.84 48.46 48.33 48.43 48.67 48.90 48.98 48.83 48.47 48.02 47.63 47.45 47.54 47.87 48.36 48.88 49.33 49.66 49.88 50.02 50.16 50.31 50.45 50.54 50.50 50.28 49.87 49.31 48.69 48.12 47.73 47.59 47.73 48.10 48.63 49.19 49.69 50.06 50.32 50.52 50.72 50.96 51.21 51.42 51.51 51.42 51.17 50.83 50.54 50.42 50.53 50.82 51.19 51.49 51.62 51.53 51.29 50.97 50.66 50.43 50.30 50.27 50.32 50.44 50.59 50.74 50.85 50.88 50.82 50.73 50.69 50.75 50.91 51.11 51.22 51.19 51.01 50.76 50.56 50.44 50.38 50.26 49.97 49.40 48.59 47.61 46.62 45.81 45.31 45.22 45.53 46.18 47.03 47.90 48.61 49.02 49.08 48.82 48.35 47.83 47.40 47.16 47.14 47.30 47.58 47.93 48.32 48.77 49.27 49.78 50.24 50.54 50.60 50.37 49.88 49.21 48.47 47.80 47.30 47.00 46.89 46.92 47.05 47.21 47.39 47.55 47.67 47.73 47.73 47.69 47.61 47.53 47.48 47.51 47.66 47.91 48.23 48.53 48.77 48.91 49.00 49.09 49.24 49.45 49.70 49.89 49.96 49.84 49.54 49.11 48.64 48.22 47.95 47.86 47.98 48.26 48.63 49.02 49.35 49.56 49.64 49.61 49.52 49.44 49.38 49.36 49.34 49.29 49.20 49.08 48.93 48.77 48.61 48.43 48.21 47.89 47.43 47.33 
65.33 56.16 53.61 52.76 52.43 52.25 52.10 51.94 51.78 51.65 51.60 51.63 51.74 51.87 51.95 51.95 51.82 51.57 51.18 50.67 50.08 49.49 49.00 48.68 48.59 48.71 48.95 49.18 49.25 49.10 48.73 48.27 47.88 47.69 47.76 48.06 48.49 48.91 49.23 49.40 49.47 49.48 49.52 49.63 49.79 49.93 49.99 49.87 49.56 49.07 48.49 47.92 47.50 47.33 47.44 47.83 48.40 49.04 49.63 50.10 50.46 50.74 51.00 51.27 51.51 51.68 51.71 51.58 51.31 50.99 50.74 50.67 50.83 51.18 51.60 51.97 52.16 52.14 51.95 51.65 51.35 51.09 50.91 50.80 50.75 50.77 50.85 50.96 51.05 51.10 51.07 50.99 50.92 50.92 50.97 51.03 51.02 50.89 50.66 50.41 50.23 50.17 50.17 50.13 49.90 49.40 48.64 47.70 46.74 45.93 45.42 45.28 45.52 46.06 46.78 47.50 48.07 48.37 48.37 48.10 47.70 47.28 47.00 46.91 47.01 47.26 47.58 47.92 48.31 48.75 49.26 49.83 50.36 50.77 50.94 50.84 50.44 49.81 49.07 48.34 47.74 47.36 47.20 47.23 47.40 47.66 47.94 48.18 48.34 48.40 48.38 48.32 48.25 48.17 48.13 48.14 48.23 48.40 48.63 48.87 49.06 49.21 49.34 49.49 49.68 49.92 50.17 50.35 50.38 50.21 49.84 49.33 48.77 48.25 47.88 47.69 47.72 47.94 48.28 48.68 49.04 49.31 49.42 49.38 49.24 49.05 48.88 48.75 48.68 48.66 48.67 48.71 48.75 48.78 48.76 48.62 48.15 46.74 42.23 26.67 
40.33 51.21 52.56 52.50 52.33 52.17 51.99 51.80 51.62 51.49 51.46 51.53 51.70 51.89 52.03 52.06 51.94 51.66 51.23 50.68 50.08 49.51 49.04 48.76 48.69 48.83 49.08 49.33 49.43 49.31 48.98 48.54 48.15 47.95 47.99 48.23 48.58 48.90 49.10 49.16 49.11 49.03 49.01 49.08 49.25 49.44 49.57 49.55 49.34 48.95 48.45 47.94 47.55 47.39 47.51 47.91 48.50 49.16 49.77 50.26 50.64 50.92 51.18 51.42 51.62 51.75 51.75 51.62 51.39 51.14 50.98 50.99 51.21 51.59 52.04 52.43 52.66 52.69 52.54 52.27 51.98 51.70 51.47 51.28 51.15 51.07 51.07 51.14 51.25 51.34 51.37 51.34 51.26 51.17 51.07 50.93 50.73 50.45 50.14 49.89 49.77 49.80 49.92 49.99 49.87 49.46 48.77 47.87 46.93 46.12 45.59 45.40 45.53 45.94 46.49 47.05 47.49 47.72 47.71 47.51 47.24 47.02 46.94 47.05 47.30 47.63 47.96 48.27 48.58 48.94 49.37 49.87 50.37 50.80 51.05 51.05 50.77 50.26 49.58 48.87 48.26 47.84 47.65 47.69 47.91 48.23 48.57 48.85 49.02 49.08 49.05 48.99 48.93 48.89 48.88 48.90 48.97 49.09 49.24 49.39 49.52 49.63 49.73 49.87 50.06 50.29 50.50 50.63 50.60 50.38 49.97 49.43 48.84 48.31 47.90 47.67 47.64 47.79 48.09 48.47 48.85 49.14 49.30 49.29 49.12 48.87 48.59 48.36 48.22 48.19 48.29 48.47 48.70 48.90 49.03 49.04 48.88 48.56 47.98 45.67 
69.33 55.67 52.71 52.09 51.95 51.84 51.67 51.47 51.27 51.15 51.14 51.27 51.51 51.80 52.04 52.16 52.09 51.81 51.35 50.75 50.10 49.50 49.02 48.74 48.67 48.80 49.06 49.33 49.48 49.42 49.16 48.78 48.42 48.23 48.24 48.43 48.70 48.94 49.06 49.04 48.93 48.80 48.73 48.77 48.93 49.14 49.31 49.37 49.27 49.00 48.61 48.21 47.89 47.77 47.91 48.30 48.87 49.50 50.07 50.51 50.83 51.06 51.25 51.43 51.57 51.65 51.63 51.51 51.34 51.19 51.14 51.25 51.53 51.94 52.39 52.77 53.02 53.08 52.97 52.74 52.47 52.18 51.92 51.67 51.45 51.30 51.24 51.29 51.42 51.59 51.71 51.75 51.66 51.46 51.16 50.77 50.32 49.85 49.45 49.21 49.17 49.32 49.58 49.80 49.81 49.52 48.90 48.06 47.16 46.37 45.82 45.57 45.61 45.86 46.23 46.63 46.96 47.15 47.18 47.12 47.05 47.08 47.25 47.57 47.99 48.39 48.73 48.97 49.15 49.33 49.57 49.90 50.26 50.62 50.87 50.96 50.83 50.47 49.93 49.32 48.75 48.35 48.18 48.23 48.46 48.80 49.15 49.43 49.60 49.65 49.62 49.57 49.54 49.55 49.59 49.65 49.73 49.83 49.94 50.02 50.06 50.09 50.13 50.21 50.35 50.52 50.67 50.73 50.64 50.37 49.94 49.41 48.86 48.37 47.99 47.77 47.71 47.81 48.05 48.38 48.75 49.09 49.31 49.37 49.24 48.96 48.61 48.28 48.06 48.02 48.16 48.46 48.83 49.16 49.39 49.47 49.57 50.44 55.32 78.00 
46.33 49.29 50.29 50.91 51.24 51.32 51.21 51.01 50.81 50.69 50.70 50.88 51.21 51.61 51.98 52.23 52.26 52.03 51.56 50.92 50.22 49.56 49.04 48.71 48.61 48.71 48.95 49.23 49.41 49.42 49.24 48.95 48.67 48.52 48.54 48.71 48.93 49.11 49.18 49.12 48.98 48.82 48.71 48.72 48.83 49.02 49.22 49.34 49.34 49.20 48.96 48.67 48.45 48.39 48.54 48.90 49.41 49.96 50.44 50.80 51.03 51.17 51.26 51.34 51.40 51.41 51.36 51.26 51.14 51.09 51.14 51.34 51.67 52.10 52.54 52.91 53.15 53.24 53.17 53.00 52.76 52.49 52.22 51.93 51.65 51.43 51.32 51.36 51.54 51.80 52.02 52.12 52.01 51.68 51.14 50.47 49.75 49.09 48.61 48.37 48.42 48.71 49.13 49.50 49.66 49.50 48.98 48.22 47.39 46.65 46.12 45.84 45.78 45.89 46.09 46.33 46.56 46.74 46.87 46.97 47.13 47.42 47.85 48.39 48.96 49.44 49.77 49.91 49.92 49.87 49.85 49.91 50.06 50.28 50.50 50.65 50.66 50.49 50.13 49.67 49.20 48.86 48.70 48.75 48.95 49.25 49.56 49.81 49.95 49.99 49.97 49.94 49.95 50.01 50.12 50.24 50.37 50.49 50.57 50.60 50.58 50.52 50.47 50.47 50.54 50.64 50.72 50.71 50.56 50.24 49.81 49.31 48.83 48.41 48.10 47.92 47.86 47.92 48.10 48.39 48.75 49.13 49.46 49.63 49.59 49.34 48.96 48.54 48.24 48.16 48.33 48.71 49.16 49.56 49.76 49.68 49.20 48.05 44.69 30.33 
38.33 44.71 47.95 49.66 50.47 50.74 50.70 50.50 50.30 50.17 50.20 50.41 50.81 51.33 51.86 52.26 52.43 52.29 51.86 51.20 50.46 49.75 49.18 48.80 48.64 48.68 48.86 49.10 49.29 49.34 49.24 49.06 48.88 48.80 48.87 49.04 49.24 49.39 49.44 49.37 49.23 49.05 48.91 48.86 48.91 49.06 49.25 49.43 49.52 49.52 49.41 49.26 49.12 49.10 49.24 49.55 49.98 50.42 50.80 51.06 51.20 51.24 51.23 51.21 51.17 51.10 51.00 50.89 50.81 50.82 50.95 51.22 51.59 52.02 52.43 52.78 53.02 53.13 53.12 53.01 52.84 52.61 52.35 52.05 51.73 51.45 51.31 51.34 51.56 51.88 52.19 52.33 52.18 51.71 50.95 50.01 49.04 48.21 47.65 47.44 47.59 48.01 48.57 49.10 49.40 49.36 48.97 48.33 47.59 46.94 46.47 46.19 46.07 46.05 46.11 46.22 46.37 46.56 46.78 47.05 47.42 47.94 48.59 49.33 50.03 50.59 50.90 50.94 50.78 50.48 50.18 49.95 49.86 49.91 50.07 50.27 50.41 50.43 50.27 49.98 49.64 49.36 49.21 49.20 49.31 49.51 49.73 49.91 50.02 50.06 50.06 50.07 50.12 50.24 50.41 50.60 50.79 50.95 51.04 51.05 50.99 50.87 50.75 50.68 50.68 50.71 50.73 50.65 50.43 50.08 49.63 49.16 48.74 48.41 48.18 48.06 48.02 48.07 48.21 48.45 48.82 49.27 49.71 50.03 50.12 49.94 49.55 49.07 48.70 48.57 48.74 49.15 49.65 50.05 50.20 49.96 49.16 47.55 44.88 42.67 
37.33 43.05 46.82 48.90 49.90 50.24 50.21 50.01 49.78 49.64 49.67 49.90 50.36 50.98 51.66 52.23 52.56 52.55 52.19 51.57 50.83 50.10 49.49 49.07 48.84 48.80 48.90 49.06 49.21 49.26 49.21 49.11 49.03 49.04 49.17 49.37 49.58 49.73 49.79 49.74 49.60 49.42 49.25 49.13 49.10 49.19 49.36 49.58 49.76 49.88 49.89 49.84 49.77 49.76 49.87 50.11 50.44 50.79 51.08 51.26 51.33 51.29 51.19 51.05 50.90 50.74 50.57 50.43 50.36 50.40 50.57 50.88 51.27 51.68 52.07 52.39 52.63 52.77 52.82 52.80 52.70 52.54 52.31 52.01 51.67 51.35 51.16 51.17 51.40 51.76 52.10 52.24 52.05 51.45 50.51 49.37 48.22 47.28 46.69 46.53 46.76 47.30 47.98 48.62 49.04 49.13 48.87 48.35 47.76 47.22 46.84 46.59 46.44 46.34 46.29 46.30 46.41 46.60 46.90 47.29 47.81 48.49 49.30 50.18 50.99 51.60 51.91 51.89 51.58 51.09 50.54 50.06 49.75 49.65 49.76 49.99 50.25 50.42 50.45 50.32 50.10 49.87 49.69 49.58 49.55 49.59 49.67 49.76 49.83 49.88 49.92 49.97 50.08 50.25 50.47 50.72 50.97 51.18 51.31 51.34 51.27 51.13 50.98 50.87 50.83 50.82 50.78 50.65 50.37 49.97 49.49 49.02 48.64 48.37 48.23 48.17 48.18 48.24 48.36 48.59 48.97 49.48 50.04 50.50 50.73 50.63 50.26 49.75 49.31 49.13 49.28 49.68 50.18 50.56 50.68 50.40 49.55 47.81 44.44 38.33 
33.33 43.14 47.03 48.81 49.61 49.85 49.76 49.52 49.27 49.11 49.12 49.37 49.86 50.56 51.36 52.09 52.58 52.72 52.48 51.95 51.26 50.57 49.97 49.52 49.24 49.12 49.12 49.19 49.26 49.27 49.22 49.16 49.15 49.23 49.40 49.64 49.87 50.05 50.14 50.13 50.02 49.85 49.64 49.46 49.35 49.37 49.51 49.75 50.00 50.20 50.30 50.31 50.27 50.25 50.32 50.49 50.75 51.03 51.26 51.40 51.42 51.32 51.13 50.89 50.63 50.36 50.11 49.91 49.81 49.85 50.04 50.36 50.74 51.14 51.50 51.81 52.04 52.22 52.34 52.39 52.38 52.29 52.10 51.82 51.45 51.10 50.85 50.82 51.01 51.35 51.68 51.81 51.57 50.90 49.86 48.62 47.40 46.44 45.87 45.77 46.08 46.70 47.45 48.16 48.66 48.84 48.69 48.32 47.87 47.47 47.19 47.00 46.85 46.71 46.59 46.55 46.62 46.81 47.14 47.59 48.18 48.93 49.81 50.75 51.62 52.28 52.62 52.59 52.22 51.61 50.90 50.26 49.81 49.62 49.69 49.95 50.29 50.58 50.74 50.74 50.61 50.40 50.16 49.92 49.71 49.55 49.47 49.45 49.49 49.55 49.63 49.74 49.90 50.11 50.38 50.68 50.97 51.22 51.40 51.47 51.44 51.34 51.21 51.11 51.05 51.02 50.96 50.78 50.44 49.98 49.45 48.96 48.59 48.37 48.29 48.31 48.37 48.47 48.60 48.84 49.24 49.79 50.42 50.99 51.31 51.29 50.94 50.41 49.93 49.70 49.80 50.16 50.62 50.98 51.12 50.98 50.49 49.42 46.60 36.00 
48.67 48.94 48.97 49.29 49.52 49.52 49.31 49.02 48.75 48.57 48.57 48.81 49.32 50.07 50.95 51.80 52.44 52.73 52.65 52.25 51.68 51.07 50.53 50.10 49.81 49.64 49.55 49.52 49.49 49.43 49.35 49.28 49.27 49.36 49.55 49.79 50.05 50.28 50.43 50.49 50.44 50.29 50.06 49.81 49.63 49.57 49.67 49.90 50.18 50.42 50.56 50.59 50.55 50.52 50.55 50.68 50.90 51.14 51.35 51.47 51.47 51.33 51.08 50.75 50.37 50.00 49.65 49.37 49.22 49.23 49.41 49.72 50.09 50.48 50.82 51.11 51.36 51.57 51.74 51.86 51.91 51.88 51.73 51.46 51.08 50.68 50.38 50.27 50.39 50.68 50.96 51.06 50.80 50.14 49.12 47.91 46.74 45.83 45.34 45.31 45.67 46.32 47.09 47.81 48.33 48.56 48.51 48.25 47.94 47.67 47.50 47.38 47.27 47.12 46.98 46.89 46.92 47.10 47.40 47.83 48.39 49.12 49.99 50.93 51.82 52.52 52.90 52.90 52.56 51.94 51.22 50.53 50.04 49.83 49.90 50.18 50.56 50.91 51.14 51.21 51.12 50.91 50.60 50.22 49.84 49.50 49.25 49.13 49.11 49.18 49.30 49.47 49.67 49.92 50.21 50.53 50.84 51.13 51.36 51.50 51.56 51.54 51.48 51.42 51.39 51.35 51.26 51.04 50.66 50.14 49.56 49.04 48.66 48.47 48.45 48.53 48.67 48.81 48.98 49.23 49.62 50.18 50.83 51.42 51.79 51.81 51.48 50.96 50.45 50.16 50.19 50.47 50.86 51.20 51.41 51.54 51.76 52.61 56.47 75.33 
75.67 54.78 50.30 49.48 49.32 49.14 48.84 48.50 48.19 48.01 48.00 48.24 48.75 49.51 50.43 51.35 52.10 52.54 52.62 52.39 51.97 51.50 51.06 50.70 50.43 50.25 50.12 50.01 49.90 49.77 49.62 49.49 49.43 49.46 49.61 49.84 50.12 50.40 50.64 50.80 50.83 50.72 50.48 50.18 49.91 49.77 49.80 49.99 50.25 50.49 50.63 50.66 50.61 50.57 50.59 50.72 50.92 51.16 51.37 51.49 51.49 51.33 51.03 50.62 50.16 49.68 49.22 48.86 48.63 48.60 48.75 49.04 49.41 49.78 50.12 50.42 50.68 50.92 51.12 51.27 51.36 51.36 51.23 50.97 50.57 50.13 49.76 49.57 49.61 49.82 50.05 50.13 49.91 49.34 48.45 47.40 46.38 45.61 45.21 45.24 45.62 46.24 46.96 47.63 48.12 48.36 48.35 48.20 48.00 47.86 47.79 47.75 47.68 47.55 47.39 47.28 47.26 47.36 47.58 47.91 48.38 49.01 49.79 50.67 51.54 52.24 52.67 52.76 52.51 52.01 51.38 50.78 50.36 50.20 50.29 50.58 50.95 51.30 51.54 51.63 51.56 51.33 50.96 50.48 49.96 49.48 49.11 48.89 48.83 48.89 49.04 49.24 49.47 49.73 50.02 50.33 50.64 50.95 51.23 51.47 51.64 51.74 51.78 51.78 51.78 51.74 51.63 51.38 50.96 50.40 49.79 49.25 48.88 48.72 48.75 48.90 49.09 49.29 49.49 49.74 50.10 50.61 51.20 51.76 52.12 52.15 51.84 51.32 50.79 50.45 50.38 50.55 50.85 51.16 51.44 51.78 52.27 52.77 51.35 37.00 
28.33 44.05 47.68 48.67 48.87 48.70 48.35 47.97 47.66 47.48 47.48 47.71 48.20 48.94 49.84 50.78 51.58 52.13 52.37 52.32 52.09 51.78 51.46 51.20 51.00 50.84 50.70 50.56 50.41 50.21 49.99 49.78 49.62 49.55 49.61 49.79 50.07 50.42 50.76 51.03 51.16 51.10 50.87 50.53 50.18 49.94 49.88 49.98 50.18 50.38 50.50 50.52 50.48 50.46 50.51 50.65 50.87 51.11 51.33 51.45 51.45 51.29 50.97 50.52 49.99 49.43 48.89 48.43 48.12 48.02 48.14 48.42 48.78 49.16 49.51 49.82 50.10 50.34 50.55 50.71 50.80 50.81 50.69 50.42 50.01 49.53 49.10 48.83 48.79 48.92 49.11 49.22 49.09 48.68 48.01 47.20 46.41 45.81 45.52 45.57 45.91 46.45 47.06 47.62 48.03 48.24 48.27 48.20 48.11 48.09 48.12 48.15 48.12 48.01 47.84 47.67 47.57 47.56 47.65 47.84 48.16 48.64 49.28 50.05 50.84 51.52 51.98 52.16 52.06 51.73 51.30 50.89 50.62 50.56 50.71 50.99 51.32 51.62 51.82 51.88 51.80 51.57 51.18 50.66 50.07 49.51 49.06 48.78 48.69 48.75 48.90 49.11 49.34 49.58 49.84 50.11 50.40 50.72 51.05 51.37 51.66 51.89 52.03 52.11 52.13 52.09 51.95 51.68 51.25 50.70 50.11 49.59 49.25 49.13 49.20 49.39 49.62 49.85 50.06 50.28 50.59 51.00 51.49 51.96 52.27 52.29 52.00 51.50 50.96 50.55 50.37 50.42 50.61 50.88 51.23 51.80 52.87 54.97 59.27 70.33 
43.33 45.25 47.43 48.39 48.57 48.34 47.94 47.54 47.24 47.08 47.10 47.32 47.78 48.46 49.29 50.18 50.99 51.60 51.97 52.09 52.04 51.88 51.70 51.54 51.40 51.29 51.18 51.04 50.88 50.65 50.38 50.09 49.81 49.62 49.56 49.67 49.94 50.34 50.78 51.16 51.38 51.39 51.18 50.81 50.40 50.06 49.89 49.89 50.00 50.13 50.22 50.24 50.24 50.26 50.36 50.54 50.77 51.00 51.21 51.33 51.32 51.17 50.86 50.42 49.88 49.28 48.67 48.13 47.74 47.58 47.65 47.92 48.29 48.68 49.05 49.38 49.67 49.91 50.11 50.25 50.33 50.33 50.20 49.92 49.49 48.99 48.51 48.19 48.08 48.16 48.34 48.50 48.50 48.29 47.88 47.34 46.79 46.38 46.17 46.21 46.47 46.87 47.32 47.73 48.04 48.22 48.27 48.27 48.30 48.38 48.50 48.61 48.62 48.51 48.32 48.09 47.88 47.73 47.66 47.68 47.83 48.14 48.61 49.23 49.89 50.50 50.95 51.20 51.24 51.13 50.93 50.76 50.70 50.77 50.97 51.24 51.51 51.72 51.85 51.88 51.79 51.56 51.19 50.68 50.10 49.54 49.08 48.79 48.69 48.74 48.90 49.10 49.30 49.50 49.69 49.89 50.14 50.44 50.80 51.20 51.59 51.92 52.16 52.29 52.32 52.26 52.11 51.83 51.43 50.94 50.43 49.99 49.72 49.64 49.73 49.93 50.16 50.38 50.56 50.74 50.95 51.25 51.62 51.99 52.23 52.25 51.98 51.51 50.95 50.48 50.20 50.12 50.21 50.42 50.79 51.44 52.70 55.22 60.58 73.00 
38.67 46.07 48.20 48.69 48.55 48.15 47.70 47.30 47.03 46.92 46.97 47.19 47.60 48.18 48.91 49.70 50.46 51.09 51.54 51.80 51.89 51.87 51.79 51.70 51.62 51.54 51.46 51.34 51.19 50.96 50.67 50.31 49.94 49.64 49.47 49.50 49.75 50.18 50.69 51.16 51.48 51.55 51.37 50.99 50.54 50.13 49.86 49.75 49.75 49.81 49.87 49.90 49.94 50.03 50.18 50.38 50.61 50.83 51.00 51.10 51.09 50.97 50.71 50.33 49.82 49.22 48.57 47.97 47.51 47.29 47.33 47.59 47.96 48.37 48.76 49.11 49.40 49.65 49.83 49.96 50.02 50.00 49.86 49.58 49.15 48.63 48.13 47.77 47.61 47.66 47.85 48.07 48.21 48.20 48.03 47.74 47.42 47.16 47.02 47.02 47.16 47.38 47.64 47.90 48.11 48.24 48.33 48.41 48.55 48.74 48.96 49.13 49.17 49.07 48.84 48.55 48.23 47.95 47.73 47.58 47.56 47.69 47.98 48.41 48.91 49.39 49.79 50.07 50.23 50.30 50.34 50.41 50.54 50.74 50.97 51.20 51.39 51.51 51.57 51.56 51.48 51.29 50.97 50.53 50.01 49.49 49.08 48.82 48.74 48.81 48.97 49.16 49.32 49.45 49.56 49.68 49.85 50.12 50.48 50.92 51.37 51.77 52.07 52.23 52.26 52.19 52.04 51.79 51.47 51.08 50.70 50.39 50.21 50.18 50.27 50.43 50.61 50.76 50.87 50.96 51.08 51.26 51.52 51.79 51.99 52.01 51.78 51.35 50.80 50.28 49.90 49.72 49.72 49.89 50.21 50.74 51.59 52.94 55.04 58.00 
55.33 52.09 50.49 49.50 48.76 48.14 47.64 47.29 47.09 47.05 47.15 47.37 47.72 48.20 48.79 49.45 50.12 50.72 51.21 51.55 51.73 51.79 51.78 51.72 51.65 51.58 51.51 51.40 51.26 51.05 50.75 50.37 49.95 49.58 49.34 49.31 49.54 49.97 50.52 51.05 51.43 51.57 51.44 51.09 50.62 50.17 49.83 49.61 49.52 49.50 49.52 49.57 49.66 49.80 49.99 50.21 50.41 50.58 50.71 50.77 50.77 50.69 50.52 50.22 49.79 49.23 48.58 47.94 47.43 47.17 47.18 47.42 47.79 48.21 48.61 48.96 49.27 49.52 49.71 49.84 49.90 49.88 49.75 49.47 49.05 48.54 48.03 47.64 47.45 47.48 47.68 47.94 48.18 48.33 48.35 48.26 48.12 47.98 47.87 47.82 47.82 47.87 47.95 48.05 48.17 48.28 48.41 48.58 48.83 49.13 49.44 49.66 49.74 49.65 49.41 49.06 48.67 48.28 47.93 47.65 47.48 47.44 47.55 47.79 48.10 48.43 48.74 49.00 49.22 49.43 49.65 49.90 50.17 50.44 50.68 50.85 50.94 50.98 50.97 50.95 50.89 50.75 50.51 50.16 49.73 49.30 48.96 48.76 48.73 48.83 49.01 49.20 49.33 49.40 49.42 49.46 49.56 49.77 50.12 50.55 51.02 51.44 51.75 51.92 51.96 51.91 51.78 51.60 51.38 51.14 50.92 50.75 50.67 50.67 50.72 50.80 50.87 50.90 50.90 50.88 50.90 50.98 51.14 51.35 51.53 51.57 51.40 51.01 50.49 49.96 49.53 49.29 49.26 49.40 49.69 50.05 50.36 50.24 48.84 44.67 
67.00 56.42 52.11 50.06 48.91 48.19 47.73 47.48 47.40 47.45 47.61 47.83 48.12 48.49 48.94 49.46 50.01 50.56 51.04 51.40 51.63 51.72 51.70 51.63 51.54 51.45 51.35 51.23 51.09 50.89 50.61 50.24 49.82 49.44 49.17 49.13 49.33 49.75 50.31 50.87 51.29 51.48 51.41 51.11 50.68 50.22 49.82 49.53 49.35 49.25 49.23 49.28 49.40 49.58 49.79 50.00 50.17 50.30 50.37 50.41 50.42 50.40 50.32 50.13 49.80 49.30 48.68 48.03 47.51 47.21 47.19 47.40 47.75 48.14 48.53 48.89 49.21 49.49 49.72 49.88 49.98 49.98 49.86 49.60 49.20 48.71 48.21 47.80 47.59 47.58 47.76 48.05 48.34 48.58 48.71 48.76 48.73 48.66 48.57 48.47 48.35 48.24 48.16 48.14 48.18 48.29 48.47 48.73 49.08 49.48 49.86 50.14 50.26 50.19 49.96 49.61 49.19 48.75 48.31 47.93 47.63 47.45 47.40 47.45 47.58 47.75 47.94 48.15 48.39 48.66 48.98 49.32 49.65 49.92 50.11 50.19 50.19 50.15 50.11 50.09 50.06 50.00 49.84 49.58 49.25 48.92 48.67 48.53 48.55 48.70 48.92 49.13 49.25 49.29 49.26 49.23 49.27 49.44 49.74 50.15 50.58 50.98 51.28 51.46 51.52 51.50 51.44 51.36 51.27 51.18 51.10 51.05 51.03 51.03 51.02 50.98 50.90 50.78 50.63 50.49 50.40 50.40 50.51 50.69 50.87 50.95 50.84 50.52 50.05 49.54 49.13 48.89 48.88 49.07 49.41 49.78 49.92 49.12 45.59 34.67 
58.00 54.50 51.52 49.80 48.81 48.22 47.91 47.80 47.85 48.01 48.21 48.44 48.68 48.95 49.27 49.66 50.10 50.57 51.00 51.35 51.56 51.63 51.59 51.48 51.34 51.19 51.05 50.91 50.76 50.57 50.31 49.98 49.60 49.25 49.01 48.96 49.16 49.57 50.12 50.67 51.12 51.36 51.34 51.10 50.71 50.27 49.85 49.49 49.23 49.06 48.99 49.02 49.15 49.35 49.57 49.77 49.92 50.01 50.06 50.08 50.11 50.15 50.16 50.09 49.87 49.46 48.89 48.27 47.74 47.42 47.36 47.52 47.81 48.15 48.49 48.83 49.18 49.51 49.80 50.04 50.20 50.24 50.15 49.92 49.54 49.07 48.59 48.18 47.93 47.89 48.03 48.28 48.58 48.84 49.02 49.12 49.16 49.13 49.05 48.90 48.69 48.47 48.28 48.16 48.16 48.27 48.49 48.83 49.26 49.73 50.16 50.49 50.66 50.64 50.46 50.15 49.74 49.28 48.80 48.35 47.96 47.67 47.48 47.39 47.36 47.40 47.48 47.62 47.82 48.09 48.42 48.76 49.05 49.24 49.32 49.29 49.20 49.10 49.05 49.05 49.08 49.08 49.00 48.83 48.60 48.36 48.18 48.11 48.17 48.37 48.63 48.88 49.04 49.08 49.05 49.00 49.03 49.18 49.45 49.80 50.18 50.52 50.79 50.97 51.07 51.13 51.17 51.20 51.23 51.25 51.27 51.28 51.28 51.24 51.14 50.96 50.71 50.41 50.11 49.84 49.67 49.61 49.69 49.87 50.07 50.19 50.15 49.91 49.52 49.09 48.75 48.59 48.67 48.97 49.47 50.10 50.73 51.01 49.88 44.33 
61.67 52.11 49.83 49.01 48.55 48.27 48.15 48.20 48.36 48.58 48.82 49.04 49.24 49.43 49.66 49.94 50.28 50.65 51.02 51.31 51.48 51.51 51.43 51.27 51.08 50.89 50.70 50.54 50.38 50.20 49.98 49.70 49.37 49.07 48.88 48.86 49.06 49.46 49.98 50.53 50.98 51.24 51.27 51.07 50.72 50.29 49.85 49.45 49.11 48.87 48.75 48.75 48.88 49.08 49.31 49.52 49.67 49.77 49.82 49.86 49.91 50.01 50.11 50.14 50.03 49.72 49.23 48.67 48.17 47.84 47.73 47.81 47.99 48.22 48.48 48.78 49.13 49.52 49.91 50.24 50.47 50.57 50.50 50.29 49.94 49.50 49.04 48.64 48.37 48.28 48.36 48.57 48.82 49.06 49.24 49.35 49.40 49.38 49.30 49.12 48.87 48.58 48.31 48.14 48.11 48.23 48.49 48.89 49.37 49.88 50.34 50.70 50.91 50.96 50.85 50.60 50.23 49.78 49.28 48.79 48.35 47.98 47.70 47.50 47.37 47.31 47.31 47.37 47.52 47.73 47.99 48.24 48.41 48.46 48.40 48.24 48.07 47.95 47.91 47.96 48.04 48.10 48.09 48.00 47.86 47.69 47.56 47.53 47.62 47.85 48.16 48.47 48.69 48.80 48.82 48.83 48.90 49.07 49.32 49.62 49.92 50.19 50.41 50.58 50.74 50.89 51.04 51.19 51.31 51.40 51.45 51.46 51.42 51.30 51.08 50.75 50.33 49.87 49.42 49.06 48.82 48.74 48.82 49.01 49.24 49.40 49.42 49.26 48.98 48.68 48.46 48.44 48.65 49.09 49.78 50.77 52.23 54.55 58.70 67.00 
29.00 42.55 46.89 48.16 48.43 48.46 48.52 48.65 48.86 49.10 49.33 49.52 49.68 49.81 49.97 50.16 50.42 50.72 51.01 51.24 51.35 51.34 51.22 51.03 50.82 50.61 50.41 50.24 50.09 49.94 49.75 49.50 49.23 48.98 48.83 48.85 49.05 49.44 49.93 50.45 50.89 51.15 51.18 51.01 50.67 50.24 49.77 49.32 48.92 48.62 48.45 48.43 48.55 48.76 49.02 49.26 49.46 49.59 49.68 49.75 49.84 49.98 50.15 50.28 50.29 50.10 49.73 49.26 48.82 48.49 48.31 48.27 48.30 48.38 48.51 48.73 49.06 49.51 49.98 50.41 50.71 50.84 50.78 50.57 50.24 49.83 49.41 49.04 48.77 48.65 48.69 48.84 49.04 49.24 49.38 49.47 49.51 49.49 49.40 49.21 48.93 48.60 48.30 48.11 48.07 48.21 48.51 48.94 49.45 49.97 50.44 50.81 51.04 51.15 51.11 50.93 50.61 50.17 49.66 49.15 48.67 48.27 47.94 47.69 47.50 47.39 47.33 47.34 47.42 47.55 47.68 47.78 47.78 47.66 47.44 47.17 46.95 46.82 46.83 46.93 47.07 47.19 47.24 47.21 47.13 47.02 46.93 46.91 47.01 47.26 47.61 47.99 48.30 48.51 48.64 48.75 48.91 49.14 49.40 49.66 49.88 50.05 50.20 50.36 50.56 50.79 51.06 51.30 51.49 51.60 51.63 51.58 51.45 51.22 50.87 50.39 49.83 49.24 48.69 48.25 47.99 47.92 48.02 48.24 48.50 48.69 48.76 48.69 48.53 48.38 48.33 48.47 48.81 49.37 50.16 51.30 53.12 56.48 63.50 79.00 
25.33 42.34 47.27 48.62 48.93 48.99 49.06 49.19 49.37 49.55 49.72 49.85 49.95 50.04 50.14 50.28 50.47 50.70 50.92 51.09 51.16 51.11 50.98 50.80 50.61 50.43 50.27 50.13 50.00 49.87 49.70 49.49 49.24 49.02 48.90 48.93 49.14 49.51 49.97 50.45 50.84 51.07 51.07 50.88 50.52 50.06 49.56 49.07 48.63 48.28 48.08 48.04 48.17 48.41 48.72 49.02 49.29 49.50 49.64 49.75 49.88 50.05 50.28 50.50 50.62 50.58 50.35 50.01 49.64 49.32 49.07 48.89 48.74 48.62 48.58 48.68 48.98 49.44 49.98 50.47 50.81 50.94 50.87 50.64 50.31 49.95 49.58 49.27 49.04 48.94 48.97 49.09 49.26 49.41 49.52 49.57 49.58 49.54 49.43 49.23 48.94 48.60 48.30 48.11 48.08 48.25 48.59 49.05 49.56 50.07 50.51 50.86 51.11 51.24 51.26 51.13 50.84 50.40 49.89 49.35 48.87 48.45 48.12 47.85 47.65 47.52 47.45 47.43 47.45 47.48 47.48 47.41 47.23 46.93 46.57 46.22 45.98 45.88 45.94 46.11 46.30 46.46 46.55 46.57 46.54 46.48 46.41 46.39 46.50 46.76 47.15 47.59 47.99 48.31 48.57 48.81 49.08 49.38 49.67 49.89 50.02 50.09 50.16 50.27 50.48 50.78 51.13 51.46 51.70 51.81 51.80 51.66 51.42 51.06 50.57 49.97 49.30 48.61 48.01 47.55 47.31 47.27 47.41 47.66 47.94 48.15 48.26 48.27 48.23 48.24 48.37 48.66 49.12 49.72 50.45 51.37 52.66 54.90 59.88 75.00 
64.67 54.34 51.46 50.45 50.01 49.81 49.77 49.81 49.89 49.96 50.02 50.06 50.10 50.14 50.20 50.30 50.44 50.62 50.79 50.91 50.94 50.89 50.78 50.64 50.51 50.40 50.30 50.22 50.13 50.03 49.87 49.65 49.41 49.19 49.07 49.11 49.31 49.65 50.07 50.49 50.81 50.96 50.90 50.65 50.24 49.75 49.23 48.72 48.27 47.90 47.69 47.65 47.80 48.09 48.45 48.83 49.18 49.46 49.66 49.80 49.95 50.14 50.42 50.72 50.97 51.08 51.02 50.82 50.54 50.23 49.91 49.58 49.24 48.92 48.69 48.65 48.87 49.31 49.87 50.38 50.73 50.83 50.72 50.45 50.12 49.79 49.49 49.27 49.14 49.11 49.19 49.33 49.49 49.62 49.69 49.70 49.67 49.59 49.45 49.23 48.93 48.60 48.31 48.15 48.17 48.39 48.78 49.26 49.77 50.24 50.63 50.94 51.16 51.30 51.33 51.22 50.93 50.49 49.95 49.40 48.90 48.50 48.18 47.93 47.75 47.64 47.58 47.56 47.54 47.49 47.38 47.16 46.82 46.38 45.92 45.52 45.28 45.23 45.35 45.57 45.80 45.99 46.11 46.18 46.19 46.15 46.10 46.09 46.20 46.48 46.90 47.40 47.88 48.29 48.65 49.00 49.37 49.73 50.03 50.21 50.26 50.22 50.18 50.23 50.42 50.75 51.15 51.54 51.83 51.95 51.91 51.70 51.35 50.88 50.28 49.58 48.83 48.10 47.49 47.06 46.86 46.87 47.05 47.32 47.60 47.82 47.95 48.03 48.11 48.26 48.55 48.96 49.49 50.06 50.61 51.08 51.30 50.59 46.14 26.00 
73.00 58.97 53.90 51.91 51.06 50.69 50.53 50.47 50.42 50.37 50.30 50.24 50.20 50.19 50.21 50.28 50.39 50.53 50.66 50.75 50.77 50.72 50.65 50.58 50.54 50.52 50.52 50.50 50.45 50.36 50.19 49.96 49.69 49.46 49.33 49.35 49.53 49.83 50.19 50.52 50.74 50.79 50.64 50.32 49.87 49.36 48.84 48.35 47.91 47.57 47.37 47.36 47.54 47.86 48.28 48.73 49.14 49.47 49.70 49.86 50.00 50.20 50.50 50.87 51.24 51.51 51.62 51.56 51.37 51.07 50.68 50.22 49.70 49.19 48.79 48.62 48.74 49.12 49.65 50.15 50.47 50.53 50.36 50.06 49.71 49.41 49.19 49.08 49.09 49.20 49.38 49.59 49.77 49.89 49.93 49.89 49.81 49.68 49.49 49.23 48.91 48.59 48.34 48.24 48.33 48.63 49.08 49.59 50.09 50.51 50.83 51.07 51.23 51.34 51.36 51.23 50.92 50.44 49.87 49.29 48.79 48.39 48.10 47.89 47.75 47.68 47.66 47.66 47.63 47.55 47.36 47.05 46.61 46.08 45.55 45.14 44.91 44.91 45.08 45.34 45.60 45.80 45.94 46.02 46.07 46.06 46.04 46.05 46.18 46.49 46.95 47.50 48.02 48.48 48.89 49.29 49.69 50.08 50.36 50.49 50.45 50.31 50.16 50.13 50.28 50.60 51.03 51.47 51.81 51.97 51.92 51.68 51.27 50.71 50.04 49.30 48.53 47.81 47.23 46.84 46.68 46.73 46.92 47.18 47.44 47.65 47.81 47.94 48.12 48.40 48.79 49.28 49.82 50.32 50.70 50.87 50.69 49.91 48.03 44.67 
54.33 54.65 53.25 52.24 51.67 51.36 51.18 51.06 50.93 50.77 50.60 50.44 50.33 50.26 50.25 50.28 50.36 50.46 50.57 50.63 50.65 50.62 50.60 50.60 50.66 50.75 50.83 50.88 50.87 50.77 50.58 50.32 50.02 49.76 49.61 49.61 49.76 50.00 50.27 50.49 50.60 50.54 50.31 49.93 49.46 48.97 48.49 48.05 47.67 47.38 47.22 47.25 47.46 47.82 48.27 48.74 49.18 49.52 49.74 49.87 49.98 50.17 50.48 50.91 51.36 51.76 52.01 52.07 51.95 51.65 51.21 50.65 50.00 49.36 48.83 48.55 48.58 48.89 49.37 49.83 50.11 50.13 49.92 49.57 49.22 48.94 48.80 48.82 48.98 49.24 49.56 49.87 50.10 50.21 50.21 50.13 49.98 49.77 49.51 49.20 48.86 48.55 48.35 48.34 48.54 48.94 49.46 50.02 50.50 50.87 51.10 51.24 51.32 51.37 51.34 51.17 50.81 50.29 49.67 49.05 48.53 48.15 47.88 47.72 47.64 47.62 47.65 47.69 47.69 47.61 47.40 47.05 46.57 46.01 45.47 45.06 44.87 44.91 45.11 45.38 45.63 45.82 45.96 46.06 46.13 46.16 46.18 46.24 46.42 46.77 47.28 47.85 48.39 48.85 49.23 49.60 49.97 50.31 50.54 50.61 50.49 50.26 50.02 49.91 50.00 50.29 50.73 51.21 51.60 51.82 51.81 51.58 51.16 50.60 49.93 49.20 48.47 47.81 47.28 46.93 46.79 46.83 46.98 47.19 47.40 47.59 47.75 47.94 48.20 48.56 49.02 49.52 50.01 50.41 50.65 50.64 50.36 50.06 51.28 61.00 
52.33 51.93 52.04 51.96 51.83 51.71 51.60 51.48 51.32 51.11 50.88 50.67 50.49 50.37 50.30 50.29 50.32 50.39 50.47 50.53 50.55 50.55 50.56 50.64 50.79 50.97 51.15 51.26 51.26 51.15 50.94 50.63 50.30 50.01 49.84 49.81 49.92 50.09 50.27 50.38 50.38 50.23 49.95 49.55 49.10 48.66 48.26 47.91 47.62 47.40 47.31 47.37 47.60 47.97 48.41 48.87 49.27 49.57 49.74 49.82 49.89 50.04 50.35 50.79 51.30 51.77 52.11 52.25 52.17 51.88 51.40 50.78 50.06 49.35 48.77 48.42 48.38 48.64 49.06 49.48 49.73 49.73 49.50 49.15 48.79 48.55 48.48 48.60 48.89 49.31 49.76 50.16 50.43 50.54 50.51 50.36 50.13 49.85 49.52 49.15 48.79 48.49 48.36 48.44 48.75 49.26 49.86 50.46 50.94 51.24 51.38 51.41 51.39 51.35 51.24 51.01 50.60 50.03 49.35 48.70 48.17 47.79 47.57 47.46 47.43 47.47 47.55 47.64 47.68 47.62 47.44 47.11 46.64 46.10 45.59 45.22 45.08 45.14 45.36 45.61 45.83 45.99 46.10 46.20 46.29 46.36 46.43 46.55 46.80 47.22 47.76 48.35 48.87 49.27 49.58 49.85 50.12 50.35 50.50 50.48 50.30 50.01 49.73 49.56 49.60 49.86 50.29 50.79 51.23 51.51 51.57 51.40 51.04 50.53 49.94 49.31 48.69 48.12 47.64 47.31 47.13 47.09 47.15 47.27 47.41 47.56 47.74 47.98 48.30 48.71 49.16 49.62 50.01 50.29 50.39 50.21 49.61 48.36 45.85 40.00 
39.00 48.52 50.73 51.39 51.64 51.73 51.73 51.67 51.55 51.36 51.13 50.89 50.67 50.49 50.35 50.26 50.24 50.26 50.31 50.35 50.38 50.40 50.46 50.59 50.82 51.09 51.35 51.50 51.53 51.40 51.15 50.81 50.45 50.14 49.95 49.90 49.96 50.06 50.15 50.17 50.09 49.90 49.60 49.23 48.84 48.48 48.19 47.96 47.77 47.65 47.62 47.72 47.95 48.30 48.69 49.07 49.38 49.59 49.68 49.70 49.71 49.84 50.12 50.55 51.07 51.56 51.92 52.09 52.02 51.73 51.24 50.60 49.88 49.16 48.57 48.20 48.14 48.36 48.75 49.15 49.40 49.42 49.21 48.88 48.55 48.34 48.32 48.52 48.91 49.43 49.97 50.43 50.72 50.82 50.75 50.55 50.26 49.91 49.51 49.10 48.71 48.44 48.35 48.52 48.93 49.53 50.20 50.83 51.29 51.54 51.59 51.51 51.38 51.24 51.05 50.75 50.28 49.65 48.94 48.27 47.74 47.40 47.23 47.18 47.21 47.29 47.40 47.51 47.58 47.57 47.43 47.14 46.73 46.25 45.81 45.51 45.42 45.53 45.74 45.96 46.13 46.23 46.30 46.37 46.46 46.56 46.69 46.88 47.20 47.67 48.25 48.83 49.31 49.64 49.84 49.97 50.09 50.19 50.22 50.13 49.91 49.60 49.31 49.13 49.15 49.38 49.80 50.30 50.77 51.10 51.23 51.15 50.89 50.51 50.07 49.60 49.12 48.66 48.23 47.87 47.60 47.44 47.36 47.36 47.41 47.52 47.71 47.99 48.36 48.78 49.20 49.56 49.83 49.98 49.98 49.73 49.06 47.54 43.55 29.67 
62.33 52.19 50.61 50.82 51.20 51.47 51.61 51.65 51.61 51.49 51.31 51.09 50.84 50.59 50.35 50.17 50.05 50.00 50.01 50.04 50.06 50.10 50.19 50.38 50.67 51.02 51.34 51.54 51.58 51.44 51.16 50.79 50.41 50.10 49.90 49.83 49.85 49.91 49.93 49.90 49.78 49.58 49.31 49.01 48.71 48.46 48.28 48.16 48.08 48.04 48.08 48.21 48.43 48.72 49.02 49.28 49.47 49.56 49.56 49.51 49.49 49.59 49.84 50.24 50.72 51.18 51.52 51.67 51.60 51.30 50.82 50.19 49.50 48.82 48.25 47.91 47.84 48.05 48.43 48.84 49.12 49.19 49.04 48.77 48.50 48.33 48.35 48.59 49.02 49.58 50.15 50.62 50.92 51.01 50.91 50.68 50.34 49.95 49.51 49.06 48.67 48.42 48.37 48.59 49.06 49.71 50.42 51.05 51.49 51.68 51.65 51.48 51.26 51.02 50.74 50.37 49.85 49.19 48.47 47.82 47.33 47.05 46.96 46.98 47.06 47.17 47.29 47.39 47.46 47.46 47.35 47.12 46.77 46.38 46.04 45.84 45.83 45.99 46.21 46.40 46.50 46.52 46.51 46.54 46.60 46.72 46.88 47.14 47.52 48.03 48.61 49.17 49.60 49.84 49.93 49.93 49.90 49.86 49.77 49.61 49.37 49.09 48.84 48.70 48.73 48.95 49.33 49.81 50.28 50.64 50.83 50.86 50.74 50.53 50.27 49.98 49.66 49.29 48.88 48.46 48.08 47.77 47.55 47.41 47.37 47.44 47.64 47.95 48.35 48.76 49.11 49.37 49.51 49.55 49.49 49.30 48.98 48.87 50.96 64.33 
49.00 47.07 48.34 49.65 50.52 51.04 51.32 51.49 51.56 51.55 51.45 51.27 51.00 50.67 50.32 50.00 49.76 49.62 49.56 49.57 49.59 49.65 49.77 49.99 50.34 50.74 51.10 51.34 51.38 51.23 50.93 50.56 50.19 49.88 49.69 49.62 49.62 49.65 49.66 49.61 49.51 49.34 49.14 48.92 48.71 48.56 48.48 48.45 48.45 48.50 48.59 48.74 48.93 49.14 49.32 49.44 49.49 49.46 49.39 49.30 49.27 49.35 49.58 49.94 50.36 50.76 51.04 51.15 51.05 50.76 50.29 49.69 49.04 48.41 47.88 47.56 47.51 47.71 48.10 48.53 48.87 49.01 48.96 48.78 48.58 48.47 48.53 48.77 49.19 49.71 50.25 50.70 50.98 51.07 50.98 50.74 50.40 49.99 49.54 49.09 48.71 48.47 48.45 48.69 49.16 49.80 50.48 51.08 51.48 51.62 51.54 51.31 51.01 50.70 50.35 49.91 49.36 48.69 48.01 47.42 47.02 46.85 46.85 46.96 47.09 47.21 47.30 47.37 47.40 47.37 47.26 47.06 46.77 46.47 46.24 46.16 46.27 46.49 46.74 46.90 46.93 46.85 46.75 46.69 46.71 46.81 47.00 47.29 47.71 48.23 48.81 49.33 49.69 49.86 49.86 49.76 49.60 49.43 49.24 49.02 48.78 48.55 48.38 48.32 48.39 48.62 48.97 49.40 49.83 50.20 50.45 50.58 50.61 50.57 50.49 50.35 50.15 49.84 49.43 48.94 48.45 48.01 47.65 47.41 47.30 47.33 47.53 47.85 48.25 48.64 48.93 49.09 49.12 49.08 48.99 48.82 48.45 47.74 46.92 48.67 
16.00 38.54 45.70 48.58 49.95 50.65 51.05 51.31 51.49 51.59 51.59 51.45 51.17 50.77 50.29 49.82 49.43 49.18 49.05 49.02 49.05 49.12 49.25 49.50 49.87 50.29 50.68 50.92 50.95 50.80 50.51 50.16 49.82 49.55 49.39 49.33 49.35 49.38 49.40 49.39 49.33 49.23 49.10 48.96 48.83 48.74 48.72 48.74 48.80 48.91 49.04 49.21 49.37 49.50 49.55 49.53 49.44 49.32 49.20 49.11 49.09 49.18 49.39 49.71 50.07 50.39 50.61 50.67 50.55 50.25 49.81 49.25 48.63 48.03 47.54 47.23 47.18 47.39 47.78 48.23 48.62 48.84 48.89 48.82 48.71 48.67 48.76 48.99 49.35 49.79 50.25 50.64 50.91 51.01 50.95 50.74 50.43 50.04 49.61 49.18 48.82 48.61 48.60 48.82 49.26 49.83 50.44 50.97 51.31 51.41 51.28 51.02 50.68 50.32 49.92 49.44 48.87 48.23 47.62 47.15 46.89 46.86 46.99 47.18 47.36 47.48 47.53 47.52 47.48 47.40 47.25 47.05 46.80 46.57 46.45 46.50 46.72 47.04 47.32 47.47 47.43 47.26 47.05 46.89 46.84 46.90 47.09 47.40 47.83 48.35 48.89 49.35 49.66 49.77 49.70 49.52 49.27 49.00 48.72 48.46 48.23 48.07 47.99 48.02 48.16 48.40 48.72 49.09 49.47 49.82 50.12 50.35 50.52 50.63 50.68 50.65 50.50 50.20 49.75 49.20 48.63 48.10 47.66 47.35 47.19 47.19 47.37 47.69 48.08 48.44 48.69 48.78 48.75 48.66 48.59 48.50 48.14 46.57 40.22 14.00 
48.33 45.22 47.05 48.78 49.87 50.52 50.93 51.23 51.48 51.66 51.74 51.66 51.38 50.91 50.32 49.71 49.18 48.81 48.61 48.55 48.57 48.65 48.79 49.04 49.40 49.81 50.17 50.38 50.40 50.25 49.99 49.70 49.43 49.22 49.11 49.09 49.13 49.20 49.27 49.31 49.32 49.29 49.22 49.13 49.03 48.96 48.94 48.98 49.07 49.21 49.39 49.57 49.71 49.76 49.70 49.56 49.37 49.18 49.04 48.97 48.99 49.10 49.31 49.59 49.89 50.15 50.30 50.33 50.19 49.90 49.48 48.94 48.35 47.77 47.29 46.99 46.93 47.13 47.51 47.98 48.41 48.70 48.83 48.85 48.83 48.86 48.96 49.17 49.46 49.80 50.15 50.47 50.71 50.83 50.82 50.68 50.42 50.07 49.67 49.28 48.95 48.77 48.77 48.97 49.35 49.84 50.35 50.79 51.06 51.11 50.97 50.69 50.34 49.96 49.53 49.04 48.47 47.89 47.39 47.07 46.98 47.11 47.38 47.67 47.89 48.00 48.00 47.91 47.78 47.61 47.41 47.17 46.93 46.76 46.74 46.90 47.23 47.63 47.96 48.09 48.01 47.75 47.44 47.18 47.05 47.07 47.25 47.57 48.00 48.50 48.99 49.38 49.60 49.64 49.52 49.28 48.98 48.64 48.31 48.00 47.78 47.67 47.68 47.80 48.01 48.27 48.56 48.86 49.18 49.51 49.85 50.18 50.48 50.71 50.84 50.84 50.67 50.32 49.81 49.21 48.59 48.03 47.58 47.25 47.07 47.06 47.21 47.51 47.88 48.22 48.44 48.51 48.45 48.37 48.38 48.58 49.06 50.15 53.33 66.33 
45.00 46.79 48.28 49.42 50.18 50.67 51.01 51.29 51.55 51.77 51.89 51.85 51.58 51.08 50.41 49.70 49.07 48.62 48.36 48.28 48.30 48.38 48.53 48.76 49.07 49.42 49.71 49.87 49.86 49.72 49.50 49.29 49.11 48.99 48.94 48.97 49.05 49.18 49.31 49.42 49.50 49.53 49.50 49.42 49.31 49.20 49.14 49.14 49.23 49.40 49.62 49.83 49.96 49.96 49.82 49.57 49.31 49.08 48.95 48.91 48.97 49.11 49.31 49.56 49.81 50.01 50.13 50.14 50.01 49.74 49.34 48.83 48.25 47.68 47.20 46.90 46.83 47.01 47.38 47.84 48.28 48.60 48.79 48.87 48.91 48.98 49.10 49.28 49.50 49.74 49.99 50.23 50.44 50.58 50.62 50.54 50.34 50.03 49.67 49.31 49.02 48.87 48.89 49.09 49.44 49.87 50.30 50.64 50.84 50.85 50.69 50.42 50.08 49.70 49.26 48.76 48.23 47.72 47.35 47.19 47.29 47.59 47.99 48.37 48.63 48.73 48.69 48.53 48.30 48.04 47.77 47.49 47.25 47.11 47.14 47.39 47.80 48.26 48.62 48.76 48.64 48.33 47.94 47.61 47.43 47.42 47.60 47.92 48.35 48.80 49.21 49.51 49.63 49.59 49.40 49.12 48.78 48.40 48.02 47.68 47.46 47.38 47.46 47.65 47.91 48.18 48.43 48.67 48.94 49.25 49.64 50.06 50.47 50.79 50.96 50.94 50.70 50.25 49.67 49.02 48.40 47.86 47.45 47.15 46.99 46.97 47.11 47.38 47.73 48.07 48.29 48.36 48.30 48.21 48.25 48.60 49.54 51.67 56.62 68.33 
44.33 48.56 49.69 50.30 50.73 51.03 51.26 51.46 51.67 51.87 51.99 51.97 51.71 51.21 50.53 49.78 49.11 48.62 48.35 48.27 48.31 48.42 48.56 48.75 48.99 49.24 49.44 49.51 49.45 49.31 49.16 49.03 48.95 48.91 48.93 49.00 49.14 49.32 49.53 49.72 49.87 49.94 49.92 49.81 49.64 49.45 49.31 49.25 49.33 49.52 49.79 50.04 50.19 50.15 49.95 49.64 49.32 49.07 48.94 48.92 49.00 49.15 49.34 49.56 49.77 49.95 50.06 50.07 49.97 49.74 49.38 48.90 48.34 47.77 47.30 46.99 46.92 47.09 47.43 47.87 48.29 48.60 48.78 48.87 48.94 49.03 49.16 49.32 49.48 49.64 49.81 50.00 50.18 50.32 50.38 50.34 50.17 49.89 49.55 49.22 48.96 48.86 48.93 49.17 49.53 49.94 50.33 50.62 50.75 50.72 50.55 50.28 49.95 49.57 49.13 48.64 48.14 47.71 47.47 47.48 47.76 48.23 48.76 49.23 49.53 49.63 49.53 49.31 49.00 48.66 48.32 47.99 47.73 47.60 47.66 47.94 48.39 48.89 49.27 49.42 49.30 48.97 48.56 48.20 48.00 48.00 48.20 48.53 48.93 49.33 49.64 49.81 49.80 49.65 49.39 49.06 48.68 48.27 47.87 47.51 47.28 47.22 47.33 47.56 47.84 48.11 48.32 48.50 48.71 49.02 49.44 49.94 50.44 50.83 51.01 50.94 50.60 50.06 49.40 48.73 48.13 47.66 47.32 47.09 46.98 46.98 47.12 47.39 47.74 48.08 48.32 48.40 48.33 48.19 48.14 48.36 49.05 50.50 53.21 58.00 
62.00 53.31 51.48 51.25 51.37 51.50 51.61 51.71 51.81 51.93 52.00 51.95 51.71 51.23 50.58 49.86 49.22 48.76 48.53 48.50 48.59 48.72 48.87 49.02 49.18 49.32 49.39 49.37 49.26 49.12 49.01 48.95 48.95 48.98 49.05 49.16 49.34 49.58 49.86 50.13 50.34 50.44 50.40 50.23 49.98 49.69 49.46 49.35 49.41 49.65 49.98 50.29 50.46 50.41 50.17 49.80 49.43 49.14 48.99 48.96 49.03 49.15 49.32 49.50 49.70 49.88 50.02 50.09 50.06 49.89 49.57 49.12 48.58 48.03 47.57 47.28 47.22 47.37 47.69 48.08 48.44 48.69 48.82 48.87 48.91 48.99 49.13 49.28 49.43 49.56 49.69 49.83 49.98 50.11 50.17 50.12 49.94 49.66 49.31 48.99 48.77 48.73 48.89 49.22 49.65 50.10 50.49 50.75 50.84 50.78 50.58 50.30 49.97 49.58 49.13 48.65 48.18 47.83 47.71 47.87 48.32 48.94 49.60 50.15 50.49 50.59 50.46 50.17 49.79 49.39 48.98 48.61 48.32 48.18 48.23 48.51 48.96 49.46 49.85 50.02 49.94 49.64 49.25 48.92 48.75 48.79 49.02 49.36 49.74 50.06 50.25 50.27 50.12 49.84 49.49 49.10 48.68 48.26 47.84 47.48 47.25 47.19 47.30 47.54 47.82 48.06 48.22 48.35 48.51 48.79 49.23 49.79 50.35 50.77 50.95 50.82 50.40 49.78 49.08 48.41 47.87 47.49 47.25 47.11 47.07 47.13 47.31 47.60 47.96 48.32 48.58 48.67 48.56 48.34 48.12 48.03 48.14 48.29 47.83 44.67 
48.67 51.14 51.53 51.75 51.91 51.99 51.99 51.96 51.93 51.91 51.89 51.79 51.53 51.09 50.51 49.87 49.32 48.96 48.82 48.87 49.03 49.21 49.36 49.48 49.56 49.59 49.56 49.44 49.28 49.13 49.04 49.04 49.08 49.15 49.23 49.36 49.57 49.86 50.20 50.54 50.80 50.91 50.85 50.62 50.28 49.90 49.59 49.46 49.54 49.83 50.24 50.62 50.82 50.77 50.48 50.05 49.62 49.28 49.08 49.00 49.01 49.08 49.20 49.35 49.55 49.77 49.98 50.14 50.21 50.12 49.87 49.45 48.94 48.41 47.98 47.72 47.67 47.81 48.09 48.41 48.68 48.84 48.87 48.84 48.83 48.88 49.01 49.19 49.37 49.53 49.67 49.81 49.94 50.03 50.05 49.95 49.72 49.38 49.01 48.69 48.52 48.56 48.84 49.29 49.84 50.37 50.79 51.04 51.10 50.99 50.76 50.46 50.11 49.70 49.24 48.75 48.30 48.02 47.99 48.29 48.87 49.62 50.40 51.04 51.43 51.52 51.36 51.02 50.58 50.12 49.66 49.25 48.92 48.74 48.76 49.00 49.41 49.89 50.29 50.50 50.47 50.25 49.93 49.68 49.58 49.68 49.95 50.31 50.65 50.89 50.96 50.83 50.53 50.13 49.67 49.21 48.77 48.33 47.91 47.56 47.32 47.27 47.38 47.61 47.86 48.06 48.17 48.24 48.33 48.57 48.99 49.54 50.11 50.54 50.70 50.54 50.09 49.45 48.75 48.13 47.67 47.38 47.25 47.22 47.27 47.41 47.66 48.00 48.41 48.80 49.07 49.16 49.01 48.68 48.28 47.90 47.55 46.96 45.28 40.67 
52.67 50.97 51.62 52.16 52.41 52.44 52.35 52.18 52.00 51.84 51.70 51.51 51.22 50.81 50.30 49.78 49.37 49.15 49.13 49.29 49.52 49.75 49.91 50.00 50.02 49.97 49.85 49.66 49.45 49.28 49.20 49.21 49.27 49.34 49.42 49.54 49.75 50.07 50.45 50.84 51.14 51.26 51.18 50.91 50.50 50.06 49.72 49.59 49.73 50.10 50.60 51.03 51.25 51.18 50.84 50.35 49.84 49.43 49.15 48.99 48.92 48.92 48.98 49.12 49.33 49.61 49.92 50.20 50.38 50.39 50.19 49.82 49.33 48.84 48.44 48.21 48.18 48.31 48.54 48.78 48.94 48.97 48.89 48.76 48.67 48.70 48.85 49.08 49.33 49.58 49.79 49.96 50.09 50.15 50.09 49.90 49.58 49.16 48.74 48.43 48.31 48.47 48.88 49.48 50.15 50.77 51.22 51.45 51.47 51.31 51.04 50.71 50.33 49.90 49.42 48.92 48.49 48.24 48.28 48.66 49.34 50.20 51.07 51.79 52.22 52.33 52.14 51.76 51.27 50.75 50.25 49.79 49.42 49.19 49.15 49.33 49.69 50.14 50.55 50.80 50.85 50.72 50.52 50.36 50.35 50.53 50.84 51.21 51.51 51.67 51.63 51.38 50.95 50.43 49.89 49.37 48.90 48.45 48.03 47.68 47.46 47.41 47.52 47.74 47.98 48.14 48.20 48.19 48.21 48.36 48.71 49.20 49.73 50.12 50.26 50.09 49.65 49.05 48.43 47.91 47.55 47.36 47.33 47.39 47.54 47.78 48.12 48.54 49.00 49.42 49.71 49.77 49.59 49.17 48.63 48.07 47.55 47.01 45.82 40.00 
37.33 48.39 51.67 52.67 52.92 52.85 52.63 52.34 52.03 51.74 51.47 51.19 50.86 50.45 50.02 49.62 49.36 49.29 49.41 49.67 49.97 50.22 50.38 50.45 50.42 50.32 50.15 49.92 49.67 49.47 49.37 49.37 49.42 49.48 49.54 49.65 49.85 50.17 50.58 50.99 51.30 51.44 51.35 51.06 50.63 50.18 49.85 49.76 49.97 50.43 50.99 51.46 51.67 51.55 51.14 50.59 50.01 49.52 49.16 48.92 48.77 48.70 48.72 48.84 49.07 49.42 49.82 50.22 50.51 50.61 50.48 50.14 49.68 49.22 48.86 48.67 48.66 48.77 48.94 49.08 49.12 49.03 48.82 48.60 48.45 48.46 48.64 48.95 49.32 49.69 50.02 50.27 50.42 50.45 50.32 50.03 49.60 49.09 48.63 48.32 48.27 48.53 49.08 49.81 50.59 51.26 51.71 51.91 51.86 51.65 51.33 50.98 50.59 50.15 49.65 49.15 48.72 48.49 48.56 48.98 49.70 50.61 51.54 52.31 52.79 52.91 52.72 52.31 51.78 51.23 50.68 50.18 49.76 49.47 49.36 49.46 49.76 50.17 50.59 50.89 51.03 51.01 50.93 50.88 50.97 51.20 51.54 51.89 52.15 52.24 52.12 51.79 51.28 50.69 50.08 49.52 49.01 48.55 48.13 47.80 47.59 47.56 47.70 47.93 48.16 48.29 48.30 48.22 48.14 48.18 48.41 48.80 49.23 49.55 49.66 49.51 49.14 48.66 48.17 47.77 47.53 47.44 47.47 47.61 47.83 48.16 48.59 49.09 49.60 50.04 50.32 50.37 50.15 49.69 49.08 48.42 47.88 47.95 51.14 69.67 
51.33 53.47 53.83 53.72 53.48 53.17 52.82 52.42 52.01 51.63 51.26 50.90 50.51 50.10 49.72 49.43 49.31 49.38 49.62 49.97 50.31 50.58 50.72 50.75 50.70 50.56 50.36 50.10 49.83 49.61 49.49 49.47 49.51 49.56 49.61 49.71 49.90 50.21 50.61 51.01 51.32 51.46 51.38 51.10 50.68 50.26 49.98 49.96 50.24 50.75 51.33 51.78 51.94 51.75 51.28 50.67 50.04 49.51 49.09 48.79 48.59 48.48 48.48 48.59 48.84 49.22 49.69 50.17 50.54 50.70 50.62 50.32 49.89 49.47 49.15 49.00 49.00 49.09 49.20 49.24 49.16 48.94 48.64 48.35 48.16 48.18 48.41 48.82 49.32 49.83 50.29 50.64 50.85 50.88 50.70 50.33 49.80 49.23 48.72 48.42 48.43 48.78 49.42 50.24 51.07 51.76 52.18 52.32 52.20 51.92 51.58 51.21 50.83 50.40 49.93 49.43 49.02 48.79 48.84 49.23 49.93 50.83 51.77 52.56 53.07 53.22 53.04 52.64 52.10 51.52 50.94 50.40 49.93 49.57 49.38 49.41 49.63 50.01 50.43 50.79 51.01 51.11 51.15 51.21 51.36 51.63 51.95 52.25 52.46 52.51 52.35 51.98 51.45 50.82 50.19 49.60 49.08 48.60 48.18 47.86 47.68 47.68 47.86 48.13 48.38 48.52 48.48 48.32 48.14 48.05 48.14 48.40 48.72 48.97 49.06 48.95 48.69 48.36 48.03 47.79 47.66 47.62 47.69 47.84 48.09 48.47 48.96 49.51 50.04 50.48 50.74 50.77 50.54 50.09 49.47 48.73 47.75 45.96 41.23 24.67 
71.00 60.20 56.27 54.62 53.81 53.29 52.84 52.40 51.96 51.52 51.10 50.66 50.22 49.80 49.45 49.24 49.22 49.40 49.74 50.14 50.51 50.77 50.89 50.88 50.79 50.63 50.42 50.15 49.87 49.64 49.51 49.48 49.51 49.57 49.65 49.76 49.95 50.24 50.60 50.97 51.26 51.39 51.32 51.07 50.71 50.35 50.14 50.18 50.49 51.00 51.53 51.89 51.96 51.69 51.17 50.53 49.90 49.36 48.94 48.64 48.44 48.33 48.32 48.43 48.68 49.06 49.54 50.03 50.42 50.62 50.57 50.30 49.92 49.53 49.26 49.14 49.15 49.21 49.24 49.19 49.01 48.71 48.34 48.01 47.82 47.86 48.15 48.65 49.27 49.92 50.51 50.97 51.25 51.31 51.13 50.72 50.16 49.54 49.02 48.72 48.76 49.14 49.82 50.65 51.49 52.14 52.51 52.58 52.40 52.08 51.72 51.37 51.02 50.64 50.22 49.76 49.36 49.12 49.13 49.45 50.06 50.88 51.77 52.55 53.07 53.26 53.13 52.76 52.24 51.66 51.07 50.49 49.96 49.54 49.27 49.21 49.37 49.71 50.13 50.54 50.85 51.06 51.21 51.36 51.56 51.80 52.06 52.29 52.44 52.44 52.27 51.92 51.41 50.81 50.19 49.61 49.08 48.60 48.18 47.86 47.70 47.75 47.99 48.33 48.64 48.79 48.73 48.50 48.20 47.99 47.94 48.08 48.31 48.52 48.62 48.59 48.46 48.29 48.13 48.01 47.95 47.93 47.96 48.07 48.29 48.66 49.15 49.70 50.22 50.61 50.82 50.82 50.62 50.25 49.77 49.24 48.51 47.01 43.22 35.00 
67.00 59.94 56.19 54.43 53.57 53.07 52.67 52.28 51.87 51.44 50.99 50.51 50.01 49.56 49.22 49.05 49.10 49.34 49.73 50.16 50.54 50.78 50.87 50.83 50.71 50.53 50.31 50.05 49.79 49.57 49.44 49.42 49.47 49.57 49.69 49.84 50.05 50.33 50.65 50.96 51.20 51.31 51.25 51.05 50.75 50.47 50.32 50.38 50.67 51.10 51.51 51.74 51.68 51.34 50.80 50.19 49.61 49.12 48.76 48.51 48.36 48.29 48.31 48.43 48.64 48.97 49.38 49.81 50.16 50.34 50.29 50.05 49.71 49.38 49.15 49.05 49.05 49.08 49.05 48.92 48.67 48.31 47.93 47.60 47.44 47.53 47.88 48.45 49.16 49.91 50.60 51.15 51.50 51.61 51.47 51.10 50.56 49.96 49.44 49.13 49.14 49.49 50.12 50.91 51.68 52.28 52.60 52.62 52.40 52.06 51.71 51.39 51.11 50.81 50.46 50.07 49.71 49.46 49.41 49.61 50.09 50.78 51.58 52.31 52.84 53.08 53.03 52.72 52.26 51.70 51.11 50.51 49.94 49.44 49.08 48.94 49.03 49.33 49.77 50.23 50.63 50.95 51.20 51.42 51.61 51.79 51.95 52.07 52.13 52.10 51.95 51.65 51.21 50.68 50.11 49.56 49.04 48.57 48.14 47.83 47.71 47.81 48.13 48.56 48.93 49.12 49.04 48.73 48.32 47.99 47.84 47.90 48.09 48.31 48.47 48.55 48.55 48.52 48.49 48.45 48.40 48.33 48.28 48.29 48.42 48.72 49.16 49.65 50.08 50.39 50.52 50.50 50.33 50.10 49.89 49.84 50.05 50.41 49.69 40.67 
62.00 56.24 53.93 53.06 52.73 52.54 52.34 52.09 51.77 51.39 50.95 50.44 49.91 49.42 49.05 48.88 48.93 49.18 49.57 50.00 50.37 50.61 50.68 50.62 50.48 50.29 50.07 49.84 49.62 49.44 49.35 49.35 49.45 49.60 49.78 49.99 50.23 50.50 50.78 51.02 51.20 51.27 51.21 51.05 50.82 50.61 50.49 50.54 50.75 51.04 51.28 51.34 51.16 50.76 50.24 49.71 49.23 48.87 48.61 48.46 48.40 48.42 48.48 48.60 48.76 48.98 49.26 49.54 49.76 49.85 49.77 49.54 49.24 48.97 48.79 48.71 48.70 48.68 48.60 48.42 48.13 47.77 47.40 47.13 47.03 47.18 47.58 48.20 48.96 49.75 50.49 51.09 51.50 51.69 51.63 51.36 50.90 50.36 49.86 49.52 49.45 49.69 50.19 50.86 51.54 52.08 52.36 52.36 52.14 51.82 51.50 51.24 51.02 50.81 50.56 50.26 49.95 49.70 49.60 49.70 50.03 50.58 51.25 51.91 52.44 52.73 52.75 52.54 52.16 51.66 51.09 50.48 49.86 49.29 48.85 48.62 48.66 48.94 49.39 49.91 50.41 50.83 51.18 51.44 51.61 51.70 51.72 51.70 51.66 51.60 51.48 51.26 50.93 50.49 50.01 49.51 49.02 48.55 48.13 47.83 47.74 47.90 48.30 48.82 49.27 49.48 49.38 49.00 48.49 48.06 47.83 47.86 48.07 48.36 48.63 48.83 48.96 49.03 49.06 49.03 48.94 48.78 48.60 48.48 48.50 48.69 49.02 49.39 49.70 49.88 49.92 49.85 49.73 49.63 49.70 50.15 51.48 54.95 64.50 94.33 
50.33 48.98 50.01 50.94 51.52 51.83 51.94 51.88 51.70 51.40 50.98 50.47 49.91 49.38 48.97 48.75 48.74 48.94 49.28 49.69 50.04 50.28 50.36 50.31 50.16 49.97 49.78 49.60 49.44 49.33 49.30 49.35 49.48 49.69 49.93 50.19 50.45 50.72 50.96 51.14 51.25 51.28 51.23 51.10 50.92 50.75 50.64 50.64 50.72 50.84 50.88 50.77 50.48 50.07 49.61 49.20 48.88 48.67 48.56 48.54 48.60 48.71 48.83 48.93 49.02 49.09 49.15 49.20 49.20 49.13 48.97 48.73 48.48 48.27 48.14 48.08 48.05 48.00 47.88 47.66 47.37 47.03 46.73 46.54 46.53 46.76 47.22 47.87 48.64 49.43 50.16 50.76 51.19 51.44 51.50 51.35 51.03 50.58 50.11 49.72 49.53 49.60 49.92 50.42 50.97 51.44 51.71 51.73 51.56 51.28 51.01 50.80 50.65 50.52 50.36 50.15 49.91 49.69 49.56 49.58 49.79 50.20 50.75 51.34 51.84 52.17 52.27 52.15 51.86 51.43 50.91 50.32 49.68 49.06 48.55 48.26 48.26 48.54 49.02 49.61 50.20 50.73 51.17 51.47 51.61 51.60 51.47 51.30 51.15 51.05 50.97 50.84 50.63 50.32 49.93 49.50 49.04 48.58 48.17 47.89 47.82 48.04 48.52 49.11 49.63 49.87 49.74 49.29 48.70 48.19 47.91 47.94 48.20 48.59 48.99 49.31 49.53 49.66 49.69 49.63 49.45 49.18 48.87 48.62 48.51 48.58 48.78 49.01 49.17 49.21 49.14 49.02 48.91 48.91 49.10 49.65 50.88 53.52 59.09 69.67 
19.67 39.23 46.03 48.95 50.41 51.19 51.57 51.72 51.67 51.46 51.09 50.59 50.02 49.46 49.00 48.70 48.60 48.69 48.95 49.30 49.64 49.90 50.02 49.99 49.85 49.68 49.52 49.40 49.32 49.30 49.32 49.42 49.59 49.82 50.10 50.39 50.67 50.92 51.13 51.26 51.33 51.34 51.29 51.19 51.05 50.90 50.77 50.67 50.62 50.55 50.40 50.15 49.80 49.40 49.03 48.76 48.61 48.57 48.63 48.76 48.94 49.14 49.29 49.37 49.34 49.20 48.98 48.70 48.40 48.10 47.80 47.53 47.31 47.17 47.09 47.05 47.01 46.93 46.77 46.54 46.26 45.98 45.76 45.68 45.78 46.11 46.63 47.31 48.06 48.80 49.47 50.02 50.45 50.74 50.90 50.90 50.72 50.39 49.95 49.50 49.17 49.04 49.14 49.45 49.86 50.26 50.53 50.61 50.50 50.29 50.07 49.90 49.79 49.72 49.63 49.50 49.34 49.17 49.05 49.04 49.17 49.48 49.92 50.42 50.89 51.22 51.37 51.34 51.14 50.80 50.36 49.81 49.21 48.61 48.11 47.82 47.83 48.14 48.67 49.33 50.00 50.63 51.14 51.48 51.60 51.50 51.23 50.92 50.67 50.53 50.49 50.47 50.39 50.21 49.93 49.56 49.13 48.68 48.27 48.00 47.96 48.23 48.76 49.41 49.96 50.21 50.06 49.56 48.91 48.34 48.04 48.07 48.39 48.87 49.37 49.79 50.07 50.21 50.21 50.07 49.80 49.43 49.02 48.66 48.45 48.40 48.47 48.56 48.57 48.48 48.31 48.14 48.05 48.08 48.28 48.63 49.06 49.31 48.76 47.00 
40.00 42.17 45.76 48.28 49.85 50.80 51.35 51.63 51.68 51.55 51.24 50.78 50.22 49.65 49.14 48.76 48.55 48.52 48.67 48.95 49.28 49.58 49.75 49.77 49.67 49.52 49.39 49.32 49.32 49.36 49.44 49.56 49.74 49.98 50.26 50.55 50.81 51.04 51.21 51.33 51.39 51.40 51.38 51.31 51.19 51.04 50.86 50.68 50.48 50.25 49.97 49.62 49.23 48.87 48.60 48.46 48.47 48.60 48.82 49.09 49.37 49.63 49.79 49.79 49.58 49.15 48.53 47.82 47.12 46.51 46.03 45.70 45.51 45.43 45.42 45.41 45.36 45.24 45.05 44.81 44.55 44.33 44.21 44.24 44.47 44.90 45.49 46.18 46.89 47.56 48.13 48.61 48.99 49.31 49.54 49.66 49.62 49.40 49.00 48.51 48.05 47.73 47.62 47.73 48.00 48.33 48.60 48.73 48.70 48.56 48.39 48.24 48.15 48.10 48.06 47.99 47.89 47.79 47.71 47.71 47.81 48.05 48.41 48.83 49.23 49.55 49.72 49.74 49.62 49.39 49.06 48.65 48.19 47.74 47.39 47.24 47.35 47.74 48.33 49.05 49.79 50.49 51.06 51.44 51.54 51.37 51.00 50.57 50.23 50.06 50.06 50.14 50.21 50.17 50.00 49.69 49.28 48.83 48.41 48.14 48.12 48.41 48.96 49.63 50.19 50.44 50.27 49.76 49.09 48.50 48.18 48.21 48.55 49.08 49.64 50.10 50.40 50.52 50.46 50.25 49.91 49.47 49.00 48.59 48.29 48.15 48.10 48.07 47.96 47.76 47.53 47.34 47.28 47.36 47.56 47.76 47.61 46.04 39.73 17.67 
38.67 43.60 46.42 48.40 49.78 50.70 51.29 51.61 51.72 51.64 51.37 50.96 50.45 49.90 49.38 48.94 48.63 48.49 48.54 48.75 49.08 49.42 49.67 49.75 49.70 49.57 49.46 49.42 49.45 49.53 49.62 49.73 49.89 50.10 50.35 50.60 50.83 51.03 51.18 51.30 51.39 51.45 51.47 51.45 51.35 51.18 50.95 50.68 50.36 50.02 49.65 49.26 48.88 48.56 48.37 48.33 48.46 48.72 49.06 49.44 49.81 50.08 50.19 50.03 49.52 48.65 47.48 46.19 44.97 43.97 43.26 42.85 42.68 42.67 42.71 42.73 42.67 42.53 42.32 42.07 41.83 41.67 41.63 41.77 42.11 42.62 43.26 43.94 44.60 45.18 45.65 46.02 46.34 46.64 46.92 47.13 47.20 47.07 46.73 46.23 45.68 45.22 44.94 44.87 45.01 45.26 45.52 45.69 45.73 45.65 45.51 45.37 45.29 45.24 45.21 45.17 45.12 45.08 45.06 45.10 45.21 45.41 45.70 46.04 46.36 46.63 46.79 46.85 46.81 46.71 46.56 46.39 46.25 46.19 46.24 46.42 46.79 47.34 48.03 48.80 49.57 50.30 50.91 51.30 51.40 51.19 50.74 50.23 49.82 49.63 49.67 49.86 50.06 50.17 50.10 49.86 49.48 49.02 48.58 48.29 48.26 48.53 49.07 49.71 50.25 50.49 50.34 49.85 49.21 48.63 48.30 48.32 48.64 49.15 49.71 50.17 50.46 50.55 50.45 50.19 49.81 49.35 48.86 48.41 48.06 47.83 47.68 47.53 47.34 47.10 46.86 46.70 46.69 46.85 47.15 47.52 47.78 47.65 46.54 43.00 
49.67 47.07 47.78 49.00 50.05 50.83 51.35 51.65 51.75 51.68 51.44 51.08 50.63 50.14 49.65 49.20 48.84 48.62 48.59 48.76 49.09 49.48 49.80 49.97 49.96 49.86 49.75 49.71 49.73 49.79 49.85 49.91 50.01 50.17 50.35 50.55 50.74 50.90 51.05 51.19 51.34 51.48 51.58 51.61 51.53 51.35 51.06 50.71 50.31 49.91 49.51 49.13 48.78 48.51 48.36 48.37 48.56 48.89 49.31 49.76 50.15 50.39 50.35 49.90 48.92 47.37 45.38 43.25 41.38 39.94 39.00 38.49 38.32 38.35 38.44 38.48 38.42 38.27 38.04 37.79 37.57 37.46 37.49 37.70 38.10 38.66 39.30 39.95 40.53 41.00 41.36 41.63 41.87 42.13 42.42 42.67 42.82 42.76 42.48 42.01 41.45 40.92 40.53 40.35 40.38 40.55 40.78 40.96 41.04 41.00 40.89 40.77 40.67 40.61 40.58 40.56 40.54 40.55 40.58 40.65 40.78 40.96 41.19 41.44 41.69 41.89 42.02 42.10 42.14 42.18 42.28 42.50 42.95 43.63 44.44 45.27 46.11 46.95 47.78 48.59 49.37 50.09 50.70 51.09 51.17 50.93 50.44 49.87 49.42 49.22 49.32 49.60 49.93 50.16 50.21 50.03 49.67 49.20 48.73 48.41 48.34 48.57 49.05 49.64 50.14 50.37 50.25 49.83 49.26 48.74 48.42 48.41 48.67 49.11 49.61 50.04 50.30 50.37 50.26 49.99 49.61 49.15 48.66 48.18 47.77 47.46 47.21 46.98 46.75 46.51 46.32 46.24 46.31 46.58 47.02 47.64 48.55 50.38 55.83 76.00 
44.67 47.11 48.48 49.58 50.44 51.06 51.47 51.68 51.73 51.63 51.40 51.09 50.72 50.32 49.91 49.51 49.15 48.91 48.83 48.97 49.31 49.74 50.14 50.38 50.43 50.35 50.24 50.16 50.13 50.12 50.10 50.09 50.11 50.18 50.30 50.43 50.57 50.70 50.86 51.05 51.28 51.52 51.71 51.80 51.76 51.55 51.22 50.80 50.35 49.92 49.54 49.21 48.92 48.69 48.56 48.56 48.74 49.08 49.52 49.98 50.33 50.45 50.16 49.26 47.56 44.98 41.74 38.38 35.70 33.84 32.69 32.12 31.95 31.99 32.10 32.15 32.10 31.94 31.72 31.48 31.30 31.22 31.29 31.53 31.93 32.45 33.04 33.60 34.07 34.43 34.68 34.86 35.03 35.23 35.49 35.74 35.91 35.91 35.70 35.30 34.80 34.29 33.88 33.65 33.61 33.71 33.89 34.06 34.14 34.13 34.05 33.94 33.85 33.78 33.74 33.72 33.73 33.76 33.82 33.91 34.04 34.19 34.36 34.54 34.71 34.84 34.95 35.04 35.14 35.32 35.69 36.43 37.75 39.70 41.80 43.69 45.27 46.54 47.58 48.46 49.22 49.90 50.45 50.81 50.88 50.62 50.11 49.52 49.05 48.87 49.00 49.36 49.79 50.13 50.26 50.15 49.81 49.33 48.84 48.48 48.36 48.52 48.93 49.44 49.88 50.11 50.06 49.74 49.28 48.84 48.56 48.50 48.67 49.02 49.43 49.80 50.04 50.11 50.02 49.78 49.43 49.00 48.51 48.00 47.52 47.10 46.75 46.45 46.21 46.03 45.94 45.97 46.16 46.52 47.05 47.74 48.60 49.63 50.46 48.33 
48.00 48.11 49.22 50.15 50.85 51.31 51.58 51.68 51.64 51.49 51.27 51.00 50.72 50.43 50.14 49.83 49.54 49.30 49.22 49.34 49.67 50.14 50.59 50.91 51.01 50.96 50.82 50.68 50.57 50.46 50.35 50.24 50.18 50.18 50.23 50.30 50.39 50.51 50.68 50.93 51.25 51.59 51.89 52.06 52.04 51.82 51.44 50.96 50.47 50.05 49.72 49.46 49.24 49.04 48.89 48.84 48.96 49.25 49.65 50.06 50.32 50.25 49.60 48.06 45.35 41.30 36.15 30.85 27.31 25.19 24.02 23.47 23.31 23.34 23.44 23.48 23.43 23.30 23.12 22.94 22.80 22.75 22.83 23.03 23.36 23.77 24.22 24.64 24.98 25.22 25.37 25.47 25.58 25.72 25.91 26.11 26.26 26.29 26.15 25.86 25.48 25.08 24.75 24.53 24.47 24.52 24.64 24.77 24.84 24.84 24.78 24.70 24.63 24.57 24.53 24.51 24.52 24.55 24.62 24.70 24.81 24.92 25.04 25.15 25.25 25.33 25.40 25.48 25.61 25.88 26.45 27.66 30.05 34.09 38.20 41.63 44.23 46.09 47.41 48.37 49.11 49.71 50.21 50.52 50.56 50.31 49.81 49.24 48.80 48.64 48.79 49.18 49.66 50.05 50.24 50.17 49.86 49.39 48.88 48.49 48.33 48.42 48.75 49.19 49.59 49.84 49.85 49.66 49.33 48.99 48.73 48.63 48.71 48.93 49.25 49.56 49.79 49.90 49.86 49.69 49.39 48.99 48.50 47.94 47.37 46.83 46.37 46.01 45.78 45.68 45.72 45.90 46.22 46.67 47.25 47.94 48.70 49.22 48.15 39.67 
38.67 47.96 49.86 50.66 51.19 51.51 51.64 51.63 51.50 51.30 51.08 50.86 50.68 50.52 50.37 50.18 49.97 49.77 49.69 49.80 50.12 50.60 51.09 51.45 51.60 51.55 51.37 51.16 50.94 50.73 50.52 50.35 50.24 50.19 50.19 50.22 50.27 50.37 50.56 50.86 51.27 51.72 52.12 52.37 52.40 52.17 51.74 51.21 50.68 50.27 49.99 49.81 49.64 49.46 49.26 49.14 49.15 49.35 49.67 49.99 50.13 49.82 48.73 46.44 42.51 36.56 28.56 19.62 15.72 13.95 13.10 12.73 12.62 12.64 12.69 12.72 12.69 12.61 12.51 12.40 12.33 12.30 12.35 12.47 12.66 12.89 13.14 13.37 13.55 13.67 13.75 13.79 13.84 13.91 14.02 14.13 14.22 14.25 14.18 14.03 13.82 13.59 13.40 13.27 13.22 13.24 13.31 13.37 13.41 13.42 13.39 13.34 13.30 13.26 13.24 13.23 13.23 13.26 13.30 13.35 13.41 13.47 13.53 13.58 13.63 13.67 13.70 13.76 13.86 14.07 14.58 15.81 18.93 26.76 33.82 39.22 43.04 45.59 47.22 48.27 48.98 49.52 49.95 50.22 50.27 50.06 49.63 49.13 48.74 48.60 48.74 49.10 49.55 49.93 50.12 50.07 49.78 49.33 48.85 48.46 48.27 48.33 48.60 48.98 49.36 49.63 49.73 49.65 49.45 49.19 48.96 48.82 48.80 48.92 49.14 49.40 49.64 49.80 49.85 49.76 49.53 49.16 48.66 48.04 47.37 46.71 46.14 45.72 45.50 45.49 45.67 45.99 46.43 46.97 47.59 48.32 49.24 50.55 53.31 62.67 
76.00 55.01 51.28 51.07 51.38 51.60 51.64 51.54 51.35 51.12 50.90 50.75 50.67 50.65 50.64 50.57 50.44 50.29 50.21 50.29 50.59 51.06 51.55 51.93 52.08 52.01 51.77 51.46 51.13 50.83 50.57 50.39 50.27 50.22 50.21 50.21 50.24 50.32 50.51 50.85 51.32 51.87 52.38 52.72 52.80 52.58 52.12 51.53 50.97 50.55 50.30 50.17 50.03 49.84 49.59 49.36 49.27 49.35 49.57 49.79 49.78 49.23 47.72 44.70 39.59 31.67 20.00 1.97 0.88 0.74 0.69 0.67 0.67 0.67 0.67 0.67 0.67 0.67 0.66 0.65 0.65 0.65 0.65 0.66 0.67 0.68 0.69 0.71 0.72 0.72 0.73 0.73 0.73 0.73 0.74 0.75 0.75 0.75 0.75 0.74 0.73 0.72 0.71 0.70 0.70 0.70 0.70 0.71 0.71 0.71 0.71 0.70 0.70 0.70 0.70 0.70 0.70 0.70 0.70 0.70 0.71 0.71 0.71 0.72 0.72 0.72 0.72 0.73 0.73 0.74 0.77 0.88 1.87 18.68 29.48 36.89 41.87 45.05 46.97 48.10 48.80 49.29 49.67 49.94 50.04 49.92 49.62 49.24 48.92 48.78 48.88 49.14 49.49 49.78 49.91 49.84 49.58 49.17 48.74 48.40 48.24 48.30 48.54 48.88 49.25 49.55 49.72 49.75 49.65 49.47 49.25 49.07 48.97 48.98 49.11 49.32 49.58 49.81 49.95 49.96 49.82 49.49 48.99 48.32 47.54 46.76 46.09 45.61 45.40 45.45 45.74 46.19 46.74 47.32 47.96 48.66 49.50 50.56 51.94 53.67 
32.33 44.62 48.84 50.57 51.31 51.58 51.59 51.45 51.24 51.01 50.82 50.74 50.76 50.87 50.98 51.02 50.95 50.82 50.73 50.79 51.05 51.47 51.94 52.29 52.42 52.29 51.96 51.53 51.09 50.72 50.45 50.31 50.26 50.26 50.28 50.28 50.28 50.33 50.51 50.85 51.36 51.99 52.61 53.05 53.21 53.02 52.54 51.92 51.31 50.87 50.61 50.48 50.35 50.13 49.81 49.49 49.28 49.25 49.37 49.49 49.36 48.61 46.75 43.19 37.30 28.49 16.36 0.91 0.09 0.04 0.04 0.04 0.04 0.04 0.04 0.04 0.04 0.04 0.03 0.03 0.03 0.03 0.03 0.03 0.04 0.04 0.04 0.04 0.04 0.04 0.04 0.04 0.04 0.04 0.04 0.04 0.04 0.04 0.04 0.04 0.04 0.04 0.04 0.04 0.04 0.04 0.04 0.04 0.04 0.04 0.04 0.04 0.04 0.04 0.04 0.04 0.04 0.04 0.04 0.04 0.04 0.04 0.04 0.04 0.04 0.04 0.04 0.04 0.04 0.04 0.04 0.09 0.86 15.40 26.84 35.21 40.92 44.54 46.67 47.86 48.55 49.01 49.38 49.69 49.88 49.92 49.79 49.56 49.33 49.20 49.20 49.33 49.50 49.64 49.68 49.56 49.31 48.97 48.63 48.37 48.28 48.36 48.59 48.92 49.27 49.59 49.81 49.92 49.90 49.78 49.58 49.37 49.18 49.09 49.13 49.29 49.56 49.85 50.10 50.22 50.17 49.91 49.42 48.72 47.87 47.00 46.22 45.68 45.45 45.54 45.90 46.43 47.03 47.64 48.24 48.87 49.57 50.28 50.25 45.00 
20.33 42.11 48.62 50.70 51.39 51.58 51.54 51.40 51.20 51.00 50.87 50.86 50.98 51.19 51.40 51.50 51.47 51.35 51.23 51.25 51.46 51.83 52.25 52.55 52.61 52.39 51.94 51.37 50.83 50.41 50.17 50.11 50.17 50.28 50.37 50.40 50.39 50.40 50.52 50.84 51.36 52.04 52.74 53.29 53.54 53.41 52.95 52.31 51.67 51.18 50.90 50.74 50.59 50.33 49.95 49.55 49.23 49.10 49.12 49.15 48.92 48.02 45.92 42.03 35.74 26.64 14.74 0.78 0.04 0.00 0.00 0.00 0.00 0.00 0.00 0.00 0.00 0.00 0.00 0.00 0.00 0.00 0.00 0.00 0.00 0.00 0.00 0.00 0.00 0.00 0.00 0.00 0.00 0.00 0.00 0.00 0.00 0.00 0.00 0.00 0.00 0.00 0.00 0.00 0.00 0.00 0.00 0.00 0.00 0.00 0.00 0.00 0.00 0.00 0.00 0.00 0.00 0.00 0.00 0.00 0.00 0.00 0.00 0.00 0.00 0.00 0.00 0.00 0.00 0.00 0.00 0.04 0.75 14.07 25.44 34.17 40.26 44.13 46.38 47.60 48.28 48.74 49.15 49.53 49.85 50.05 50.11 50.04 49.90 49.77 49.68 49.65 49.63 49.60 49.51 49.34 49.10 48.82 48.57 48.42 48.39 48.51 48.74 49.05 49.38 49.69 49.94 50.11 50.15 50.08 49.90 49.65 49.38 49.19 49.13 49.24 49.50 49.84 50.19 50.43 50.49 50.32 49.87 49.17 48.29 47.35 46.51 45.91 45.65 45.73 46.11 46.65 47.25 47.83 48.36 48.91 49.58 50.74 53.78 65.33 
63.67 54.77 52.62 52.01 51.77 51.63 51.51 51.39 51.24 51.11 51.04 51.10 51.30 51.59 51.86 52.00 51.97 51.82 51.67 51.65 51.82 52.13 52.49 52.72 52.69 52.35 51.77 51.07 50.42 49.97 49.77 49.82 50.03 50.28 50.47 50.55 50.53 50.50 50.56 50.81 51.31 52.01 52.76 53.40 53.73 53.67 53.25 52.62 51.97 51.46 51.14 50.95 50.77 50.48 50.07 49.60 49.20 48.96 48.88 48.82 48.50 47.49 45.25 41.18 34.72 25.58 13.96 0.74 0.04 0.00 0.00 0.00 0.00 0.00 0.00 0.00 0.00 0.00 0.00 0.00 0.00 0.00 0.00 0.00 0.00 0.00 0.00 0.00 0.00 0.00 0.00 0.00 0.00 0.00 0.00 0.00 0.00 0.00 0.00 0.00 0.00 0.00 0.00 0.00 0.00 0.00 0.00 0.00 0.00 0.00 0.00 0.00 0.00 0.00 0.00 0.00 0.00 0.00 0.00 0.00 0.00 0.00 0.00 0.00 0.00 0.00 0.00 0.00 0.00 0.00 0.00 0.04 0.71 13.51 24.74 33.57 39.82 43.81 46.13 47.39 48.10 48.60 49.06 49.52 49.97 50.32 50.54 50.61 50.55 50.42 50.25 50.08 49.91 49.73 49.53 49.31 49.07 48.84 48.67 48.58 48.61 48.73 48.94 49.20 49.49 49.78 50.04 50.23 50.34 50.31 50.15 49.86 49.52 49.22 49.05 49.09 49.33 49.72 50.15 50.51 50.69 50.61 50.23 49.58 48.71 47.76 46.88 46.25 45.94 45.99 46.33 46.83 47.37 47.87 48.29 48.67 49.02 49.27 48.79 44.00 
78.67 60.66 55.08 52.93 51.99 51.59 51.44 51.38 51.32 51.26 51.26 51.39 51.65 51.99 52.28 52.42 52.37 52.19 52.01 51.95 52.07 52.34 52.64 52.79 52.68 52.24 51.53 50.72 49.98 49.50 49.35 49.51 49.87 50.27 50.58 50.73 50.72 50.64 50.62 50.80 51.23 51.90 52.67 53.34 53.72 53.72 53.36 52.77 52.15 51.65 51.32 51.12 50.93 50.64 50.21 49.71 49.24 48.90 48.70 48.53 48.10 46.99 44.66 40.50 34.00 24.91 13.52 0.71 0.04 0.00 0.00 0.00 0.00 0.00 0.00 0.00 0.00 0.00 0.00 0.00 0.00 0.00 0.00 0.00 0.00 0.00 0.00 0.00 0.00 0.00 0.00 0.00 0.00 0.00 0.00 0.00 0.00 0.00 0.00 0.00 0.00 0.00 0.00 0.00 0.00 0.00 0.00 0.00 0.00 0.00 0.00 0.00 0.00 0.00 0.00 0.00 0.00 0.00 0.00 0.00 0.00 0.00 0.00 0.00 0.00 0.00 0.00 0.00 0.00 0.00 0.00 0.04 0.70 13.24 24.37 33.21 39.52 43.58 45.97 47.30 48.09 48.66 49.19 49.73 50.26 50.71 51.03 51.19 51.19 51.06 50.86 50.61 50.35 50.09 49.83 49.57 49.33 49.12 48.97 48.90 48.92 49.01 49.16 49.35 49.56 49.80 50.05 50.27 50.42 50.44 50.30 49.99 49.57 49.16 48.88 48.83 49.04 49.46 49.96 50.42 50.70 50.72 50.42 49.82 49.00 48.09 47.24 46.60 46.28 46.28 46.56 46.98 47.42 47.81 48.11 48.33 48.49 48.53 48.09 45.67 
40.33 54.23 54.30 52.83 51.83 51.38 51.29 51.34 51.39 51.42 51.48 51.66 51.96 52.32 52.60 52.71 52.61 52.38 52.16 52.08 52.18 52.42 52.66 52.76 52.58 52.07 51.29 50.39 49.60 49.10 48.99 49.25 49.74 50.29 50.72 50.95 50.97 50.86 50.77 50.85 51.20 51.79 52.50 53.14 53.51 53.52 53.20 52.68 52.12 51.68 51.40 51.25 51.10 50.84 50.43 49.91 49.38 48.93 48.59 48.26 47.70 46.48 44.07 39.87 33.38 24.40 13.21 0.70 0.04 0.00 0.00 0.00 0.00 0.00 0.00 0.00 0.00 0.00 0.00 0.00 0.00 0.00 0.00 0.00 0.00 0.00 0.00 0.00 0.00 0.00 0.00 0.00 0.00 0.00 0.00 0.00 0.00 0.00 0.00 0.00 0.00 0.00 0.00 0.00 0.00 0.00 0.00 0.00 0.00 0.00 0.00 0.00 0.00 0.00 0.00 0.00 0.00 0.00 0.00 0.00 0.00 0.00 0.00 0.00 0.00 0.00 0.00 0.00 0.00 0.00 0.00 0.04 0.69 13.08 24.12 32.94 39.28 43.42 45.91 47.36 48.27 48.95 49.57 50.16 50.71 51.18 51.53 51.72 51.75 51.65 51.46 51.21 50.94 50.67 50.40 50.14 49.88 49.66 49.48 49.37 49.33 49.34 49.39 49.48 49.61 49.79 50.01 50.24 50.42 50.48 50.36 50.02 49.53 49.01 48.62 48.50 48.67 49.09 49.64 50.16 50.51 50.59 50.35 49.82 49.08 48.24 47.46 46.87 46.57 46.55 46.77 47.11 47.46 47.75 47.93 48.04 48.12 48.33 49.42 55.33 
83.67 61.90 55.46 52.72 51.46 51.02 51.04 51.21 51.39 51.51 51.64 51.85 52.17 52.51 52.76 52.80 52.63 52.35 52.09 51.99 52.08 52.30 52.51 52.58 52.38 51.84 51.04 50.12 49.32 48.83 48.76 49.10 49.71 50.38 50.93 51.25 51.30 51.18 51.03 51.02 51.25 51.73 52.32 52.83 53.11 53.07 52.76 52.29 51.84 51.51 51.35 51.30 51.25 51.07 50.71 50.19 49.60 49.04 48.53 48.02 47.28 45.92 43.42 39.19 32.75 23.90 12.93 0.68 0.04 0.00 0.00 0.00 0.00 0.00 0.00 0.00 0.00 0.00 0.00 0.00 0.00 0.00 0.00 0.00 0.00 0.00 0.00 0.00 0.00 0.00 0.00 0.00 0.00 0.00 0.00 0.00 0.00 0.00 0.00 0.00 0.00 0.00 0.00 0.00 0.00 0.00 0.00 0.00 0.00 0.00 0.00 0.00 0.00 0.00 0.00 0.00 0.00 0.00 0.00 0.00 0.00 0.00 0.00 0.00 0.00 0.00 0.00 0.00 0.00 0.00 0.00 0.04 0.68 12.94 23.88 32.67 39.05 43.28 45.91 47.53 48.60 49.41 50.10 50.72 51.25 51.68 51.99 52.18 52.23 52.17 52.03 51.85 51.64 51.42 51.19 50.94 50.68 50.41 50.18 49.98 49.83 49.73 49.67 49.65 49.69 49.81 49.99 50.22 50.41 50.49 50.37 50.01 49.46 48.85 48.36 48.16 48.28 48.69 49.24 49.77 50.14 50.23 50.02 49.54 48.87 48.15 47.48 46.99 46.75 46.76 46.96 47.26 47.55 47.77 47.88 47.88 47.75 47.37 46.03 39.33 
47.00 54.59 53.50 51.79 50.79 50.51 50.67 50.99 51.29 51.51 51.70 51.94 52.24 52.54 52.72 52.67 52.42 52.07 51.78 51.67 51.74 51.95 52.15 52.22 52.02 51.52 50.76 49.90 49.14 48.70 48.69 49.09 49.79 50.57 51.23 51.64 51.74 51.62 51.42 51.32 51.43 51.75 52.15 52.47 52.58 52.43 52.08 51.66 51.32 51.15 51.16 51.27 51.35 51.29 51.00 50.51 49.88 49.19 48.51 47.78 46.82 45.29 42.68 38.43 32.06 23.36 12.63 0.67 0.04 0.00 0.00 0.00 0.00 0.00 0.00 0.00 0.00 0.00 0.00 0.00 0.00 0.00 0.00 0.00 0.00 0.00 0.00 0.00 0.00 0.00 0.00 0.00 0.00 0.00 0.00 0.00 0.00 0.00 0.00 0.00 0.00 0.00 0.00 0.00 0.00 0.00 0.00 0.00 0.00 0.00 0.00 0.00 0.00 0.00 0.00 0.00 0.00 0.00 0.00 0.00 0.00 0.00 0.00 0.00 0.00 0.00 0.00 0.00 0.00 0.00 0.00 0.04 0.68 12.79 23.64 32.39 38.80 43.13 45.91 47.71 48.95 49.90 50.67 51.29 51.77 52.12 52.37 52.52 52.59 52.59 52.54 52.46 52.36 52.23 52.06 51.84 51.58 51.28 50.98 50.69 50.44 50.22 50.05 49.94 49.90 49.96 50.10 50.30 50.49 50.56 50.42 50.03 49.42 48.73 48.17 47.89 47.95 48.30 48.80 49.29 49.61 49.68 49.45 49.00 48.41 47.80 47.27 46.92 46.78 46.86 47.11 47.43 47.73 47.95 48.06 48.03 47.85 47.57 48.09 56.00 
64.00 56.39 52.89 50.94 50.04 49.91 50.22 50.67 51.08 51.38 51.62 51.88 52.16 52.39 52.48 52.33 51.99 51.59 51.26 51.13 51.19 51.38 51.57 51.64 51.48 51.07 50.42 49.68 49.04 48.68 48.74 49.21 49.98 50.86 51.62 52.11 52.27 52.16 51.93 51.75 51.72 51.85 52.03 52.12 52.01 51.71 51.28 50.89 50.66 50.66 50.86 51.16 51.40 51.45 51.26 50.80 50.14 49.35 48.49 47.55 46.36 44.63 41.90 37.62 31.32 22.80 12.32 0.65 0.03 0.00 0.00 0.00 0.00 0.00 0.00 0.00 0.00 0.00 0.00 0.00 0.00 0.00 0.00 0.00 0.00 0.00 0.00 0.00 0.00 0.00 0.00 0.00 0.00 0.00 0.00 0.00 0.00 0.00 0.00 0.00 0.00 0.00 0.00 0.00 0.00 0.00 0.00 0.00 0.00 0.00 0.00 0.00 0.00 0.00 0.00 0.00 0.00 0.00 0.00 0.00 0.00 0.00 0.00 0.00 0.00 0.00 0.00 0.00 0.00 0.00 0.00 0.04 0.67 12.65 23.40 32.10 38.54 42.95 45.87 47.83 49.23 50.29 51.10 51.71 52.12 52.40 52.58 52.71 52.81 52.88 52.94 52.97 52.99 52.96 52.86 52.69 52.44 52.12 51.78 51.44 51.12 50.82 50.58 50.41 50.32 50.33 50.43 50.58 50.72 50.75 50.58 50.14 49.48 48.73 48.10 47.73 47.71 47.96 48.37 48.77 49.01 49.00 48.74 48.29 47.76 47.26 46.87 46.67 46.67 46.87 47.20 47.61 48.00 48.31 48.50 48.54 48.30 47.19 42.92 25.67 
61.33 54.54 51.45 49.86 49.23 49.28 49.72 50.27 50.77 51.13 51.42 51.67 51.91 52.08 52.07 51.83 51.42 50.96 50.61 50.44 50.48 50.63 50.79 50.87 50.77 50.48 50.00 49.45 48.96 48.73 48.88 49.42 50.26 51.21 52.06 52.63 52.85 52.75 52.48 52.21 52.04 51.99 51.96 51.82 51.50 51.03 50.53 50.15 50.01 50.16 50.53 50.98 51.36 51.53 51.41 51.00 50.32 49.46 48.46 47.32 45.93 44.02 41.17 36.86 30.63 22.27 12.02 0.63 0.03 0.00 0.00 0.00 0.00 0.00 0.00 0.00 0.00 0.00 0.00 0.00 0.00 0.00 0.00 0.00 0.00 0.00 0.00 0.00 0.00 0.00 0.00 0.00 0.00 0.00 0.00 0.00 0.00 0.00 0.00 0.00 0.00 0.00 0.00 0.00 0.00 0.00 0.00 0.00 0.00 0.00 0.00 0.00 0.00 0.00 0.00 0.00 0.00 0.00 0.00 0.00 0.00 0.00 0.00 0.00 0.00 0.00 0.00 0.00 0.00 0.00 0.00 0.03 0.66 12.53 23.18 31.84 38.28 42.76 45.77 47.83 49.33 50.46 51.30 51.87 52.23 52.43 52.57 52.70 52.85 53.00 53.17 53.32 53.44 53.50 53.47 53.35 53.12 52.83 52.49 52.15 51.80 51.49 51.22 51.04 50.94 50.93 50.99 51.09 51.15 51.11 50.86 50.37 49.66 48.87 48.17 47.72 47.58 47.71 47.99 48.26 48.39 48.29 47.98 47.53 47.05 46.64 46.39 46.33 46.47 46.79 47.25 47.78 48.30 48.76 49.15 49.48 49.82 50.20 50.85 53.67 
44.00 49.40 49.24 48.62 48.43 48.70 49.24 49.86 50.39 50.80 51.10 51.34 51.54 51.63 51.54 51.24 50.79 50.30 49.91 49.71 49.69 49.78 49.89 49.95 49.93 49.78 49.51 49.18 48.90 48.82 49.07 49.68 50.58 51.60 52.52 53.15 53.39 53.29 52.97 52.61 52.32 52.11 51.90 51.58 51.10 50.51 49.95 49.57 49.51 49.76 50.24 50.79 51.26 51.50 51.43 51.05 50.39 49.49 48.41 47.13 45.58 43.52 40.57 36.23 30.05 21.83 11.78 0.62 0.03 0.00 0.00 0.00 0.00 0.00 0.00 0.00 0.00 0.00 0.00 0.00 0.00 0.00 0.00 0.00 0.00 0.00 0.00 0.00 0.00 0.00 0.00 0.00 0.00 0.00 0.00 0.00 0.00 0.00 0.00 0.00 0.00 0.00 0.00 0.00 0.00 0.00 0.00 0.00 0.00 0.00 0.00 0.00 0.00 0.00 0.00 0.00 0.00 0.00 0.00 0.00 0.00 0.00 0.00 0.00 0.00 0.00 0.00 0.00 0.00 0.00 0.00 0.03 0.66 12.44 23.02 31.64 38.06 42.55 45.59 47.70 49.24 50.38 51.21 51.74 52.03 52.18 52.30 52.45 52.66 52.91 53.18 53.43 53.64 53.77 53.80 53.71 53.53 53.29 53.00 52.69 52.39 52.10 51.88 51.73 51.67 51.67 51.71 51.75 51.73 51.59 51.26 50.71 49.96 49.12 48.36 47.82 47.56 47.55 47.68 47.82 47.84 47.67 47.32 46.86 46.41 46.09 45.94 46.00 46.26 46.69 47.25 47.89 48.55 49.19 49.79 50.46 51.41 53.10 56.72 65.67 
60.00 50.17 48.07 47.64 47.78 48.24 48.86 49.49 50.02 50.41 50.70 50.92 51.07 51.11 50.98 50.66 50.19 49.69 49.28 49.02 48.91 48.89 48.92 48.96 49.00 49.00 48.96 48.88 48.82 48.92 49.29 49.98 50.93 51.99 52.94 53.59 53.82 53.68 53.29 52.83 52.44 52.12 51.81 51.39 50.83 50.18 49.61 49.25 49.23 49.53 50.06 50.64 51.12 51.37 51.33 50.97 50.33 49.44 48.33 47.00 45.36 43.21 40.19 35.83 29.69 21.55 11.63 0.61 0.03 0.00 0.00 0.00 0.00 0.00 0.00 0.00 0.00 0.00 0.00 0.00 0.00 0.00 0.00 0.00 0.00 0.00 0.00 0.00 0.00 0.00 0.00 0.00 0.00 0.00 0.00 0.00 0.00 0.00 0.00 0.00 0.00 0.00 0.00 0.00 0.00 0.00 0.00 0.00 0.00 0.00 0.00 0.00 0.00 0.00 0.00 0.00 0.00 0.00 0.00 0.00 0.00 0.00 0.00 0.00 0.00 0.00 0.00 0.00 0.00 0.00 0.00 0.03 0.65 12.37 22.90 31.47 37.86 42.32 45.35 47.45 48.97 50.09 50.87 51.34 51.57 51.67 51.77 51.95 52.23 52.58 52.95 53.29 53.56 53.73 53.79 53.74 53.60 53.42 53.20 52.97 52.74 52.53 52.39 52.34 52.36 52.41 52.46 52.44 52.34 52.10 51.69 51.08 50.31 49.45 48.64 48.01 47.63 47.47 47.47 47.51 47.45 47.24 46.87 46.41 46.00 45.72 45.64 45.78 46.11 46.60 47.22 47.92 48.68 49.44 50.21 51.09 52.28 54.17 57.34 62.33 
34.33 43.45 45.67 46.57 47.25 47.93 48.60 49.20 49.67 50.02 50.27 50.45 50.57 50.60 50.46 50.15 49.69 49.19 48.75 48.41 48.17 48.02 47.95 47.95 48.04 48.20 48.38 48.56 48.74 49.03 49.53 50.29 51.29 52.36 53.30 53.90 54.06 53.83 53.34 52.80 52.33 51.96 51.61 51.18 50.63 50.01 49.48 49.18 49.19 49.52 50.03 50.58 51.01 51.22 51.15 50.81 50.20 49.35 48.28 46.95 45.30 43.13 40.08 35.70 29.57 21.45 11.57 0.61 0.03 0.00 0.00 0.00 0.00 0.00 0.00 0.00 0.00 0.00 0.00 0.00 0.00 0.00 0.00 0.00 0.00 0.00 0.00 0.00 0.00 0.00 0.00 0.00 0.00 0.00 0.00 0.00 0.00 0.00 0.00 0.00 0.00 0.00 0.00 0.00 0.00 0.00 0.00 0.00 0.00 0.00 0.00 0.00 0.00 0.00 0.00 0.00 0.00 0.00 0.00 0.00 0.00 0.00 0.00 0.00 0.00 0.00 0.00 0.00 0.00 0.00 0.00 0.03 0.65 12.32 22.80 31.32 37.67 42.08 45.06 47.11 48.58 49.65 50.36 50.76 50.92 50.97 51.06 51.27 51.62 52.05 52.50 52.90 53.20 53.39 53.45 53.42 53.33 53.20 53.06 52.92 52.77 52.67 52.65 52.72 52.85 53.00 53.07 53.03 52.85 52.54 52.06 51.43 50.65 49.79 48.95 48.25 47.76 47.50 47.40 47.38 47.30 47.08 46.72 46.29 45.89 45.63 45.58 45.74 46.07 46.55 47.16 47.85 48.62 49.44 50.30 51.26 52.43 53.98 56.19 60.00 
46.33 43.76 44.76 45.96 46.95 47.77 48.44 48.98 49.36 49.63 49.82 49.98 50.10 50.14 50.04 49.76 49.34 48.84 48.34 47.89 47.50 47.20 47.00 46.97 47.11 47.42 47.82 48.23 48.65 49.13 49.76 50.61 51.62 52.67 53.53 54.03 54.06 53.69 53.09 52.45 51.93 51.55 51.23 50.86 50.40 49.89 49.47 49.26 49.34 49.67 50.16 50.64 50.99 51.12 51.00 50.65 50.08 49.29 48.29 47.04 45.44 43.29 40.25 35.86 29.70 21.55 11.62 0.61 0.03 0.00 0.00 0.00 0.00 0.00 0.00 0.00 0.00 0.00 0.00 0.00 0.00 0.00 0.00 0.00 0.00 0.00 0.00 0.00 0.00 0.00 0.00 0.00 0.00 0.00 0.00 0.00 0.00 0.00 0.00 0.00 0.00 0.00 0.00 0.00 0.00 0.00 0.00 0.00 0.00 0.00 0.00 0.00 0.00 0.00 0.00 0.00 0.00 0.00 0.00 0.00 0.00 0.00 0.00 0.00 0.00 0.00 0.00 0.00 0.00 0.00 0.00 0.03 0.65 12.26 22.69 31.17 37.47 41.83 44.75 46.74 48.14 49.13 49.78 50.10 50.20 50.21 50.29 50.51 50.90 51.39 51.88 52.31 52.61 52.79 52.84 52.81 52.75 52.68 52.62 52.55 52.49 52.49 52.59 52.80 53.07 53.31 53.44 53.40 53.18 52.81 52.31 51.67 50.92 50.08 49.24 48.49 47.93 47.60 47.47 47.44 47.39 47.23 46.91 46.51 46.13 45.87 45.80 45.91 46.18 46.58 47.09 47.70 48.41 49.22 50.11 51.10 52.15 53.14 53.47 51.33 
32.00 40.46 43.66 45.51 46.77 47.66 48.31 48.76 49.05 49.25 49.40 49.55 49.69 49.78 49.74 49.53 49.14 48.62 48.04 47.46 46.91 46.44 46.14 46.07 46.27 46.72 47.30 47.93 48.56 49.22 49.98 50.88 51.89 52.87 53.62 53.95 53.81 53.27 52.53 51.81 51.25 50.88 50.62 50.36 50.04 49.70 49.44 49.38 49.56 49.93 50.40 50.81 51.07 51.12 50.94 50.57 50.03 49.31 48.40 47.26 45.76 43.68 40.67 36.27 30.05 21.80 11.76 0.62 0.03 0.00 0.00 0.00 0.00 0.00 0.00 0.00 0.00 0.00 0.00 0.00 0.00 0.00 0.00 0.00 0.00 0.00 0.00 0.00 0.00 0.00 0.00 0.00 0.00 0.00 0.00 0.00 0.00 0.00 0.00 0.00 0.00 0.00 0.00 0.00 0.00 0.00 0.00 0.00 0.00 0.00 0.00 0.00 0.00 0.00 0.00 0.00 0.00 0.00 0.00 0.00 0.00 0.00 0.00 0.00 0.00 0.00 0.00 0.00 0.00 0.00 0.00 0.03 0.64 12.21 22.60 31.04 37.30 41.61 44.46 46.37 47.70 48.62 49.20 49.47 49.52 49.51 49.57 49.80 50.20 50.70 51.20 51.60 51.87 52.01 52.04 52.02 51.99 51.97 51.97 51.97 51.99 52.08 52.28 52.61 53.01 53.35 53.53 53.51 53.28 52.90 52.39 51.78 51.07 50.28 49.46 48.70 48.11 47.75 47.63 47.65 47.68 47.61 47.39 47.04 46.68 46.40 46.26 46.28 46.43 46.68 47.03 47.49 48.10 48.85 49.76 50.80 51.93 52.96 53.25 50.67 
47.67 42.31 43.71 45.42 46.68 47.54 48.11 48.47 48.70 48.85 49.00 49.19 49.40 49.57 49.60 49.44 49.07 48.53 47.86 47.14 46.43 45.83 45.44 45.35 45.61 46.16 46.90 47.70 48.50 49.30 50.15 51.09 52.07 52.93 53.52 53.66 53.32 52.61 51.74 50.94 50.35 50.01 49.82 49.68 49.52 49.37 49.31 49.43 49.75 50.20 50.68 51.06 51.24 51.20 50.97 50.57 50.04 49.39 48.59 47.57 46.21 44.23 41.28 36.87 30.57 22.19 11.97 0.63 0.03 0.00 0.00 0.00 0.00 0.00 0.00 0.00 0.00 0.00 0.00 0.00 0.00 0.00 0.00 0.00 0.00 0.00 0.00 0.00 0.00 0.00 0.00 0.00 0.00 0.00 0.00 0.00 0.00 0.00 0.00 0.00 0.00 0.00 0.00 0.00 0.00 0.00 0.00 0.00 0.00 0.00 0.00 0.00 0.00 0.00 0.00 0.00 0.00 0.00 0.00 0.00 0.00 0.00 0.00 0.00 0.00 0.00 0.00 0.00 0.00 0.00 0.00 0.03 0.64 12.19 22.55 30.96 37.20 41.47 44.26 46.09 47.33 48.18 48.69 48.93 48.98 48.96 49.02 49.25 49.62 50.09 50.53 50.87 51.07 51.16 51.16 51.15 51.16 51.20 51.26 51.32 51.41 51.57 51.86 52.28 52.76 53.18 53.41 53.42 53.20 52.82 52.33 51.75 51.10 50.36 49.57 48.83 48.24 47.89 47.81 47.92 48.07 48.12 48.01 47.75 47.42 47.12 46.90 46.79 46.78 46.84 47.00 47.28 47.75 48.43 49.33 50.45 51.82 53.55 55.90 59.67 
14.67 37.24 43.19 45.44 46.61 47.32 47.77 48.06 48.26 48.44 48.66 48.94 49.25 49.50 49.61 49.49 49.13 48.55 47.80 46.97 46.14 45.44 45.00 44.92 45.22 45.85 46.69 47.60 48.50 49.40 50.30 51.22 52.11 52.83 53.23 53.18 52.66 51.81 50.84 49.97 49.36 49.03 48.91 48.88 48.88 48.92 49.07 49.38 49.85 50.41 50.93 51.28 51.41 51.30 51.01 50.58 50.06 49.48 48.80 47.94 46.73 44.88 42.00 37.58 31.19 22.65 12.22 0.64 0.03 0.00 0.00 0.00 0.00 0.00 0.00 0.00 0.00 0.00 0.00 0.00 0.00 0.00 0.00 0.00 0.00 0.00 0.00 0.00 0.00 0.00 0.00 0.00 0.00 0.00 0.00 0.00 0.00 0.00 0.00 0.00 0.00 0.00 0.00 0.00 0.00 0.00 0.00 0.00 0.00 0.00 0.00 0.00 0.00 0.00 0.00 0.00 0.00 0.00 0.00 0.00 0.00 0.00 0.00 0.00 0.00 0.00 0.00 0.00 0.00 0.00 0.00 0.03 0.64 12.20 22.57 31.00 37.22 41.46 44.20 45.95 47.10 47.86 48.33 48.56 48.62 48.63 48.70 48.91 49.23 49.61 49.96 50.20 50.31 50.34 50.32 50.33 50.39 50.49 50.62 50.74 50.88 51.10 51.45 51.92 52.45 52.91 53.17 53.19 52.99 52.62 52.15 51.62 51.01 50.32 49.57 48.86 48.29 47.97 47.95 48.15 48.42 48.61 48.63 48.47 48.19 47.88 47.59 47.35 47.16 47.03 46.99 47.10 47.43 48.02 48.86 49.96 51.39 53.51 57.12 64.00 
67.00 48.66 46.12 46.24 46.66 47.02 47.30 47.54 47.77 48.04 48.39 48.80 49.22 49.56 49.73 49.64 49.29 48.68 47.89 46.99 46.11 45.37 44.92 44.85 45.19 45.85 46.72 47.68 48.62 49.54 50.42 51.27 52.03 52.58 52.79 52.57 51.92 50.97 49.94 49.04 48.42 48.11 48.04 48.10 48.23 48.43 48.76 49.25 49.86 50.52 51.07 51.41 51.48 51.30 50.94 50.49 49.99 49.49 48.96 48.28 47.26 45.57 42.77 38.35 31.87 23.15 12.49 0.66 0.03 0.00 0.00 0.00 0.00 0.00 0.00 0.00 0.00 0.00 0.00 0.00 0.00 0.00 0.00 0.00 0.00 0.00 0.00 0.00 0.00 0.00 0.00 0.00 0.00 0.00 0.00 0.00 0.00 0.00 0.00 0.00 0.00 0.00 0.00 0.00 0.00 0.00 0.00 0.00 0.00 0.00 0.00 0.00 0.00 0.00 0.00 0.00 0.00 0.00 0.00 0.00 0.00 0.00 0.00 0.00 0.00 0.00 0.00 0.00 0.00 0.00 0.00 0.03 0.65 12.27 22.70 31.16 37.41 41.63 44.31 45.98 47.03 47.72 48.15 48.38 48.48 48.52 48.60 48.77 49.02 49.29 49.51 49.64 49.67 49.64 49.62 49.65 49.76 49.92 50.10 50.28 50.47 50.74 51.12 51.63 52.17 52.63 52.90 52.92 52.73 52.38 51.93 51.42 50.85 50.20 49.49 48.80 48.26 47.98 48.02 48.30 48.68 48.99 49.12 49.05 48.83 48.53 48.19 47.84 47.51 47.21 47.01 46.99 47.20 47.67 48.36 49.21 50.28 51.90 55.01 61.33 
34.00 44.22 46.25 46.60 46.62 46.65 46.76 46.97 47.27 47.69 48.19 48.75 49.29 49.70 49.90 49.83 49.49 48.89 48.10 47.22 46.35 45.63 45.22 45.17 45.51 46.17 47.02 47.95 48.86 49.73 50.53 51.24 51.84 52.21 52.25 51.90 51.18 50.20 49.16 48.27 47.67 47.38 47.35 47.49 47.72 48.04 48.49 49.10 49.82 50.54 51.10 51.40 51.39 51.13 50.70 50.22 49.77 49.39 49.03 48.56 47.75 46.23 43.52 39.10 32.53 23.65 12.76 0.67 0.04 0.00 0.00 0.00 0.00 0.00 0.00 0.00 0.00 0.00 0.00 0.00 0.00 0.00 0.00 0.00 0.00 0.00 0.00 0.00 0.00 0.00 0.00 0.00 0.00 0.00 0.00 0.00 0.00 0.00 0.00 0.00 0.00 0.00 0.00 0.00 0.00 0.00 0.00 0.00 0.00 0.00 0.00 0.00 0.00 0.00 0.00 0.00 0.00 0.00 0.00 0.00 0.00 0.00 0.00 0.00 0.00 0.00 0.00 0.00 0.00 0.00 0.00 0.03 0.65 12.39 22.92 31.46 37.74 41.97 44.61 46.20 47.17 47.78 48.17 48.40 48.52 48.58 48.65 48.77 48.93 49.09 49.20 49.22 49.19 49.13 49.11 49.17 49.31 49.52 49.74 49.95 50.19 50.49 50.90 51.41 51.95 52.39 52.64 52.66 52.47 52.13 51.70 51.22 50.67 50.05 49.38 48.72 48.21 47.97 48.05 48.39 48.84 49.23 49.44 49.43 49.26 48.97 48.61 48.20 47.77 47.37 47.08 46.97 47.10 47.45 47.89 48.28 48.51 48.66 49.58 55.33 
42.67 47.97 48.12 47.37 46.72 46.35 46.28 46.47 46.87 47.44 48.10 48.79 49.41 49.85 50.06 50.00 49.68 49.13 48.40 47.60 46.81 46.18 45.83 45.81 46.14 46.74 47.51 48.35 49.17 49.93 50.59 51.15 51.56 51.76 51.67 51.25 50.51 49.55 48.56 47.73 47.17 46.92 46.93 47.12 47.41 47.81 48.34 49.02 49.78 50.50 51.03 51.25 51.14 50.77 50.27 49.77 49.39 49.15 48.99 48.76 48.17 46.82 44.20 39.79 33.13 24.10 13.01 0.69 0.04 0.00 0.00 0.00 0.00 0.00 0.00 0.00 0.00 0.00 0.00 0.00 0.00 0.00 0.00 0.00 0.00 0.00 0.00 0.00 0.00 0.00 0.00 0.00 0.00 0.00 0.00 0.00 0.00 0.00 0.00 0.00 0.00 0.00 0.00 0.00 0.00 0.00 0.00 0.00 0.00 0.00 0.00 0.00 0.00 0.00 0.00 0.00 0.00 0.00 0.00 0.00 0.00 0.00 0.00 0.00 0.00 0.00 0.00 0.00 0.00 0.00 0.00 0.03 0.66 12.55 23.22 31.87 38.21 42.45 45.07 46.59 47.48 48.02 48.35 48.56 48.67 48.72 48.76 48.81 48.88 48.95 48.99 48.96 48.89 48.82 48.81 48.88 49.04 49.26 49.50 49.74 50.00 50.32 50.75 51.26 51.78 52.19 52.42 52.42 52.23 51.91 51.51 51.06 50.55 49.97 49.32 48.70 48.22 48.01 48.12 48.49 48.97 49.38 49.61 49.63 49.46 49.18 48.81 48.39 47.94 47.51 47.20 47.08 47.17 47.40 47.57 47.42 46.56 44.37 39.15 24.67 
73.33 56.98 51.10 48.39 46.94 46.21 45.99 46.18 46.67 47.35 48.14 48.91 49.56 49.99 50.18 50.11 49.82 49.34 48.73 48.06 47.42 46.91 46.63 46.64 46.92 47.43 48.08 48.79 49.48 50.09 50.59 50.97 51.21 51.27 51.10 50.66 49.95 49.07 48.17 47.41 46.91 46.70 46.75 46.97 47.31 47.74 48.31 49.01 49.77 50.46 50.91 51.01 50.77 50.27 49.70 49.19 48.88 48.80 48.86 48.86 48.48 47.29 44.75 40.34 33.62 24.46 13.20 0.70 0.04 0.00 0.00 0.00 0.00 0.00 0.00 0.00 0.00 0.00 0.00 0.00 0.00 0.00 0.00 0.00 0.00 0.00 0.00 0.00 0.00 0.00 0.00 0.00 0.00 0.00 0.00 0.00 0.00 0.00 0.00 0.00 0.00 0.00 0.00 0.00 0.00 0.00 0.00 0.00 0.00 0.00 0.00 0.00 0.00 0.00 0.00 0.00 0.00 0.00 0.00 0.00 0.00 0.00 0.00 0.00 0.00 0.00 0.00 0.00 0.00 0.00 0.00 0.04 0.67 12.75 23.58 32.34 38.77 43.04 45.64 47.12 47.93 48.39 48.65 48.80 48.85 48.85 48.82 48.80 48.81 48.84 48.85 48.83 48.77 48.71 48.71 48.77 48.92 49.13 49.35 49.59 49.86 50.20 50.63 51.14 51.64 52.02 52.22 52.21 52.03 51.74 51.40 51.01 50.55 50.01 49.41 48.82 48.38 48.19 48.32 48.69 49.15 49.53 49.72 49.69 49.49 49.18 48.82 48.42 48.01 47.64 47.39 47.31 47.41 47.55 47.52 46.98 45.56 42.75 37.76 29.67 
62.67 55.68 51.26 48.64 47.09 46.26 46.00 46.19 46.73 47.49 48.32 49.11 49.73 50.12 50.25 50.16 49.90 49.51 49.04 48.53 48.06 47.69 47.49 47.51 47.72 48.11 48.61 49.16 49.68 50.13 50.47 50.70 50.81 50.79 50.58 50.16 49.53 48.75 47.95 47.28 46.83 46.66 46.72 46.95 47.29 47.75 48.33 49.04 49.78 50.41 50.76 50.74 50.36 49.74 49.09 48.58 48.35 48.41 48.66 48.86 48.65 47.58 45.11 40.71 33.94 24.69 13.33 0.70 0.04 0.00 0.00 0.00 0.00 0.00 0.00 0.00 0.00 0.00 0.00 0.00 0.00 0.00 0.00 0.00 0.00 0.00 0.00 0.00 0.00 0.00 0.00 0.00 0.00 0.00 0.00 0.00 0.00 0.00 0.00 0.00 0.00 0.00 0.00 0.00 0.00 0.00 0.00 0.00 0.00 0.00 0.00 0.00 0.00 0.00 0.00 0.00 0.00 0.00 0.00 0.00 0.00 0.00 0.00 0.00 0.00 0.00 0.00 0.00 0.00 0.00 0.00 0.04 0.68 12.95 23.95 32.86 39.37 43.68 46.28 47.72 48.46 48.82 48.99 49.03 48.99 48.89 48.77 48.68 48.66 48.69 48.75 48.79 48.78 48.76 48.75 48.79 48.90 49.07 49.26 49.47 49.73 50.06 50.50 50.99 51.48 51.84 52.02 52.01 51.86 51.64 51.37 51.06 50.68 50.20 49.64 49.09 48.67 48.51 48.64 48.99 49.40 49.71 49.80 49.67 49.39 49.05 48.69 48.34 48.02 47.76 47.63 47.65 47.78 47.89 47.72 47.00 45.44 42.85 39.23 35.00 
55.00 52.01 50.00 48.40 47.23 46.54 46.32 46.53 47.07 47.82 48.64 49.37 49.92 50.23 50.29 50.17 49.93 49.62 49.28 48.94 48.64 48.41 48.28 48.29 48.42 48.68 49.01 49.38 49.74 50.04 50.25 50.37 50.40 50.34 50.15 49.80 49.27 48.60 47.90 47.29 46.87 46.69 46.73 46.93 47.25 47.70 48.30 49.01 49.75 50.33 50.60 50.47 49.98 49.27 48.56 48.05 47.87 48.04 48.43 48.77 48.68 47.69 45.26 40.85 34.06 24.78 13.37 0.71 0.04 0.00 0.00 0.00 0.00 0.00 0.00 0.00 0.00 0.00 0.00 0.00 0.00 0.00 0.00 0.00 0.00 0.00 0.00 0.00 0.00 0.00 0.00 0.00 0.00 0.00 0.00 0.00 0.00 0.00 0.00 0.00 0.00 0.00 0.00 0.00 0.00 0.00 0.00 0.00 0.00 0.00 0.00 0.00 0.00 0.00 0.00 0.00 0.00 0.00 0.00 0.00 0.00 0.00 0.00 0.00 0.00 0.00 0.00 0.00 0.00 0.00 0.00 0.04 0.69 13.15 24.31 33.35 39.95 44.31 46.91 48.31 48.98 49.24 49.29 49.20 49.02 48.80 48.58 48.44 48.41 48.49 48.63 48.78 48.86 48.88 48.87 48.87 48.92 49.02 49.16 49.33 49.56 49.88 50.30 50.79 51.26 51.62 51.81 51.82 51.72 51.56 51.40 51.19 50.89 50.47 49.95 49.44 49.05 48.91 49.03 49.35 49.69 49.89 49.86 49.60 49.22 48.81 48.46 48.19 47.99 47.89 47.90 48.03 48.21 48.30 48.07 47.28 45.76 43.47 41.04 41.67 
40.33 47.54 48.66 48.23 47.56 47.06 46.90 47.10 47.60 48.28 49.01 49.66 50.11 50.33 50.32 50.16 49.92 49.66 49.43 49.23 49.07 48.96 48.89 48.88 48.94 49.06 49.23 49.44 49.66 49.84 49.95 50.01 50.03 49.99 49.87 49.62 49.20 48.64 48.02 47.43 47.00 46.75 46.70 46.83 47.10 47.53 48.14 48.87 49.61 50.17 50.41 50.22 49.68 48.93 48.19 47.69 47.55 47.78 48.24 48.65 48.60 47.63 45.21 40.80 34.00 24.73 13.34 0.70 0.04 0.00 0.00 0.00 0.00 0.00 0.00 0.00 0.00 0.00 0.00 0.00 0.00 0.00 0.00 0.00 0.00 0.00 0.00 0.00 0.00 0.00 0.00 0.00 0.00 0.00 0.00 0.00 0.00 0.00 0.00 0.00 0.00 0.00 0.00 0.00 0.00 0.00 0.00 0.00 0.00 0.00 0.00 0.00 0.00 0.00 0.00 0.00 0.00 0.00 0.00 0.00 0.00 0.00 0.00 0.00 0.00 0.00 0.00 0.00 0.00 0.00 0.00 0.04 0.70 13.30 24.61 33.76 40.44 44.84 47.45 48.81 49.41 49.57 49.49 49.26 48.94 48.58 48.27 48.08 48.06 48.21 48.46 48.73 48.92 49.00 48.99 48.95 48.92 48.93 49.01 49.13 49.32 49.62 50.02 50.49 50.96 51.33 51.54 51.58 51.54 51.47 51.40 51.28 51.07 50.71 50.24 49.77 49.41 49.29 49.41 49.68 49.95 50.04 49.87 49.48 48.99 48.54 48.20 48.01 47.96 48.02 48.17 48.41 48.64 48.72 48.47 47.69 46.22 43.79 39.52 30.33 
51.67 49.28 49.10 48.67 48.13 47.73 47.60 47.76 48.17 48.75 49.37 49.91 50.28 50.41 50.34 50.14 49.88 49.64 49.46 49.35 49.29 49.26 49.24 49.22 49.22 49.23 49.29 49.38 49.50 49.60 49.68 49.73 49.78 49.81 49.80 49.67 49.37 48.90 48.32 47.72 47.21 46.84 46.66 46.65 46.84 47.23 47.84 48.59 49.35 49.92 50.16 49.98 49.46 48.74 48.05 47.58 47.48 47.73 48.19 48.58 48.51 47.51 45.05 40.62 33.83 24.59 13.26 0.70 0.04 0.00 0.00 0.00 0.00 0.00 0.00 0.00 0.00 0.00 0.00 0.00 0.00 0.00 0.00 0.00 0.00 0.00 0.00 0.00 0.00 0.00 0.00 0.00 0.00 0.00 0.00 0.00 0.00 0.00 0.00 0.00 0.00 0.00 0.00 0.00 0.00 0.00 0.00 0.00 0.00 0.00 0.00 0.00 0.00 0.00 0.00 0.00 0.00 0.00 0.00 0.00 0.00 0.00 0.00 0.00 0.00 0.00 0.00 0.00 0.00 0.00 0.00 0.04 0.71 13.40 24.80 34.03 40.78 45.22 47.83 49.17 49.70 49.77 49.58 49.22 48.76 48.29 47.89 47.65 47.65 47.86 48.23 48.62 48.93 49.07 49.07 48.98 48.87 48.80 48.79 48.86 49.01 49.27 49.64 50.10 50.56 50.94 51.17 51.26 51.28 51.28 51.29 51.26 51.11 50.81 50.39 49.96 49.64 49.55 49.67 49.92 50.12 50.11 49.82 49.32 48.75 48.26 47.96 47.87 47.96 48.18 48.46 48.77 49.02 49.09 48.85 48.20 47.13 45.54 42.72 34.67 
38.33 48.83 49.87 49.34 48.74 48.34 48.20 48.30 48.62 49.08 49.60 50.06 50.35 50.44 50.33 50.08 49.79 49.53 49.35 49.27 49.26 49.28 49.29 49.27 49.24 49.21 49.20 49.24 49.31 49.39 49.48 49.58 49.71 49.86 49.97 49.97 49.78 49.38 48.81 48.16 47.52 47.00 46.64 46.48 46.55 46.89 47.47 48.22 48.99 49.58 49.85 49.74 49.31 48.70 48.12 47.73 47.67 47.92 48.33 48.65 48.48 47.39 44.87 40.41 33.63 24.43 13.17 0.69 0.04 0.00 0.00 0.00 0.00 0.00 0.00 0.00 0.00 0.00 0.00 0.00 0.00 0.00 0.00 0.00 0.00 0.00 0.00 0.00 0.00 0.00 0.00 0.00 0.00 0.00 0.00 0.00 0.00 0.00 0.00 0.00 0.00 0.00 0.00 0.00 0.00 0.00 0.00 0.00 0.00 0.00 0.00 0.00 0.00 0.00 0.00 0.00 0.00 0.00 0.00 0.00 0.00 0.00 0.00 0.00 0.00 0.00 0.00 0.00 0.00 0.00 0.00 0.04 0.71 13.44 24.88 34.17 40.96 45.44 48.05 49.36 49.85 49.85 49.56 49.10 48.55 47.98 47.51 47.25 47.25 47.52 47.97 48.46 48.87 49.09 49.11 48.99 48.81 48.66 48.57 48.57 48.67 48.89 49.22 49.65 50.09 50.46 50.70 50.82 50.89 50.95 51.02 51.04 50.95 50.70 50.33 49.96 49.70 49.65 49.79 50.02 50.16 50.08 49.71 49.15 48.54 48.06 47.83 47.85 48.08 48.42 48.79 49.12 49.35 49.38 49.15 48.67 48.15 48.24 51.00 64.00 
76.00 57.84 52.15 50.05 49.12 48.67 48.51 48.57 48.82 49.20 49.64 50.04 50.30 50.37 50.24 49.96 49.63 49.32 49.09 48.99 48.97 49.00 49.04 49.05 49.02 48.99 48.99 49.03 49.11 49.22 49.37 49.56 49.81 50.09 50.35 50.48 50.39 50.03 49.44 48.70 47.93 47.24 46.71 46.39 46.35 46.60 47.14 47.86 48.60 49.19 49.50 49.48 49.20 48.76 48.34 48.09 48.08 48.31 48.65 48.85 48.56 47.35 44.75 40.26 33.48 24.31 13.11 0.69 0.04 0.00 0.00 0.00 0.00 0.00 0.00 0.00 0.00 0.00 0.00 0.00 0.00 0.00 0.00 0.00 0.00 0.00 0.00 0.00 0.00 0.00 0.00 0.00 0.00 0.00 0.00 0.00 0.00 0.00 0.00 0.00 0.00 0.00 0.00 0.00 0.00 0.00 0.00 0.00 0.00 0.00 0.00 0.00 0.00 0.00 0.00 0.00 0.00 0.00 0.00 0.00 0.00 0.00 0.00 0.00 0.00 0.00 0.00 0.00 0.00 0.00 0.00 0.04 0.71 13.44 24.89 34.19 41.02 45.51 48.14 49.43 49.88 49.83 49.49 48.98 48.37 47.75 47.25 46.97 46.97 47.26 47.75 48.32 48.81 49.10 49.16 49.02 48.80 48.57 48.41 48.35 48.40 48.57 48.85 49.21 49.60 49.93 50.15 50.29 50.39 50.48 50.59 50.65 50.59 50.39 50.09 49.79 49.61 49.61 49.78 50.00 50.11 49.98 49.58 49.01 48.42 48.00 47.87 48.02 48.37 48.80 49.20 49.51 49.67 49.62 49.32 48.83 48.30 48.13 48.99 51.33 
67.00 54.32 50.75 49.45 48.85 48.55 48.45 48.52 48.73 49.06 49.45 49.82 50.08 50.16 50.04 49.75 49.38 49.01 48.72 48.55 48.51 48.53 48.58 48.61 48.62 48.62 48.65 48.73 48.87 49.05 49.29 49.60 49.98 50.41 50.81 51.06 51.05 50.72 50.10 49.29 48.40 47.57 46.90 46.46 46.32 46.49 46.94 47.58 48.25 48.80 49.13 49.20 49.08 48.85 48.63 48.52 48.59 48.80 49.05 49.12 48.69 47.38 44.72 40.19 33.41 24.26 13.08 0.69 0.04 0.00 0.00 0.00 0.00 0.00 0.00 0.00 0.00 0.00 0.00 0.00 0.00 0.00 0.00 0.00 0.00 0.00 0.00 0.00 0.00 0.00 0.00 0.00 0.00 0.00 0.00 0.00 0.00 0.00 0.00 0.00 0.00 0.00 0.00 0.00 0.00 0.00 0.00 0.00 0.00 0.00 0.00 0.00 0.00 0.00 0.00 0.00 0.00 0.00 0.00 0.00 0.00 0.00 0.00 0.00 0.00 0.00 0.00 0.00 0.00 0.00 0.00 0.04 0.71 13.43 24.87 34.19 41.02 45.53 48.15 49.43 49.86 49.79 49.43 48.90 48.28 47.67 47.17 46.88 46.88 47.16 47.67 48.27 48.80 49.15 49.25 49.13 48.88 48.60 48.38 48.27 48.28 48.40 48.62 48.89 49.18 49.43 49.62 49.74 49.85 49.96 50.08 50.15 50.12 49.97 49.74 49.53 49.43 49.49 49.68 49.90 49.99 49.86 49.48 48.95 48.45 48.15 48.15 48.43 48.87 49.34 49.72 49.95 50.00 49.83 49.43 48.80 47.97 46.94 45.49 42.67 
17.33 41.66 47.01 48.07 48.17 48.10 48.09 48.18 48.39 48.69 49.05 49.41 49.69 49.81 49.72 49.45 49.07 48.66 48.32 48.10 48.01 48.01 48.05 48.09 48.12 48.15 48.22 48.34 48.54 48.80 49.14 49.57 50.10 50.67 51.20 51.55 51.61 51.31 50.68 49.82 48.87 47.97 47.22 46.72 46.50 46.58 46.92 47.44 47.99 48.45 48.76 48.90 48.92 48.89 48.86 48.90 49.04 49.23 49.40 49.34 48.81 47.42 44.72 40.20 33.43 24.29 13.10 0.69 0.04 0.00 0.00 0.00 0.00 0.00 0.00 0.00 0.00 0.00 0.00 0.00 0.00 0.00 0.00 0.00 0.00 0.00 0.00 0.00 0.00 0.00 0.00 0.00 0.00 0.00 0.00 0.00 0.00 0.00 0.00 0.00 0.00 0.00 0.00 0.00 0.00 0.00 0.00 0.00 0.00 0.00 0.00 0.00 0.00 0.00 0.00 0.00 0.00 0.00 0.00 0.00 0.00 0.00 0.00 0.00 0.00 0.00 0.00 0.00 0.00 0.00 0.00 0.04 0.71 13.44 24.89 34.21 41.04 45.54 48.14 49.39 49.80 49.72 49.38 48.88 48.31 47.74 47.28 47.02 47.01 47.27 47.75 48.34 48.89 49.27 49.41 49.32 49.07 48.78 48.53 48.39 48.36 48.43 48.57 48.74 48.91 49.06 49.18 49.28 49.38 49.49 49.60 49.67 49.66 49.55 49.40 49.27 49.24 49.35 49.56 49.77 49.86 49.75 49.44 49.03 48.67 48.53 48.67 49.06 49.56 50.02 50.33 50.45 50.36 50.07 49.57 48.83 47.78 46.16 43.37 38.33 
55.00 47.97 47.59 47.68 47.65 47.59 47.59 47.69 47.87 48.15 48.50 48.86 49.18 49.35 49.34 49.12 48.77 48.37 48.01 47.77 47.64 47.62 47.63 47.64 47.65 47.66 47.73 47.87 48.10 48.43 48.87 49.42 50.07 50.77 51.41 51.85 51.96 51.70 51.08 50.23 49.29 48.40 47.66 47.15 46.89 46.89 47.10 47.45 47.85 48.19 48.45 48.62 48.74 48.84 48.97 49.12 49.30 49.47 49.56 49.41 48.81 47.40 44.71 40.22 33.48 24.35 13.14 0.69 0.04 0.00 0.00 0.00 0.00 0.00 0.00 0.00 0.00 0.00 0.00 0.00 0.00 0.00 0.00 0.00 0.00 0.00 0.00 0.00 0.00 0.00 0.00 0.00 0.00 0.00 0.00 0.00 0.00 0.00 0.00 0.00 0.00 0.00 0.00 0.00 0.00 0.00 0.00 0.00 0.00 0.00 0.00 0.00 0.00 0.00 0.00 0.00 0.00 0.00 0.00 0.00 0.00 0.00 0.00 0.00 0.00 0.00 0.00 0.00 0.00 0.00 0.00 0.04 0.71 13.49 24.98 34.30 41.11 45.55 48.10 49.31 49.69 49.61 49.30 48.87 48.38 47.92 47.54 47.32 47.31 47.54 47.96 48.50 49.03 49.42 49.60 49.55 49.33 49.05 48.79 48.63 48.58 48.61 48.68 48.75 48.81 48.86 48.92 48.98 49.07 49.17 49.27 49.33 49.32 49.25 49.16 49.10 49.13 49.26 49.47 49.67 49.76 49.70 49.50 49.24 49.07 49.10 49.38 49.85 50.37 50.78 50.98 50.96 50.73 50.33 49.79 49.07 48.10 46.54 43.49 35.67 
45.00 47.73 47.82 47.60 47.35 47.17 47.11 47.15 47.30 47.54 47.88 48.26 48.62 48.88 48.96 48.84 48.57 48.23 47.91 47.68 47.55 47.49 47.45 47.40 47.33 47.28 47.28 47.39 47.62 47.98 48.49 49.14 49.90 50.70 51.42 51.92 52.08 51.86 51.30 50.52 49.66 48.85 48.19 47.71 47.44 47.36 47.44 47.62 47.84 48.05 48.22 48.38 48.54 48.72 48.92 49.12 49.31 49.45 49.47 49.28 48.65 47.26 44.63 40.21 33.52 24.41 13.19 0.70 0.04 0.00 0.00 0.00 0.00 0.00 0.00 0.00 0.00 0.00 0.00 0.00 0.00 0.00 0.00 0.00 0.00 0.00 0.00 0.00 0.00 0.00 0.00 0.00 0.00 0.00 0.00 0.00 0.00 0.00 0.00 0.00 0.00 0.00 0.00 0.00 0.00 0.00 0.00 0.00 0.00 0.00 0.00 0.00 0.00 0.00 0.00 0.00 0.00 0.00 0.00 0.00 0.00 0.00 0.00 0.00 0.00 0.00 0.00 0.00 0.00 0.00 0.00 0.04 0.72 13.58 25.12 34.44 41.20 45.56 48.01 49.13 49.47 49.39 49.12 48.78 48.43 48.09 47.83 47.68 47.69 47.87 48.22 48.68 49.15 49.53 49.74 49.74 49.57 49.32 49.07 48.90 48.83 48.83 48.85 48.85 48.83 48.82 48.83 48.88 48.96 49.06 49.14 49.18 49.18 49.13 49.08 49.07 49.13 49.27 49.45 49.63 49.73 49.73 49.66 49.58 49.60 49.80 50.19 50.70 51.19 51.51 51.57 51.40 51.03 50.55 50.02 49.47 48.90 48.37 48.35 51.33 
58.00 50.27 48.64 47.88 47.32 46.95 46.75 46.70 46.78 46.98 47.30 47.70 48.12 48.47 48.66 48.67 48.52 48.29 48.05 47.87 47.76 47.68 47.58 47.44 47.26 47.09 46.98 47.00 47.19 47.56 48.11 48.83 49.67 50.53 51.29 51.82 52.01 51.85 51.37 50.71 49.99 49.32 48.76 48.35 48.07 47.92 47.88 47.90 47.96 48.04 48.12 48.23 48.37 48.55 48.75 48.93 49.09 49.18 49.17 48.96 48.35 47.02 44.48 40.14 33.52 24.44 13.21 0.70 0.04 0.00 0.00 0.00 0.00 0.00 0.00 0.00 0.00 0.00 0.00 0.00 0.00 0.00 0.00 0.00 0.00 0.00 0.00 0.00 0.00 0.00 0.00 0.00 0.00 0.00 0.00 0.00 0.00 0.00 0.00 0.00 0.00 0.00 0.00 0.00 0.00 0.00 0.00 0.00 0.00 0.00 0.00 0.00 0.00 0.00 0.00 0.00 0.00 0.00 0.00 0.00 0.00 0.00 0.00 0.00 0.00 0.00 0.00 0.00 0.00 0.00 0.00 0.04 0.72 13.69 25.29 34.60 41.28 45.51 47.82 48.83 49.09 48.99 48.78 48.56 48.35 48.19 48.06 48.00 48.03 48.16 48.42 48.79 49.19 49.54 49.77 49.83 49.72 49.50 49.26 49.09 49.00 48.98 48.97 48.94 48.89 48.85 48.85 48.91 49.00 49.10 49.18 49.22 49.23 49.22 49.20 49.21 49.27 49.38 49.52 49.66 49.78 49.86 49.93 50.03 50.22 50.55 51.00 51.49 51.90 52.09 52.01 51.68 51.19 50.65 50.16 49.78 49.56 49.61 50.14 51.00 
31.67 46.89 48.94 48.41 47.59 46.97 46.60 46.44 46.44 46.59 46.89 47.31 47.78 48.21 48.52 48.65 48.63 48.52 48.39 48.29 48.22 48.13 47.99 47.76 47.46 47.15 46.91 46.82 46.93 47.28 47.85 48.61 49.49 50.36 51.12 51.64 51.85 51.74 51.37 50.85 50.30 49.78 49.34 49.00 48.73 48.52 48.37 48.27 48.20 48.16 48.16 48.20 48.27 48.39 48.51 48.64 48.73 48.78 48.75 48.55 47.99 46.74 44.29 40.04 33.49 24.44 13.22 0.70 0.04 0.00 0.00 0.00 0.00 0.00 0.00 0.00 0.00 0.00 0.00 0.00 0.00 0.00 0.00 0.00 0.00 0.00 0.00 0.00 0.00 0.00 0.00 0.00 0.00 0.00 0.00 0.00 0.00 0.00 0.00 0.00 0.00 0.00 0.00 0.00 0.00 0.00 0.00 0.00 0.00 0.00 0.00 0.00 0.00 0.00 0.00 0.00 0.00 0.00 0.00 0.00 0.00 0.00 0.00 0.00 0.00 0.00 0.00 0.00 0.00 0.00 0.00 0.04 0.73 13.80 25.44 34.73 41.31 45.40 47.55 48.41 48.57 48.46 48.30 48.19 48.15 48.16 48.19 48.22 48.27 48.36 48.53 48.79 49.11 49.43 49.67 49.77 49.72 49.54 49.32 49.13 49.02 48.98 48.96 48.93 48.88 48.86 48.89 48.97 49.08 49.21 49.31 49.38 49.43 49.45 49.47 49.49 49.52 49.58 49.66 49.77 49.90 50.07 50.28 50.54 50.87 51.28 51.72 52.14 52.41 52.44 52.21 51.74 51.15 50.58 50.13 49.88 49.88 50.29 51.56 54.00 
71.67 56.91 52.23 49.77 48.22 47.26 46.71 46.44 46.37 46.48 46.75 47.17 47.67 48.15 48.53 48.76 48.85 48.85 48.83 48.81 48.79 48.73 48.56 48.27 47.88 47.45 47.09 46.89 46.92 47.22 47.79 48.55 49.42 50.28 50.99 51.46 51.67 51.60 51.34 50.98 50.58 50.21 49.88 49.58 49.32 49.08 48.87 48.68 48.53 48.41 48.33 48.29 48.27 48.28 48.31 48.34 48.37 48.39 48.36 48.20 47.71 46.54 44.16 39.97 33.46 24.44 13.22 0.70 0.04 0.00 0.00 0.00 0.00 0.00 0.00 0.00 0.00 0.00 0.00 0.00 0.00 0.00 0.00 0.00 0.00 0.00 0.00 0.00 0.00 0.00 0.00 0.00 0.00 0.00 0.00 0.00 0.00 0.00 0.00 0.00 0.00 0.00 0.00 0.00 0.00 0.00 0.00 0.00 0.00 0.00 0.00 0.00 0.00 0.00 0.00 0.00 0.00 0.00 0.00 0.00 0.00 0.00 0.00 0.00 0.00 0.00 0.00 0.00 0.00 0.00 0.00 0.04 0.73 13.86 25.53 34.79 41.28 45.23 47.23 47.95 48.02 47.87 47.75 47.76 47.88 48.05 48.22 48.34 48.42 48.47 48.55 48.71 48.94 49.21 49.46 49.60 49.60 49.46 49.25 49.04 48.89 48.82 48.79 48.77 48.75 48.76 48.82 48.94 49.10 49.26 49.41 49.55 49.67 49.76 49.82 49.85 49.84 49.83 49.85 49.92 50.08 50.33 50.67 51.07 51.50 51.93 52.31 52.59 52.68 52.54 52.15 51.57 50.92 50.35 49.96 49.79 49.80 50.09 51.75 62.00 
54.33 57.13 53.74 50.80 48.86 47.69 47.03 46.70 46.60 46.68 46.93 47.33 47.81 48.29 48.68 48.95 49.10 49.18 49.24 49.30 49.36 49.34 49.20 48.90 48.46 47.96 47.51 47.20 47.15 47.39 47.91 48.65 49.48 50.27 50.89 51.29 51.46 51.43 51.27 51.04 50.79 50.55 50.30 50.05 49.81 49.57 49.34 49.12 48.93 48.77 48.64 48.51 48.40 48.30 48.22 48.16 48.14 48.15 48.15 48.05 47.62 46.51 44.18 40.01 33.51 24.47 13.24 0.70 0.04 0.00 0.00 0.00 0.00 0.00 0.00 0.00 0.00 0.00 0.00 0.00 0.00 0.00 0.00 0.00 0.00 0.00 0.00 0.00 0.00 0.00 0.00 0.00 0.00 0.00 0.00 0.00 0.00 0.00 0.00 0.00 0.00 0.00 0.00 0.00 0.00 0.00 0.00 0.00 0.00 0.00 0.00 0.00 0.00 0.00 0.00 0.00 0.00 0.00 0.00 0.00 0.00 0.00 0.00 0.00 0.00 0.00 0.00 0.00 0.00 0.00 0.00 0.04 0.73 13.87 25.53 34.75 41.18 45.04 46.92 47.54 47.53 47.36 47.28 47.38 47.63 47.94 48.23 48.43 48.52 48.54 48.55 48.60 48.74 48.96 49.20 49.37 49.41 49.30 49.10 48.86 48.68 48.56 48.51 48.49 48.49 48.53 48.62 48.77 48.96 49.18 49.41 49.64 49.86 50.04 50.16 50.20 50.17 50.09 50.04 50.08 50.26 50.60 51.06 51.57 52.06 52.46 52.74 52.84 52.74 52.42 51.89 51.23 50.58 50.06 49.77 49.68 49.56 48.53 43.35 20.00 
89.33 63.78 55.25 51.39 49.30 48.13 47.49 47.17 47.08 47.16 47.40 47.76 48.18 48.60 48.94 49.18 49.34 49.45 49.56 49.70 49.83 49.90 49.82 49.56 49.13 48.61 48.10 47.71 47.56 47.72 48.18 48.86 49.61 50.29 50.80 51.10 51.21 51.19 51.10 50.99 50.86 50.72 50.56 50.37 50.16 49.95 49.75 49.56 49.39 49.22 49.05 48.87 48.67 48.47 48.30 48.18 48.15 48.18 48.23 48.19 47.81 46.73 44.40 40.21 33.66 24.57 13.29 0.70 0.04 0.00 0.00 0.00 0.00 0.00 0.00 0.00 0.00 0.00 0.00 0.00 0.00 0.00 0.00 0.00 0.00 0.00 0.00 0.00 0.00 0.00 0.00 0.00 0.00 0.00 0.00 0.00 0.00 0.00 0.00 0.00 0.00 0.00 0.00 0.00 0.00 0.00 0.00 0.00 0.00 0.00 0.00 0.00 0.00 0.00 0.00 0.00 0.00 0.00 0.00 0.00 0.00 0.00 0.00 0.00 0.00 0.00 0.00 0.00 0.00 0.00 0.00 0.04 0.73 13.81 25.43 34.62 41.02 44.85 46.69 47.27 47.23 47.04 46.99 47.15 47.49 47.91 48.28 48.54 48.64 48.63 48.57 48.53 48.59 48.74 48.95 49.14 49.21 49.14 48.94 48.69 48.47 48.31 48.22 48.18 48.17 48.21 48.30 48.46 48.68 48.95 49.25 49.59 49.92 50.21 50.41 50.47 50.41 50.29 50.19 50.21 50.42 50.82 51.38 51.97 52.49 52.86 53.01 52.94 52.65 52.15 51.51 50.82 50.21 49.80 49.69 49.90 50.38 51.19 53.12 61.67 
46.33 53.64 52.50 50.69 49.32 48.46 47.97 47.75 47.71 47.81 48.04 48.36 48.70 49.03 49.28 49.45 49.56 49.66 49.80 50.00 50.22 50.38 50.40 50.22 49.84 49.33 48.78 48.32 48.09 48.15 48.52 49.10 49.74 50.30 50.66 50.83 50.86 50.83 50.79 50.76 50.75 50.71 50.63 50.51 50.38 50.25 50.13 50.01 49.87 49.73 49.55 49.33 49.07 48.82 48.60 48.46 48.44 48.52 48.63 48.63 48.28 47.18 44.80 40.54 33.90 24.73 13.37 0.71 0.04 0.00 0.00 0.00 0.00 0.00 0.00 0.00 0.00 0.00 0.00 0.00 0.00 0.00 0.00 0.00 0.00 0.00 0.00 0.00 0.00 0.00 0.00 0.00 0.00 0.00 0.00 0.00 0.00 0.00 0.00 0.00 0.00 0.00 0.00 0.00 0.00 0.00 0.00 0.00 0.00 0.00 0.00 0.00 0.00 0.00 0.00 0.00 0.00 0.00 0.00 0.00 0.00 0.00 0.00 0.00 0.00 0.00 0.00 0.00 0.00 0.00 0.00 0.04 0.72 13.69 25.23 34.39 40.80 44.66 46.55 47.16 47.13 46.97 46.95 47.15 47.55 48.02 48.44 48.72 48.83 48.79 48.67 48.55 48.52 48.60 48.77 48.94 49.04 49.00 48.83 48.58 48.33 48.14 48.01 47.93 47.90 47.91 47.97 48.11 48.33 48.62 48.98 49.39 49.82 50.21 50.48 50.58 50.52 50.37 50.24 50.26 50.49 50.96 51.59 52.25 52.79 53.11 53.16 52.94 52.48 51.85 51.13 50.42 49.88 49.60 49.66 50.11 51.04 52.78 56.28 63.67 
58.67 52.12 50.76 49.92 49.21 48.71 48.42 48.31 48.35 48.50 48.73 49.01 49.29 49.52 49.67 49.75 49.79 49.86 50.00 50.25 50.55 50.82 50.95 50.87 50.56 50.06 49.49 48.97 48.65 48.61 48.87 49.34 49.85 50.26 50.47 50.51 50.44 50.37 50.35 50.39 50.45 50.51 50.53 50.52 50.50 50.49 50.48 50.45 50.38 50.27 50.10 49.88 49.60 49.33 49.10 48.99 49.01 49.14 49.29 49.31 48.94 47.78 45.31 40.94 34.20 24.92 13.47 0.71 0.04 0.00 0.00 0.00 0.00 0.00 0.00 0.00 0.00 0.00 0.00 0.00 0.00 0.00 0.00 0.00 0.00 0.00 0.00 0.00 0.00 0.00 0.00 0.00 0.00 0.00 0.00 0.00 0.00 0.00 0.00 0.00 0.00 0.00 0.00 0.00 0.00 0.00 0.00 0.00 0.00 0.00 0.00 0.00 0.00 0.00 0.00 0.00 0.00 0.00 0.00 0.00 0.00 0.00 0.00 0.00 0.00 0.00 0.00 0.00 0.00 0.00 0.00 0.04 0.71 13.52 24.95 34.06 40.51 44.46 46.45 47.16 47.21 47.10 47.12 47.36 47.78 48.27 48.71 49.00 49.11 49.05 48.88 48.69 48.57 48.57 48.67 48.83 48.93 48.92 48.78 48.55 48.30 48.08 47.92 47.81 47.74 47.70 47.72 47.82 47.99 48.27 48.63 49.08 49.56 50.01 50.34 50.47 50.43 50.28 50.16 50.20 50.47 50.99 51.68 52.39 52.96 53.26 53.24 52.91 52.33 51.59 50.80 50.10 49.60 49.40 49.52 50.00 50.91 52.55 55.50 59.67 
34.33 45.55 48.76 49.32 49.15 48.92 48.78 48.78 48.89 49.08 49.33 49.60 49.84 50.00 50.08 50.08 50.05 50.07 50.21 50.49 50.87 51.24 51.47 51.49 51.24 50.77 50.18 49.61 49.21 49.07 49.22 49.57 49.95 50.21 50.28 50.18 50.02 49.90 49.87 49.95 50.08 50.21 50.34 50.45 50.56 50.69 50.80 50.87 50.89 50.83 50.70 50.49 50.23 49.98 49.78 49.71 49.78 49.95 50.11 50.11 49.67 48.42 45.83 41.33 34.47 25.09 13.55 0.71 0.04 0.00 0.00 0.00 0.00 0.00 0.00 0.00 0.00 0.00 0.00 0.00 0.00 0.00 0.00 0.00 0.00 0.00 0.00 0.00 0.00 0.00 0.00 0.00 0.00 0.00 0.00 0.00 0.00 0.00 0.00 0.00 0.00 0.00 0.00 0.00 0.00 0.00 0.00 0.00 0.00 0.00 0.00 0.00 0.00 0.00 0.00 0.00 0.00 0.00 0.00 0.00 0.00 0.00 0.00 0.00 0.00 0.00 0.00 0.00 0.00 0.00 0.00 0.04 0.70 13.31 24.59 33.66 40.14 44.20 46.33 47.18 47.35 47.34 47.42 47.69 48.14 48.64 49.09 49.38 49.49 49.42 49.21 48.97 48.76 48.67 48.70 48.80 48.89 48.90 48.78 48.58 48.33 48.11 47.93 47.80 47.71 47.64 47.61 47.65 47.76 47.97 48.28 48.70 49.18 49.64 49.98 50.14 50.12 50.01 49.93 50.02 50.35 50.93 51.68 52.44 53.04 53.35 53.30 52.90 52.24 51.42 50.58 49.86 49.37 49.15 49.19 49.44 49.90 50.84 53.39 62.00 
32.67 47.11 49.57 49.63 49.34 49.13 49.06 49.11 49.26 49.48 49.75 50.02 50.25 50.39 50.42 50.37 50.30 50.29 50.41 50.72 51.15 51.61 51.94 52.04 51.86 51.43 50.84 50.23 49.76 49.54 49.59 49.83 50.09 50.22 50.17 49.97 49.73 49.55 49.50 49.58 49.73 49.92 50.13 50.35 50.60 50.85 51.09 51.28 51.38 51.40 51.32 51.15 50.94 50.73 50.58 50.55 50.65 50.82 50.96 50.89 50.35 48.96 46.23 41.61 34.64 25.19 13.59 0.72 0.04 0.00 0.00 0.00 0.00 0.00 0.00 0.00 0.00 0.00 0.00 0.00 0.00 0.00 0.00 0.00 0.00 0.00 0.00 0.00 0.00 0.00 0.00 0.00 0.00 0.00 0.00 0.00 0.00 0.00 0.00 0.00 0.00 0.00 0.00 0.00 0.00 0.00 0.00 0.00 0.00 0.00 0.00 0.00 0.00 0.00 0.00 0.00 0.00 0.00 0.00 0.00 0.00 0.00 0.00 0.00 0.00 0.00 0.00 0.00 0.00 0.00 0.00 0.04 0.69 13.08 24.20 33.18 39.69 43.84 46.11 47.12 47.44 47.55 47.71 48.05 48.53 49.05 49.51 49.82 49.94 49.87 49.66 49.37 49.09 48.91 48.84 48.87 48.93 48.92 48.82 48.62 48.38 48.15 47.98 47.85 47.76 47.69 47.64 47.62 47.66 47.77 47.99 48.32 48.72 49.13 49.45 49.62 49.64 49.58 49.57 49.74 50.15 50.81 51.63 52.45 53.10 53.44 53.38 52.95 52.22 51.34 50.45 49.68 49.13 48.81 48.66 48.50 48.14 47.25 45.02 38.00 
88.33 60.71 52.91 50.44 49.58 49.28 49.22 49.29 49.43 49.65 49.91 50.19 50.42 50.57 50.61 50.55 50.46 50.43 50.55 50.87 51.35 51.87 52.28 52.47 52.37 51.99 51.43 50.82 50.32 50.04 50.02 50.16 50.32 50.36 50.23 49.96 49.66 49.44 49.36 49.40 49.54 49.73 49.97 50.26 50.61 50.98 51.34 51.64 51.84 51.94 51.93 51.83 51.68 51.52 51.42 51.41 51.50 51.63 51.69 51.52 50.85 49.33 46.47 41.74 34.69 25.19 13.59 0.72 0.04 0.00 0.00 0.00 0.00 0.00 0.00 0.00 0.00 0.00 0.00 0.00 0.00 0.00 0.00 0.00 0.00 0.00 0.00 0.00 0.00 0.00 0.00 0.00 0.00 0.00 0.00 0.00 0.00 0.00 0.00 0.00 0.00 0.00 0.00 0.00 0.00 0.00 0.00 0.00 0.00 0.00 0.00 0.00 0.00 0.00 0.00 0.00 0.00 0.00 0.00 0.00 0.00 0.00 0.00 0.00 0.00 0.00 0.00 0.00 0.00 0.00 0.00 0.04 0.68 12.85 23.79 32.68 39.17 43.38 45.78 46.93 47.41 47.64 47.92 48.34 48.87 49.43 49.92 50.25 50.40 50.36 50.15 49.84 49.51 49.25 49.10 49.05 49.04 48.99 48.87 48.65 48.40 48.16 47.98 47.87 47.81 47.77 47.73 47.69 47.67 47.69 47.79 47.99 48.28 48.60 48.86 49.00 49.05 49.06 49.16 49.43 49.95 50.70 51.60 52.48 53.18 53.54 53.49 53.03 52.26 51.32 50.37 49.53 48.88 48.43 48.05 47.55 46.59 44.69 41.27 36.67 
63.67 54.54 50.98 49.71 49.32 49.24 49.26 49.32 49.43 49.58 49.80 50.06 50.30 50.48 50.56 50.53 50.45 50.42 50.53 50.86 51.36 51.93 52.43 52.71 52.71 52.42 51.93 51.37 50.88 50.58 50.50 50.57 50.66 50.65 50.48 50.18 49.87 49.62 49.48 49.46 49.53 49.67 49.89 50.20 50.60 51.06 51.52 51.93 52.25 52.44 52.52 52.50 52.41 52.30 52.21 52.19 52.23 52.28 52.23 51.94 51.14 49.49 46.51 41.70 34.61 25.11 13.53 0.71 0.04 0.00 0.00 0.00 0.00 0.00 0.00 0.00 0.00 0.00 0.00 0.00 0.00 0.00 0.00 0.00 0.00 0.00 0.00 0.00 0.00 0.00 0.00 0.00 0.00 0.00 0.00 0.00 0.00 0.00 0.00 0.00 0.00 0.00 0.00 0.00 0.00 0.00 0.00 0.00 0.00 0.00 0.00 0.00 0.00 0.00 0.00 0.00 0.00 0.00 0.00 0.00 0.00 0.00 0.00 0.00 0.00 0.00 0.00 0.00 0.00 0.00 0.00 0.04 0.67 12.64 23.41 32.19 38.63 42.88 45.36 46.64 47.26 47.63 48.03 48.53 49.12 49.72 50.23 50.60 50.78 50.77 50.59 50.29 49.94 49.63 49.41 49.30 49.22 49.12 48.94 48.68 48.39 48.12 47.93 47.83 47.81 47.82 47.83 47.81 47.77 47.73 47.72 47.80 47.95 48.14 48.31 48.42 48.49 48.57 48.77 49.17 49.81 50.65 51.62 52.56 53.28 53.65 53.59 53.11 52.31 51.32 50.30 49.38 48.64 48.06 47.55 46.90 45.74 43.43 38.58 27.67 
27.67 42.80 46.73 48.10 48.74 49.07 49.21 49.25 49.25 49.30 49.43 49.64 49.89 50.11 50.25 50.27 50.22 50.19 50.30 50.61 51.12 51.73 52.29 52.69 52.82 52.67 52.31 51.84 51.41 51.13 51.02 51.05 51.09 51.06 50.89 50.61 50.30 50.02 49.82 49.70 49.66 49.70 49.85 50.12 50.54 51.06 51.62 52.14 52.57 52.88 53.05 53.10 53.06 52.98 52.89 52.82 52.78 52.71 52.55 52.12 51.21 49.45 46.40 41.53 34.43 24.96 13.45 0.71 0.04 0.00 0.00 0.00 0.00 0.00 0.00 0.00 0.00 0.00 0.00 0.00 0.00 0.00 0.00 0.00 0.00 0.00 0.00 0.00 0.00 0.00 0.00 0.00 0.00 0.00 0.00 0.00 0.00 0.00 0.00 0.00 0.00 0.00 0.00 0.00 0.00 0.00 0.00 0.00 0.00 0.00 0.00 0.00 0.00 0.00 0.00 0.00 0.00 0.00 0.00 0.00 0.00 0.00 0.00 0.00 0.00 0.00 0.00 0.00 0.00 0.00 0.00 0.03 0.66 12.48 23.12 31.79 38.18 42.43 44.96 46.35 47.09 47.59 48.08 48.66 49.30 49.91 50.43 50.81 51.01 51.03 50.89 50.62 50.30 49.99 49.75 49.59 49.47 49.31 49.07 48.74 48.38 48.06 47.83 47.74 47.75 47.82 47.91 47.95 47.94 47.88 47.81 47.78 47.81 47.87 47.94 48.00 48.07 48.22 48.52 49.03 49.77 50.69 51.70 52.65 53.36 53.71 53.62 53.12 52.30 51.29 50.23 49.26 48.44 47.80 47.28 46.77 46.04 44.68 41.92 36.00 
43.67 42.19 44.91 47.02 48.27 48.90 49.11 49.08 48.95 48.85 48.87 49.02 49.27 49.54 49.75 49.83 49.80 49.77 49.84 50.12 50.60 51.23 51.86 52.37 52.66 52.69 52.50 52.19 51.86 51.62 51.51 51.51 51.54 51.51 51.38 51.14 50.85 50.54 50.26 50.03 49.85 49.76 49.80 50.01 50.41 50.96 51.60 52.24 52.79 53.21 53.47 53.59 53.59 53.52 53.40 53.27 53.12 52.94 52.65 52.12 51.11 49.29 46.19 41.32 34.23 24.81 13.36 0.70 0.04 0.00 0.00 0.00 0.00 0.00 0.00 0.00 0.00 0.00 0.00 0.00 0.00 0.00 0.00 0.00 0.00 0.00 0.00 0.00 0.00 0.00 0.00 0.00 0.00 0.00 0.00 0.00 0.00 0.00 0.00 0.00 0.00 0.00 0.00 0.00 0.00 0.00 0.00 0.00 0.00 0.00 0.00 0.00 0.00 0.00 0.00 0.00 0.00 0.00 0.00 0.00 0.00 0.00 0.00 0.00 0.00 0.00 0.00 0.00 0.00 0.00 0.00 0.03 0.65 12.40 22.96 31.55 37.89 42.12 44.70 46.16 47.00 47.60 48.17 48.79 49.44 50.04 50.53 50.87 51.06 51.10 51.00 50.79 50.53 50.27 50.06 49.90 49.75 49.54 49.24 48.85 48.42 48.02 47.75 47.63 47.66 47.79 47.95 48.08 48.13 48.11 48.03 47.95 47.88 47.84 47.81 47.81 47.88 48.08 48.45 49.03 49.83 50.78 51.78 52.68 53.33 53.63 53.51 53.01 52.20 51.20 50.16 49.17 48.35 47.72 47.32 47.13 47.17 47.49 48.51 52.33 
21.33 37.20 43.37 46.41 48.02 48.78 48.97 48.83 48.56 48.31 48.23 48.33 48.60 48.93 49.20 49.32 49.30 49.23 49.23 49.43 49.86 50.47 51.16 51.79 52.25 52.49 52.52 52.39 52.19 52.02 51.93 51.91 51.93 51.92 51.83 51.64 51.37 51.03 50.67 50.31 49.99 49.77 49.69 49.82 50.18 50.75 51.45 52.19 52.85 53.37 53.71 53.89 53.93 53.87 53.73 53.53 53.29 53.00 52.61 52.00 50.95 49.10 46.00 41.14 34.08 24.70 13.30 0.70 0.04 0.00 0.00 0.00 0.00 0.00 0.00 0.00 0.00 0.00 0.00 0.00 0.00 0.00 0.00 0.00 0.00 0.00 0.00 0.00 0.00 0.00 0.00 0.00 0.00 0.00 0.00 0.00 0.00 0.00 0.00 0.00 0.00 0.00 0.00 0.00 0.00 0.00 0.00 0.00 0.00 0.00 0.00 0.00 0.00 0.00 0.00 0.00 0.00 0.00 0.00 0.00 0.00 0.00 0.00 0.00 0.00 0.00 0.00 0.00 0.00 0.00 0.00 0.03 0.65 12.39 22.94 31.51 37.81 42.03 44.63 46.14 47.06 47.72 48.34 48.96 49.58 50.12 50.54 50.83 50.98 51.00 50.94 50.79 50.62 50.45 50.30 50.17 50.02 49.79 49.44 48.99 48.49 48.03 47.70 47.55 47.58 47.74 47.97 48.18 48.32 48.36 48.32 48.23 48.12 48.00 47.90 47.86 47.91 48.12 48.53 49.14 49.94 50.85 51.76 52.56 53.10 53.33 53.19 52.72 51.98 51.07 50.10 49.18 48.40 47.86 47.61 47.75 48.43 49.92 52.47 55.00 
37.67 41.62 44.46 46.62 48.02 48.69 48.80 48.54 48.14 47.80 47.65 47.75 48.05 48.43 48.75 48.88 48.82 48.66 48.56 48.65 48.99 49.58 50.31 51.05 51.69 52.14 52.39 52.44 52.38 52.28 52.21 52.19 52.20 52.21 52.16 52.01 51.75 51.39 50.95 50.48 50.03 49.67 49.48 49.52 49.82 50.38 51.13 51.93 52.68 53.29 53.72 53.96 54.04 54.00 53.86 53.62 53.31 52.95 52.50 51.85 50.80 48.97 45.90 41.06 34.03 24.67 13.29 0.70 0.04 0.00 0.00 0.00 0.00 0.00 0.00 0.00 0.00 0.00 0.00 0.00 0.00 0.00 0.00 0.00 0.00 0.00 0.00 0.00 0.00 0.00 0.00 0.00 0.00 0.00 0.00 0.00 0.00 0.00 0.00 0.00 0.00 0.00 0.00 0.00 0.00 0.00 0.00 0.00 0.00 0.00 0.00 0.00 0.00 0.00 0.00 0.00 0.00 0.00 0.00 0.00 0.00 0.00 0.00 0.00 0.00 0.00 0.00 0.00 0.00 0.00 0.00 0.03 0.66 12.48 23.08 31.66 37.97 42.18 44.79 46.33 47.28 47.97 48.59 49.18 49.73 50.19 50.52 50.72 50.80 50.80 50.75 50.68 50.59 50.51 50.44 50.36 50.22 49.98 49.60 49.10 48.55 48.05 47.69 47.51 47.53 47.70 47.96 48.23 48.45 48.57 48.60 48.53 48.41 48.27 48.13 48.06 48.09 48.30 48.69 49.27 50.01 50.81 51.58 52.21 52.62 52.77 52.65 52.26 51.66 50.90 50.08 49.29 48.63 48.19 48.07 48.38 49.39 51.70 56.65 67.00 
61.67 46.79 45.59 46.81 47.96 48.53 48.56 48.24 47.78 47.41 47.26 47.39 47.74 48.16 48.48 48.57 48.44 48.17 47.94 47.92 48.18 48.72 49.48 50.31 51.10 51.74 52.17 52.39 52.45 52.41 52.35 52.32 52.32 52.33 52.30 52.18 51.94 51.56 51.07 50.51 49.95 49.47 49.16 49.09 49.32 49.84 50.58 51.43 52.25 52.93 53.43 53.74 53.89 53.89 53.77 53.53 53.20 52.81 52.34 51.72 50.70 48.93 45.92 41.11 34.10 24.72 13.32 0.70 0.04 0.00 0.00 0.00 0.00 0.00 0.00 0.00 0.00 0.00 0.00 0.00 0.00 0.00 0.00 0.00 0.00 0.00 0.00 0.00 0.00 0.00 0.00 0.00 0.00 0.00 0.00 0.00 0.00 0.00 0.00 0.00 0.00 0.00 0.00 0.00 0.00 0.00 0.00 0.00 0.00 0.00 0.00 0.00 0.00 0.00 0.00 0.00 0.00 0.00 0.00 0.00 0.00 0.00 0.00 0.00 0.00 0.00 0.00 0.00 0.00 0.00 0.00 0.04 0.67 12.63 23.34 32.00 38.34 42.56 45.16 46.70 47.65 48.32 48.90 49.43 49.89 50.25 50.48 50.59 50.60 50.57 50.52 50.49 50.47 50.47 50.47 50.42 50.29 50.03 49.62 49.11 48.55 48.04 47.67 47.49 47.51 47.68 47.94 48.24 48.50 48.68 48.77 48.76 48.67 48.54 48.40 48.31 48.33 48.50 48.85 49.36 49.98 50.62 51.20 51.64 51.91 51.99 51.91 51.66 51.25 50.71 50.10 49.51 49.01 48.69 48.61 48.85 49.54 51.18 55.63 70.67 
18.67 37.85 43.56 46.21 47.64 48.25 48.27 47.95 47.53 47.21 47.12 47.31 47.69 48.11 48.39 48.41 48.18 47.81 47.48 47.36 47.56 48.07 48.83 49.72 50.61 51.38 51.94 52.28 52.41 52.40 52.35 52.30 52.29 52.30 52.28 52.17 51.93 51.55 51.03 50.41 49.76 49.17 48.74 48.56 48.68 49.12 49.82 50.66 51.52 52.26 52.83 53.21 53.44 53.51 53.45 53.25 52.95 52.58 52.16 51.60 50.66 48.98 46.02 41.25 34.23 24.83 13.38 0.71 0.04 0.00 0.00 0.00 0.00 0.00 0.00 0.00 0.00 0.00 0.00 0.00 0.00 0.00 0.00 0.00 0.00 0.00 0.00 0.00 0.00 0.00 0.00 0.00 0.00 0.00 0.00 0.00 0.00 0.00 0.00 0.00 0.00 0.00 0.00 0.00 0.00 0.00 0.00 0.00 0.00 0.00 0.00 0.00 0.00 0.00 0.00 0.00 0.00 0.00 0.00 0.00 0.00 0.00 0.00 0.00 0.00 0.00 0.00 0.00 0.00 0.00 0.00 0.04 0.68 12.83 23.71 32.48 38.88 43.13 45.72 47.23 48.13 48.75 49.25 49.69 50.06 50.32 50.45 50.48 50.42 50.35 50.30 50.28 50.30 50.33 50.35 50.31 50.17 49.90 49.49 48.98 48.44 47.98 47.66 47.52 47.54 47.70 47.94 48.21 48.47 48.68 48.81 48.85 48.81 48.72 48.60 48.52 48.53 48.67 48.96 49.37 49.85 50.31 50.68 50.93 51.06 51.11 51.09 51.00 50.82 50.54 50.18 49.82 49.52 49.32 49.25 49.25 49.09 48.11 44.16 30.00 
46.33 41.98 43.87 45.97 47.32 47.91 47.97 47.72 47.40 47.19 47.19 47.43 47.81 48.19 48.39 48.33 48.02 47.59 47.22 47.08 47.24 47.74 48.49 49.39 50.32 51.13 51.75 52.13 52.28 52.29 52.23 52.18 52.15 52.15 52.12 52.01 51.78 51.41 50.88 50.23 49.51 48.82 48.26 47.94 47.93 48.26 48.87 49.67 50.52 51.30 51.93 52.39 52.71 52.88 52.91 52.80 52.57 52.27 51.93 51.46 50.62 49.03 46.14 41.41 34.38 24.95 13.44 0.71 0.04 0.00 0.00 0.00 0.00 0.00 0.00 0.00 0.00 0.00 0.00 0.00 0.00 0.00 0.00 0.00 0.00 0.00 0.00 0.00 0.00 0.00 0.00 0.00 0.00 0.00 0.00 0.00 0.00 0.00 0.00 0.00 0.00 0.00 0.00 0.00 0.00 0.00 0.00 0.00 0.00 0.00 0.00 0.00 0.00 0.00 0.00 0.00 0.00 0.00 0.00 0.00 0.00 0.00 0.00 0.00 0.00 0.00 0.00 0.00 0.00 0.00 0.00 0.04 0.69 13.06 24.12 33.04 39.53 43.82 46.41 47.87 48.70 49.22 49.61 49.95 50.21 50.39 50.45 50.41 50.31 50.20 50.13 50.09 50.10 50.12 50.12 50.05 49.89 49.60 49.20 48.74 48.28 47.92 47.70 47.62 47.67 47.80 47.99 48.20 48.41 48.59 48.73 48.81 48.83 48.79 48.72 48.67 48.68 48.79 49.01 49.33 49.68 49.97 50.15 50.23 50.25 50.28 50.34 50.42 50.46 50.42 50.32 50.20 50.10 50.05 50.05 49.99 49.63 48.13 42.94 26.00 
34.33 39.47 43.32 45.74 47.06 47.61 47.70 47.56 47.37 47.29 47.38 47.64 47.99 48.28 48.39 48.24 47.90 47.49 47.16 47.07 47.26 47.75 48.47 49.34 50.23 51.02 51.61 51.96 52.10 52.10 52.03 51.98 51.95 51.93 51.88 51.76 51.54 51.18 50.67 50.01 49.25 48.47 47.79 47.32 47.16 47.34 47.84 48.56 49.37 50.14 50.82 51.36 51.78 52.06 52.21 52.21 52.08 51.88 51.64 51.26 50.53 49.02 46.20 41.50 34.48 25.02 13.48 0.71 0.04 0.00 0.00 0.00 0.00 0.00 0.00 0.00 0.00 0.00 0.00 0.00 0.00 0.00 0.00 0.00 0.00 0.00 0.00 0.00 0.00 0.00 0.00 0.00 0.00 0.00 0.00 0.00 0.00 0.00 0.00 0.00 0.00 0.00 0.00 0.00 0.00 0.00 0.00 0.00 0.00 0.00 0.00 0.00 0.00 0.00 0.00 0.00 0.00 0.00 0.00 0.00 0.00 0.00 0.00 0.00 0.00 0.00 0.00 0.00 0.00 0.00 0.00 0.04 0.70 13.27 24.52 33.59 40.19 44.53 47.13 48.55 49.29 49.70 49.97 50.19 50.37 50.47 50.47 50.40 50.27 50.14 50.04 49.97 49.92 49.88 49.82 49.70 49.51 49.22 48.86 48.49 48.17 47.95 47.86 47.86 47.93 48.03 48.13 48.23 48.34 48.46 48.58 48.68 48.75 48.78 48.78 48.76 48.78 48.87 49.05 49.29 49.53 49.68 49.73 49.69 49.65 49.67 49.80 50.00 50.21 50.39 50.51 50.61 50.70 50.80 50.91 51.05 51.28 51.83 53.46 58.67 
20.33 37.94 43.69 46.02 47.05 47.45 47.52 47.46 47.40 47.43 47.58 47.83 48.10 48.29 48.30 48.11 47.80 47.47 47.27 47.28 47.54 48.03 48.71 49.49 50.29 50.98 51.49 51.77 51.86 51.83 51.78 51.74 51.72 51.70 51.64 51.51 51.29 50.96 50.47 49.82 49.03 48.17 47.38 46.78 46.47 46.51 46.87 47.47 48.20 48.96 49.65 50.26 50.77 51.18 51.45 51.57 51.55 51.45 51.29 51.00 50.35 48.91 46.15 41.48 34.48 25.02 13.49 0.71 0.04 0.00 0.00 0.00 0.00 0.00 0.00 0.00 0.00 0.00 0.00 0.00 0.00 0.00 0.00 0.00 0.00 0.00 0.00 0.00 0.00 0.00 0.00 0.00 0.00 0.00 0.00 0.00 0.00 0.00 0.00 0.00 0.00 0.00 0.00 0.00 0.00 0.00 0.00 0.00 0.00 0.00 0.00 0.00 0.00 0.00 0.00 0.00 0.00 0.00 0.00 0.00 0.00 0.00 0.00 0.00 0.00 0.00 0.00 0.00 0.00 0.00 0.00 0.04 0.71 13.45 24.85 34.06 40.76 45.18 47.79 49.18 49.84 50.14 50.29 50.40 50.49 50.54 50.52 50.43 50.31 50.17 50.04 49.92 49.80 49.67 49.52 49.34 49.12 48.86 48.58 48.34 48.19 48.15 48.19 48.27 48.34 48.36 48.34 48.31 48.30 48.33 48.41 48.53 48.65 48.75 48.82 48.85 48.88 48.96 49.11 49.29 49.46 49.53 49.50 49.41 49.33 49.35 49.51 49.79 50.11 50.43 50.72 50.98 51.21 51.41 51.59 51.84 52.45 54.33 60.34 80.00 
55.00 48.06 47.16 47.26 47.41 47.46 47.45 47.44 47.47 47.57 47.73 47.93 48.11 48.18 48.12 47.94 47.70 47.52 47.48 47.62 47.95 48.45 49.07 49.75 50.41 50.96 51.33 51.51 51.54 51.50 51.46 51.46 51.48 51.48 51.42 51.29 51.09 50.78 50.32 49.68 48.88 47.97 47.10 46.40 45.98 45.89 46.11 46.59 47.22 47.92 48.61 49.26 49.87 50.38 50.75 50.97 51.03 51.00 50.90 50.67 50.07 48.69 45.97 41.35 34.38 24.96 13.46 0.71 0.04 0.00 0.00 0.00 0.00 0.00 0.00 0.00 0.00 0.00 0.00 0.00 0.00 0.00 0.00 0.00 0.00 0.00 0.00 0.00 0.00 0.00 0.00 0.00 0.00 0.00 0.00 0.00 0.00 0.00 0.00 0.00 0.00 0.00 0.00 0.00 0.00 0.00 0.00 0.00 0.00 0.00 0.00 0.00 0.00 0.00 0.00 0.00 0.00 0.00 0.00 0.00 0.00 0.00 0.00 0.00 0.00 0.00 0.00 0.00 0.00 0.00 0.00 0.04 0.72 13.58 25.10 34.40 41.20 45.66 48.30 49.67 50.26 50.46 50.51 50.53 50.55 50.57 50.55 50.47 50.36 50.23 50.09 49.92 49.73 49.51 49.28 49.04 48.81 48.60 48.44 48.37 48.41 48.53 48.70 48.81 48.83 48.73 48.57 48.39 48.26 48.21 48.27 48.40 48.58 48.75 48.87 48.94 48.99 49.06 49.18 49.33 49.45 49.50 49.45 49.35 49.27 49.30 49.46 49.75 50.12 50.51 50.89 51.25 51.55 51.77 51.90 51.98 52.13 52.54 53.47 55.00 
56.67 52.03 49.48 48.32 47.79 47.55 47.46 47.47 47.55 47.68 47.82 47.95 48.02 48.02 47.92 47.77 47.64 47.61 47.72 47.98 48.38 48.86 49.41 49.96 50.47 50.85 51.07 51.14 51.10 51.06 51.06 51.13 51.22 51.26 51.23 51.13 50.94 50.66 50.23 49.61 48.81 47.89 46.99 46.24 45.76 45.58 45.70 46.06 46.59 47.20 47.87 48.55 49.21 49.78 50.22 50.48 50.58 50.57 50.50 50.28 49.71 48.36 45.69 41.12 34.21 24.85 13.40 0.71 0.04 0.00 0.00 0.00 0.00 0.00 0.00 0.00 0.00 0.00 0.00 0.00 0.00 0.00 0.00 0.00 0.00 0.00 0.00 0.00 0.00 0.00 0.00 0.00 0.00 0.00 0.00 0.00 0.00 0.00 0.00 0.00 0.00 0.00 0.00 0.00 0.00 0.00 0.00 0.00 0.00 0.00 0.00 0.00 0.00 0.00 0.00 0.00 0.00 0.00 0.00 0.00 0.00 0.00 0.00 0.00 0.00 0.00 0.00 0.00 0.00 0.00 0.00 0.04 0.72 13.65 25.24 34.61 41.46 45.96 48.62 49.97 50.52 50.65 50.62 50.57 50.55 50.54 50.52 50.47 50.38 50.27 50.12 49.94 49.70 49.41 49.12 48.84 48.62 48.48 48.45 48.55 48.77 49.04 49.27 49.37 49.29 49.05 48.72 48.41 48.18 48.08 48.13 48.30 48.54 48.77 48.93 49.02 49.06 49.11 49.21 49.34 49.45 49.51 49.48 49.42 49.37 49.40 49.55 49.81 50.16 50.56 50.97 51.36 51.68 51.86 51.88 51.71 51.27 50.06 45.95 29.33 
63.00 53.93 50.43 48.79 47.98 47.61 47.50 47.53 47.63 47.75 47.85 47.91 47.91 47.85 47.76 47.67 47.64 47.73 47.95 48.29 48.72 49.18 49.64 50.06 50.40 50.61 50.67 50.62 50.53 50.50 50.56 50.72 50.89 51.02 51.06 51.00 50.84 50.59 50.18 49.58 48.80 47.91 47.03 46.31 45.83 45.64 45.70 45.97 46.40 46.94 47.56 48.22 48.88 49.46 49.88 50.12 50.19 50.17 50.07 49.85 49.28 47.95 45.31 40.80 33.96 24.68 13.31 0.70 0.04 0.00 0.00 0.00 0.00 0.00 0.00 0.00 0.00 0.00 0.00 0.00 0.00 0.00 0.00 0.00 0.00 0.00 0.00 0.00 0.00 0.00 0.00 0.00 0.00 0.00 0.00 0.00 0.00 0.00 0.00 0.00 0.00 0.00 0.00 0.00 0.00 0.00 0.00 0.00 0.00 0.00 0.00 0.00 0.00 0.00 0.00 0.00 0.00 0.00 0.00 0.00 0.00 0.00 0.00 0.00 0.00 0.00 0.00 0.00 0.00 0.00 0.00 0.04 0.72 13.68 25.29 34.69 41.55 46.08 48.74 50.10 50.63 50.73 50.65 50.55 50.49 50.47 50.44 50.38 50.31 50.21 50.08 49.89 49.64 49.34 49.02 48.73 48.53 48.46 48.55 48.79 49.15 49.51 49.76 49.79 49.59 49.19 48.72 48.29 48.00 47.89 47.98 48.20 48.49 48.76 48.94 49.02 49.04 49.07 49.14 49.26 49.38 49.46 49.49 49.49 49.49 49.54 49.67 49.89 50.20 50.56 50.95 51.32 51.59 51.71 51.65 51.38 50.93 50.38 50.88 60.67 
46.67 50.34 49.68 48.62 47.92 47.59 47.52 47.58 47.69 47.79 47.84 47.85 47.81 47.75 47.68 47.66 47.72 47.88 48.16 48.53 48.94 49.35 49.72 50.02 50.20 50.24 50.15 49.99 49.85 49.82 49.95 50.20 50.48 50.71 50.83 50.84 50.73 50.51 50.13 49.57 48.85 48.02 47.23 46.59 46.18 46.02 46.09 46.32 46.68 47.14 47.69 48.30 48.90 49.40 49.73 49.88 49.87 49.78 49.64 49.39 48.79 47.46 44.85 40.39 33.64 24.47 13.21 0.70 0.04 0.00 0.00 0.00 0.00 0.00 0.00 0.00 0.00 0.00 0.00 0.00 0.00 0.00 0.00 0.00 0.00 0.00 0.00 0.00 0.00 0.00 0.00 0.00 0.00 0.00 0.00 0.00 0.00 0.00 0.00 0.00 0.00 0.00 0.00 0.00 0.00 0.00 0.00 0.00 0.00 0.00 0.00 0.00 0.00 0.00 0.00 0.00 0.00 0.00 0.00 0.00 0.00 0.00 0.00 0.00 0.00 0.00 0.00 0.00 0.00 0.00 0.00 0.04 0.72 13.66 25.26 34.64 41.50 46.03 48.71 50.08 50.62 50.72 50.63 50.52 50.43 50.37 50.30 50.22 50.13 50.03 49.92 49.76 49.54 49.26 48.96 48.68 48.50 48.48 48.65 48.99 49.42 49.82 50.04 49.98 49.65 49.11 48.52 48.03 47.72 47.64 47.78 48.07 48.40 48.69 48.86 48.91 48.89 48.88 48.93 49.05 49.18 49.31 49.40 49.47 49.54 49.63 49.77 49.96 50.22 50.53 50.86 51.15 51.34 51.39 51.28 51.01 50.56 49.63 46.51 32.33 
51.67 51.20 49.55 48.38 47.75 47.51 47.50 47.60 47.71 47.78 47.80 47.78 47.74 47.69 47.67 47.71 47.82 48.03 48.32 48.68 49.07 49.42 49.71 49.88 49.92 49.80 49.57 49.31 49.11 49.08 49.25 49.57 49.94 50.27 50.48 50.58 50.54 50.37 50.05 49.56 48.92 48.22 47.55 47.03 46.73 46.65 46.76 47.00 47.32 47.73 48.20 48.70 49.18 49.54 49.72 49.72 49.59 49.40 49.19 48.88 48.25 46.90 44.30 39.90 33.25 24.20 13.07 0.69 0.04 0.00 0.00 0.00 0.00 0.00 0.00 0.00 0.00 0.00 0.00 0.00 0.00 0.00 0.00 0.00 0.00 0.00 0.00 0.00 0.00 0.00 0.00 0.00 0.00 0.00 0.00 0.00 0.00 0.00 0.00 0.00 0.00 0.00 0.00 0.00 0.00 0.00 0.00 0.00 0.00 0.00 0.00 0.00 0.00 0.00 0.00 0.00 0.00 0.00 0.00 0.00 0.00 0.00 0.00 0.00 0.00 0.00 0.00 0.00 0.00 0.00 0.00 0.04 0.72 13.59 25.14 34.48 41.32 45.84 48.54 49.94 50.53 50.68 50.62 50.52 50.41 50.30 50.17 50.01 49.87 49.75 49.66 49.56 49.41 49.19 48.93 48.67 48.51 48.50 48.69 49.05 49.49 49.87 50.04 49.90 49.46 48.84 48.20 47.68 47.40 47.38 47.58 47.92 48.29 48.56 48.69 48.68 48.62 48.58 48.62 48.73 48.89 49.05 49.20 49.35 49.49 49.65 49.82 50.01 50.24 50.49 50.73 50.92 51.02 51.00 50.87 50.73 50.71 51.15 53.28 63.00 
70.67 53.42 49.22 47.93 47.48 47.37 47.44 47.57 47.68 47.73 47.72 47.69 47.66 47.65 47.68 47.77 47.92 48.14 48.44 48.79 49.15 49.47 49.69 49.76 49.67 49.42 49.06 48.69 48.42 48.36 48.53 48.87 49.29 49.69 49.99 50.17 50.23 50.15 49.92 49.54 49.04 48.48 47.96 47.58 47.39 47.41 47.58 47.85 48.17 48.53 48.91 49.29 49.61 49.79 49.79 49.62 49.35 49.05 48.75 48.37 47.67 46.27 43.68 39.33 32.79 23.88 12.90 0.68 0.04 0.00 0.00 0.00 0.00 0.00 0.00 0.00 0.00 0.00 0.00 0.00 0.00 0.00 0.00 0.00 0.00 0.00 0.00 0.00 0.00 0.00 0.00 0.00 0.00 0.00 0.00 0.00 0.00 0.00 0.00 0.00 0.00 0.00 0.00 0.00 0.00 0.00 0.00 0.00 0.00 0.00 0.00 0.00 0.00 0.00 0.00 0.00 0.00 0.00 0.00 0.00 0.00 0.00 0.00 0.00 0.00 0.00 0.00 0.00 0.00 0.00 0.00 0.04 0.71 13.48 24.92 34.20 40.99 45.51 48.23 49.69 50.36 50.59 50.61 50.55 50.44 50.28 50.06 49.81 49.59 49.44 49.38 49.35 49.30 49.17 48.96 48.73 48.56 48.52 48.66 48.98 49.37 49.69 49.80 49.61 49.13 48.50 47.86 47.39 47.16 47.21 47.48 47.86 48.22 48.45 48.52 48.45 48.34 48.27 48.29 48.40 48.57 48.76 48.96 49.17 49.39 49.61 49.83 50.04 50.25 50.44 50.59 50.68 50.69 50.61 50.50 50.45 50.61 51.21 52.62 56.00 
26.33 42.78 46.30 47.01 47.15 47.24 47.37 47.52 47.61 47.64 47.62 47.59 47.57 47.60 47.67 47.79 47.97 48.22 48.53 48.90 49.27 49.58 49.76 49.77 49.58 49.22 48.75 48.27 47.91 47.77 47.88 48.19 48.60 49.02 49.38 49.64 49.80 49.84 49.74 49.52 49.18 48.79 48.42 48.16 48.07 48.16 48.38 48.69 49.01 49.34 49.64 49.90 50.06 50.06 49.89 49.57 49.17 48.76 48.37 47.89 47.10 45.63 43.01 38.72 32.28 23.52 12.71 0.67 0.04 0.00 0.00 0.00 0.00 0.00 0.00 0.00 0.00 0.00 0.00 0.00 0.00 0.00 0.00 0.00 0.00 0.00 0.00 0.00 0.00 0.00 0.00 0.00 0.00 0.00 0.00 0.00 0.00 0.00 0.00 0.00 0.00 0.00 0.00 0.00 0.00 0.00 0.00 0.00 0.00 0.00 0.00 0.00 0.00 0.00 0.00 0.00 0.00 0.00 0.00 0.00 0.00 0.00 0.00 0.00 0.00 0.00 0.00 0.00 0.00 0.00 0.00 0.04 0.70 13.31 24.62 33.79 40.52 45.02 47.76 49.29 50.06 50.41 50.55 50.57 50.49 50.29 49.99 49.65 49.35 49.18 49.15 49.21 49.28 49.26 49.12 48.90 48.69 48.57 48.62 48.84 49.13 49.37 49.43 49.24 48.80 48.23 47.68 47.29 47.16 47.29 47.61 48.00 48.32 48.49 48.48 48.34 48.18 48.08 48.09 48.20 48.36 48.55 48.77 49.02 49.29 49.57 49.82 50.04 50.22 50.35 50.43 50.45 50.40 50.30 50.21 50.22 50.46 50.81 50.22 43.67 
46.00 45.28 46.55 47.05 47.16 47.23 47.35 47.47 47.55 47.57 47.54 47.51 47.51 47.56 47.66 47.82 48.03 48.32 48.68 49.10 49.52 49.85 50.03 50.01 49.76 49.32 48.76 48.17 47.69 47.43 47.41 47.61 47.95 48.34 48.72 49.05 49.32 49.50 49.57 49.52 49.36 49.12 48.87 48.70 48.66 48.78 49.03 49.36 49.69 49.99 50.22 50.38 50.41 50.27 49.98 49.55 49.06 48.57 48.07 47.48 46.58 45.03 42.38 38.12 31.79 23.17 12.53 0.66 0.03 0.00 0.00 0.00 0.00 0.00 0.00 0.00 0.00 0.00 0.00 0.00 0.00 0.00 0.00 0.00 0.00 0.00 0.00 0.00 0.00 0.00 0.00 0.00 0.00 0.00 0.00 0.00 0.00 0.00 0.00 0.00 0.00 0.00 0.00 0.00 0.00 0.00 0.00 0.00 0.00 0.00 0.00 0.00 0.00 0.00 0.00 0.00 0.00 0.00 0.00 0.00 0.00 0.00 0.00 0.00 0.00 0.00 0.00 0.00 0.00 0.00 0.00 0.04 0.69 13.11 24.25 33.29 39.93 44.39 47.13 48.71 49.58 50.07 50.35 50.48 50.46 50.26 49.92 49.51 49.17 49.00 49.03 49.20 49.39 49.49 49.43 49.22 48.95 48.73 48.64 48.71 48.88 49.04 49.08 48.93 48.59 48.16 47.76 47.51 47.49 47.70 48.05 48.43 48.70 48.79 48.70 48.49 48.28 48.15 48.13 48.21 48.35 48.52 48.73 48.98 49.27 49.55 49.80 49.99 50.11 50.18 50.20 50.19 50.13 50.06 50.02 50.15 50.63 51.75 54.01 58.67 
34.00 46.01 47.96 47.88 47.56 47.40 47.40 47.48 47.55 47.57 47.55 47.53 47.54 47.61 47.75 47.94 48.20 48.54 48.97 49.46 49.95 50.34 50.55 50.53 50.26 49.77 49.12 48.43 47.82 47.39 47.20 47.23 47.43 47.75 48.12 48.51 48.88 49.19 49.42 49.53 49.53 49.42 49.26 49.12 49.09 49.20 49.44 49.76 50.09 50.37 50.56 50.64 50.59 50.38 50.02 49.54 49.01 48.46 47.88 47.18 46.17 44.54 41.87 37.65 31.40 22.91 12.40 0.65 0.03 0.00 0.00 0.00 0.00 0.00 0.00 0.00 0.00 0.00 0.00 0.00 0.00 0.00 0.00 0.00 0.00 0.00 0.00 0.00 0.00 0.00 0.00 0.00 0.00 0.00 0.00 0.00 0.00 0.00 0.00 0.00 0.00 0.00 0.00 0.00 0.00 0.00 0.00 0.00 0.00 0.00 0.00 0.00 0.00 0.00 0.00 0.00 0.00 0.00 0.00 0.00 0.00 0.00 0.00 0.00 0.00 0.00 0.00 0.00 0.00 0.00 0.00 0.04 0.68 12.91 23.87 32.75 39.27 43.65 46.36 47.97 48.92 49.53 49.94 50.19 50.26 50.10 49.76 49.35 49.01 48.88 49.00 49.30 49.63 49.86 49.87 49.68 49.35 49.01 48.78 48.70 48.74 48.83 48.87 48.80 48.61 48.35 48.13 48.05 48.16 48.44 48.82 49.18 49.39 49.39 49.21 48.93 48.67 48.50 48.44 48.47 48.56 48.69 48.86 49.08 49.33 49.57 49.75 49.85 49.88 49.87 49.85 49.84 49.83 49.83 49.86 50.02 50.54 51.93 55.61 66.00 
72.33 57.08 51.82 49.41 48.20 47.66 47.52 47.57 47.65 47.72 47.73 47.74 47.77 47.86 48.02 48.25 48.56 48.96 49.46 50.01 50.56 51.01 51.27 51.28 51.01 50.49 49.78 48.99 48.23 47.62 47.22 47.05 47.10 47.32 47.66 48.09 48.55 48.97 49.32 49.55 49.65 49.61 49.49 49.36 49.30 49.38 49.58 49.88 50.19 50.46 50.63 50.68 50.60 50.36 49.99 49.52 48.97 48.39 47.75 46.97 45.89 44.22 41.56 37.39 31.23 22.82 12.36 0.65 0.03 0.00 0.00 0.00 0.00 0.00 0.00 0.00 0.00 0.00 0.00 0.00 0.00 0.00 0.00 0.00 0.00 0.00 0.00 0.00 0.00 0.00 0.00 0.00 0.00 0.00 0.00 0.00 0.00 0.00 0.00 0.00 0.00 0.00 0.00 0.00 0.00 0.00 0.00 0.00 0.00 0.00 0.00 0.00 0.00 0.00 0.00 0.00 0.00 0.00 0.00 0.00 0.00 0.00 0.00 0.00 0.00 0.00 0.00 0.00 0.00 0.00 0.00 0.04 0.67 12.75 23.55 32.27 38.64 42.90 45.54 47.12 48.11 48.80 49.32 49.69 49.84 49.76 49.47 49.10 48.81 48.77 49.00 49.45 49.94 50.30 50.40 50.23 49.86 49.43 49.06 48.84 48.77 48.80 48.86 48.88 48.84 48.77 48.74 48.82 49.04 49.40 49.80 50.13 50.29 50.21 49.95 49.60 49.28 49.05 48.93 48.89 48.92 48.99 49.11 49.27 49.45 49.59 49.65 49.60 49.49 49.38 49.32 49.34 49.43 49.53 49.62 49.68 49.78 50.04 50.65 52.67 
65.33 58.42 53.32 50.28 48.63 47.88 47.67 47.73 47.89 48.03 48.12 48.16 48.21 48.32 48.51 48.78 49.13 49.58 50.11 50.70 51.28 51.77 52.07 52.11 51.86 51.34 50.59 49.71 48.81 48.02 47.42 47.05 46.94 47.06 47.38 47.83 48.35 48.84 49.25 49.53 49.66 49.65 49.53 49.38 49.29 49.32 49.49 49.75 50.04 50.30 50.47 50.52 50.44 50.22 49.88 49.43 48.90 48.31 47.65 46.85 45.76 44.11 41.52 37.44 31.37 22.99 12.49 0.66 0.03 0.00 0.00 0.00 0.00 0.00 0.00 0.00 0.00 0.00 0.00 0.00 0.00 0.00 0.00 0.00 0.00 0.00 0.00 0.00 0.00 0.00 0.00 0.00 0.00 0.00 0.00 0.00 0.00 0.00 0.00 0.00 0.00 0.00 0.00 0.00 0.00 0.00 0.00 0.00 0.00 0.00 0.00 0.00 0.00 0.00 0.00 0.00 0.00 0.00 0.00 0.00 0.00 0.00 0.00 0.00 0.00 0.00 0.00 0.00 0.00 0.00 0.00 0.04 0.67 12.71 23.41 31.98 38.18 42.28 44.79 46.30 47.28 48.00 48.58 49.02 49.26 49.24 49.03 48.73 48.54 48.61 48.98 49.58 50.23 50.73 50.94 50.82 50.44 49.94 49.47 49.14 48.98 48.97 49.05 49.16 49.25 49.34 49.46 49.67 50.00 50.41 50.83 51.13 51.23 51.09 50.76 50.34 49.94 49.64 49.44 49.33 49.29 49.30 49.37 49.48 49.57 49.59 49.48 49.25 48.97 48.74 48.64 48.70 48.89 49.11 49.26 49.22 48.87 47.80 44.33 30.67 
66.33 58.27 53.29 50.35 48.72 47.98 47.81 47.96 48.23 48.49 48.66 48.76 48.84 48.96 49.17 49.46 49.85 50.30 50.83 51.41 51.98 52.46 52.78 52.84 52.62 52.10 51.33 50.39 49.39 48.44 47.67 47.14 46.90 46.94 47.24 47.71 48.25 48.77 49.18 49.45 49.55 49.51 49.36 49.20 49.09 49.09 49.22 49.45 49.72 49.97 50.15 50.21 50.16 49.97 49.66 49.25 48.75 48.18 47.54 46.78 45.76 44.24 41.80 37.89 31.93 23.56 12.88 0.68 0.04 0.00 0.00 0.00 0.00 0.00 0.00 0.00 0.00 0.00 0.00 0.00 0.00 0.00 0.00 0.00 0.00 0.00 0.00 0.00 0.00 0.00 0.00 0.00 0.00 0.00 0.00 0.00 0.00 0.00 0.00 0.00 0.00 0.00 0.00 0.00 0.00 0.00 0.00 0.00 0.00 0.00 0.00 0.00 0.00 0.00 0.00 0.00 0.00 0.00 0.00 0.00 0.00 0.00 0.00 0.00 0.00 0.00 0.00 0.00 0.00 0.00 0.00 0.04 0.68 12.89 23.61 32.05 38.04 41.93 44.27 45.66 46.57 47.28 47.88 48.35 48.63 48.67 48.52 48.30 48.21 48.39 48.89 49.64 50.44 51.09 51.41 51.37 51.01 50.49 49.96 49.55 49.33 49.29 49.38 49.55 49.74 49.94 50.16 50.46 50.85 51.29 51.70 51.97 52.02 51.82 51.43 50.94 50.47 50.09 49.81 49.63 49.53 49.51 49.55 49.61 49.62 49.51 49.23 48.81 48.36 48.00 47.85 47.95 48.24 48.59 48.82 48.79 48.41 47.80 48.12 56.67 
65.33 55.35 51.78 49.74 48.53 47.98 47.93 48.20 48.61 48.99 49.27 49.42 49.53 49.67 49.88 50.19 50.58 51.02 51.51 52.02 52.52 52.96 53.26 53.33 53.12 52.61 51.84 50.87 49.81 48.77 47.89 47.24 46.91 46.91 47.19 47.66 48.21 48.72 49.10 49.31 49.34 49.25 49.07 48.90 48.78 48.78 48.89 49.10 49.35 49.59 49.75 49.82 49.77 49.61 49.33 48.95 48.48 47.96 47.39 46.74 45.90 44.60 42.41 38.77 33.03 24.71 13.72 0.73 0.04 0.00 0.00 0.00 0.00 0.00 0.00 0.00 0.00 0.00 0.00 0.00 0.00 0.00 0.00 0.00 0.00 0.00 0.00 0.00 0.00 0.00 0.00 0.00 0.00 0.00 0.00 0.00 0.00 0.00 0.00 0.00 0.00 0.00 0.00 0.00 0.00 0.00 0.00 0.00 0.00 0.00 0.00 0.00 0.00 0.00 0.00 0.00 0.00 0.00 0.00 0.00 0.00 0.00 0.00 0.00 0.00 0.00 0.00 0.00 0.00 0.00 0.00 0.04 0.72 13.50 24.36 32.64 38.36 41.97 44.09 45.34 46.15 46.80 47.38 47.84 48.12 48.18 48.06 47.90 47.88 48.16 48.77 49.63 50.56 51.34 51.79 51.85 51.56 51.05 50.50 50.04 49.76 49.69 49.78 49.97 50.20 50.46 50.74 51.08 51.48 51.91 52.30 52.53 52.53 52.27 51.82 51.27 50.74 50.29 49.95 49.71 49.58 49.55 49.58 49.61 49.56 49.34 48.91 48.32 47.72 47.25 47.06 47.19 47.57 48.01 48.32 48.31 47.79 46.55 43.50 32.00 
27.00 46.35 49.29 48.96 48.29 47.95 48.03 48.42 48.96 49.46 49.83 50.05 50.18 50.33 50.55 50.86 51.24 51.64 52.05 52.46 52.85 53.20 53.44 53.49 53.28 52.78 52.03 51.07 50.01 48.96 48.04 47.34 46.97 46.93 47.19 47.66 48.20 48.68 49.02 49.16 49.13 48.99 48.80 48.63 48.53 48.54 48.65 48.84 49.06 49.24 49.37 49.39 49.32 49.15 48.88 48.52 48.10 47.65 47.20 46.73 46.13 45.14 43.33 40.12 34.81 26.74 15.44 0.87 0.09 0.04 0.04 0.04 0.04 0.04 0.04 0.04 0.04 0.04 0.04 0.04 0.04 0.04 0.04 0.04 0.04 0.04 0.04 0.04 0.04 0.04 0.04 0.04 0.04 0.04 0.04 0.04 0.04 0.04 0.04 0.04 0.04 0.04 0.04 0.04 0.04 0.04 0.04 0.04 0.04 0.04 0.04 0.04 0.04 0.04 0.04 0.04 0.04 0.04 0.04 0.04 0.04 0.04 0.04 0.04 0.04 0.04 0.04 0.04 0.04 0.04 0.04 0.09 0.84 14.99 26.02 33.96 39.24 42.47 44.32 45.39 46.10 46.68 47.21 47.63 47.88 47.91 47.79 47.64 47.65 47.98 48.65 49.60 50.62 51.51 52.08 52.25 52.05 51.60 51.04 50.55 50.22 50.08 50.13 50.31 50.55 50.82 51.11 51.45 51.84 52.24 52.57 52.74 52.68 52.37 51.87 51.29 50.72 50.23 49.85 49.59 49.45 49.43 49.47 49.49 49.39 49.09 48.55 47.84 47.13 46.60 46.39 46.54 46.97 47.49 47.86 47.89 47.46 46.74 47.11 55.67 
70.33 54.07 50.57 49.13 48.31 47.98 48.12 48.60 49.23 49.83 50.29 50.57 50.74 50.90 51.13 51.43 51.77 52.11 52.42 52.71 52.97 53.20 53.35 53.34 53.11 52.63 51.92 51.02 50.02 49.03 48.14 47.45 47.06 47.00 47.24 47.69 48.22 48.69 48.99 49.10 49.04 48.88 48.70 48.56 48.51 48.54 48.64 48.79 48.94 49.04 49.06 49.00 48.86 48.64 48.35 48.01 47.64 47.29 46.98 46.73 46.41 45.78 44.46 41.87 37.35 30.15 19.23 1.93 0.90 0.77 0.72 0.70 0.70 0.69 0.69 0.69 0.69 0.69 0.69 0.69 0.69 0.70 0.71 0.72 0.73 0.73 0.74 0.73 0.72 0.71 0.70 0.69 0.68 0.67 0.67 0.67 0.67 0.68 0.68 0.68 0.68 0.68 0.68 0.68 0.68 0.68 0.68 0.68 0.68 0.68 0.69 0.69 0.69 0.70 0.70 0.70 0.70 0.70 0.70 0.70 0.70 0.69 0.69 0.68 0.67 0.67 0.67 0.68 0.69 0.71 0.75 0.87 1.86 18.53 29.10 36.17 40.70 43.41 44.94 45.81 46.41 46.92 47.39 47.75 47.94 47.92 47.75 47.57 47.57 47.90 48.58 49.56 50.64 51.61 52.28 52.57 52.47 52.08 51.55 51.02 50.62 50.40 50.38 50.49 50.70 50.96 51.25 51.58 51.93 52.27 52.54 52.63 52.51 52.15 51.64 51.05 50.47 49.98 49.60 49.35 49.22 49.21 49.26 49.28 49.15 48.79 48.18 47.41 46.66 46.11 45.92 46.11 46.57 47.12 47.52 47.54 46.96 45.48 42.33 34.67 
35.00 49.28 50.29 49.29 48.41 48.05 48.21 48.73 49.43 50.11 50.65 51.00 51.22 51.40 51.62 51.90 52.19 52.45 52.65 52.80 52.91 53.00 53.04 52.96 52.70 52.23 51.57 50.77 49.89 49.02 48.23 47.60 47.22 47.15 47.36 47.79 48.30 48.77 49.09 49.22 49.18 49.05 48.91 48.82 48.80 48.84 48.92 49.00 49.04 49.01 48.89 48.70 48.45 48.16 47.84 47.51 47.18 46.92 46.76 46.70 46.66 46.41 45.63 43.84 40.53 35.27 27.97 19.64 16.07 14.48 13.72 13.35 13.19 13.14 13.14 13.14 13.13 13.11 13.08 13.07 13.11 13.21 13.37 13.56 13.75 13.88 13.93 13.86 13.70 13.48 13.24 13.02 12.86 12.77 12.74 12.75 12.79 12.84 12.88 12.92 12.94 12.94 12.92 12.88 12.85 12.83 12.83 12.86 12.92 12.98 13.06 13.12 13.16 13.18 13.18 13.18 13.19 13.20 13.22 13.21 13.17 13.10 12.99 12.86 12.75 12.69 12.70 12.81 13.02 13.41 14.12 15.59 18.95 26.92 33.98 39.18 42.61 44.66 45.82 46.49 46.98 47.42 47.82 48.12 48.24 48.15 47.92 47.69 47.63 47.91 48.56 49.51 50.61 51.62 52.38 52.77 52.76 52.44 51.93 51.37 50.89 50.58 50.45 50.48 50.64 50.87 51.16 51.48 51.80 52.09 52.28 52.30 52.11 51.73 51.21 50.65 50.12 49.67 49.32 49.09 48.98 48.98 49.03 49.03 48.88 48.49 47.86 47.10 46.37 45.87 45.72 45.94 46.42 46.98 47.39 47.46 46.99 45.58 41.85 30.67 
74.00 58.02 52.48 49.87 48.58 48.13 48.29 48.85 49.61 50.36 50.96 51.38 51.65 51.86 52.07 52.30 52.51 52.67 52.73 52.73 52.70 52.65 52.56 52.39 52.09 51.64 51.05 50.38 49.68 48.98 48.33 47.80 47.46 47.37 47.56 47.96 48.48 48.97 49.34 49.53 49.56 49.51 49.44 49.40 49.41 49.44 49.47 49.45 49.36 49.18 48.90 48.56 48.18 47.81 47.44 47.11 46.82 46.62 46.56 46.65 46.81 46.90 46.62 45.64 43.59 40.24 35.78 31.08 27.98 26.14 25.11 24.57 24.33 24.26 24.28 24.30 24.29 24.25 24.19 24.17 24.23 24.39 24.67 25.01 25.35 25.59 25.68 25.58 25.30 24.90 24.47 24.08 23.80 23.65 23.62 23.66 23.75 23.85 23.94 24.01 24.03 24.02 23.97 23.90 23.83 23.80 23.81 23.87 23.98 24.11 24.25 24.35 24.42 24.43 24.41 24.39 24.39 24.41 24.44 24.42 24.35 24.21 24.00 23.77 23.58 23.47 23.50 23.68 24.04 24.63 25.60 27.27 30.13 34.57 38.89 42.28 44.58 45.98 46.77 47.26 47.65 48.02 48.35 48.59 48.64 48.49 48.20 47.90 47.77 47.97 48.54 49.43 50.50 51.52 52.32 52.78 52.85 52.59 52.11 51.53 50.99 50.58 50.34 50.29 50.40 50.62 50.91 51.23 51.53 51.77 51.88 51.83 51.58 51.19 50.70 50.21 49.76 49.39 49.09 48.90 48.81 48.81 48.85 48.83 48.65 48.26 47.65 46.94 46.29 45.88 45.80 46.06 46.53 47.06 47.47 47.67 47.67 47.71 48.68 53.33 
64.00 56.57 52.16 49.70 48.49 48.13 48.38 49.00 49.81 50.61 51.27 51.75 52.06 52.28 52.46 52.61 52.71 52.73 52.66 52.51 52.33 52.14 51.94 51.69 51.35 50.92 50.43 49.92 49.41 48.91 48.44 48.03 47.75 47.67 47.83 48.22 48.73 49.27 49.70 49.99 50.13 50.17 50.17 50.18 50.20 50.19 50.15 50.02 49.81 49.48 49.07 48.60 48.13 47.68 47.27 46.92 46.63 46.45 46.42 46.56 46.85 47.15 47.27 46.96 45.94 44.09 41.54 38.78 36.57 35.02 34.04 33.50 33.27 33.23 33.27 33.32 33.32 33.26 33.17 33.12 33.16 33.35 33.69 34.13 34.57 34.90 35.03 34.92 34.57 34.07 33.51 33.02 32.68 32.52 32.52 32.63 32.79 32.94 33.07 33.14 33.16 33.11 33.01 32.90 32.81 32.77 32.81 32.92 33.09 33.28 33.47 33.59 33.64 33.60 33.53 33.47 33.45 33.46 33.48 33.46 33.36 33.16 32.88 32.57 32.31 32.17 32.22 32.47 32.92 33.57 34.51 35.89 37.87 40.41 42.90 44.90 46.27 47.11 47.60 47.93 48.22 48.52 48.79 48.97 48.97 48.79 48.45 48.10 47.90 48.00 48.47 49.27 50.27 51.26 52.07 52.56 52.68 52.47 52.03 51.45 50.88 50.41 50.10 50.00 50.07 50.30 50.60 50.93 51.21 51.40 51.43 51.30 51.01 50.62 50.19 49.79 49.45 49.18 48.97 48.83 48.76 48.76 48.77 48.72 48.52 48.14 47.59 46.97 46.44 46.14 46.14 46.41 46.85 47.30 47.66 47.88 48.08 48.72 51.72 66.00 
50.33 52.32 50.33 48.82 48.12 48.07 48.49 49.21 50.07 50.89 51.58 52.08 52.41 52.62 52.74 52.78 52.74 52.60 52.38 52.09 51.79 51.49 51.18 50.86 50.50 50.12 49.75 49.41 49.11 48.82 48.53 48.25 48.05 47.99 48.15 48.52 49.04 49.61 50.12 50.50 50.74 50.87 50.93 50.97 50.97 50.91 50.79 50.57 50.26 49.85 49.36 48.83 48.30 47.81 47.38 47.00 46.69 46.47 46.39 46.50 46.78 47.17 47.54 47.67 47.39 46.56 45.23 43.67 42.22 41.09 40.32 39.89 39.73 39.75 39.83 39.91 39.91 39.82 39.69 39.59 39.59 39.75 40.09 40.56 41.05 41.44 41.62 41.53 41.18 40.65 40.07 39.56 39.22 39.10 39.17 39.36 39.59 39.80 39.94 40.00 39.96 39.86 39.70 39.55 39.45 39.43 39.51 39.69 39.94 40.20 40.41 40.53 40.51 40.39 40.23 40.09 40.03 40.03 40.05 40.02 39.90 39.65 39.31 38.94 38.63 38.48 38.56 38.86 39.35 39.99 40.79 41.79 43.02 44.42 45.73 46.76 47.46 47.88 48.14 48.34 48.55 48.78 48.99 49.12 49.10 48.91 48.57 48.20 47.94 47.96 48.32 49.02 49.93 50.86 51.63 52.11 52.26 52.09 51.69 51.16 50.61 50.13 49.82 49.71 49.79 50.04 50.36 50.68 50.93 51.05 51.00 50.79 50.46 50.07 49.72 49.43 49.23 49.08 48.98 48.90 48.86 48.85 48.84 48.76 48.55 48.19 47.72 47.22 46.82 46.62 46.68 46.95 47.31 47.64 47.86 47.96 47.91 47.27 43.45 23.67 
71.00 52.26 48.41 47.63 47.64 48.03 48.67 49.49 50.35 51.17 51.84 52.33 52.64 52.80 52.82 52.72 52.52 52.22 51.86 51.46 51.06 50.68 50.32 49.96 49.62 49.30 49.05 48.88 48.78 48.69 48.57 48.42 48.30 48.28 48.44 48.80 49.33 49.93 50.49 50.94 51.26 51.45 51.55 51.58 51.55 51.45 51.26 50.99 50.64 50.21 49.72 49.19 48.67 48.18 47.73 47.33 46.98 46.69 46.52 46.51 46.70 47.05 47.48 47.85 47.99 47.78 47.20 46.38 45.52 44.79 44.27 44.01 43.96 44.05 44.18 44.26 44.24 44.12 43.92 43.74 43.67 43.77 44.06 44.51 45.00 45.42 45.65 45.61 45.32 44.85 44.32 43.87 43.61 43.57 43.73 44.01 44.30 44.53 44.66 44.65 44.54 44.34 44.13 43.94 43.84 43.87 44.04 44.32 44.67 45.00 45.23 45.30 45.19 44.95 44.66 44.44 44.32 44.30 44.31 44.28 44.14 43.87 43.48 43.06 42.72 42.56 42.66 43.00 43.52 44.14 44.79 45.47 46.17 46.86 47.44 47.86 48.11 48.24 48.33 48.42 48.55 48.71 48.87 48.98 48.96 48.79 48.48 48.12 47.86 47.82 48.10 48.70 49.52 50.36 51.07 51.51 51.65 51.52 51.19 50.73 50.26 49.85 49.59 49.53 49.66 49.93 50.27 50.57 50.75 50.78 50.63 50.33 49.97 49.61 49.33 49.17 49.11 49.10 49.11 49.12 49.12 49.12 49.09 48.98 48.77 48.45 48.05 47.66 47.38 47.28 47.37 47.60 47.85 48.02 48.10 48.13 48.32 49.00 51.15 59.33 
17.00 37.51 43.74 46.06 47.22 48.09 48.93 49.79 50.63 51.39 52.01 52.45 52.70 52.77 52.67 52.41 52.04 51.58 51.09 50.62 50.18 49.78 49.41 49.07 48.76 48.53 48.41 48.39 48.44 48.51 48.53 48.49 48.44 48.46 48.64 49.00 49.53 50.14 50.74 51.24 51.60 51.83 51.94 51.95 51.88 51.73 51.50 51.21 50.88 50.50 50.07 49.61 49.14 48.68 48.25 47.85 47.47 47.11 46.83 46.67 46.69 46.90 47.26 47.66 47.97 48.08 47.93 47.57 47.12 46.72 46.47 46.39 46.47 46.64 46.81 46.88 46.82 46.62 46.35 46.09 45.93 45.95 46.16 46.54 46.99 47.41 47.67 47.71 47.52 47.16 46.77 46.45 46.32 46.40 46.65 47.00 47.32 47.53 47.58 47.48 47.24 46.95 46.66 46.45 46.38 46.49 46.78 47.20 47.67 48.08 48.32 48.34 48.12 47.73 47.32 46.99 46.82 46.77 46.78 46.74 46.59 46.30 45.88 45.42 45.03 44.86 44.96 45.32 45.86 46.46 47.01 47.48 47.85 48.12 48.28 48.33 48.30 48.25 48.21 48.20 48.26 48.36 48.48 48.57 48.58 48.45 48.20 47.90 47.66 47.62 47.87 48.40 49.12 49.87 50.48 50.85 50.97 50.86 50.60 50.25 49.90 49.61 49.46 49.50 49.70 50.01 50.35 50.60 50.69 50.60 50.34 49.98 49.58 49.26 49.07 49.03 49.11 49.25 49.39 49.49 49.55 49.57 49.53 49.42 49.21 48.92 48.60 48.30 48.11 48.06 48.15 48.30 48.42 48.43 48.30 48.16 48.29 49.36 52.90 61.67 
23.67 37.18 43.24 45.97 47.41 48.41 49.28 50.10 50.86 51.53 52.07 52.43 52.60 52.57 52.32 51.89 51.34 50.73 50.15 49.64 49.21 48.85 48.54 48.27 48.04 47.90 47.88 47.96 48.11 48.27 48.38 48.42 48.43 48.49 48.69 49.06 49.59 50.22 50.84 51.38 51.77 52.02 52.12 52.11 51.99 51.80 51.55 51.28 51.00 50.71 50.38 50.01 49.61 49.21 48.82 48.44 48.05 47.65 47.28 46.97 46.81 46.82 47.01 47.30 47.60 47.81 47.87 47.79 47.64 47.52 47.50 47.62 47.83 48.08 48.26 48.31 48.20 47.94 47.60 47.27 47.03 46.96 47.08 47.36 47.73 48.11 48.38 48.49 48.42 48.23 48.00 47.86 47.88 48.09 48.43 48.82 49.13 49.27 49.21 48.95 48.58 48.16 47.80 47.57 47.56 47.78 48.23 48.81 49.43 49.93 50.20 50.16 49.82 49.30 48.76 48.33 48.09 48.01 48.00 47.96 47.80 47.49 47.05 46.55 46.12 45.91 45.99 46.35 46.90 47.49 47.99 48.35 48.54 48.58 48.51 48.36 48.19 48.02 47.89 47.81 47.80 47.84 47.93 48.02 48.05 47.98 47.81 47.59 47.42 47.43 47.68 48.18 48.82 49.46 49.96 50.23 50.29 50.19 50.00 49.78 49.57 49.44 49.43 49.58 49.86 50.22 50.53 50.72 50.72 50.51 50.16 49.73 49.33 49.05 48.94 49.02 49.24 49.51 49.78 49.98 50.11 50.15 50.12 50.01 49.83 49.58 49.32 49.09 48.95 48.91 48.96 49.03 49.02 48.85 48.48 47.97 47.47 47.42 49.52 61.67 
40.00 44.39 46.23 47.37 48.23 48.98 49.69 50.38 51.02 51.58 52.02 52.31 52.39 52.24 51.84 51.24 50.51 49.77 49.13 48.63 48.27 48.02 47.82 47.66 47.53 47.47 47.50 47.62 47.80 47.98 48.11 48.18 48.23 48.34 48.56 48.96 49.51 50.17 50.83 51.41 51.84 52.09 52.18 52.13 51.97 51.74 51.49 51.25 51.04 50.83 50.61 50.33 50.01 49.67 49.32 48.98 48.62 48.22 47.79 47.38 47.05 46.86 46.83 46.94 47.12 47.30 47.43 47.52 47.58 47.68 47.87 48.15 48.49 48.80 49.01 49.04 48.89 48.59 48.22 47.86 47.58 47.43 47.44 47.60 47.86 48.16 48.42 48.58 48.63 48.59 48.54 48.57 48.75 49.07 49.48 49.87 50.13 50.17 49.96 49.55 49.01 48.47 48.04 47.82 47.87 48.23 48.84 49.61 50.38 50.99 51.29 51.21 50.78 50.14 49.47 48.95 48.64 48.51 48.47 48.42 48.25 47.93 47.47 46.94 46.47 46.20 46.23 46.57 47.11 47.70 48.19 48.50 48.61 48.55 48.39 48.17 47.93 47.72 47.53 47.40 47.34 47.34 47.41 47.49 47.55 47.53 47.43 47.30 47.23 47.31 47.61 48.09 48.66 49.18 49.54 49.70 49.68 49.57 49.43 49.32 49.26 49.29 49.44 49.71 50.07 50.45 50.75 50.87 50.77 50.47 50.04 49.57 49.18 48.94 48.91 49.09 49.42 49.82 50.19 50.49 50.68 50.77 50.75 50.66 50.51 50.31 50.12 49.94 49.82 49.78 49.78 49.77 49.66 49.34 48.75 47.81 46.33 43.52 36.20 10.67 
70.00 54.20 50.00 49.13 49.24 49.63 50.10 50.61 51.10 51.56 51.92 52.13 52.13 51.87 51.32 50.55 49.67 48.83 48.16 47.71 47.47 47.36 47.32 47.29 47.25 47.24 47.29 47.39 47.52 47.65 47.74 47.80 47.87 48.01 48.28 48.72 49.34 50.05 50.78 51.40 51.86 52.12 52.19 52.10 51.90 51.64 51.39 51.18 51.02 50.89 50.75 50.55 50.29 49.99 49.69 49.38 49.06 48.69 48.26 47.79 47.35 46.98 46.75 46.66 46.68 46.78 46.93 47.10 47.31 47.58 47.92 48.33 48.76 49.14 49.37 49.42 49.28 48.99 48.64 48.29 47.99 47.79 47.69 47.71 47.84 48.04 48.26 48.45 48.57 48.65 48.74 48.91 49.20 49.60 50.05 50.43 50.63 50.57 50.21 49.64 48.96 48.31 47.83 47.62 47.74 48.23 49.00 49.94 50.85 51.56 51.89 51.79 51.28 50.55 49.78 49.17 48.79 48.61 48.53 48.45 48.28 47.96 47.50 46.95 46.44 46.11 46.08 46.37 46.89 47.46 47.95 48.24 48.34 48.27 48.09 47.87 47.65 47.44 47.25 47.11 47.03 47.02 47.07 47.16 47.23 47.24 47.21 47.17 47.19 47.35 47.68 48.14 48.64 49.04 49.26 49.28 49.17 49.01 48.91 48.88 48.96 49.14 49.43 49.81 50.24 50.64 50.91 50.97 50.79 50.42 49.94 49.45 49.07 48.87 48.90 49.15 49.56 50.05 50.51 50.88 51.12 51.23 51.24 51.18 51.07 50.95 50.82 50.71 50.62 50.57 50.54 50.48 50.32 49.95 49.28 48.21 46.60 44.23 41.19 42.00 
57.67 52.41 50.43 49.92 49.95 50.17 50.46 50.79 51.13 51.48 51.76 51.90 51.83 51.47 50.80 49.89 48.90 48.00 47.34 46.98 46.87 46.94 47.06 47.15 47.20 47.22 47.23 47.26 47.29 47.32 47.33 47.34 47.41 47.58 47.91 48.43 49.13 49.94 50.74 51.42 51.90 52.14 52.17 52.03 51.79 51.52 51.27 51.09 50.98 50.91 50.82 50.66 50.44 50.18 49.91 49.63 49.35 49.01 48.59 48.10 47.59 47.11 46.74 46.49 46.38 46.40 46.54 46.76 47.06 47.43 47.87 48.36 48.85 49.27 49.56 49.65 49.58 49.36 49.09 48.79 48.50 48.25 48.04 47.93 47.92 48.01 48.18 48.35 48.51 48.65 48.81 49.05 49.39 49.82 50.28 50.65 50.81 50.66 50.21 49.52 48.73 48.00 47.49 47.29 47.48 48.06 48.95 50.01 51.03 51.81 52.16 52.03 51.48 50.68 49.85 49.17 48.73 48.49 48.38 48.28 48.10 47.80 47.35 46.81 46.27 45.90 45.81 46.04 46.50 47.04 47.52 47.82 47.93 47.88 47.75 47.58 47.41 47.25 47.11 47.01 46.95 46.96 47.03 47.13 47.21 47.25 47.26 47.28 47.37 47.59 47.94 48.37 48.78 49.06 49.13 49.02 48.79 48.58 48.47 48.50 48.68 48.98 49.38 49.86 50.34 50.74 50.98 50.99 50.75 50.33 49.81 49.31 48.93 48.75 48.80 49.09 49.54 50.07 50.58 50.98 51.25 51.37 51.39 51.36 51.32 51.28 51.26 51.23 51.20 51.18 51.16 51.12 50.98 50.64 50.01 49.02 47.60 45.64 42.35 32.67 
41.67 47.28 49.31 50.08 50.41 50.60 50.75 50.91 51.11 51.33 51.52 51.60 51.46 51.02 50.27 49.29 48.25 47.35 46.74 46.48 46.52 46.74 47.00 47.20 47.31 47.33 47.30 47.23 47.15 47.06 46.97 46.92 46.96 47.15 47.55 48.18 48.99 49.90 50.78 51.50 51.96 52.15 52.11 51.90 51.62 51.34 51.12 50.98 50.92 50.88 50.83 50.71 50.52 50.28 50.02 49.76 49.48 49.15 48.73 48.24 47.70 47.18 46.73 46.40 46.23 46.22 46.35 46.61 46.96 47.37 47.83 48.34 48.85 49.31 49.66 49.85 49.88 49.79 49.62 49.40 49.13 48.84 48.54 48.29 48.16 48.16 48.27 48.42 48.57 48.70 48.86 49.08 49.40 49.82 50.27 50.63 50.77 50.60 50.11 49.38 48.55 47.79 47.25 47.06 47.27 47.89 48.83 49.93 50.99 51.78 52.13 51.99 51.41 50.59 49.74 49.04 48.56 48.30 48.16 48.05 47.89 47.61 47.19 46.67 46.14 45.74 45.59 45.75 46.14 46.62 47.06 47.36 47.49 47.49 47.41 47.31 47.23 47.16 47.11 47.08 47.10 47.17 47.28 47.41 47.52 47.58 47.62 47.68 47.82 48.06 48.40 48.78 49.10 49.26 49.20 48.95 48.62 48.32 48.17 48.22 48.45 48.84 49.33 49.87 50.38 50.78 50.98 50.94 50.65 50.18 49.63 49.11 48.72 48.53 48.57 48.84 49.29 49.82 50.33 50.73 50.98 51.08 51.10 51.09 51.11 51.18 51.28 51.38 51.46 51.53 51.58 51.61 51.54 51.30 50.79 49.98 48.97 48.27 49.85 63.00 
34.67 45.65 49.30 50.52 50.90 50.99 50.98 50.98 51.01 51.09 51.17 51.17 50.97 50.49 49.72 48.74 47.73 46.88 46.36 46.21 46.37 46.70 47.07 47.35 47.49 47.51 47.43 47.30 47.12 46.93 46.75 46.63 46.65 46.86 47.32 48.05 48.97 49.97 50.89 51.60 52.00 52.10 51.95 51.66 51.33 51.07 50.89 50.82 50.81 50.82 50.81 50.73 50.57 50.36 50.11 49.84 49.54 49.18 48.74 48.23 47.69 47.16 46.71 46.39 46.23 46.24 46.40 46.68 47.04 47.43 47.87 48.34 48.84 49.32 49.73 50.03 50.19 50.23 50.18 50.04 49.80 49.46 49.09 48.75 48.54 48.47 48.52 48.63 48.74 48.83 48.91 49.06 49.31 49.68 50.10 50.45 50.61 50.48 50.03 49.33 48.53 47.79 47.25 47.03 47.20 47.77 48.67 49.73 50.73 51.48 51.80 51.64 51.07 50.28 49.47 48.81 48.37 48.12 47.99 47.89 47.75 47.50 47.12 46.63 46.12 45.71 45.52 45.59 45.89 46.30 46.68 46.96 47.09 47.13 47.11 47.09 47.09 47.12 47.18 47.27 47.40 47.57 47.76 47.94 48.08 48.18 48.26 48.35 48.51 48.74 49.05 49.36 49.59 49.64 49.46 49.10 48.66 48.27 48.06 48.08 48.32 48.75 49.30 49.88 50.41 50.79 50.94 50.84 50.51 50.00 49.42 48.87 48.45 48.22 48.21 48.44 48.83 49.32 49.78 50.12 50.31 50.36 50.33 50.33 50.41 50.60 50.85 51.12 51.36 51.57 51.75 51.89 51.94 51.81 51.41 50.70 49.70 48.36 45.68 34.33 
49.67 51.27 51.60 51.62 51.52 51.36 51.16 50.96 50.80 50.71 50.65 50.56 50.32 49.85 49.12 48.22 47.31 46.59 46.18 46.13 46.37 46.76 47.18 47.50 47.67 47.69 47.60 47.44 47.22 46.98 46.75 46.59 46.57 46.79 47.30 48.09 49.08 50.13 51.05 51.69 51.98 51.94 51.66 51.27 50.91 50.66 50.56 50.57 50.64 50.72 50.76 50.74 50.64 50.47 50.24 49.97 49.63 49.21 48.72 48.17 47.62 47.12 46.72 46.47 46.39 46.47 46.68 46.98 47.31 47.65 48.00 48.40 48.85 49.34 49.79 50.17 50.44 50.60 50.65 50.57 50.35 50.01 49.60 49.21 48.95 48.84 48.86 48.93 48.99 49.00 49.00 49.05 49.20 49.49 49.86 50.21 50.40 50.35 50.00 49.42 48.71 48.02 47.48 47.21 47.28 47.72 48.47 49.38 50.27 50.92 51.19 51.03 50.52 49.82 49.13 48.58 48.22 48.04 47.95 47.88 47.76 47.54 47.20 46.74 46.24 45.82 45.59 45.59 45.79 46.10 46.42 46.65 46.79 46.84 46.87 46.90 46.98 47.11 47.28 47.49 47.75 48.03 48.32 48.57 48.77 48.92 49.04 49.17 49.34 49.57 49.83 50.07 50.21 50.16 49.89 49.43 48.90 48.42 48.13 48.09 48.32 48.75 49.32 49.92 50.44 50.79 50.90 50.74 50.35 49.81 49.20 48.63 48.17 47.89 47.83 47.97 48.28 48.68 49.04 49.29 49.37 49.32 49.23 49.21 49.34 49.64 50.06 50.52 50.96 51.35 51.68 51.94 52.10 52.07 51.77 51.15 50.27 49.46 50.00 58.00 
73.67 58.12 54.10 52.73 52.08 51.63 51.23 50.84 50.48 50.20 49.98 49.79 49.53 49.11 48.49 47.75 47.01 46.45 46.16 46.17 46.44 46.85 47.27 47.60 47.79 47.83 47.77 47.63 47.44 47.22 47.00 46.83 46.80 47.01 47.52 48.32 49.32 50.35 51.20 51.74 51.88 51.67 51.24 50.76 50.36 50.14 50.11 50.22 50.39 50.57 50.70 50.76 50.75 50.66 50.48 50.21 49.83 49.34 48.78 48.18 47.62 47.16 46.84 46.69 46.72 46.90 47.17 47.48 47.77 48.01 48.26 48.55 48.93 49.37 49.83 50.25 50.58 50.80 50.91 50.88 50.70 50.38 49.98 49.60 49.34 49.22 49.22 49.26 49.27 49.22 49.14 49.10 49.16 49.36 49.66 49.98 50.20 50.23 50.02 49.60 49.03 48.42 47.89 47.54 47.45 47.69 48.22 48.93 49.65 50.19 50.41 50.28 49.88 49.35 48.84 48.45 48.24 48.14 48.11 48.08 47.98 47.77 47.43 46.97 46.48 46.04 45.76 45.69 45.81 46.03 46.28 46.47 46.59 46.66 46.70 46.77 46.90 47.09 47.35 47.68 48.05 48.44 48.83 49.16 49.41 49.61 49.78 49.96 50.16 50.38 50.60 50.78 50.84 50.72 50.37 49.85 49.24 48.69 48.33 48.23 48.41 48.82 49.39 49.99 50.49 50.80 50.85 50.63 50.20 49.63 49.02 48.44 47.97 47.65 47.51 47.57 47.77 48.05 48.29 48.40 48.35 48.18 48.01 47.95 48.12 48.52 49.09 49.74 50.37 50.92 51.39 51.76 51.99 52.03 51.79 51.20 50.22 48.82 46.65 40.67 
41.33 53.47 53.97 53.10 52.34 51.73 51.17 50.61 50.08 49.61 49.25 48.98 48.72 48.38 47.93 47.38 46.84 46.43 46.25 46.30 46.57 46.94 47.34 47.65 47.85 47.93 47.92 47.86 47.76 47.63 47.47 47.34 47.31 47.50 47.96 48.72 49.65 50.59 51.33 51.72 51.70 51.33 50.76 50.18 49.75 49.55 49.58 49.78 50.06 50.35 50.60 50.79 50.91 50.94 50.85 50.61 50.21 49.67 49.03 48.37 47.80 47.38 47.14 47.11 47.24 47.51 47.83 48.13 48.36 48.51 48.63 48.81 49.08 49.45 49.86 50.25 50.57 50.79 50.91 50.92 50.79 50.54 50.21 49.90 49.68 49.57 49.57 49.58 49.56 49.48 49.36 49.27 49.26 49.36 49.57 49.82 50.03 50.12 50.04 49.78 49.37 48.87 48.35 47.91 47.65 47.66 47.94 48.43 48.97 49.40 49.61 49.56 49.32 49.01 48.73 48.55 48.48 48.48 48.49 48.46 48.35 48.11 47.74 47.26 46.75 46.29 45.97 45.85 45.91 46.07 46.26 46.43 46.54 46.60 46.65 46.73 46.86 47.08 47.39 47.79 48.24 48.72 49.17 49.56 49.86 50.11 50.34 50.57 50.80 51.03 51.23 51.35 51.35 51.17 50.78 50.22 49.57 48.98 48.57 48.42 48.56 48.95 49.49 50.06 50.53 50.78 50.77 50.50 50.05 49.48 48.89 48.35 47.89 47.56 47.38 47.35 47.44 47.58 47.67 47.64 47.45 47.16 46.90 46.81 46.99 47.47 48.16 48.95 49.72 50.39 50.93 51.35 51.62 51.70 51.52 50.98 50.01 48.52 46.87 49.33 
83.33 60.58 55.34 53.49 52.47 51.71 51.03 50.34 49.66 49.06 48.59 48.27 48.03 47.81 47.52 47.17 46.82 46.56 46.44 46.51 46.74 47.07 47.41 47.70 47.90 48.01 48.07 48.11 48.15 48.15 48.11 48.05 48.04 48.19 48.58 49.23 50.03 50.83 51.42 51.65 51.48 50.98 50.30 49.65 49.17 48.97 49.04 49.31 49.68 50.09 50.48 50.83 51.12 51.30 51.33 51.16 50.78 50.20 49.51 48.82 48.24 47.85 47.68 47.73 47.95 48.26 48.60 48.87 49.03 49.09 49.10 49.16 49.31 49.56 49.87 50.16 50.40 50.58 50.69 50.73 50.68 50.53 50.33 50.12 49.97 49.89 49.88 49.88 49.85 49.77 49.65 49.55 49.49 49.51 49.60 49.73 49.88 49.98 49.99 49.88 49.62 49.22 48.73 48.23 47.82 47.63 47.69 47.97 48.35 48.71 48.94 49.01 48.98 48.91 48.88 48.90 48.96 49.01 49.02 48.96 48.78 48.48 48.04 47.51 46.96 46.48 46.16 46.02 46.06 46.21 46.39 46.55 46.65 46.71 46.75 46.80 46.91 47.11 47.42 47.83 48.31 48.82 49.30 49.71 50.04 50.32 50.59 50.87 51.14 51.38 51.57 51.66 51.61 51.40 50.99 50.43 49.79 49.21 48.79 48.62 48.74 49.11 49.62 50.14 50.55 50.73 50.66 50.35 49.89 49.36 48.84 48.37 47.97 47.66 47.46 47.37 47.36 47.36 47.32 47.14 46.83 46.44 46.11 46.00 46.19 46.70 47.45 48.30 49.12 49.82 50.36 50.75 51.00 51.10 50.99 50.61 49.78 47.98 42.79 22.00 
29.67 50.38 53.62 53.33 52.48 51.65 50.88 50.12 49.36 48.69 48.17 47.84 47.65 47.52 47.38 47.19 46.98 46.82 46.75 46.80 46.99 47.25 47.53 47.78 47.97 48.10 48.23 48.37 48.55 48.71 48.80 48.84 48.86 48.98 49.28 49.79 50.43 51.05 51.48 51.57 51.28 50.69 49.94 49.23 48.72 48.48 48.55 48.84 49.29 49.81 50.35 50.88 51.35 51.71 51.89 51.82 51.47 50.90 50.19 49.49 48.92 48.57 48.44 48.53 48.77 49.09 49.40 49.62 49.72 49.70 49.62 49.57 49.59 49.69 49.85 50.00 50.13 50.23 50.32 50.39 50.44 50.43 50.38 50.30 50.23 50.20 50.19 50.18 50.15 50.09 50.01 49.93 49.85 49.78 49.73 49.73 49.76 49.82 49.87 49.85 49.71 49.42 48.97 48.44 47.94 47.59 47.48 47.60 47.87 48.19 48.47 48.69 48.88 49.06 49.26 49.44 49.58 49.64 49.59 49.43 49.15 48.74 48.22 47.64 47.06 46.59 46.30 46.21 46.29 46.47 46.67 46.84 46.95 47.00 47.01 47.02 47.08 47.21 47.46 47.82 48.26 48.74 49.21 49.61 49.94 50.24 50.54 50.85 51.15 51.40 51.58 51.65 51.59 51.37 50.99 50.46 49.88 49.34 48.96 48.83 48.95 49.29 49.76 50.22 50.54 50.65 50.51 50.18 49.74 49.27 48.85 48.49 48.19 47.95 47.76 47.63 47.53 47.42 47.25 46.96 46.55 46.11 45.76 45.63 45.83 46.34 47.08 47.90 48.67 49.29 49.74 50.03 50.21 50.31 50.30 50.19 50.06 50.50 54.10 73.00 
63.00 57.92 55.87 54.16 52.77 51.71 50.83 50.02 49.27 48.60 48.10 47.79 47.64 47.58 47.53 47.44 47.31 47.19 47.13 47.17 47.30 47.50 47.72 47.92 48.07 48.20 48.37 48.61 48.91 49.21 49.44 49.58 49.65 49.74 49.95 50.31 50.78 51.23 51.51 51.49 51.14 50.51 49.73 48.99 48.43 48.14 48.16 48.45 48.94 49.56 50.23 50.93 51.58 52.11 52.44 52.47 52.19 51.65 50.96 50.29 49.75 49.43 49.32 49.40 49.61 49.88 50.12 50.28 50.32 50.25 50.11 49.96 49.86 49.81 49.79 49.79 49.80 49.83 49.90 50.02 50.18 50.32 50.42 50.47 50.49 50.49 50.49 50.48 50.46 50.44 50.41 50.35 50.26 50.11 49.94 49.79 49.70 49.68 49.72 49.74 49.67 49.45 49.05 48.53 47.99 47.56 47.35 47.36 47.55 47.85 48.19 48.56 48.95 49.35 49.72 50.02 50.19 50.20 50.05 49.77 49.36 48.84 48.23 47.61 47.05 46.64 46.45 46.46 46.63 46.88 47.13 47.32 47.42 47.45 47.42 47.38 47.36 47.40 47.54 47.79 48.14 48.55 48.96 49.33 49.65 49.95 50.25 50.57 50.88 51.14 51.32 51.40 51.35 51.16 50.82 50.37 49.88 49.43 49.13 49.04 49.19 49.52 49.93 50.30 50.53 50.54 50.35 50.00 49.59 49.21 48.90 48.66 48.49 48.34 48.20 48.06 47.91 47.71 47.44 47.06 46.60 46.15 45.81 45.71 45.91 46.39 47.05 47.77 48.40 48.87 49.15 49.29 49.36 49.42 49.47 49.48 49.46 49.57 49.94 47.33 
66.33 62.76 58.31 55.21 53.20 51.86 50.90 50.11 49.42 48.82 48.37 48.10 47.99 47.96 47.94 47.87 47.76 47.65 47.58 47.59 47.67 47.81 47.96 48.08 48.18 48.29 48.47 48.77 49.16 49.58 49.93 50.16 50.28 50.36 50.51 50.75 51.06 51.36 51.52 51.43 51.05 50.43 49.67 48.91 48.31 47.97 47.93 48.18 48.68 49.36 50.14 50.97 51.76 52.44 52.88 53.01 52.79 52.30 51.67 51.06 50.58 50.29 50.19 50.23 50.36 50.54 50.69 50.78 50.78 50.67 50.49 50.27 50.06 49.86 49.70 49.56 49.47 49.45 49.54 49.72 49.97 50.23 50.47 50.64 50.74 50.78 50.78 50.77 50.77 50.78 50.79 50.76 50.66 50.46 50.19 49.93 49.72 49.62 49.61 49.62 49.58 49.38 49.02 48.52 47.98 47.53 47.26 47.22 47.37 47.66 48.06 48.54 49.07 49.62 50.11 50.46 50.62 50.57 50.32 49.91 49.38 48.77 48.11 47.50 47.00 46.72 46.68 46.85 47.14 47.47 47.75 47.94 48.02 48.01 47.94 47.83 47.73 47.67 47.68 47.80 48.03 48.33 48.66 48.98 49.28 49.56 49.85 50.15 50.45 50.70 50.89 50.99 50.98 50.85 50.61 50.26 49.87 49.53 49.32 49.30 49.48 49.78 50.12 50.39 50.50 50.42 50.16 49.80 49.43 49.13 48.93 48.83 48.78 48.74 48.68 48.57 48.40 48.15 47.80 47.37 46.89 46.46 46.17 46.11 46.32 46.75 47.31 47.88 48.33 48.59 48.67 48.64 48.59 48.60 48.66 48.67 48.49 48.17 48.60 55.67 
94.00 68.82 59.97 55.80 53.46 52.02 51.07 50.35 49.76 49.27 48.90 48.67 48.56 48.53 48.49 48.40 48.27 48.13 48.03 48.01 48.05 48.12 48.19 48.24 48.27 48.34 48.52 48.84 49.29 49.78 50.21 50.51 50.69 50.78 50.88 51.03 51.23 51.42 51.50 51.38 51.02 50.44 49.72 48.98 48.35 47.95 47.85 48.06 48.54 49.24 50.08 50.98 51.86 52.61 53.12 53.31 53.15 52.72 52.17 51.64 51.24 51.01 50.91 50.90 50.94 50.99 51.05 51.07 51.03 50.92 50.72 50.45 50.15 49.84 49.55 49.32 49.18 49.16 49.27 49.52 49.85 50.22 50.55 50.81 50.97 51.05 51.06 51.06 51.06 51.09 51.12 51.10 50.99 50.76 50.45 50.12 49.85 49.68 49.61 49.57 49.49 49.28 48.92 48.43 47.91 47.46 47.19 47.13 47.27 47.57 48.00 48.53 49.13 49.75 50.28 50.65 50.79 50.69 50.38 49.89 49.29 48.63 47.97 47.41 47.04 46.93 47.08 47.41 47.83 48.21 48.49 48.63 48.65 48.59 48.46 48.31 48.14 47.99 47.89 47.88 47.98 48.18 48.44 48.71 48.96 49.21 49.45 49.71 49.97 50.21 50.41 50.55 50.61 50.56 50.42 50.19 49.93 49.70 49.58 49.62 49.81 50.07 50.33 50.48 50.46 50.26 49.93 49.54 49.19 48.95 48.85 48.87 48.96 49.06 49.10 49.06 48.91 48.63 48.24 47.78 47.30 46.91 46.68 46.67 46.89 47.27 47.73 48.15 48.42 48.49 48.38 48.19 48.04 48.01 48.07 48.03 47.54 45.81 40.49 22.00 
51.00 58.83 57.45 55.13 53.32 52.09 51.27 50.67 50.19 49.79 49.49 49.29 49.18 49.11 49.03 48.91 48.75 48.58 48.46 48.40 48.40 48.42 48.42 48.38 48.35 48.37 48.53 48.86 49.32 49.84 50.32 50.67 50.88 51.00 51.08 51.18 51.31 51.43 51.47 51.36 51.04 50.52 49.84 49.13 48.49 48.05 47.90 48.07 48.53 49.22 50.06 50.96 51.84 52.60 53.12 53.32 53.19 52.82 52.35 51.92 51.62 51.45 51.36 51.31 51.26 51.22 51.18 51.15 51.10 50.98 50.79 50.49 50.13 49.74 49.37 49.09 48.94 48.95 49.12 49.43 49.83 50.26 50.67 50.99 51.20 51.30 51.32 51.32 51.33 51.35 51.38 51.35 51.22 50.98 50.67 50.33 50.05 49.84 49.71 49.60 49.45 49.18 48.78 48.29 47.77 47.35 47.10 47.06 47.21 47.53 47.97 48.51 49.11 49.71 50.23 50.58 50.71 50.60 50.28 49.78 49.17 48.52 47.92 47.47 47.25 47.33 47.66 48.15 48.64 49.03 49.25 49.30 49.23 49.08 48.91 48.72 48.52 48.32 48.15 48.05 48.06 48.18 48.37 48.58 48.79 48.97 49.14 49.32 49.53 49.74 49.96 50.14 50.27 50.33 50.31 50.20 50.06 49.94 49.90 49.98 50.16 50.37 50.52 50.53 50.36 50.03 49.60 49.15 48.80 48.60 48.58 48.72 48.95 49.19 49.37 49.43 49.34 49.07 48.67 48.20 47.73 47.38 47.20 47.24 47.46 47.81 48.18 48.48 48.60 48.52 48.28 47.98 47.76 47.72 47.84 47.94 47.73 46.85 45.41 48.00 
59.33 58.28 56.24 54.38 53.00 52.05 51.41 50.95 50.57 50.24 49.97 49.77 49.64 49.55 49.46 49.32 49.15 48.98 48.85 48.78 48.75 48.73 48.67 48.57 48.48 48.46 48.59 48.89 49.33 49.84 50.31 50.69 50.93 51.06 51.15 51.23 51.32 51.42 51.45 51.36 51.09 50.62 49.99 49.30 48.67 48.23 48.06 48.21 48.64 49.29 50.09 50.93 51.75 52.44 52.90 53.06 52.93 52.60 52.21 51.87 51.67 51.58 51.52 51.45 51.35 51.23 51.13 51.06 51.00 50.90 50.71 50.40 50.00 49.56 49.16 48.87 48.75 48.81 49.04 49.42 49.87 50.36 50.81 51.17 51.42 51.54 51.58 51.58 51.58 51.58 51.56 51.49 51.34 51.10 50.81 50.51 50.24 50.02 49.85 49.68 49.45 49.10 48.64 48.10 47.58 47.18 46.97 46.97 47.18 47.53 47.97 48.48 49.02 49.55 50.01 50.33 50.46 50.38 50.09 49.64 49.09 48.51 48.00 47.68 47.64 47.89 48.37 48.95 49.47 49.81 49.92 49.85 49.65 49.41 49.20 49.00 48.81 48.62 48.43 48.30 48.26 48.33 48.47 48.64 48.78 48.87 48.94 49.03 49.16 49.34 49.56 49.79 49.99 50.15 50.24 50.26 50.23 50.21 50.23 50.34 50.49 50.62 50.65 50.51 50.19 49.70 49.14 48.61 48.22 48.04 48.09 48.34 48.71 49.11 49.45 49.64 49.63 49.42 49.04 48.58 48.14 47.82 47.69 47.75 47.97 48.28 48.59 48.80 48.83 48.65 48.33 47.97 47.73 47.71 47.92 48.25 48.48 48.26 46.17 33.67 
71.00 58.85 55.09 53.43 52.48 51.86 51.43 51.09 50.78 50.48 50.21 50.00 49.86 49.76 49.67 49.56 49.43 49.31 49.22 49.17 49.14 49.10 49.01 48.88 48.75 48.69 48.76 49.01 49.39 49.85 50.30 50.66 50.91 51.06 51.15 51.23 51.33 51.42 51.47 51.41 51.17 50.73 50.12 49.45 48.84 48.41 48.27 48.42 48.84 49.45 50.16 50.91 51.61 52.18 52.53 52.62 52.46 52.14 51.79 51.55 51.44 51.42 51.42 51.36 51.23 51.08 50.95 50.87 50.81 50.71 50.52 50.21 49.79 49.33 48.93 48.66 48.58 48.71 49.01 49.44 49.94 50.46 50.95 51.35 51.63 51.79 51.85 51.85 51.82 51.78 51.70 51.57 51.37 51.12 50.85 50.59 50.36 50.17 49.98 49.76 49.45 49.04 48.50 47.92 47.37 46.97 46.80 46.87 47.14 47.54 47.99 48.46 48.92 49.36 49.73 50.01 50.14 50.10 49.88 49.51 49.04 48.56 48.17 47.99 48.09 48.48 49.06 49.68 50.17 50.41 50.39 50.17 49.85 49.54 49.29 49.11 48.98 48.84 48.70 48.59 48.55 48.60 48.72 48.84 48.92 48.92 48.88 48.85 48.90 49.03 49.24 49.49 49.75 49.97 50.16 50.28 50.37 50.44 50.52 50.63 50.74 50.79 50.70 50.41 49.92 49.27 48.58 47.95 47.51 47.32 47.43 47.78 48.28 48.84 49.33 49.66 49.77 49.65 49.33 48.91 48.51 48.23 48.13 48.21 48.42 48.69 48.94 49.08 49.05 48.82 48.46 48.09 47.85 47.86 48.15 48.71 49.58 51.36 57.20 82.67 
45.00 51.09 51.91 51.87 51.68 51.47 51.27 51.04 50.78 50.49 50.20 49.95 49.79 49.70 49.66 49.62 49.58 49.56 49.55 49.58 49.61 49.59 49.51 49.37 49.21 49.10 49.10 49.26 49.56 49.93 50.32 50.65 50.90 51.05 51.16 51.25 51.36 51.47 51.53 51.48 51.24 50.80 50.19 49.52 48.93 48.55 48.45 48.64 49.07 49.64 50.28 50.91 51.47 51.90 52.12 52.10 51.88 51.54 51.23 51.05 51.02 51.09 51.14 51.11 51.00 50.84 50.71 50.63 50.58 50.48 50.28 49.96 49.53 49.07 48.68 48.45 48.43 48.62 48.98 49.45 49.99 50.54 51.06 51.50 51.83 52.03 52.11 52.12 52.07 51.97 51.81 51.60 51.34 51.06 50.80 50.58 50.39 50.22 50.04 49.80 49.46 48.99 48.40 47.76 47.18 46.78 46.63 46.76 47.09 47.53 48.00 48.44 48.84 49.19 49.48 49.71 49.83 49.82 49.66 49.35 48.97 48.58 48.32 48.27 48.49 48.96 49.58 50.18 50.59 50.72 50.58 50.23 49.82 49.45 49.20 49.06 49.00 48.96 48.90 48.85 48.85 48.91 49.03 49.13 49.15 49.08 48.94 48.82 48.79 48.86 49.03 49.27 49.53 49.79 50.02 50.23 50.41 50.56 50.69 50.80 50.87 50.83 50.61 50.19 49.56 48.78 47.97 47.25 46.75 46.56 46.70 47.13 47.75 48.43 49.06 49.53 49.76 49.74 49.51 49.17 48.84 48.62 48.56 48.64 48.83 49.05 49.24 49.33 49.25 48.99 48.62 48.25 48.01 48.03 48.34 48.92 49.67 50.23 48.50 31.33 
52.00 48.60 49.57 50.41 50.83 50.98 50.97 50.84 50.61 50.30 49.97 49.69 49.50 49.42 49.43 49.50 49.59 49.71 49.86 50.01 50.14 50.20 50.16 50.03 49.84 49.66 49.57 49.62 49.80 50.08 50.41 50.70 50.93 51.08 51.20 51.31 51.43 51.55 51.62 51.55 51.29 50.81 50.18 49.50 48.93 48.61 48.58 48.83 49.29 49.84 50.42 50.94 51.36 51.64 51.71 51.58 51.29 50.93 50.64 50.52 50.56 50.69 50.81 50.82 50.73 50.59 50.48 50.41 50.35 50.24 50.03 49.68 49.24 48.79 48.43 48.25 48.28 48.52 48.92 49.42 49.98 50.56 51.10 51.58 51.95 52.20 52.32 52.33 52.26 52.12 51.89 51.60 51.27 50.95 50.68 50.48 50.33 50.20 50.05 49.82 49.47 48.98 48.36 47.68 47.07 46.65 46.50 46.64 47.00 47.48 47.96 48.39 48.75 49.06 49.31 49.50 49.60 49.59 49.43 49.16 48.83 48.53 48.36 48.41 48.71 49.22 49.82 50.35 50.67 50.69 50.45 50.04 49.58 49.20 48.97 48.89 48.92 48.98 49.03 49.06 49.11 49.21 49.33 49.42 49.43 49.32 49.14 48.96 48.85 48.86 48.98 49.15 49.36 49.59 49.83 50.08 50.32 50.53 50.69 50.80 50.81 50.70 50.39 49.87 49.14 48.27 47.39 46.62 46.09 45.90 46.06 46.54 47.23 47.99 48.72 49.28 49.62 49.71 49.59 49.36 49.12 48.97 48.95 49.05 49.22 49.40 49.53 49.55 49.43 49.15 48.77 48.40 48.16 48.15 48.44 49.03 49.90 51.32 55.16 73.00 
20.67 41.69 47.33 49.31 50.15 50.52 50.63 50.56 50.34 50.02 49.66 49.33 49.11 49.03 49.08 49.24 49.48 49.77 50.10 50.42 50.69 50.86 50.88 50.76 50.54 50.28 50.09 50.01 50.08 50.27 50.54 50.80 51.02 51.17 51.28 51.40 51.53 51.65 51.70 51.60 51.29 50.76 50.09 49.40 48.86 48.60 48.65 48.98 49.48 50.04 50.56 50.98 51.27 51.40 51.35 51.11 50.76 50.39 50.13 50.06 50.16 50.35 50.51 50.55 50.49 50.37 50.27 50.20 50.13 50.01 49.76 49.40 48.96 48.52 48.20 48.05 48.13 48.40 48.83 49.35 49.92 50.49 51.05 51.55 51.95 52.24 52.39 52.42 52.34 52.16 51.88 51.53 51.16 50.81 50.54 50.35 50.23 50.14 50.03 49.84 49.52 49.04 48.42 47.73 47.08 46.63 46.45 46.56 46.90 47.37 47.85 48.29 48.65 48.96 49.21 49.39 49.47 49.42 49.23 48.95 48.63 48.38 48.28 48.40 48.75 49.24 49.77 50.20 50.40 50.35 50.06 49.64 49.20 48.85 48.67 48.67 48.79 48.95 49.10 49.21 49.31 49.44 49.58 49.69 49.71 49.61 49.43 49.24 49.10 49.05 49.08 49.16 49.26 49.41 49.59 49.83 50.09 50.33 50.51 50.61 50.58 50.41 50.04 49.46 48.70 47.81 46.92 46.15 45.63 45.44 45.62 46.11 46.81 47.61 48.37 48.99 49.41 49.60 49.59 49.47 49.33 49.25 49.28 49.39 49.55 49.70 49.78 49.75 49.59 49.29 48.90 48.53 48.27 48.24 48.49 49.01 49.66 49.99 47.83 32.00 
65.67 50.17 48.73 49.31 49.88 50.21 50.35 50.30 50.10 49.78 49.38 49.01 48.73 48.62 48.69 48.92 49.29 49.75 50.26 50.76 51.18 51.46 51.54 51.43 51.16 50.83 50.53 50.35 50.32 50.46 50.69 50.94 51.15 51.30 51.41 51.52 51.65 51.75 51.77 51.62 51.26 50.68 49.98 49.29 48.79 48.59 48.72 49.12 49.67 50.23 50.71 51.04 51.21 51.21 51.04 50.72 50.34 49.98 49.77 49.76 49.91 50.13 50.30 50.35 50.29 50.18 50.08 50.00 49.92 49.77 49.50 49.12 48.68 48.27 47.98 47.88 47.99 48.29 48.73 49.24 49.78 50.33 50.87 51.37 51.79 52.09 52.26 52.30 52.22 52.02 51.72 51.36 50.98 50.64 50.38 50.21 50.13 50.09 50.03 49.89 49.63 49.20 48.61 47.92 47.26 46.75 46.50 46.54 46.82 47.23 47.70 48.14 48.54 48.89 49.17 49.36 49.42 49.33 49.09 48.76 48.43 48.20 48.16 48.32 48.67 49.11 49.52 49.81 49.89 49.77 49.49 49.12 48.75 48.49 48.39 48.46 48.66 48.91 49.14 49.32 49.46 49.61 49.76 49.89 49.94 49.89 49.76 49.59 49.45 49.36 49.29 49.24 49.21 49.23 49.32 49.51 49.75 49.99 50.18 50.27 50.22 50.02 49.63 49.05 48.30 47.46 46.62 45.90 45.42 45.25 45.42 45.89 46.57 47.34 48.09 48.73 49.19 49.46 49.54 49.50 49.44 49.43 49.49 49.62 49.77 49.90 49.96 49.90 49.71 49.40 49.01 48.62 48.35 48.30 48.53 49.08 49.94 51.24 54.21 67.00 
32.33 44.65 48.14 49.36 49.87 50.11 50.20 50.17 49.98 49.66 49.24 48.81 48.47 48.30 48.36 48.63 49.09 49.69 50.35 51.00 51.54 51.90 52.02 51.89 51.58 51.18 50.80 50.55 50.48 50.60 50.84 51.11 51.32 51.47 51.56 51.66 51.76 51.84 51.82 51.63 51.21 50.61 49.90 49.23 48.77 48.63 48.83 49.29 49.87 50.43 50.86 51.12 51.18 51.07 50.80 50.44 50.05 49.74 49.59 49.64 49.84 50.07 50.22 50.23 50.14 50.00 49.87 49.78 49.68 49.50 49.22 48.85 48.42 48.04 47.80 47.74 47.88 48.20 48.62 49.10 49.60 50.09 50.58 51.04 51.44 51.73 51.90 51.93 51.84 51.64 51.36 51.04 50.71 50.42 50.21 50.10 50.06 50.07 50.07 50.01 49.83 49.48 48.94 48.28 47.60 47.04 46.70 46.63 46.81 47.14 47.55 47.99 48.42 48.82 49.16 49.39 49.45 49.31 49.02 48.64 48.30 48.09 48.09 48.28 48.61 48.96 49.23 49.35 49.30 49.12 48.86 48.58 48.33 48.18 48.16 48.30 48.57 48.88 49.17 49.40 49.56 49.70 49.85 49.98 50.07 50.08 50.02 49.91 49.80 49.67 49.52 49.34 49.15 49.03 49.01 49.12 49.33 49.57 49.76 49.85 49.80 49.61 49.24 48.70 48.02 47.26 46.52 45.89 45.47 45.33 45.48 45.89 46.50 47.20 47.91 48.53 49.02 49.33 49.47 49.48 49.46 49.46 49.52 49.65 49.81 49.94 50.00 49.95 49.75 49.44 49.05 48.66 48.38 48.32 48.56 49.14 50.02 50.97 50.85 44.00 
39.67 48.02 49.97 50.28 50.26 50.24 50.24 50.19 50.02 49.71 49.27 48.79 48.38 48.14 48.16 48.44 48.96 49.65 50.41 51.15 51.75 52.13 52.23 52.07 51.71 51.26 50.84 50.57 50.52 50.67 50.95 51.25 51.49 51.63 51.72 51.79 51.87 51.92 51.86 51.62 51.18 50.57 49.88 49.27 48.87 48.79 49.04 49.52 50.11 50.64 51.02 51.20 51.18 50.98 50.66 50.28 49.92 49.67 49.61 49.73 49.94 50.15 50.24 50.17 50.00 49.80 49.64 49.51 49.39 49.21 48.93 48.57 48.18 47.85 47.65 47.64 47.82 48.14 48.55 48.97 49.39 49.80 50.20 50.58 50.93 51.18 51.31 51.32 51.21 51.02 50.79 50.55 50.33 50.16 50.05 50.02 50.04 50.11 50.18 50.21 50.12 49.87 49.42 48.81 48.12 47.50 47.07 46.88 46.92 47.14 47.47 47.87 48.31 48.76 49.15 49.42 49.50 49.35 49.03 48.63 48.29 48.13 48.17 48.40 48.70 48.95 49.07 49.02 48.83 48.58 48.34 48.14 48.01 47.96 48.02 48.21 48.51 48.86 49.18 49.43 49.59 49.70 49.82 49.93 50.04 50.10 50.12 50.08 50.00 49.86 49.63 49.34 49.03 48.78 48.66 48.71 48.88 49.12 49.32 49.44 49.42 49.27 48.96 48.50 47.91 47.27 46.64 46.11 45.76 45.63 45.74 46.08 46.59 47.20 47.83 48.42 48.90 49.22 49.38 49.41 49.37 49.34 49.37 49.47 49.62 49.77 49.86 49.83 49.66 49.36 48.98 48.60 48.32 48.27 48.52 49.15 50.26 51.94 54.32 57.33 
69.00 57.92 53.64 51.76 50.89 50.53 50.42 50.36 50.22 49.92 49.46 48.93 48.45 48.15 48.12 48.40 48.95 49.68 50.49 51.25 51.83 52.16 52.20 51.98 51.57 51.08 50.66 50.42 50.42 50.64 50.99 51.34 51.60 51.75 51.83 51.90 51.96 51.97 51.87 51.60 51.15 50.56 49.94 49.41 49.10 49.07 49.34 49.81 50.36 50.84 51.15 51.26 51.17 50.92 50.58 50.22 49.92 49.77 49.79 49.97 50.19 50.34 50.33 50.15 49.88 49.59 49.37 49.21 49.07 48.89 48.63 48.30 47.96 47.68 47.56 47.61 47.83 48.16 48.54 48.90 49.22 49.50 49.79 50.07 50.32 50.50 50.58 50.53 50.41 50.24 50.08 49.95 49.89 49.87 49.90 49.98 50.08 50.22 50.36 50.48 50.50 50.37 50.02 49.47 48.80 48.13 47.60 47.29 47.19 47.27 47.49 47.81 48.21 48.66 49.09 49.40 49.50 49.38 49.07 48.70 48.42 48.32 48.44 48.71 49.01 49.19 49.17 48.96 48.64 48.31 48.06 47.91 47.84 47.86 47.95 48.15 48.45 48.80 49.12 49.36 49.50 49.57 49.63 49.72 49.82 49.92 50.00 50.03 49.99 49.84 49.58 49.21 48.81 48.47 48.29 48.29 48.46 48.70 48.94 49.10 49.15 49.08 48.85 48.49 48.02 47.49 46.98 46.54 46.24 46.11 46.17 46.41 46.79 47.28 47.82 48.35 48.80 49.11 49.26 49.26 49.17 49.07 49.03 49.08 49.21 49.37 49.50 49.52 49.40 49.13 48.76 48.39 48.11 48.05 48.28 48.90 50.08 52.34 57.20 69.00 
77.00 61.15 55.18 52.54 51.32 50.81 50.66 50.63 50.52 50.23 49.76 49.18 48.63 48.27 48.22 48.50 49.07 49.83 50.63 51.34 51.84 52.07 52.01 51.71 51.24 50.75 50.35 50.16 50.22 50.51 50.93 51.33 51.63 51.80 51.90 51.96 52.00 51.97 51.83 51.54 51.09 50.57 50.05 49.63 49.41 49.43 49.70 50.12 50.58 50.96 51.18 51.22 51.09 50.83 50.51 50.21 50.00 49.95 50.06 50.29 50.51 50.59 50.47 50.16 49.77 49.39 49.11 48.91 48.76 48.58 48.34 48.04 47.76 47.57 47.54 47.67 47.96 48.31 48.66 48.94 49.14 49.29 49.43 49.58 49.71 49.80 49.80 49.71 49.56 49.41 49.32 49.33 49.43 49.60 49.80 49.99 50.19 50.39 50.61 50.81 50.96 50.95 50.72 50.25 49.60 48.90 48.28 47.84 47.59 47.51 47.58 47.77 48.08 48.48 48.90 49.24 49.39 49.33 49.09 48.80 48.60 48.61 48.83 49.18 49.51 49.66 49.56 49.24 48.80 48.39 48.10 47.94 47.89 47.89 47.96 48.11 48.36 48.66 48.95 49.16 49.26 49.29 49.31 49.35 49.44 49.56 49.68 49.76 49.76 49.63 49.35 48.96 48.52 48.15 47.94 47.93 48.10 48.37 48.65 48.88 49.02 49.04 48.93 48.69 48.33 47.92 47.51 47.14 46.87 46.72 46.70 46.82 47.06 47.41 47.82 48.26 48.65 48.93 49.05 49.00 48.85 48.67 48.54 48.52 48.62 48.80 48.96 49.04 48.97 48.74 48.38 48.01 47.73 47.63 47.78 48.19 48.90 50.17 53.15 62.33 
49.33 54.65 53.69 52.25 51.35 50.97 50.90 50.93 50.87 50.60 50.11 49.48 48.89 48.49 48.42 48.72 49.31 50.07 50.83 51.46 51.84 51.94 51.77 51.38 50.88 50.38 50.01 49.86 49.98 50.33 50.80 51.25 51.60 51.80 51.91 51.97 51.99 51.92 51.73 51.40 50.98 50.53 50.13 49.85 49.73 49.81 50.05 50.39 50.72 50.97 51.07 51.03 50.87 50.63 50.37 50.15 50.05 50.11 50.33 50.60 50.81 50.83 50.61 50.20 49.71 49.26 48.93 48.70 48.53 48.34 48.11 47.85 47.64 47.55 47.63 47.88 48.24 48.63 48.95 49.16 49.24 49.23 49.20 49.20 49.20 49.19 49.11 48.97 48.80 48.67 48.66 48.80 49.07 49.41 49.76 50.08 50.36 50.63 50.91 51.20 51.46 51.58 51.46 51.07 50.46 49.73 49.04 48.47 48.06 47.81 47.68 47.70 47.87 48.19 48.57 48.92 49.13 49.15 49.02 48.86 48.79 48.92 49.25 49.70 50.09 50.26 50.15 49.78 49.29 48.82 48.46 48.24 48.12 48.05 48.02 48.07 48.21 48.43 48.67 48.83 48.90 48.90 48.88 48.89 48.96 49.09 49.23 49.35 49.38 49.28 49.02 48.64 48.21 47.85 47.66 47.67 47.86 48.15 48.48 48.78 49.00 49.13 49.14 49.02 48.79 48.48 48.14 47.83 47.58 47.39 47.28 47.26 47.35 47.53 47.81 48.13 48.43 48.64 48.71 48.62 48.41 48.17 47.97 47.89 47.95 48.13 48.33 48.46 48.43 48.22 47.88 47.50 47.20 47.07 47.11 47.22 47.15 46.27 42.86 31.33 
55.67 54.59 52.94 51.76 51.17 51.00 51.09 51.22 51.22 50.97 50.46 49.81 49.18 48.78 48.72 49.04 49.65 50.39 51.09 51.61 51.86 51.83 51.56 51.11 50.59 50.10 49.75 49.64 49.79 50.17 50.67 51.17 51.55 51.79 51.92 51.96 51.93 51.79 51.52 51.16 50.76 50.39 50.13 49.99 49.99 50.12 50.33 50.55 50.74 50.83 50.81 50.69 50.51 50.29 50.10 49.98 50.00 50.18 50.50 50.83 51.04 51.02 50.74 50.27 49.73 49.25 48.89 48.64 48.45 48.24 48.01 47.79 47.65 47.66 47.87 48.25 48.70 49.13 49.43 49.55 49.50 49.34 49.14 48.97 48.84 48.73 48.59 48.42 48.25 48.16 48.22 48.47 48.88 49.36 49.84 50.26 50.61 50.92 51.26 51.63 51.98 52.20 52.19 51.88 51.30 50.57 49.80 49.11 48.54 48.09 47.76 47.58 47.58 47.76 48.07 48.42 48.70 48.83 48.85 48.83 48.90 49.15 49.58 50.12 50.58 50.83 50.77 50.43 49.94 49.43 49.02 48.72 48.49 48.29 48.12 48.02 48.04 48.16 48.32 48.45 48.50 48.48 48.45 48.45 48.50 48.62 48.76 48.89 48.95 48.88 48.66 48.32 47.94 47.62 47.46 47.50 47.70 48.02 48.38 48.73 49.04 49.27 49.40 49.40 49.27 49.04 48.77 48.50 48.25 48.02 47.83 47.69 47.62 47.65 47.76 47.94 48.13 48.25 48.27 48.15 47.92 47.64 47.40 47.28 47.32 47.49 47.71 47.87 47.87 47.69 47.35 46.96 46.64 46.49 46.49 46.50 46.19 44.84 40.67 28.33 
67.33 55.21 51.91 50.96 50.77 50.91 51.19 51.44 51.51 51.30 50.81 50.15 49.53 49.14 49.11 49.45 50.05 50.75 51.36 51.76 51.89 51.77 51.43 50.97 50.46 49.99 49.67 49.56 49.71 50.10 50.62 51.14 51.56 51.82 51.94 51.93 51.81 51.56 51.20 50.78 50.39 50.11 49.98 50.00 50.12 50.29 50.47 50.59 50.63 50.57 50.42 50.23 50.03 49.84 49.72 49.70 49.84 50.14 50.54 50.92 51.15 51.13 50.84 50.37 49.85 49.39 49.04 48.79 48.58 48.36 48.13 47.93 47.85 47.97 48.30 48.78 49.32 49.77 50.04 50.08 49.91 49.59 49.22 48.90 48.65 48.45 48.27 48.09 47.95 47.92 48.06 48.40 48.91 49.48 50.04 50.51 50.90 51.26 51.63 52.05 52.47 52.77 52.83 52.58 52.04 51.30 50.48 49.68 48.96 48.32 47.79 47.39 47.20 47.24 47.47 47.82 48.16 48.42 48.59 48.72 48.92 49.25 49.74 50.32 50.85 51.18 51.21 50.96 50.53 50.05 49.61 49.23 48.89 48.55 48.23 47.99 47.88 47.90 48.00 48.10 48.15 48.15 48.13 48.12 48.16 48.25 48.37 48.47 48.53 48.49 48.31 48.03 47.71 47.45 47.32 47.36 47.57 47.89 48.27 48.68 49.06 49.39 49.62 49.72 49.67 49.51 49.28 49.04 48.78 48.53 48.29 48.06 47.87 47.75 47.72 47.75 47.81 47.85 47.82 47.68 47.46 47.18 46.94 46.80 46.81 46.97 47.19 47.37 47.40 47.23 46.89 46.49 46.17 46.02 46.07 46.22 46.31 46.19 46.62 54.00 
41.33 47.07 48.65 49.50 50.14 50.70 51.19 51.56 51.71 51.56 51.13 50.52 49.95 49.59 49.58 49.91 50.46 51.07 51.56 51.85 51.88 51.70 51.36 50.93 50.47 50.05 49.75 49.64 49.79 50.16 50.68 51.21 51.64 51.90 51.97 51.87 51.61 51.21 50.73 50.24 49.87 49.67 49.68 49.84 50.08 50.31 50.47 50.51 50.43 50.25 50.01 49.76 49.54 49.38 49.32 49.39 49.63 50.02 50.49 50.91 51.16 51.16 50.91 50.50 50.06 49.67 49.37 49.15 48.94 48.72 48.48 48.30 48.27 48.46 48.87 49.43 50.00 50.46 50.68 50.64 50.35 49.89 49.38 48.92 48.57 48.31 48.11 47.96 47.88 47.92 48.15 48.57 49.14 49.75 50.33 50.82 51.22 51.59 51.99 52.43 52.88 53.21 53.31 53.10 52.58 51.84 50.99 50.12 49.28 48.48 47.76 47.18 46.81 46.70 46.85 47.19 47.59 47.98 48.29 48.56 48.83 49.20 49.69 50.26 50.81 51.20 51.34 51.22 50.91 50.49 50.06 49.64 49.20 48.74 48.30 47.94 47.73 47.69 47.76 47.87 47.96 48.00 48.00 48.00 48.01 48.04 48.09 48.14 48.17 48.13 48.00 47.77 47.50 47.28 47.16 47.20 47.39 47.70 48.10 48.54 49.00 49.43 49.75 49.92 49.93 49.81 49.61 49.37 49.13 48.88 48.61 48.33 48.07 47.87 47.72 47.63 47.58 47.54 47.47 47.33 47.13 46.88 46.64 46.50 46.50 46.63 46.85 47.04 47.08 46.93 46.60 46.20 45.88 45.76 45.89 46.26 46.75 47.04 45.63 34.67 
42.00 43.04 46.08 48.21 49.55 50.45 51.10 51.56 51.79 51.73 51.40 50.91 50.42 50.11 50.10 50.37 50.81 51.27 51.63 51.79 51.76 51.58 51.28 50.92 50.55 50.20 49.94 49.84 49.97 50.33 50.84 51.36 51.77 51.98 51.97 51.73 51.30 50.73 50.12 49.57 49.21 49.11 49.25 49.55 49.90 50.19 50.35 50.36 50.21 49.97 49.68 49.40 49.17 49.03 49.01 49.14 49.45 49.89 50.40 50.84 51.10 51.13 50.94 50.63 50.30 50.02 49.82 49.66 49.49 49.28 49.05 48.87 48.86 49.07 49.50 50.07 50.64 51.06 51.23 51.11 50.72 50.16 49.54 48.98 48.54 48.24 48.05 47.95 47.95 48.09 48.40 48.88 49.47 50.08 50.63 51.10 51.49 51.87 52.27 52.73 53.17 53.50 53.59 53.38 52.88 52.15 51.29 50.39 49.47 48.57 47.72 46.98 46.46 46.23 46.30 46.62 47.09 47.58 48.01 48.37 48.69 49.03 49.46 49.96 50.48 50.90 51.13 51.15 50.97 50.65 50.27 49.84 49.35 48.82 48.30 47.87 47.61 47.54 47.64 47.80 47.95 48.06 48.10 48.09 48.04 47.99 47.94 47.90 47.87 47.82 47.71 47.52 47.29 47.08 46.95 46.96 47.11 47.40 47.80 48.30 48.83 49.35 49.76 50.00 50.05 49.95 49.76 49.54 49.30 49.06 48.80 48.52 48.25 48.00 47.80 47.65 47.53 47.43 47.32 47.19 47.00 46.77 46.55 46.40 46.37 46.49 46.69 46.88 46.95 46.82 46.51 46.13 45.82 45.72 45.92 46.52 47.64 49.72 54.26 67.67 
17.00 36.88 44.23 47.52 49.23 50.25 50.95 51.45 51.75 51.80 51.60 51.25 50.87 50.63 50.59 50.75 51.03 51.30 51.49 51.54 51.48 51.33 51.12 50.88 50.62 50.36 50.15 50.07 50.19 50.53 51.01 51.50 51.86 51.99 51.85 51.46 50.86 50.14 49.42 48.85 48.52 48.50 48.76 49.17 49.62 49.97 50.16 50.16 50.02 49.77 49.49 49.22 49.01 48.88 48.89 49.05 49.37 49.82 50.32 50.74 50.99 51.05 50.94 50.74 50.54 50.39 50.30 50.23 50.12 49.95 49.72 49.54 49.49 49.66 50.05 50.58 51.09 51.46 51.58 51.40 50.96 50.33 49.63 49.00 48.51 48.19 48.02 47.98 48.07 48.30 48.69 49.20 49.78 50.34 50.85 51.27 51.65 52.03 52.45 52.90 53.32 53.61 53.66 53.43 52.92 52.20 51.36 50.46 49.53 48.58 47.65 46.82 46.20 45.88 45.89 46.21 46.71 47.27 47.79 48.20 48.52 48.80 49.12 49.51 49.94 50.35 50.65 50.78 50.74 50.54 50.23 49.83 49.34 48.78 48.22 47.77 47.50 47.46 47.61 47.86 48.11 48.29 48.38 48.36 48.24 48.08 47.90 47.76 47.66 47.57 47.46 47.29 47.07 46.85 46.69 46.64 46.74 46.99 47.40 47.93 48.55 49.16 49.66 49.97 50.08 50.00 49.83 49.61 49.38 49.15 48.90 48.65 48.40 48.17 47.98 47.81 47.67 47.55 47.43 47.29 47.11 46.89 46.66 46.49 46.43 46.51 46.69 46.88 46.97 46.88 46.62 46.27 45.97 45.86 46.06 46.66 47.88 50.14 54.13 59.33 
38.33 43.09 46.18 48.12 49.34 50.15 50.76 51.23 51.56 51.71 51.66 51.46 51.22 51.03 50.95 50.98 51.06 51.13 51.14 51.10 51.03 50.95 50.87 50.76 50.62 50.45 50.30 50.24 50.36 50.67 51.10 51.53 51.80 51.83 51.56 51.03 50.31 49.50 48.74 48.18 47.91 47.98 48.32 48.81 49.31 49.70 49.91 49.95 49.86 49.68 49.47 49.26 49.09 48.98 48.99 49.14 49.43 49.84 50.27 50.64 50.86 50.93 50.89 50.80 50.74 50.73 50.76 50.79 50.75 50.61 50.38 50.16 50.04 50.11 50.41 50.84 51.29 51.60 51.69 51.49 51.03 50.39 49.67 48.99 48.47 48.13 47.98 47.99 48.15 48.46 48.89 49.40 49.94 50.44 50.88 51.26 51.63 52.03 52.48 52.93 53.33 53.56 53.56 53.28 52.75 52.03 51.21 50.34 49.43 48.50 47.56 46.70 46.04 45.68 45.67 45.98 46.51 47.11 47.67 48.09 48.38 48.58 48.78 49.03 49.35 49.71 50.04 50.26 50.33 50.24 50.02 49.68 49.21 48.67 48.12 47.67 47.43 47.44 47.66 48.01 48.37 48.65 48.77 48.73 48.55 48.27 47.97 47.72 47.55 47.42 47.30 47.13 46.91 46.66 46.45 46.33 46.35 46.54 46.93 47.48 48.16 48.86 49.46 49.88 50.06 50.05 49.90 49.70 49.47 49.23 48.99 48.75 48.54 48.36 48.22 48.10 47.99 47.88 47.76 47.61 47.42 47.19 46.94 46.73 46.62 46.66 46.80 46.99 47.09 47.05 46.84 46.54 46.26 46.11 46.20 46.58 47.38 49.02 52.89 64.33 
60.00 50.76 48.96 49.11 49.60 50.06 50.49 50.89 51.23 51.45 51.53 51.47 51.34 51.21 51.10 51.00 50.90 50.78 50.65 50.55 50.49 50.49 50.53 50.56 50.53 50.45 50.34 50.30 50.39 50.65 51.00 51.33 51.50 51.42 51.06 50.46 49.69 48.89 48.18 47.69 47.51 47.64 48.02 48.52 49.01 49.39 49.62 49.72 49.71 49.65 49.56 49.46 49.37 49.30 49.29 49.39 49.61 49.91 50.24 50.53 50.71 50.78 50.80 50.82 50.88 51.01 51.16 51.28 51.30 51.17 50.92 50.61 50.38 50.32 50.48 50.81 51.19 51.48 51.58 51.42 51.00 50.39 49.68 48.99 48.45 48.09 47.94 47.98 48.19 48.52 48.96 49.44 49.91 50.33 50.69 51.04 51.43 51.87 52.36 52.84 53.22 53.41 53.35 53.01 52.44 51.71 50.90 50.07 49.21 48.33 47.45 46.64 46.01 45.67 45.67 45.98 46.51 47.13 47.68 48.10 48.34 48.45 48.52 48.63 48.83 49.12 49.43 49.70 49.85 49.87 49.74 49.46 49.05 48.55 48.03 47.62 47.42 47.48 47.79 48.24 48.70 49.05 49.21 49.14 48.89 48.51 48.12 47.80 47.57 47.42 47.29 47.11 46.88 46.60 46.32 46.11 46.03 46.14 46.46 47.00 47.71 48.48 49.19 49.73 50.04 50.12 50.05 49.87 49.64 49.37 49.10 48.86 48.67 48.55 48.49 48.45 48.40 48.32 48.22 48.08 47.88 47.63 47.34 47.07 46.90 46.87 46.97 47.13 47.25 47.24 47.09 46.84 46.58 46.40 46.33 46.33 46.27 45.82 44.15 39.00 
58.67 50.80 49.51 49.48 49.65 49.86 50.12 50.43 50.74 51.00 51.16 51.22 51.19 51.11 50.99 50.82 50.60 50.36 50.14 50.00 49.97 50.05 50.19 50.31 50.36 50.32 50.24 50.18 50.23 50.41 50.66 50.87 50.93 50.77 50.36 49.78 49.09 48.40 47.84 47.49 47.40 47.58 47.93 48.37 48.78 49.09 49.31 49.45 49.55 49.64 49.71 49.76 49.76 49.73 49.71 49.74 49.84 50.01 50.21 50.39 50.52 50.60 50.68 50.80 51.00 51.25 51.51 51.70 51.74 51.59 51.26 50.84 50.46 50.26 50.28 50.51 50.85 51.16 51.32 51.25 50.93 50.40 49.74 49.07 48.51 48.13 47.97 48.00 48.20 48.52 48.92 49.33 49.71 50.04 50.34 50.67 51.08 51.58 52.13 52.64 53.03 53.19 53.07 52.68 52.06 51.31 50.51 49.70 48.91 48.12 47.35 46.65 46.11 45.84 45.88 46.20 46.73 47.33 47.86 48.24 48.42 48.46 48.43 48.41 48.49 48.68 48.94 49.22 49.42 49.50 49.44 49.23 48.89 48.46 48.00 47.64 47.49 47.62 48.00 48.53 49.07 49.46 49.63 49.53 49.22 48.79 48.35 48.00 47.76 47.60 47.46 47.29 47.04 46.72 46.38 46.08 45.89 45.87 46.09 46.55 47.24 48.06 48.87 49.54 50.00 50.23 50.25 50.12 49.89 49.59 49.27 48.99 48.81 48.73 48.74 48.78 48.81 48.79 48.72 48.58 48.38 48.10 47.77 47.44 47.19 47.09 47.14 47.27 47.39 47.41 47.30 47.10 46.87 46.69 46.53 46.29 45.65 43.89 38.94 23.33 
24.33 44.13 48.61 49.48 49.56 49.56 49.66 49.88 50.15 50.41 50.61 50.73 50.79 50.77 50.68 50.51 50.25 49.97 49.72 49.59 49.60 49.73 49.91 50.07 50.14 50.10 49.99 49.88 49.86 49.93 50.06 50.15 50.12 49.91 49.54 49.07 48.56 48.10 47.76 47.59 47.61 47.80 48.07 48.37 48.64 48.85 49.01 49.18 49.38 49.61 49.85 50.04 50.16 50.18 50.15 50.09 50.06 50.08 50.13 50.21 50.30 50.39 50.54 50.77 51.09 51.46 51.81 52.04 52.06 51.85 51.41 50.86 50.33 49.97 49.86 50.02 50.35 50.72 50.99 51.07 50.89 50.47 49.89 49.26 48.70 48.30 48.11 48.11 48.27 48.53 48.85 49.16 49.43 49.67 49.91 50.23 50.66 51.21 51.82 52.38 52.77 52.92 52.77 52.34 51.69 50.91 50.10 49.32 48.59 47.91 47.28 46.74 46.35 46.19 46.29 46.63 47.14 47.70 48.19 48.52 48.66 48.63 48.51 48.40 48.37 48.46 48.66 48.89 49.08 49.18 49.17 49.02 48.75 48.40 48.03 47.75 47.68 47.88 48.32 48.90 49.46 49.85 49.99 49.85 49.50 49.05 48.63 48.31 48.10 47.95 47.82 47.64 47.38 47.05 46.67 46.29 45.98 45.81 45.87 46.21 46.82 47.63 48.50 49.30 49.92 50.30 50.45 50.39 50.17 49.84 49.48 49.16 48.96 48.90 48.96 49.07 49.17 49.20 49.16 49.05 48.84 48.55 48.18 47.79 47.47 47.29 47.28 47.38 47.49 47.53 47.45 47.29 47.12 46.98 46.86 46.66 46.15 45.16 44.39 50.67 
56.33 52.77 51.31 50.27 49.58 49.23 49.17 49.30 49.53 49.77 49.97 50.13 50.23 50.28 50.26 50.14 49.93 49.68 49.48 49.39 49.43 49.58 49.75 49.88 49.89 49.79 49.60 49.41 49.29 49.25 49.26 49.25 49.16 48.96 48.69 48.41 48.16 47.99 47.92 47.95 48.08 48.24 48.41 48.54 48.63 48.70 48.80 48.97 49.24 49.58 49.95 50.26 50.46 50.53 50.48 50.35 50.19 50.07 50.00 50.00 50.05 50.17 50.39 50.72 51.15 51.62 52.03 52.28 52.26 51.96 51.41 50.73 50.06 49.57 49.37 49.47 49.82 50.27 50.68 50.91 50.89 50.61 50.14 49.57 49.03 48.63 48.40 48.36 48.45 48.63 48.83 49.03 49.19 49.33 49.52 49.81 50.25 50.83 51.47 52.06 52.47 52.62 52.47 52.02 51.35 50.55 49.74 48.98 48.32 47.76 47.29 46.94 46.72 46.69 46.86 47.22 47.70 48.20 48.62 48.90 49.00 48.94 48.78 48.62 48.52 48.52 48.62 48.77 48.91 48.97 48.95 48.83 48.63 48.37 48.12 47.96 47.99 48.26 48.75 49.33 49.86 50.19 50.25 50.05 49.68 49.27 48.92 48.68 48.52 48.41 48.28 48.11 47.86 47.53 47.14 46.71 46.29 45.97 45.85 46.01 46.49 47.23 48.12 49.00 49.74 50.26 50.53 50.57 50.40 50.08 49.70 49.36 49.14 49.09 49.17 49.32 49.46 49.54 49.53 49.43 49.23 48.92 48.52 48.08 47.70 47.47 47.40 47.47 47.58 47.62 47.57 47.45 47.33 47.28 47.31 47.33 47.11 46.15 42.74 28.67 
71.00 59.38 53.75 50.93 49.51 48.86 48.68 48.76 48.96 49.19 49.39 49.55 49.69 49.80 49.84 49.80 49.68 49.53 49.41 49.37 49.44 49.58 49.70 49.74 49.64 49.42 49.13 48.83 48.60 48.46 48.38 48.30 48.19 48.05 47.92 47.85 47.89 48.02 48.22 48.45 48.66 48.81 48.86 48.84 48.77 48.71 48.74 48.90 49.19 49.57 49.99 50.35 50.59 50.68 50.61 50.42 50.18 49.96 49.80 49.74 49.77 49.92 50.20 50.61 51.12 51.67 52.12 52.36 52.31 51.94 51.31 50.53 49.77 49.21 48.95 49.03 49.39 49.91 50.43 50.80 50.93 50.80 50.44 49.96 49.47 49.08 48.84 48.75 48.77 48.85 48.94 49.00 49.04 49.10 49.22 49.47 49.90 50.47 51.12 51.71 52.13 52.30 52.16 51.73 51.07 50.27 49.46 48.73 48.14 47.70 47.41 47.25 47.22 47.32 47.56 47.91 48.32 48.74 49.08 49.30 49.38 49.32 49.19 49.03 48.92 48.87 48.89 48.93 48.94 48.91 48.82 48.70 48.55 48.40 48.29 48.28 48.43 48.78 49.28 49.82 50.25 50.45 50.39 50.12 49.74 49.40 49.15 49.01 48.94 48.86 48.73 48.56 48.33 48.05 47.69 47.25 46.76 46.31 46.01 45.98 46.28 46.89 47.72 48.62 49.43 50.05 50.43 50.57 50.48 50.21 49.87 49.55 49.34 49.29 49.38 49.55 49.71 49.81 49.82 49.73 49.53 49.22 48.80 48.34 47.92 47.64 47.54 47.59 47.69 47.74 47.71 47.62 47.57 47.63 47.88 48.30 48.83 49.58 51.75 63.00 
75.67 60.19 53.68 50.61 49.10 48.43 48.25 48.35 48.57 48.80 49.00 49.17 49.32 49.45 49.53 49.56 49.52 49.46 49.43 49.47 49.56 49.67 49.71 49.64 49.41 49.06 48.64 48.23 47.91 47.69 47.54 47.43 47.33 47.28 47.30 47.45 47.73 48.12 48.55 48.94 49.23 49.36 49.34 49.20 49.02 48.89 48.87 49.00 49.26 49.61 49.99 50.31 50.52 50.59 50.50 50.29 50.01 49.74 49.54 49.45 49.48 49.65 49.96 50.40 50.95 51.52 51.98 52.22 52.15 51.76 51.11 50.32 49.56 48.99 48.73 48.80 49.18 49.73 50.30 50.75 50.98 50.96 50.72 50.34 49.94 49.60 49.38 49.27 49.23 49.20 49.16 49.10 49.02 48.97 49.02 49.23 49.61 50.15 50.76 51.34 51.77 51.96 51.86 51.47 50.85 50.09 49.31 48.61 48.09 47.77 47.65 47.68 47.83 48.05 48.32 48.63 48.95 49.24 49.48 49.64 49.71 49.71 49.67 49.61 49.56 49.51 49.45 49.36 49.22 49.03 48.84 48.67 48.56 48.52 48.57 48.72 49.00 49.41 49.89 50.32 50.59 50.62 50.41 50.05 49.68 49.40 49.27 49.24 49.23 49.17 49.05 48.89 48.70 48.49 48.20 47.81 47.31 46.78 46.32 46.09 46.19 46.64 47.35 48.18 48.99 49.65 50.10 50.33 50.34 50.18 49.92 49.66 49.50 49.48 49.59 49.77 49.94 50.05 50.06 49.98 49.79 49.48 49.06 48.58 48.14 47.84 47.73 47.76 47.86 47.93 47.92 47.87 47.87 48.05 48.52 49.33 50.45 51.62 51.68 45.00 
54.00 52.28 50.62 49.28 48.41 48.00 47.95 48.13 48.41 48.68 48.90 49.07 49.21 49.32 49.40 49.44 49.44 49.44 49.48 49.57 49.68 49.76 49.74 49.57 49.23 48.76 48.24 47.75 47.35 47.07 46.88 46.76 46.71 46.73 46.89 47.20 47.67 48.23 48.81 49.31 49.66 49.80 49.75 49.57 49.36 49.21 49.17 49.26 49.46 49.71 49.96 50.17 50.29 50.29 50.18 49.97 49.70 49.43 49.23 49.15 49.19 49.36 49.65 50.08 50.59 51.13 51.58 51.82 51.77 51.43 50.85 50.15 49.48 48.99 48.77 48.86 49.21 49.74 50.29 50.74 51.01 51.05 50.91 50.64 50.35 50.10 49.94 49.83 49.75 49.64 49.47 49.27 49.07 48.92 48.89 49.03 49.36 49.85 50.42 50.97 51.40 51.62 51.59 51.28 50.73 50.02 49.28 48.63 48.18 47.98 48.02 48.23 48.53 48.85 49.12 49.35 49.52 49.66 49.77 49.86 49.95 50.06 50.17 50.28 50.35 50.36 50.26 50.04 49.73 49.36 49.03 48.81 48.72 48.78 48.98 49.29 49.68 50.12 50.52 50.80 50.86 50.69 50.32 49.88 49.51 49.31 49.26 49.31 49.34 49.30 49.19 49.04 48.90 48.78 48.60 48.31 47.85 47.28 46.72 46.32 46.22 46.46 47.00 47.69 48.42 49.05 49.53 49.82 49.93 49.89 49.76 49.62 49.55 49.59 49.74 49.94 50.12 50.24 50.26 50.19 50.00 49.70 49.29 48.82 48.39 48.09 47.96 48.00 48.10 48.19 48.22 48.20 48.25 48.53 49.18 50.37 52.23 54.89 58.41 62.33 
29.00 44.56 47.71 48.04 47.86 47.77 47.88 48.15 48.48 48.80 49.05 49.23 49.35 49.42 49.45 49.44 49.41 49.42 49.48 49.60 49.73 49.81 49.76 49.53 49.13 48.60 48.02 47.47 47.03 46.71 46.49 46.37 46.34 46.43 46.67 47.08 47.64 48.28 48.93 49.49 49.88 50.06 50.04 49.89 49.71 49.59 49.56 49.61 49.72 49.84 49.93 49.97 49.96 49.89 49.75 49.55 49.32 49.09 48.93 48.87 48.92 49.07 49.32 49.66 50.09 50.55 50.95 51.19 51.19 50.96 50.53 50.00 49.51 49.16 49.03 49.15 49.47 49.92 50.38 50.75 50.98 51.04 50.95 50.80 50.63 50.51 50.43 50.37 50.26 50.07 49.79 49.46 49.14 48.89 48.78 48.86 49.12 49.55 50.08 50.61 51.05 51.32 51.36 51.15 50.69 50.06 49.38 48.78 48.41 48.32 48.51 48.89 49.32 49.69 49.93 50.03 50.02 49.96 49.92 49.95 50.07 50.31 50.61 50.93 51.18 51.27 51.16 50.85 50.37 49.85 49.39 49.11 49.04 49.20 49.52 49.95 50.41 50.83 51.13 51.23 51.08 50.71 50.20 49.69 49.32 49.15 49.16 49.24 49.30 49.26 49.15 49.02 48.94 48.91 48.86 48.68 48.32 47.77 47.16 46.63 46.35 46.37 46.68 47.19 47.75 48.29 48.73 49.05 49.24 49.33 49.34 49.34 49.40 49.53 49.74 49.98 50.20 50.34 50.38 50.32 50.14 49.86 49.48 49.04 48.63 48.34 48.22 48.25 48.38 48.50 48.57 48.61 48.70 49.02 49.77 51.15 53.51 57.50 64.85 80.33 
57.33 49.48 48.02 47.81 47.79 47.86 48.06 48.37 48.74 49.09 49.37 49.55 49.65 49.67 49.62 49.52 49.42 49.38 49.42 49.55 49.70 49.80 49.76 49.55 49.15 48.62 48.03 47.47 46.99 46.63 46.38 46.24 46.22 46.33 46.60 47.04 47.60 48.24 48.89 49.46 49.89 50.12 50.17 50.11 50.01 49.94 49.94 49.97 49.99 49.97 49.90 49.78 49.64 49.50 49.34 49.16 48.97 48.79 48.68 48.64 48.69 48.81 48.99 49.22 49.52 49.87 50.20 50.43 50.51 50.41 50.17 49.87 49.59 49.43 49.42 49.58 49.87 50.22 50.54 50.78 50.91 50.92 50.86 50.78 50.75 50.76 50.80 50.79 50.68 50.43 50.06 49.62 49.20 48.86 48.68 48.69 48.90 49.28 49.76 50.27 50.73 51.05 51.18 51.07 50.72 50.18 49.56 49.03 48.74 48.77 49.10 49.61 50.13 50.52 50.70 50.64 50.43 50.17 49.97 49.92 50.07 50.43 50.93 51.45 51.87 52.07 51.97 51.59 51.02 50.39 49.85 49.54 49.50 49.73 50.14 50.63 51.11 51.48 51.66 51.58 51.25 50.71 50.10 49.54 49.16 49.00 49.01 49.10 49.15 49.11 49.01 48.90 48.87 48.92 48.97 48.92 48.66 48.18 47.56 46.96 46.52 46.34 46.42 46.69 47.05 47.43 47.78 48.08 48.32 48.50 48.65 48.80 49.00 49.25 49.54 49.84 50.09 50.26 50.33 50.30 50.16 49.91 49.57 49.18 48.81 48.54 48.43 48.47 48.63 48.80 48.95 49.05 49.18 49.49 50.16 51.41 53.52 57.01 63.25 77.67 
58.33 48.11 47.32 47.74 48.05 48.24 48.45 48.73 49.08 49.43 49.72 49.92 50.00 49.97 49.84 49.65 49.46 49.35 49.35 49.46 49.63 49.77 49.79 49.64 49.31 48.84 48.28 47.72 47.21 46.80 46.49 46.30 46.25 46.35 46.60 47.00 47.50 48.08 48.68 49.23 49.68 49.99 50.14 50.19 50.19 50.20 50.23 50.25 50.22 50.10 49.90 49.67 49.44 49.24 49.07 48.90 48.74 48.60 48.51 48.50 48.54 48.62 48.71 48.83 49.00 49.22 49.48 49.71 49.86 49.89 49.84 49.75 49.68 49.70 49.83 50.04 50.31 50.56 50.74 50.82 50.81 50.73 50.65 50.64 50.71 50.86 51.01 51.07 50.98 50.69 50.25 49.74 49.24 48.84 48.60 48.56 48.72 49.05 49.49 49.98 50.45 50.82 51.02 51.00 50.74 50.28 49.75 49.30 49.10 49.24 49.68 50.29 50.88 51.26 51.35 51.15 50.74 50.28 49.92 49.79 49.95 50.39 51.03 51.71 52.27 52.55 52.49 52.11 51.51 50.85 50.32 50.04 50.05 50.33 50.77 51.27 51.72 52.01 52.07 51.85 51.38 50.74 50.06 49.47 49.06 48.87 48.85 48.91 48.95 48.91 48.83 48.75 48.75 48.85 48.98 49.02 48.87 48.47 47.90 47.27 46.73 46.38 46.24 46.27 46.40 46.59 46.80 47.03 47.27 47.51 47.77 48.05 48.37 48.73 49.10 49.45 49.74 49.95 50.06 50.07 49.98 49.79 49.52 49.18 48.86 48.62 48.53 48.60 48.80 49.05 49.29 49.49 49.65 49.90 50.37 51.20 52.50 53.99 53.59 39.33 
6.33 37.32 45.46 47.90 48.65 48.87 48.99 49.16 49.42 49.73 50.01 50.22 50.30 50.24 50.05 49.78 49.52 49.34 49.29 49.39 49.57 49.75 49.85 49.80 49.57 49.19 48.69 48.14 47.61 47.13 46.74 46.48 46.36 46.40 46.59 46.91 47.32 47.80 48.32 48.84 49.32 49.70 49.97 50.15 50.26 50.35 50.41 50.44 50.38 50.22 49.97 49.69 49.42 49.20 49.01 48.84 48.68 48.54 48.46 48.44 48.47 48.51 48.54 48.56 48.62 48.74 48.94 49.16 49.36 49.51 49.60 49.67 49.77 49.94 50.17 50.45 50.70 50.88 50.94 50.86 50.70 50.51 50.39 50.40 50.56 50.82 51.07 51.20 51.13 50.84 50.38 49.83 49.29 48.85 48.58 48.50 48.62 48.90 49.30 49.75 50.21 50.59 50.82 50.85 50.66 50.27 49.82 49.46 49.37 49.61 50.14 50.82 51.42 51.78 51.79 51.46 50.91 50.29 49.79 49.57 49.70 50.17 50.87 51.63 52.26 52.60 52.59 52.26 51.72 51.16 50.73 50.54 50.62 50.93 51.36 51.82 52.19 52.39 52.35 52.04 51.50 50.81 50.09 49.47 49.03 48.77 48.69 48.69 48.71 48.69 48.64 48.59 48.62 48.74 48.90 49.01 48.94 48.64 48.13 47.52 46.94 46.48 46.17 45.99 45.91 45.89 45.95 46.07 46.26 46.52 46.84 47.21 47.61 48.03 48.44 48.81 49.11 49.35 49.50 49.57 49.56 49.46 49.26 49.01 48.75 48.56 48.50 48.62 48.88 49.23 49.58 49.88 50.08 50.25 50.45 50.82 51.51 53.02 57.87 80.33 
56.67 49.26 49.15 49.63 49.78 49.70 49.58 49.58 49.71 49.95 50.21 50.41 50.49 50.42 50.20 49.89 49.58 49.36 49.28 49.36 49.55 49.77 49.94 49.98 49.87 49.58 49.16 48.64 48.08 47.53 47.05 46.69 46.49 46.45 46.56 46.78 47.08 47.45 47.88 48.37 48.87 49.33 49.72 50.02 50.23 50.39 50.50 50.54 50.49 50.34 50.11 49.85 49.59 49.36 49.16 48.97 48.78 48.61 48.51 48.47 48.48 48.50 48.49 48.47 48.46 48.53 48.68 48.90 49.14 49.35 49.53 49.69 49.88 50.13 50.44 50.76 51.01 51.14 51.09 50.89 50.59 50.29 50.11 50.13 50.33 50.66 50.99 51.18 51.15 50.88 50.44 49.90 49.37 48.94 48.65 48.55 48.62 48.85 49.19 49.58 49.98 50.32 50.53 50.55 50.37 50.04 49.67 49.42 49.43 49.76 50.35 51.04 51.64 51.97 51.92 51.52 50.87 50.15 49.56 49.26 49.33 49.76 50.44 51.19 51.83 52.20 52.25 52.02 51.64 51.26 51.02 50.99 51.17 51.49 51.88 52.24 52.50 52.61 52.51 52.16 51.60 50.90 50.17 49.52 49.00 48.66 48.49 48.44 48.44 48.46 48.45 48.45 48.50 48.62 48.80 48.94 48.93 48.70 48.28 47.73 47.17 46.66 46.25 45.92 45.66 45.47 45.37 45.38 45.50 45.74 46.06 46.45 46.86 47.26 47.63 47.96 48.25 48.49 48.69 48.84 48.91 48.91 48.82 48.66 48.48 48.36 48.36 48.53 48.86 49.31 49.79 50.20 50.45 50.52 50.43 50.22 49.81 48.77 44.58 23.33 
60.00 53.65 51.90 51.34 50.92 50.48 50.11 49.91 49.92 50.09 50.33 50.53 50.61 50.53 50.30 49.97 49.64 49.40 49.30 49.37 49.56 49.80 50.02 50.15 50.13 49.94 49.59 49.10 48.53 47.93 47.38 46.93 46.64 46.52 46.54 46.65 46.84 47.09 47.44 47.89 48.42 48.97 49.46 49.86 50.16 50.36 50.50 50.56 50.54 50.45 50.28 50.08 49.87 49.66 49.45 49.21 48.97 48.76 48.61 48.56 48.57 48.60 48.60 48.58 48.56 48.60 48.74 48.97 49.22 49.45 49.65 49.83 50.04 50.31 50.64 50.97 51.21 51.28 51.15 50.85 50.44 50.07 49.84 49.84 50.07 50.44 50.80 51.03 51.05 50.84 50.46 49.99 49.51 49.11 48.83 48.71 48.74 48.91 49.16 49.46 49.75 49.98 50.09 50.05 49.85 49.55 49.26 49.11 49.22 49.62 50.23 50.90 51.47 51.76 51.70 51.29 50.63 49.88 49.24 48.87 48.87 49.21 49.81 50.49 51.09 51.46 51.58 51.49 51.32 51.19 51.20 51.37 51.66 51.99 52.30 52.54 52.69 52.71 52.56 52.22 51.68 51.00 50.26 49.56 48.97 48.53 48.27 48.16 48.16 48.22 48.28 48.33 48.41 48.54 48.71 48.85 48.86 48.69 48.35 47.88 47.38 46.90 46.47 46.07 45.71 45.40 45.18 45.08 45.13 45.30 45.58 45.91 46.24 46.54 46.80 47.03 47.26 47.50 47.73 47.95 48.11 48.21 48.22 48.17 48.09 48.05 48.12 48.36 48.77 49.33 49.92 50.43 50.73 50.72 50.38 49.70 48.70 47.60 48.31 63.00 
50.67 53.14 52.95 52.39 51.73 51.04 50.46 50.11 50.03 50.16 50.40 50.61 50.70 50.61 50.36 50.02 49.68 49.44 49.34 49.39 49.57 49.82 50.08 50.26 50.32 50.21 49.92 49.48 48.91 48.30 47.70 47.21 46.85 46.66 46.59 46.60 46.68 46.83 47.10 47.52 48.06 48.66 49.23 49.69 50.03 50.26 50.40 50.48 50.51 50.48 50.41 50.30 50.15 49.97 49.74 49.46 49.17 48.91 48.74 48.68 48.72 48.80 48.85 48.87 48.88 48.94 49.08 49.31 49.55 49.77 49.95 50.09 50.26 50.49 50.78 51.07 51.26 51.28 51.09 50.72 50.25 49.84 49.59 49.59 49.81 50.18 50.55 50.80 50.87 50.75 50.47 50.10 49.71 49.36 49.10 48.97 48.96 49.05 49.20 49.37 49.50 49.57 49.52 49.36 49.11 48.83 48.62 48.58 48.78 49.21 49.80 50.43 50.95 51.23 51.19 50.83 50.23 49.52 48.89 48.49 48.42 48.67 49.15 49.72 50.24 50.59 50.77 50.83 50.88 51.03 51.30 51.68 52.07 52.41 52.63 52.74 52.77 52.71 52.54 52.21 51.71 51.06 50.33 49.59 48.93 48.40 48.06 47.92 47.93 48.04 48.17 48.29 48.41 48.54 48.69 48.79 48.79 48.65 48.36 47.97 47.55 47.15 46.76 46.38 46.01 45.66 45.38 45.21 45.19 45.30 45.49 45.70 45.87 45.99 46.08 46.17 46.32 46.53 46.79 47.06 47.29 47.47 47.57 47.61 47.63 47.68 47.84 48.15 48.64 49.28 49.98 50.58 50.91 50.85 50.31 49.24 47.48 44.49 37.97 17.33 
58.33 54.95 53.82 53.00 52.15 51.30 50.60 50.17 50.05 50.19 50.45 50.69 50.78 50.68 50.42 50.07 49.72 49.48 49.37 49.41 49.58 49.83 50.10 50.31 50.42 50.37 50.14 49.74 49.21 48.62 48.04 47.54 47.16 46.92 46.77 46.69 46.66 46.72 46.92 47.29 47.82 48.43 49.01 49.49 49.82 50.04 50.17 50.25 50.32 50.37 50.39 50.38 50.31 50.16 49.92 49.61 49.28 49.00 48.83 48.81 48.90 49.05 49.18 49.27 49.33 49.43 49.59 49.81 50.03 50.21 50.33 50.42 50.51 50.66 50.86 51.06 51.17 51.13 50.89 50.49 50.03 49.62 49.40 49.40 49.62 49.96 50.30 50.56 50.68 50.65 50.49 50.25 49.95 49.67 49.44 49.29 49.24 49.24 49.27 49.27 49.22 49.09 48.86 48.56 48.25 47.98 47.85 47.91 48.18 48.63 49.19 49.75 50.22 50.50 50.52 50.26 49.77 49.17 48.60 48.21 48.10 48.27 48.64 49.09 49.52 49.83 50.05 50.24 50.50 50.88 51.39 51.94 52.42 52.74 52.87 52.86 52.77 52.63 52.43 52.12 51.67 51.06 50.35 49.61 48.91 48.33 47.95 47.79 47.83 47.99 48.19 48.38 48.53 48.65 48.75 48.79 48.74 48.57 48.30 47.97 47.63 47.31 47.02 46.73 46.43 46.13 45.87 45.70 45.65 45.69 45.78 45.83 45.81 45.72 45.61 45.55 45.61 45.79 46.05 46.34 46.60 46.80 46.94 47.05 47.15 47.30 47.54 47.93 48.48 49.19 49.95 50.62 51.00 50.92 50.28 49.05 47.19 44.68 41.64 40.67 
55.00 54.19 53.86 53.15 52.23 51.31 50.56 50.12 50.02 50.20 50.50 50.76 50.87 50.77 50.50 50.14 49.79 49.53 49.41 49.44 49.60 49.84 50.11 50.35 50.49 50.47 50.28 49.91 49.43 48.90 48.38 47.94 47.59 47.33 47.13 46.96 46.82 46.78 46.90 47.20 47.67 48.23 48.76 49.18 49.46 49.62 49.73 49.82 49.93 50.05 50.17 50.26 50.26 50.15 49.93 49.63 49.29 49.02 48.88 48.90 49.07 49.29 49.51 49.67 49.81 49.95 50.13 50.33 50.52 50.64 50.70 50.71 50.73 50.78 50.87 50.96 50.97 50.85 50.59 50.21 49.80 49.47 49.30 49.33 49.53 49.83 50.14 50.38 50.54 50.60 50.56 50.43 50.23 50.00 49.79 49.63 49.52 49.43 49.33 49.17 48.93 48.59 48.18 47.76 47.39 47.15 47.10 47.24 47.57 48.02 48.52 49.02 49.45 49.74 49.85 49.72 49.39 48.93 48.47 48.14 48.03 48.15 48.43 48.78 49.12 49.39 49.63 49.90 50.30 50.86 51.53 52.19 52.71 52.99 53.03 52.90 52.70 52.48 52.24 51.93 51.52 50.97 50.32 49.62 48.95 48.38 48.00 47.85 47.92 48.13 48.38 48.61 48.77 48.86 48.88 48.82 48.68 48.44 48.14 47.83 47.55 47.34 47.17 47.01 46.85 46.67 46.50 46.40 46.37 46.37 46.36 46.26 46.05 45.76 45.48 45.30 45.28 45.42 45.66 45.92 46.15 46.32 46.44 46.55 46.70 46.91 47.23 47.68 48.29 49.04 49.85 50.56 50.97 50.90 50.23 48.96 47.18 45.12 43.13 40.67 
40.33 52.69 53.90 53.15 52.12 51.16 50.43 50.03 49.98 50.20 50.53 50.82 50.95 50.86 50.60 50.25 49.89 49.62 49.48 49.49 49.63 49.87 50.16 50.41 50.56 50.55 50.36 50.01 49.57 49.12 48.71 48.38 48.11 47.87 47.63 47.38 47.15 47.00 47.01 47.20 47.56 47.99 48.39 48.69 48.87 48.97 49.05 49.16 49.32 49.53 49.74 49.92 50.00 49.96 49.78 49.51 49.21 48.98 48.88 48.96 49.18 49.47 49.74 49.98 50.17 50.36 50.56 50.74 50.88 50.95 50.95 50.91 50.86 50.82 50.81 50.78 50.69 50.51 50.24 49.93 49.62 49.41 49.33 49.39 49.58 49.83 50.08 50.31 50.49 50.61 50.67 50.64 50.51 50.31 50.11 49.92 49.75 49.58 49.36 49.05 48.63 48.12 47.56 47.04 46.64 46.44 46.45 46.67 47.03 47.47 47.93 48.37 48.78 49.11 49.31 49.34 49.18 48.89 48.57 48.33 48.26 48.37 48.60 48.88 49.14 49.38 49.61 49.91 50.38 51.01 51.74 52.43 52.92 53.14 53.09 52.86 52.55 52.25 51.96 51.64 51.26 50.78 50.24 49.64 49.06 48.57 48.24 48.13 48.21 48.44 48.72 48.95 49.09 49.11 49.02 48.83 48.56 48.23 47.87 47.55 47.31 47.17 47.13 47.14 47.15 47.14 47.14 47.15 47.19 47.20 47.13 46.92 46.56 46.13 45.72 45.46 45.39 45.49 45.68 45.87 46.01 46.07 46.11 46.17 46.30 46.54 46.91 47.40 48.04 48.81 49.64 50.38 50.82 50.77 50.10 48.81 47.03 45.21 44.94 52.00 
86.33 62.17 55.66 53.25 51.89 50.93 50.28 49.95 49.95 50.20 50.55 50.86 51.01 50.95 50.72 50.39 50.04 49.76 49.58 49.56 49.68 49.92 50.23 50.50 50.66 50.63 50.41 50.05 49.65 49.28 49.01 48.82 48.67 48.49 48.25 47.93 47.60 47.34 47.21 47.26 47.44 47.67 47.88 48.01 48.07 48.10 48.17 48.31 48.54 48.83 49.14 49.41 49.59 49.63 49.53 49.33 49.11 48.93 48.89 48.99 49.23 49.54 49.85 50.12 50.36 50.58 50.78 50.95 51.05 51.07 51.03 50.95 50.86 50.78 50.68 50.54 50.36 50.14 49.90 49.67 49.50 49.42 49.44 49.56 49.73 49.93 50.12 50.31 50.50 50.68 50.80 50.83 50.74 50.57 50.35 50.12 49.90 49.65 49.33 48.89 48.34 47.70 47.05 46.47 46.06 45.89 45.96 46.23 46.62 47.06 47.48 47.89 48.29 48.67 48.98 49.16 49.18 49.07 48.91 48.79 48.78 48.90 49.11 49.35 49.58 49.78 49.99 50.29 50.73 51.34 52.02 52.65 53.06 53.19 53.04 52.72 52.33 51.94 51.59 51.25 50.90 50.51 50.10 49.67 49.24 48.88 48.64 48.56 48.66 48.88 49.13 49.33 49.40 49.33 49.11 48.78 48.36 47.91 47.48 47.13 46.91 46.85 46.92 47.08 47.28 47.48 47.66 47.84 47.99 48.05 47.97 47.70 47.27 46.76 46.30 46.00 45.90 45.95 46.07 46.15 46.14 46.05 45.94 45.89 45.96 46.18 46.55 47.07 47.72 48.50 49.33 50.08 50.55 50.54 49.90 48.55 46.44 43.46 39.28 33.67 
49.67 53.90 53.23 52.24 51.37 50.66 50.16 49.93 49.97 50.22 50.56 50.87 51.04 51.03 50.85 50.56 50.23 49.91 49.69 49.62 49.71 49.95 50.28 50.57 50.73 50.68 50.43 50.05 49.67 49.39 49.25 49.22 49.21 49.12 48.90 48.55 48.15 47.77 47.49 47.35 47.31 47.31 47.28 47.21 47.13 47.10 47.17 47.36 47.66 48.04 48.45 48.81 49.08 49.22 49.24 49.15 49.02 48.92 48.92 49.03 49.24 49.52 49.80 50.07 50.32 50.56 50.76 50.91 50.98 50.97 50.92 50.84 50.75 50.63 50.48 50.27 50.02 49.77 49.57 49.45 49.42 49.48 49.59 49.73 49.89 50.03 50.17 50.33 50.51 50.72 50.89 50.96 50.91 50.73 50.49 50.23 49.95 49.63 49.23 48.71 48.07 47.36 46.65 46.05 45.65 45.51 45.63 45.94 46.35 46.79 47.20 47.60 48.01 48.44 48.84 49.17 49.36 49.43 49.43 49.43 49.49 49.64 49.85 50.08 50.29 50.48 50.66 50.91 51.28 51.77 52.33 52.81 53.09 53.10 52.87 52.48 52.02 51.57 51.16 50.79 50.46 50.17 49.91 49.68 49.45 49.25 49.12 49.09 49.18 49.35 49.54 49.66 49.64 49.45 49.10 48.61 48.06 47.49 46.99 46.61 46.41 46.40 46.58 46.87 47.24 47.63 48.01 48.37 48.67 48.83 48.80 48.54 48.11 47.59 47.12 46.80 46.67 46.67 46.69 46.64 46.47 46.20 45.92 45.72 45.68 45.83 46.18 46.69 47.35 48.13 48.96 49.72 50.23 50.29 49.75 48.48 46.30 42.60 34.89 13.00 
52.67 50.53 51.11 51.20 50.88 50.45 50.11 49.97 50.03 50.26 50.56 50.85 51.03 51.07 50.95 50.71 50.39 50.05 49.76 49.62 49.66 49.89 50.22 50.54 50.71 50.66 50.39 50.01 49.66 49.44 49.42 49.53 49.65 49.67 49.52 49.19 48.74 48.27 47.85 47.51 47.23 46.97 46.70 46.43 46.21 46.11 46.18 46.41 46.79 47.24 47.73 48.18 48.55 48.81 48.95 49.00 48.98 48.96 48.98 49.07 49.23 49.43 49.65 49.87 50.09 50.31 50.50 50.62 50.67 50.66 50.62 50.57 50.51 50.40 50.22 49.96 49.67 49.41 49.26 49.23 49.33 49.50 49.68 49.84 49.95 50.04 50.13 50.26 50.45 50.68 50.89 51.01 50.98 50.81 50.55 50.24 49.90 49.53 49.06 48.49 47.82 47.08 46.37 45.78 45.40 45.29 45.44 45.78 46.21 46.66 47.08 47.48 47.91 48.38 48.87 49.31 49.65 49.88 50.02 50.13 50.26 50.44 50.66 50.89 51.10 51.28 51.43 51.61 51.86 52.19 52.55 52.84 52.95 52.86 52.56 52.13 51.64 51.15 50.69 50.29 49.99 49.79 49.69 49.66 49.65 49.63 49.60 49.61 49.68 49.78 49.87 49.88 49.75 49.44 48.96 48.34 47.67 47.02 46.47 46.07 45.89 45.92 46.17 46.56 47.06 47.61 48.17 48.71 49.17 49.46 49.53 49.35 48.97 48.49 48.03 47.71 47.53 47.45 47.37 47.18 46.86 46.44 45.99 45.64 45.48 45.54 45.84 46.33 46.99 47.77 48.61 49.39 49.95 50.12 49.75 48.81 47.30 45.49 44.56 50.33 
24.67 44.44 49.54 50.68 50.69 50.42 50.17 50.07 50.12 50.30 50.55 50.79 50.98 51.05 50.99 50.79 50.48 50.10 49.74 49.51 49.48 49.66 49.99 50.33 50.53 50.51 50.26 49.91 49.59 49.43 49.48 49.69 49.93 50.07 50.02 49.75 49.32 48.81 48.28 47.76 47.26 46.76 46.25 45.79 45.45 45.28 45.33 45.58 45.99 46.50 47.04 47.57 48.03 48.41 48.69 48.86 48.96 49.02 49.07 49.13 49.21 49.30 49.42 49.55 49.71 49.88 50.03 50.12 50.16 50.16 50.16 50.17 50.17 50.09 49.90 49.61 49.29 49.04 48.93 48.99 49.19 49.43 49.64 49.79 49.86 49.89 49.94 50.06 50.26 50.54 50.81 50.98 50.99 50.82 50.53 50.17 49.77 49.33 48.84 48.26 47.59 46.88 46.21 45.66 45.32 45.23 45.40 45.76 46.22 46.69 47.12 47.54 47.97 48.46 49.00 49.52 49.97 50.31 50.56 50.75 50.94 51.14 51.37 51.60 51.82 51.98 52.10 52.19 52.30 52.44 52.59 52.67 52.64 52.45 52.11 51.68 51.20 50.69 50.21 49.80 49.51 49.40 49.45 49.61 49.80 49.95 50.04 50.08 50.10 50.12 50.09 49.99 49.74 49.31 48.71 47.99 47.24 46.54 45.97 45.59 45.43 45.51 45.79 46.24 46.81 47.46 48.16 48.85 49.47 49.92 50.12 50.06 49.76 49.33 48.89 48.54 48.30 48.13 47.93 47.63 47.20 46.66 46.11 45.65 45.39 45.38 45.62 46.10 46.75 47.53 48.38 49.18 49.79 50.07 49.90 49.28 48.30 47.29 47.43 53.00 
57.67 53.05 51.98 51.41 50.94 50.56 50.31 50.19 50.21 50.32 50.50 50.70 50.87 50.95 50.91 50.73 50.42 50.01 49.59 49.27 49.15 49.26 49.56 49.91 50.15 50.18 50.00 49.71 49.44 49.31 49.39 49.64 49.96 50.22 50.31 50.17 49.82 49.32 48.73 48.10 47.42 46.73 46.03 45.41 44.94 44.70 44.69 44.92 45.33 45.86 46.45 47.04 47.59 48.07 48.46 48.75 48.95 49.08 49.14 49.16 49.16 49.15 49.15 49.19 49.26 49.36 49.43 49.47 49.47 49.49 49.55 49.65 49.72 49.69 49.52 49.22 48.88 48.63 48.57 48.70 48.96 49.24 49.45 49.55 49.57 49.56 49.60 49.73 50.00 50.35 50.70 50.94 50.97 50.79 50.44 50.00 49.53 49.05 48.56 48.02 47.43 46.80 46.21 45.73 45.43 45.37 45.54 45.90 46.37 46.87 47.33 47.76 48.18 48.67 49.21 49.77 50.27 50.67 50.97 51.21 51.43 51.64 51.87 52.09 52.30 52.46 52.53 52.53 52.48 52.43 52.38 52.28 52.12 51.87 51.55 51.16 50.72 50.24 49.76 49.33 49.07 49.03 49.21 49.53 49.89 50.19 50.38 50.46 50.44 50.35 50.20 49.96 49.60 49.06 48.37 47.58 46.80 46.11 45.58 45.26 45.16 45.26 45.56 46.02 46.60 47.29 48.06 48.85 49.59 50.18 50.52 50.57 50.36 49.98 49.55 49.15 48.83 48.56 48.26 47.87 47.38 46.81 46.23 45.74 45.44 45.40 45.62 46.07 46.71 47.49 48.33 49.14 49.79 50.16 50.18 49.83 49.10 47.81 44.78 35.00 
68.00 58.09 53.94 52.09 51.19 50.71 50.44 50.30 50.26 50.31 50.42 50.55 50.67 50.73 50.66 50.47 50.17 49.76 49.30 48.90 48.67 48.70 48.95 49.29 49.56 49.66 49.58 49.39 49.18 49.05 49.07 49.29 49.65 50.03 50.30 50.35 50.15 49.73 49.15 48.46 47.70 46.88 46.05 45.30 44.71 44.36 44.27 44.42 44.81 45.36 46.01 46.66 47.28 47.85 48.32 48.68 48.94 49.11 49.18 49.16 49.07 48.96 48.87 48.83 48.83 48.83 48.80 48.73 48.66 48.67 48.82 49.04 49.23 49.28 49.14 48.82 48.45 48.18 48.14 48.33 48.64 48.93 49.10 49.13 49.09 49.06 49.13 49.35 49.73 50.21 50.68 50.99 51.01 50.74 50.28 49.71 49.16 48.68 48.25 47.84 47.39 46.90 46.43 46.04 45.80 45.73 45.87 46.19 46.66 47.19 47.70 48.14 48.55 49.00 49.54 50.10 50.58 50.96 51.24 51.47 51.69 51.90 52.10 52.30 52.50 52.65 52.67 52.56 52.35 52.12 51.89 51.67 51.43 51.16 50.87 50.55 50.20 49.79 49.33 48.91 48.67 48.70 49.00 49.47 49.97 50.38 50.64 50.74 50.65 50.45 50.18 49.83 49.35 48.71 47.92 47.09 46.33 45.71 45.31 45.13 45.13 45.30 45.62 46.05 46.58 47.22 47.97 48.79 49.58 50.26 50.71 50.85 50.70 50.36 49.93 49.49 49.08 48.70 48.30 47.86 47.37 46.85 46.33 45.90 45.66 45.65 45.89 46.32 46.91 47.64 48.44 49.23 49.90 50.36 50.56 50.51 50.31 49.98 48.84 42.67 
65.00 57.33 53.51 51.77 51.01 50.68 50.50 50.38 50.29 50.25 50.28 50.34 50.40 50.37 50.19 49.93 49.66 49.32 48.88 48.43 48.10 48.02 48.22 48.55 48.83 48.96 48.98 48.92 48.76 48.55 48.43 48.52 48.86 49.39 49.92 50.23 50.23 49.96 49.44 48.80 48.06 47.20 46.27 45.38 44.68 44.21 43.96 44.00 44.36 45.00 45.76 46.51 47.20 47.83 48.35 48.72 48.96 49.13 49.18 49.08 48.88 48.67 48.55 48.49 48.49 48.44 48.25 47.98 47.73 47.70 47.97 48.41 48.79 48.97 48.88 48.52 48.05 47.70 47.65 47.89 48.25 48.51 48.58 48.51 48.41 48.39 48.59 48.99 49.56 50.26 50.93 51.31 51.23 50.75 50.05 49.29 48.64 48.19 47.94 47.77 47.56 47.26 46.91 46.64 46.43 46.31 46.33 46.52 46.94 47.53 48.16 48.64 49.03 49.47 50.03 50.60 51.02 51.26 51.40 51.58 51.78 51.96 52.11 52.25 52.42 52.59 52.59 52.34 51.92 51.50 51.15 50.86 50.58 50.31 50.05 49.81 49.59 49.30 48.88 48.47 48.29 48.43 48.86 49.47 50.07 50.53 50.84 50.95 50.77 50.41 50.01 49.59 49.02 48.25 47.33 46.45 45.73 45.27 45.11 45.20 45.40 45.69 46.03 46.42 46.84 47.36 48.02 48.76 49.51 50.21 50.72 50.87 50.72 50.43 50.04 49.59 49.14 48.66 48.13 47.60 47.18 46.79 46.40 46.12 46.05 46.17 46.48 46.86 47.32 47.90 48.60 49.32 49.98 50.55 50.93 51.17 51.55 52.92 57.92 75.67 
57.33 52.61 50.79 50.28 50.30 50.47 50.52 50.49 50.30 50.17 50.10 50.08 50.08 49.93 49.44 49.01 48.85 48.72 48.38 47.91 47.44 47.21 47.41 47.77 48.03 48.06 48.17 48.32 48.18 47.80 47.36 47.16 47.44 48.21 49.17 49.82 50.05 49.97 49.54 49.03 48.48 47.66 46.64 45.55 44.71 44.14 43.63 43.45 43.84 44.72 45.77 46.69 47.43 48.15 48.66 48.92 49.00 49.11 49.13 48.85 48.46 48.16 48.10 48.18 48.33 48.32 47.91 47.27 46.64 46.50 47.01 47.89 48.61 48.99 49.00 48.52 47.78 47.20 47.12 47.41 47.88 48.05 47.91 47.64 47.47 47.50 47.96 48.67 49.57 50.63 51.69 52.15 51.82 50.86 49.75 48.66 47.89 47.58 47.67 47.94 48.06 47.97 47.68 47.54 47.31 47.03 46.77 46.64 46.93 47.68 48.62 49.22 49.58 50.00 50.76 51.46 51.79 51.72 51.54 51.59 51.80 51.94 52.00 51.99 52.11 52.43 52.44 51.99 51.23 50.58 50.19 49.90 49.60 49.30 49.02 48.79 48.75 48.69 48.32 47.88 47.81 48.17 48.83 49.63 50.31 50.69 51.03 51.20 50.84 50.17 49.65 49.29 48.68 47.69 46.48 45.46 44.79 44.58 44.84 45.41 45.94 46.41 46.82 47.21 47.45 47.75 48.27 48.87 49.41 50.09 50.66 50.68 50.42 50.21 49.99 49.60 49.18 48.64 47.87 47.11 46.83 46.69 46.44 46.36 46.62 46.98 47.48 47.74 47.87 48.13 48.62 49.21 49.84 50.59 51.19 51.53 51.72 52.21 54.25 59.00 
39.33 44.80 46.50 47.96 49.23 50.27 50.63 50.79 50.33 50.10 49.91 49.81 49.85 49.64 48.33 47.48 47.62 48.07 47.89 47.43 46.69 46.15 46.56 47.09 47.33 46.87 47.03 47.72 47.54 46.83 45.74 45.00 45.09 46.36 48.20 49.25 49.62 49.85 49.36 49.09 49.08 48.34 47.18 45.62 44.61 44.12 43.07 42.44 42.95 44.45 46.16 47.37 47.96 48.95 49.41 49.39 48.97 49.03 49.09 48.37 47.59 47.16 47.37 47.81 48.42 48.75 47.93 46.69 45.15 44.74 45.81 47.69 48.98 49.61 49.90 49.14 47.78 46.60 46.53 46.92 47.76 47.69 47.12 46.44 46.20 46.17 47.23 48.43 49.73 51.34 53.32 53.93 53.06 51.05 49.39 47.69 46.77 46.74 47.49 48.53 49.10 49.20 48.60 48.80 48.46 47.82 47.04 46.14 46.12 47.25 49.13 49.86 50.06 50.37 51.80 52.99 53.22 52.48 51.58 51.53 51.94 52.00 51.95 51.50 51.45 52.36 52.52 51.71 50.22 49.25 48.99 48.90 48.51 48.13 47.69 47.18 47.49 48.01 47.58 46.88 47.03 47.89 48.96 50.11 50.88 50.80 51.22 51.75 50.98 49.61 48.95 49.07 48.53 47.12 45.19 43.89 43.20 43.31 44.22 45.76 46.72 47.43 47.95 48.49 48.38 48.28 48.75 49.25 49.19 49.92 50.85 50.35 49.68 49.72 50.02 49.71 49.50 49.02 47.72 46.19 46.33 46.70 46.41 46.47 47.45 48.07 49.20 49.14 48.49 48.12 48.35 48.71 49.20 50.40 51.45 51.89 51.55 49.95 47.90 49.67 
39.00 40.55 42.13 45.47 48.11 50.63 50.90 51.75 50.19 50.08 49.69 49.46 49.86 50.34 46.58 44.67 45.80 47.82 47.56 47.24 45.85 44.28 45.74 46.76 47.28 44.90 45.14 47.70 47.13 45.95 43.45 41.67 41.23 43.54 47.58 48.88 48.84 50.02 48.62 48.66 50.32 49.43 48.16 45.18 44.02 44.67 42.08 40.28 41.11 44.11 47.29 48.94 48.41 50.54 50.83 50.35 48.40 48.75 49.48 47.56 45.96 45.17 46.21 47.19 48.87 50.43 48.50 46.51 42.62 41.65 43.99 48.30 50.32 50.93 52.31 50.83 48.12 45.36 45.86 46.19 48.58 47.72 46.24 44.59 44.59 43.74 46.47 48.32 49.87 51.98 56.59 57.35 55.51 50.89 49.05 46.00 44.93 45.37 47.31 49.95 50.92 51.41 48.92 50.74 49.96 48.69 47.21 44.37 43.68 45.58 50.34 50.73 50.37 49.71 53.31 55.77 55.93 53.70 51.00 51.20 52.59 52.29 52.37 50.63 49.76 52.93 53.42 51.95 48.52 47.09 47.57 48.15 47.35 46.82 46.13 44.32 45.50 47.80 46.74 44.86 45.63 47.60 49.25 51.16 52.41 50.38 51.16 53.43 51.57 48.19 47.35 49.40 49.12 46.88 43.00 41.43 40.53 41.00 42.82 46.59 47.75 48.70 49.17 50.63 49.55 48.51 49.49 50.42 48.29 49.51 52.27 49.93 47.98 48.85 50.70 49.93 50.40 50.52 48.05 43.77 45.69 47.43 46.12 45.86 48.95 49.06 52.51 51.48 49.03 47.49 47.74 47.73 47.43 50.02 52.06 52.90 52.62 48.18 37.77 7.67 
21.33 36.09 35.70 43.39 46.86 53.11 50.55 55.16 48.69 50.45 49.41 48.58 49.83 55.26 42.88 38.63 42.88 49.66 47.18 48.09 45.27 39.49 45.46 46.99 50.12 40.20 40.76 50.58 47.07 46.09 40.20 36.76 34.37 38.70 49.40 49.49 46.50 52.47 46.17 46.48 54.02 50.91 50.83 42.90 41.59 48.39 40.24 35.42 37.14 43.66 50.11 52.92 46.43 54.18 53.19 52.82 45.45 47.89 52.23 46.04 43.15 41.02 44.88 45.81 49.42 55.67 49.20 48.31 37.23 35.38 40.35 51.47 53.36 51.85 58.03 54.22 49.00 41.29 45.72 43.62 52.69 48.29 45.38 40.95 43.74 37.71 46.70 48.66 49.69 50.37 63.92 63.50 60.82 47.99 49.94 42.41 41.75 42.76 46.72 53.33 53.47 56.80 45.08 55.35 51.91 49.62 48.44 40.05 38.15 40.54 55.47 52.06 50.84 44.83 56.12 61.09 61.29 55.65 47.77 49.90 55.09 52.33 54.72 48.92 44.03 56.12 56.16 54.06 44.73 42.96 45.99 48.75 45.84 45.54 45.39 38.05 41.92 50.51 46.37 40.01 43.02 47.76 49.49 53.05 57.30 47.13 49.53 59.14 53.56 44.15 42.80 52.03 51.58 48.13 38.32 38.03 36.20 37.07 39.23 49.87 48.87 50.43 49.42 55.37 50.78 46.92 50.45 54.81 44.16 47.59 58.72 49.01 43.34 46.99 54.10 49.13 51.98 54.94 50.46 35.36 45.32 51.31 44.86 42.07 53.65 47.04 60.64 55.52 48.79 45.05 47.24 46.73 42.48 49.91 53.67 54.94 57.83 52.42 47.38 45.67 
35.00 46.67 21.00 45.33 42.67 64.33 43.00 69.67 39.00 53.67 49.00 45.67 45.67 78.00 31.00 24.00 37.33 60.67 43.33 52.67 47.67 23.00 49.67 45.67 66.00 25.00 27.00 66.67 44.33 51.00 34.33 30.67 20.67 27.33 61.67 53.00 35.00 67.00 37.00 37.00 68.33 49.33 61.33 34.00 31.00 67.00 35.00 24.00 28.33 43.33 56.67 66.33 30.33 66.67 55.00 62.33 32.67 45.00 65.33 41.00 39.33 30.67 46.33 41.67 47.33 73.67 44.33 60.33 22.67 22.33 30.67 64.00 60.00 45.33 74.00 59.33 52.67 25.33 52.33 30.00 70.33 47.33 46.00 30.00 51.67 16.67 54.00 50.00 50.00 36.00 85.33 72.00 76.33 30.33 60.33 32.00 37.00 37.33 43.67 63.33 53.00 77.33 19.33 73.67 52.67 49.33 56.67 29.00 28.00 22.67 78.67 51.00 56.00 22.67 65.33 71.33 72.67 60.00 34.67 45.67 65.67 47.33 65.33 46.33 21.33 71.33 61.00 63.33 33.33 34.00 44.67 55.00 41.67 44.00 51.67 20.33 33.33 65.67 48.00 25.67 38.67 51.00 48.00 54.33 76.67 31.33 40.67 80.00 59.33 32.00 27.67 64.33 57.00 55.67 24.00 36.00 29.00 31.67 27.00 64.67 47.33 54.67 42.67 70.67 51.33 38.00 50.67 74.33 26.00 38.00 86.00 44.00 29.33 41.67 69.67 40.67 53.67 67.00 63.67 2.00 49.00 67.67 40.00 24.00 76.67 25.00 87.67 61.33 45.67 36.67 49.33 49.33 25.67 53.33 57.67 55.33 71.33 56.33 53.67 25.00 
