Serial Traffic Simulation Output
Grid Size: 200 x 200
Lanes: 3
Time Steps: 200
Execution Time: 0.121729 seconds

Lane 0
7.00 58.00 44.00 9.00 92.00 3.00 40.00 69.00 60.00 78.00 97.00 67.00 79.00 21.00 93.00 45.00 94.00 53.00 68.00 96.00 22.00 24.00 77.00 33.00 35.00 14.00 25.00 94.00 17.00 4.00 88.00 82.00 16.00 44.00 71.00 58.00 94.00 31.00 35.00 99.00 60.00 8.00 13.00 62.00 82.00 21.00 71.00 31.00 16.00 79.00 72.00 19.00 89.00 26.00 13.00 94.00 66.00 94.00 44.00 59.00 85.00 39.00 96.00 20.00 35.00 34.00 79.00 95.00 92.00 33.00 53.00 10.00 8.00 25.00 95.00 39.00 56.00 60.00 55.00 15.00 80.00 6.00 76.00 31.00 8.00 49.00 31.00 75.00 29.00 60.00 17.00 56.00 48.00 50.00 54.00 81.00 78.00 29.00 47.00 22.00 53.00 66.00 70.00 98.00 57.00 66.00 78.00 37.00 20.00 97.00 89.00 4.00 54.00 47.00 55.00 38.00 35.00 14.00 54.00 85.00 63.00 43.00 47.00 3.00 48.00 59.00 24.00 3.00 50.00 3.00 33.00 76.00 80.00 74.00 49.00 79.00 40.00 71.00 46.00 21.00 44.00 71.00 98.00 3.00 5.00 74.00 20.00 83.00 8.00 95.00 90.00 93.00 60.00 52.00 10.00 27.00 14.00 17.00 15.00 73.00 39.00 29.00 66.00 60.00 20.00 67.00 98.00 16.00 28.00 45.00 58.00 50.00 94.00 27.00 42.00 15.00 97.00 24.00 81.00 16.00 81.00 69.00 36.00 84.00 76.00 66.00 84.00 58.00 18.00 25.00 18.00 18.00 34.00 54.00 35.00 65.00 64.00 75.00 15.00 47.00 
47.00 52.20 45.86 38.27 53.45 36.60 45.61 57.63 61.54 69.53 75.04 67.77 65.19 52.60 66.42 59.95 68.97 60.99 63.06 65.04 44.69 42.11 52.50 42.41 38.61 33.63 39.68 55.32 38.72 36.89 58.93 58.99 42.85 48.35 57.45 58.27 63.99 49.00 49.80 63.80 52.22 34.93 35.44 50.37 56.40 43.75 50.91 41.70 39.87 56.39 56.34 45.61 57.62 44.13 43.45 65.53 65.94 70.51 58.92 60.82 65.43 55.99 62.86 43.96 43.66 47.80 63.45 71.15 67.18 48.67 44.54 31.10 29.59 39.48 59.00 50.51 52.99 53.66 49.94 41.13 52.16 38.72 50.69 40.25 34.01 43.70 44.52 54.11 45.18 48.24 39.53 47.54 48.17 50.11 54.03 61.69 59.02 44.90 44.56 40.61 50.40 58.59 64.14 70.75 61.47 60.97 60.46 48.52 45.96 64.99 61.99 40.18 47.21 47.25 47.72 42.28 39.19 36.60 49.92 60.77 55.67 47.43 42.94 32.38 41.99 44.47 33.84 27.54 36.44 29.74 41.02 57.78 63.51 62.02 56.01 59.92 51.50 55.14 47.42 40.55 47.67 57.74 60.62 35.36 33.44 49.97 44.19 57.16 47.41 69.64 74.20 72.47 59.54 48.71 33.35 32.01 28.22 29.28 33.73 49.56 44.99 44.07 53.77 53.11 45.88 58.16 64.01 43.24 42.10 47.87 53.46 54.92 62.22 45.52 43.76 40.85 58.61 46.62 55.60 44.93 59.41 58.95 53.49 65.14 65.70 63.29 63.86 52.20 36.60 32.79 29.91 31.06 38.02 45.70 45.76 54.91 57.39 56.73 39.52 31.00 
77.00 57.95 49.00 44.87 47.10 44.54 48.36 54.46 59.00 63.48 65.84 63.87 61.49 57.94 60.31 59.58 61.13 59.09 58.35 56.52 49.65 47.20 48.35 45.32 43.13 41.94 44.46 48.53 45.36 45.66 51.69 52.15 48.13 49.27 52.43 53.91 54.98 51.43 51.53 54.19 50.06 43.95 43.38 47.61 49.53 46.75 47.24 45.05 45.43 50.35 51.33 49.48 51.66 49.34 50.95 58.49 61.43 62.86 60.07 59.69 59.73 56.61 55.53 49.47 48.15 50.47 56.27 59.41 57.24 50.23 45.52 40.31 39.73 44.23 50.93 50.94 51.70 51.64 49.90 47.40 48.82 46.08 47.81 45.24 43.90 46.89 48.81 51.27 49.07 48.14 45.50 46.78 47.48 48.73 50.82 53.13 51.81 47.27 45.86 45.61 49.57 54.04 57.56 59.79 57.61 56.38 54.80 51.04 50.63 55.27 53.97 47.64 47.51 47.17 46.49 44.36 43.02 43.41 48.38 52.50 51.37 47.90 44.66 41.24 42.74 42.68 39.02 36.66 38.37 38.56 43.78 50.97 54.75 55.09 53.62 53.63 51.29 50.86 48.14 46.21 48.52 51.80 51.50 44.40 43.36 48.12 49.46 53.87 54.77 61.93 64.74 63.17 56.96 49.83 42.41 39.13 37.20 37.76 40.74 46.22 47.08 48.27 51.68 52.53 51.99 55.49 56.42 50.63 49.09 50.75 52.94 53.96 54.50 49.22 46.84 46.29 50.29 48.60 50.23 49.05 53.09 54.27 54.29 57.82 58.81 57.98 56.21 50.42 43.31 39.53 37.67 38.25 41.37 45.13 47.56 51.62 54.01 55.07 55.37 67.00 
70.00 53.59 47.39 45.32 45.86 46.43 49.11 52.95 56.50 59.42 60.88 60.39 59.08 57.60 57.58 57.23 57.14 56.11 54.97 53.18 50.27 48.63 48.17 47.05 46.18 46.02 47.09 48.41 47.98 48.27 49.77 49.73 48.45 48.53 49.60 50.52 51.09 50.60 50.86 51.33 49.69 47.24 46.40 47.15 47.47 46.64 46.39 45.92 46.48 48.29 49.18 49.27 50.12 50.45 52.20 55.64 57.92 58.93 58.33 57.74 56.89 55.05 53.21 50.52 49.45 50.30 52.45 53.70 52.72 49.85 47.15 44.92 44.70 46.68 49.42 50.49 51.12 51.18 50.55 49.72 49.68 49.02 49.26 48.86 49.03 50.47 51.68 52.26 51.09 49.55 47.75 47.14 47.00 47.38 48.21 48.93 48.41 46.93 46.30 46.66 48.56 50.91 52.89 53.98 53.57 52.91 52.02 50.81 50.74 51.84 51.19 49.03 48.14 47.52 46.81 45.83 45.30 45.82 47.81 49.47 49.27 47.81 46.10 44.62 44.41 43.86 42.35 41.30 41.62 42.43 44.94 48.16 50.25 50.87 50.62 50.43 49.73 49.26 48.34 47.83 48.62 49.65 49.37 47.47 47.43 49.47 51.37 53.83 55.71 58.54 59.73 58.57 55.20 50.97 46.86 44.30 42.99 43.15 44.66 47.02 48.45 49.87 51.72 52.88 53.61 54.91 55.09 53.35 52.49 52.78 53.34 53.38 52.61 50.20 48.40 47.65 48.23 47.92 48.32 48.62 50.22 51.38 52.27 53.78 54.51 54.23 52.92 50.03 46.55 44.06 42.73 42.77 44.11 46.05 47.95 50.18 52.07 54.21 59.89 82.00 
33.00 39.03 41.73 43.37 44.98 46.64 49.01 51.85 54.55 56.64 57.72 57.66 56.92 56.01 55.44 54.90 54.35 53.49 52.46 51.20 49.76 48.84 48.46 48.13 47.99 48.18 48.75 49.27 49.21 49.12 49.12 48.59 47.74 47.41 47.69 48.27 48.95 49.49 50.12 50.47 49.84 48.62 47.68 47.22 46.80 46.25 45.99 45.95 46.37 47.21 47.87 48.35 49.08 49.96 51.48 53.53 55.17 56.04 56.05 55.60 54.73 53.37 51.82 50.22 49.38 49.53 50.35 50.94 50.68 49.63 48.42 47.48 47.40 48.26 49.53 50.43 51.06 51.37 51.36 51.21 51.19 51.12 51.35 51.68 52.34 53.33 53.99 53.87 52.67 50.90 49.02 47.67 46.87 46.60 46.72 46.88 46.70 46.28 46.16 46.54 47.54 48.79 49.90 50.58 50.70 50.58 50.33 50.06 50.11 50.37 50.03 49.13 48.45 47.90 47.37 46.86 46.61 46.87 47.64 48.29 48.25 47.63 46.80 46.09 45.72 45.28 44.60 44.11 44.14 44.62 45.74 47.11 48.09 48.51 48.59 48.63 48.58 48.56 48.42 48.41 48.75 49.13 49.14 48.89 49.39 50.77 52.38 54.07 55.48 56.74 57.09 56.19 54.19 51.66 49.22 47.46 46.51 46.43 47.12 48.29 49.43 50.66 52.00 53.14 54.04 54.84 55.05 54.57 54.15 54.01 53.86 53.37 52.35 50.75 49.27 48.25 47.78 47.39 47.39 47.72 48.58 49.50 50.40 51.37 52.01 52.10 51.54 50.21 48.50 47.01 46.04 45.77 46.20 47.08 48.13 49.22 49.92 49.81 47.94 40.00 
5.00 27.80 37.18 41.70 44.43 46.57 48.77 51.04 53.12 54.68 55.49 55.51 54.99 54.23 53.50 52.79 52.08 51.30 50.48 49.66 48.96 48.59 48.55 48.68 48.94 49.30 49.69 49.90 49.76 49.37 48.78 47.94 47.04 46.48 46.44 46.91 47.76 48.76 49.73 50.31 50.15 49.37 48.37 47.43 46.62 46.03 45.74 45.75 46.03 46.47 46.91 47.35 47.98 48.87 50.11 51.56 52.83 53.62 53.85 53.58 52.88 51.83 50.62 49.51 48.84 48.78 49.19 49.66 49.87 49.72 49.37 49.04 49.02 49.40 50.06 50.74 51.38 51.90 52.27 52.50 52.70 52.90 53.28 53.85 54.62 55.38 55.70 55.22 53.86 51.94 49.92 48.24 47.08 46.43 46.16 46.08 46.00 45.91 45.97 46.27 46.83 47.51 48.17 48.67 48.98 49.17 49.29 49.38 49.48 49.53 49.28 48.80 48.35 47.98 47.68 47.44 47.32 47.39 47.62 47.79 47.71 47.41 47.03 46.71 46.52 46.34 46.10 45.92 45.92 46.10 46.48 46.92 47.22 47.38 47.50 47.72 48.03 48.36 48.62 48.85 49.09 49.32 49.51 49.80 50.53 51.70 53.02 54.26 55.19 55.72 55.65 54.87 53.51 51.87 50.31 49.11 48.42 48.25 48.56 49.22 50.06 51.04 52.10 53.10 53.96 54.63 54.98 54.96 54.81 54.58 54.20 53.54 52.54 51.26 49.96 48.85 48.00 47.38 47.10 47.20 47.69 48.39 49.18 49.99 50.67 51.06 51.05 50.58 49.78 48.89 48.14 47.69 47.62 47.86 48.26 48.59 48.45 47.04 41.95 23.00 
20.00 29.96 37.53 42.02 44.82 46.90 48.78 50.59 52.18 53.32 53.88 53.83 53.33 52.57 51.75 50.94 50.18 49.48 48.87 48.42 48.18 48.22 48.48 48.89 49.34 49.77 50.08 50.17 49.93 49.39 48.60 47.62 46.66 46.00 45.86 46.30 47.25 48.49 49.67 50.42 50.49 49.88 48.86 47.72 46.73 46.03 45.69 45.63 45.77 45.99 46.23 46.52 47.00 47.73 48.73 49.87 50.94 51.71 52.05 51.93 51.39 50.55 49.60 48.75 48.25 48.21 48.57 49.13 49.65 49.97 50.09 50.07 50.10 50.29 50.71 51.29 51.97 52.65 53.25 53.71 54.06 54.38 54.80 55.39 56.08 56.65 56.73 56.04 54.58 52.63 50.58 48.82 47.53 46.72 46.29 46.09 45.99 45.96 46.04 46.23 46.55 46.94 47.36 47.74 48.09 48.39 48.64 48.81 48.87 48.78 48.50 48.14 47.83 47.64 47.57 47.56 47.58 47.61 47.62 47.57 47.42 47.23 47.06 46.97 46.99 47.05 47.11 47.16 47.19 47.19 47.16 47.10 47.00 46.94 47.05 47.39 47.91 48.48 48.99 49.36 49.62 49.83 50.10 50.56 51.34 52.39 53.48 54.40 54.97 55.10 54.76 53.97 52.87 51.65 50.53 49.68 49.19 49.07 49.28 49.74 50.38 51.15 51.97 52.78 53.50 54.11 54.52 54.72 54.74 54.58 54.21 53.59 52.75 51.73 50.64 49.58 48.61 47.82 47.30 47.13 47.33 47.80 48.46 49.21 49.95 50.55 50.90 50.90 50.56 49.98 49.33 48.76 48.38 48.22 48.19 48.15 47.92 47.68 49.64 67.00 
15.00 34.48 40.99 44.22 46.25 47.80 49.21 50.55 51.70 52.49 52.80 52.62 52.05 51.23 50.32 49.45 48.68 48.08 47.69 47.53 47.62 47.93 48.39 48.92 49.43 49.86 50.13 50.18 49.94 49.41 48.63 47.69 46.76 46.10 45.91 46.32 47.29 48.57 49.82 50.65 50.82 50.30 49.31 48.14 47.08 46.31 45.89 45.76 45.78 45.84 45.92 46.06 46.38 46.95 47.77 48.76 49.73 50.51 50.92 50.89 50.45 49.71 48.88 48.18 47.82 47.88 48.32 49.00 49.71 50.28 50.62 50.77 50.84 51.00 51.36 51.95 52.69 53.49 54.21 54.77 55.17 55.48 55.82 56.28 56.81 57.17 57.07 56.28 54.83 52.96 51.03 49.37 48.14 47.34 46.88 46.63 46.49 46.42 46.43 46.53 46.69 46.91 47.16 47.42 47.70 47.96 48.17 48.26 48.19 47.95 47.58 47.21 46.98 46.95 47.10 47.34 47.55 47.66 47.64 47.52 47.35 47.19 47.12 47.17 47.34 47.60 47.86 48.05 48.11 48.00 47.73 47.37 47.02 46.84 46.93 47.36 48.03 48.78 49.45 49.93 50.24 50.47 50.76 51.26 52.01 52.94 53.85 54.51 54.78 54.62 54.04 53.15 52.09 51.03 50.13 49.51 49.21 49.22 49.47 49.91 50.44 51.04 51.63 52.21 52.75 53.25 53.68 53.99 54.14 54.10 53.86 53.43 52.83 52.11 51.28 50.38 49.44 48.56 47.84 47.40 47.30 47.53 48.01 48.68 49.45 50.18 50.74 51.00 50.89 50.45 49.80 49.10 48.50 48.06 47.77 47.48 46.98 45.74 41.69 24.00 
81.00 51.99 47.78 47.79 48.42 49.18 50.01 50.88 51.64 52.12 52.22 51.91 51.24 50.34 49.37 48.45 47.71 47.21 47.01 47.09 47.39 47.85 48.39 48.92 49.39 49.77 50.02 50.09 49.95 49.57 48.95 48.17 47.36 46.73 46.52 46.85 47.72 48.92 50.09 50.90 51.11 50.69 49.80 48.71 47.67 46.89 46.42 46.21 46.13 46.09 46.06 46.09 46.30 46.76 47.49 48.41 49.37 50.16 50.61 50.60 50.16 49.41 48.60 47.95 47.67 47.83 48.37 49.14 49.94 50.60 51.02 51.22 51.33 51.52 51.91 52.55 53.37 54.23 54.99 55.55 55.90 56.10 56.28 56.54 56.84 57.00 56.78 55.99 54.66 53.00 51.31 49.89 48.85 48.18 47.78 47.52 47.33 47.20 47.12 47.11 47.15 47.22 47.32 47.43 47.55 47.67 47.74 47.70 47.48 47.10 46.65 46.26 46.07 46.17 46.51 46.98 47.41 47.67 47.74 47.66 47.51 47.39 47.36 47.49 47.76 48.13 48.50 48.76 48.80 48.58 48.15 47.60 47.11 46.86 46.96 47.46 48.25 49.13 49.92 50.48 50.84 51.09 51.40 51.89 52.59 53.41 54.14 54.57 54.57 54.12 53.30 52.25 51.13 50.10 49.32 48.86 48.74 48.91 49.29 49.77 50.26 50.72 51.12 51.47 51.81 52.19 52.59 52.96 53.22 53.34 53.29 53.09 52.79 52.39 51.87 51.19 50.37 49.45 48.57 47.87 47.46 47.39 47.65 48.19 48.93 49.73 50.42 50.83 50.85 50.45 49.75 48.91 48.10 47.45 46.98 46.65 46.37 46.22 47.18 56.00 
10.00 44.73 50.42 50.88 50.70 50.72 51.01 51.45 51.88 52.13 52.07 51.66 50.93 49.99 48.99 48.07 47.37 46.97 46.90 47.11 47.52 48.02 48.52 48.96 49.34 49.66 49.91 50.07 50.11 49.97 49.61 49.05 48.39 47.82 47.55 47.75 48.43 49.42 50.42 51.14 51.37 51.07 50.36 49.44 48.52 47.79 47.29 47.01 46.84 46.71 46.61 46.59 46.76 47.20 47.91 48.84 49.81 50.62 51.06 51.01 50.48 49.64 48.75 48.09 47.85 48.07 48.68 49.49 50.29 50.92 51.30 51.48 51.58 51.79 52.23 52.92 53.78 54.66 55.40 55.91 56.15 56.20 56.19 56.22 56.29 56.28 55.99 55.29 54.17 52.82 51.49 50.39 49.62 49.14 48.85 48.62 48.40 48.19 48.02 47.90 47.82 47.76 47.68 47.60 47.53 47.46 47.36 47.18 46.86 46.43 45.95 45.57 45.44 45.62 46.10 46.73 47.34 47.77 47.96 47.97 47.88 47.81 47.82 47.98 48.28 48.69 49.09 49.34 49.33 49.01 48.45 47.79 47.22 46.94 47.07 47.62 48.48 49.45 50.31 50.94 51.35 51.63 51.96 52.46 53.12 53.84 54.41 54.60 54.33 53.59 52.52 51.27 50.05 49.01 48.29 47.95 48.00 48.33 48.84 49.38 49.86 50.22 50.47 50.64 50.83 51.10 51.46 51.87 52.25 52.52 52.68 52.75 52.74 52.66 52.44 52.01 51.32 50.41 49.40 48.45 47.72 47.32 47.31 47.66 48.32 49.14 49.92 50.45 50.55 50.17 49.40 48.41 47.41 46.56 45.94 45.57 45.41 45.35 44.65 38.00 
91.00 66.55 58.40 54.75 52.96 52.16 51.95 52.06 52.25 52.35 52.21 51.77 51.06 50.16 49.19 48.31 47.66 47.31 47.30 47.55 47.96 48.39 48.77 49.08 49.34 49.60 49.89 50.21 50.48 50.63 50.56 50.24 49.73 49.19 48.84 48.86 49.28 49.99 50.77 51.37 51.62 51.47 50.99 50.31 49.57 48.92 48.41 48.05 47.79 47.58 47.43 47.40 47.60 48.08 48.85 49.83 50.83 51.64 52.03 51.88 51.20 50.21 49.21 48.50 48.25 48.51 49.14 49.93 50.67 51.20 51.47 51.54 51.59 51.77 52.21 52.91 53.77 54.62 55.30 55.71 55.84 55.74 55.56 55.39 55.28 55.16 54.88 54.32 53.50 52.52 51.59 50.86 50.40 50.15 49.98 49.80 49.57 49.30 49.05 48.84 48.65 48.45 48.20 47.93 47.64 47.37 47.12 46.85 46.52 46.12 45.71 45.40 45.32 45.54 46.06 46.75 47.44 47.97 48.28 48.39 48.38 48.35 48.38 48.55 48.85 49.25 49.61 49.81 49.72 49.32 48.69 47.99 47.40 47.12 47.26 47.82 48.70 49.68 50.58 51.25 51.71 52.05 52.44 52.97 53.64 54.30 54.72 54.70 54.16 53.15 51.83 50.40 49.05 47.98 47.29 47.04 47.20 47.65 48.24 48.82 49.30 49.61 49.78 49.86 49.96 50.17 50.53 50.98 51.47 51.90 52.27 52.58 52.85 53.04 53.08 52.85 52.29 51.39 50.27 49.10 48.07 47.34 47.02 47.15 47.68 48.48 49.31 49.93 50.11 49.76 48.94 47.83 46.66 45.61 44.84 44.39 44.37 45.11 48.06 59.00 
93.00 72.16 62.00 56.91 54.33 53.08 52.58 52.48 52.54 52.58 52.45 52.08 51.47 50.69 49.84 49.04 48.44 48.11 48.08 48.28 48.59 48.88 49.10 49.25 49.40 49.63 50.00 50.50 51.04 51.48 51.70 51.60 51.22 50.69 50.23 50.03 50.17 50.59 51.14 51.61 51.89 51.90 51.66 51.23 50.69 50.13 49.61 49.16 48.78 48.48 48.29 48.29 48.56 49.14 50.01 51.06 52.09 52.86 53.16 52.86 52.02 50.87 49.74 48.94 48.67 48.92 49.55 50.30 50.94 51.33 51.44 51.38 51.31 51.41 51.78 52.43 53.23 54.01 54.61 54.93 54.95 54.76 54.46 54.18 53.97 53.80 53.58 53.22 52.72 52.14 51.62 51.27 51.13 51.10 51.08 50.97 50.74 50.45 50.14 49.86 49.59 49.27 48.89 48.43 47.96 47.52 47.15 46.84 46.56 46.27 46.00 45.80 45.77 45.98 46.43 47.06 47.71 48.25 48.60 48.78 48.83 48.84 48.89 49.05 49.32 49.67 49.98 50.12 49.98 49.56 48.93 48.26 47.71 47.46 47.59 48.11 48.93 49.86 50.73 51.42 51.93 52.36 52.85 53.49 54.21 54.86 55.18 54.99 54.23 53.00 51.47 49.87 48.42 47.29 46.60 46.38 46.58 47.07 47.69 48.28 48.75 49.05 49.20 49.27 49.36 49.56 49.94 50.46 51.05 51.63 52.19 52.71 53.19 53.59 53.81 53.72 53.23 52.33 51.13 49.78 48.49 47.47 46.87 46.76 47.13 47.85 48.69 49.36 49.62 49.32 48.50 47.32 46.02 44.82 43.87 43.23 42.87 42.83 43.55 47.00 
75.00 67.20 60.67 56.68 54.43 53.26 52.72 52.56 52.59 52.64 52.59 52.38 51.97 51.39 50.71 50.05 49.50 49.16 49.05 49.13 49.28 49.40 49.44 49.44 49.50 49.72 50.19 50.87 51.67 52.40 52.87 52.96 52.68 52.15 51.57 51.16 51.04 51.19 51.52 51.88 52.17 52.32 52.30 52.10 51.73 51.24 50.69 50.12 49.61 49.22 49.00 49.06 49.44 50.15 51.12 52.22 53.24 53.94 54.11 53.65 52.64 51.33 50.07 49.18 48.86 49.08 49.67 50.36 50.90 51.16 51.13 50.92 50.71 50.69 50.95 51.49 52.19 52.86 53.36 53.60 53.55 53.31 52.98 52.68 52.45 52.31 52.20 52.06 51.87 51.67 51.55 51.57 51.72 51.92 52.05 52.02 51.83 51.54 51.22 50.91 50.59 50.21 49.73 49.15 48.53 47.95 47.49 47.18 46.97 46.83 46.72 46.64 46.64 46.78 47.09 47.54 48.03 48.48 48.80 49.00 49.09 49.13 49.18 49.32 49.55 49.86 50.13 50.24 50.11 49.75 49.23 48.68 48.23 48.01 48.12 48.56 49.25 50.07 50.85 51.51 52.06 52.60 53.24 54.03 54.88 55.58 55.87 55.58 54.69 53.31 51.65 49.95 48.41 47.21 46.46 46.19 46.36 46.81 47.38 47.95 48.40 48.72 48.89 48.99 49.10 49.34 49.75 50.34 51.02 51.75 52.46 53.14 53.77 54.28 54.57 54.53 54.05 53.14 51.87 50.41 48.96 47.74 46.90 46.58 46.77 47.36 48.13 48.80 49.09 48.84 48.06 46.89 45.55 44.28 43.22 42.39 41.57 40.14 36.48 26.00 
73.00 61.05 56.93 54.83 53.54 52.76 52.37 52.26 52.31 52.43 52.51 52.50 52.35 52.03 51.59 51.08 50.60 50.23 50.02 49.94 49.90 49.84 49.71 49.57 49.55 49.78 50.33 51.20 52.22 53.20 53.89 54.16 53.96 53.43 52.76 52.18 51.83 51.76 51.90 52.16 52.45 52.69 52.82 52.79 52.54 52.08 51.46 50.78 50.14 49.68 49.49 49.64 50.15 50.98 52.03 53.13 54.08 54.65 54.67 54.05 52.89 51.43 50.05 49.06 48.65 48.80 49.33 49.95 50.41 50.57 50.43 50.10 49.78 49.63 49.77 50.18 50.74 51.30 51.69 51.85 51.77 51.54 51.25 50.99 50.82 50.76 50.78 50.85 50.95 51.10 51.34 51.69 52.13 52.55 52.83 52.89 52.76 52.50 52.20 51.90 51.58 51.18 50.64 49.98 49.27 48.60 48.08 47.76 47.63 47.62 47.64 47.66 47.66 47.70 47.81 48.01 48.28 48.56 48.80 48.96 49.06 49.12 49.17 49.28 49.49 49.76 50.02 50.16 50.13 49.93 49.60 49.25 48.95 48.82 48.91 49.24 49.76 50.39 51.02 51.60 52.17 52.82 53.63 54.61 55.62 56.43 56.75 56.45 55.53 54.12 52.45 50.73 49.16 47.89 47.04 46.66 46.70 47.04 47.52 48.02 48.44 48.75 48.94 49.06 49.19 49.45 49.89 50.53 51.30 52.13 52.95 53.74 54.43 54.96 55.23 55.14 54.62 53.68 52.39 50.91 49.42 48.11 47.15 46.65 46.66 47.07 47.69 48.25 48.50 48.27 47.56 46.48 45.22 44.02 43.02 42.25 41.47 40.08 36.42 24.00 
36.00 47.17 51.35 52.33 52.21 51.88 51.66 51.61 51.71 51.91 52.14 52.34 52.46 52.44 52.25 51.92 51.52 51.14 50.83 50.59 50.38 50.13 49.85 49.58 49.49 49.71 50.33 51.33 52.55 53.74 54.64 55.07 54.97 54.47 53.75 53.04 52.53 52.28 52.27 52.44 52.69 52.97 53.18 53.23 53.03 52.55 51.85 51.06 50.34 49.87 49.75 50.04 50.70 51.63 52.70 53.74 54.55 54.95 54.79 54.03 52.74 51.18 49.68 48.57 48.04 48.09 48.52 49.05 49.45 49.55 49.34 48.95 48.55 48.32 48.35 48.63 49.07 49.50 49.79 49.89 49.80 49.61 49.40 49.24 49.16 49.20 49.34 49.59 49.95 50.40 50.97 51.63 52.32 52.93 53.36 53.53 53.47 53.27 53.01 52.74 52.44 52.03 51.47 50.77 50.00 49.28 48.73 48.42 48.33 48.40 48.52 48.58 48.57 48.49 48.40 48.36 48.38 48.46 48.57 48.68 48.77 48.84 48.89 48.99 49.17 49.44 49.72 49.95 50.08 50.10 50.04 49.94 49.85 49.83 49.93 50.16 50.51 50.92 51.35 51.81 52.34 53.05 54.00 55.15 56.32 57.24 57.65 57.43 56.59 55.30 53.75 52.13 50.60 49.30 48.35 47.81 47.67 47.84 48.18 48.57 48.92 49.19 49.34 49.43 49.53 49.76 50.20 50.86 51.68 52.58 53.48 54.30 54.98 55.44 55.60 55.41 54.81 53.85 52.60 51.19 49.79 48.53 47.57 46.98 46.81 46.99 47.37 47.73 47.85 47.59 46.96 46.03 44.98 44.00 43.26 42.82 42.62 42.75 45.35 65.00 
8.00 40.41 49.16 51.16 51.26 50.99 50.78 50.74 50.87 51.13 51.48 51.89 52.26 52.51 52.57 52.43 52.14 51.77 51.39 51.03 50.67 50.27 49.84 49.46 49.29 49.49 50.15 51.23 52.59 53.95 55.04 55.64 55.69 55.25 54.53 53.75 53.12 52.74 52.62 52.69 52.89 53.14 53.35 53.40 53.18 52.65 51.86 50.99 50.25 49.84 49.86 50.32 51.12 52.12 53.15 54.04 54.67 54.88 54.56 53.69 52.34 50.71 49.13 47.90 47.21 47.09 47.38 47.81 48.13 48.19 47.97 47.56 47.14 46.86 46.82 47.02 47.36 47.69 47.90 47.95 47.87 47.74 47.62 47.55 47.57 47.69 47.93 48.33 48.90 49.62 50.47 51.39 52.30 53.09 53.65 53.92 53.94 53.80 53.60 53.36 53.06 52.64 52.06 51.32 50.52 49.78 49.23 48.93 48.88 48.99 49.15 49.23 49.19 49.02 48.78 48.53 48.34 48.23 48.21 48.25 48.33 48.40 48.47 48.57 48.75 49.02 49.35 49.69 50.01 50.28 50.50 50.68 50.82 50.96 51.11 51.28 51.47 51.67 51.87 52.15 52.58 53.28 54.28 55.52 56.78 57.80 58.32 58.23 57.59 56.54 55.25 53.86 52.49 51.23 50.20 49.50 49.14 49.09 49.24 49.49 49.73 49.89 49.95 49.94 49.95 50.10 50.49 51.14 51.98 52.92 53.84 54.64 55.25 55.58 55.61 55.28 54.61 53.66 52.51 51.28 50.08 49.01 48.14 47.54 47.22 47.16 47.23 47.29 47.20 46.88 46.32 45.60 44.85 44.23 43.89 43.92 44.12 43.48 37.49 5.00 
69.00 57.50 54.01 52.23 51.04 50.28 49.90 49.80 49.92 50.21 50.66 51.21 51.78 52.26 52.55 52.59 52.42 52.10 51.70 51.27 50.80 50.28 49.73 49.26 49.02 49.18 49.83 50.95 52.39 53.88 55.14 55.92 56.12 55.80 55.12 54.33 53.63 53.15 52.92 52.89 53.00 53.18 53.32 53.31 53.02 52.40 51.54 50.64 49.94 49.65 49.85 50.49 51.41 52.42 53.35 54.07 54.49 54.53 54.12 53.22 51.88 50.26 48.63 47.28 46.41 46.08 46.17 46.45 46.69 46.71 46.49 46.10 45.68 45.41 45.36 45.52 45.80 46.07 46.23 46.26 46.21 46.14 46.10 46.11 46.18 46.34 46.64 47.14 47.87 48.80 49.89 51.03 52.13 53.06 53.72 54.09 54.20 54.13 53.96 53.73 53.40 52.93 52.28 51.51 50.69 49.95 49.42 49.16 49.14 49.29 49.47 49.57 49.52 49.31 48.99 48.61 48.27 48.01 47.87 47.85 47.90 47.99 48.09 48.22 48.41 48.70 49.07 49.52 50.00 50.50 50.97 51.39 51.76 52.07 52.31 52.47 52.54 52.53 52.51 52.56 52.82 53.41 54.36 55.57 56.83 57.88 58.50 58.59 58.21 57.49 56.57 55.54 54.43 53.30 52.26 51.41 50.83 50.53 50.45 50.51 50.60 50.63 50.55 50.40 50.28 50.33 50.64 51.25 52.08 53.01 53.91 54.65 55.15 55.35 55.23 54.81 54.12 53.24 52.26 51.28 50.36 49.55 48.86 48.31 47.88 47.56 47.30 47.04 46.71 46.29 45.82 45.34 44.95 44.76 44.95 45.71 47.27 50.16 56.44 76.00 
91.00 66.82 57.60 53.26 50.93 49.67 49.08 48.91 49.02 49.33 49.82 50.47 51.18 51.82 52.27 52.47 52.43 52.19 51.82 51.37 50.84 50.24 49.61 49.08 48.80 48.91 49.53 50.63 52.09 53.64 55.01 55.94 56.31 56.13 55.54 54.78 54.05 53.49 53.15 53.00 52.99 53.04 53.06 52.93 52.55 51.86 50.96 50.08 49.47 49.33 49.72 50.51 51.51 52.48 53.28 53.82 54.06 54.00 53.57 52.75 51.52 49.99 48.37 46.92 45.87 45.30 45.16 45.26 45.37 45.34 45.11 44.74 44.37 44.13 44.11 44.28 44.56 44.82 44.98 45.03 45.03 45.02 45.05 45.09 45.17 45.31 45.61 46.16 46.99 48.07 49.33 50.63 51.86 52.89 53.65 54.10 54.29 54.28 54.14 53.89 53.48 52.91 52.16 51.31 50.47 49.76 49.28 49.07 49.10 49.28 49.50 49.65 49.65 49.47 49.16 48.75 48.32 47.96 47.73 47.65 47.69 47.80 47.95 48.12 48.34 48.64 49.04 49.54 50.13 50.77 51.42 52.04 52.59 53.05 53.39 53.56 53.54 53.35 53.09 52.90 52.95 53.34 54.12 55.20 56.37 57.40 58.09 58.37 58.28 57.94 57.44 56.81 56.03 55.11 54.12 53.16 52.36 51.81 51.49 51.35 51.27 51.15 50.93 50.65 50.42 50.37 50.62 51.18 51.96 52.85 53.68 54.33 54.71 54.80 54.59 54.13 53.48 52.74 52.00 51.32 50.73 50.22 49.74 49.25 48.74 48.21 47.65 47.08 46.52 46.03 45.66 45.44 45.43 45.68 46.35 47.66 49.99 54.12 62.48 84.00 
60.00 61.50 56.89 53.02 50.50 49.07 48.40 48.21 48.32 48.65 49.18 49.86 50.63 51.35 51.91 52.22 52.28 52.14 51.83 51.38 50.83 50.19 49.55 49.01 48.72 48.82 49.39 50.43 51.81 53.33 54.72 55.74 56.25 56.21 55.76 55.07 54.35 53.74 53.29 52.99 52.80 52.68 52.54 52.29 51.81 51.08 50.19 49.38 48.90 48.92 49.46 50.35 51.36 52.25 52.90 53.27 53.40 53.31 52.98 52.33 51.31 49.95 48.39 46.89 45.67 44.88 44.51 44.41 44.39 44.28 44.03 43.68 43.35 43.18 43.22 43.46 43.78 44.08 44.30 44.42 44.50 44.57 44.62 44.66 44.67 44.74 44.99 45.51 46.38 47.54 48.89 50.28 51.57 52.67 53.49 54.01 54.27 54.33 54.20 53.89 53.38 52.66 51.78 50.85 49.98 49.29 48.85 48.71 48.80 49.05 49.35 49.60 49.72 49.67 49.44 49.08 48.65 48.23 47.93 47.80 47.83 47.98 48.18 48.40 48.64 48.93 49.31 49.81 50.43 51.14 51.87 52.60 53.27 53.83 54.23 54.40 54.29 53.94 53.47 53.04 52.84 52.99 53.55 54.42 55.45 56.42 57.16 57.61 57.80 57.82 57.72 57.48 57.04 56.34 55.42 54.39 53.41 52.62 52.08 51.75 51.52 51.29 50.98 50.63 50.35 50.27 50.49 51.01 51.75 52.55 53.27 53.79 54.06 54.05 53.80 53.37 52.84 52.30 51.83 51.46 51.19 50.96 50.68 50.29 49.73 49.03 48.24 47.44 46.74 46.23 45.99 46.04 46.37 47.00 48.00 49.55 51.79 54.56 55.72 44.00 
77.00 62.67 56.12 52.28 49.90 48.54 47.92 47.78 47.94 48.31 48.85 49.53 50.30 51.02 51.60 51.97 52.10 52.02 51.76 51.34 50.78 50.16 49.55 49.06 48.83 48.96 49.49 50.42 51.66 53.04 54.33 55.34 55.91 56.00 55.69 55.13 54.46 53.82 53.26 52.80 52.41 52.09 51.78 51.40 50.86 50.14 49.33 48.64 48.32 48.48 49.12 50.05 51.00 51.77 52.26 52.49 52.56 52.52 52.35 51.95 51.19 50.05 48.61 47.11 45.78 44.82 44.25 43.98 43.83 43.64 43.36 43.03 42.76 42.67 42.80 43.13 43.55 43.96 44.29 44.54 44.72 44.86 44.93 44.91 44.82 44.75 44.88 45.32 46.15 47.30 48.65 50.04 51.33 52.43 53.28 53.86 54.19 54.30 54.17 53.79 53.15 52.28 51.26 50.23 49.32 48.65 48.26 48.17 48.33 48.67 49.09 49.51 49.83 49.99 49.94 49.70 49.31 48.88 48.53 48.35 48.37 48.54 48.80 49.06 49.31 49.56 49.88 50.31 50.88 51.56 52.31 53.06 53.77 54.38 54.79 54.91 54.70 54.20 53.53 52.89 52.47 52.40 52.72 53.39 54.27 55.18 55.97 56.56 56.98 57.27 57.46 57.53 57.35 56.83 55.98 54.91 53.81 52.85 52.14 51.67 51.35 51.06 50.73 50.40 50.16 50.13 50.39 50.91 51.58 52.28 52.85 53.22 53.35 53.26 53.00 52.63 52.25 51.92 51.71 51.62 51.62 51.63 51.53 51.22 50.68 49.90 49.00 48.08 47.33 46.86 46.77 47.07 47.71 48.62 49.83 51.47 53.77 57.12 62.16 71.00 
61.00 56.44 53.37 51.00 49.26 48.19 47.71 47.67 47.90 48.32 48.87 49.53 50.24 50.91 51.45 51.80 51.95 51.89 51.64 51.22 50.67 50.08 49.56 49.21 49.11 49.31 49.83 50.63 51.65 52.78 53.86 54.73 55.27 55.45 55.28 54.87 54.32 53.69 53.04 52.41 51.82 51.29 50.82 50.36 49.82 49.17 48.50 47.99 47.83 48.13 48.83 49.73 50.57 51.17 51.48 51.58 51.61 51.65 51.67 51.53 51.05 50.14 48.86 47.42 46.07 45.02 44.33 43.94 43.69 43.45 43.16 42.86 42.66 42.66 42.91 43.36 43.91 44.47 44.96 45.37 45.69 45.91 45.97 45.85 45.60 45.35 45.30 45.60 46.31 47.37 48.63 49.93 51.15 52.20 53.05 53.67 54.05 54.19 54.05 53.60 52.84 51.82 50.68 49.58 48.64 47.97 47.60 47.54 47.75 48.19 48.77 49.41 50.00 50.44 50.64 50.56 50.26 49.84 49.46 49.24 49.24 49.42 49.70 49.98 50.20 50.38 50.60 50.92 51.39 51.98 52.67 53.39 54.08 54.67 55.04 55.09 54.76 54.12 53.30 52.50 51.91 51.67 51.83 52.36 53.13 54.00 54.83 55.51 56.06 56.50 56.85 57.07 57.03 56.62 55.82 54.73 53.56 52.52 51.73 51.21 50.87 50.59 50.33 50.10 49.98 50.08 50.43 50.98 51.62 52.19 52.60 52.79 52.76 52.56 52.27 51.95 51.69 51.52 51.50 51.61 51.80 51.98 52.02 51.83 51.36 50.62 49.73 48.84 48.12 47.76 47.83 48.34 49.20 50.28 51.53 53.01 54.98 58.23 64.92 82.00 
42.00 49.07 50.60 49.98 48.94 48.16 47.82 47.87 48.17 48.63 49.17 49.78 50.41 50.98 51.44 51.73 51.82 51.73 51.44 50.99 50.45 49.93 49.53 49.36 49.44 49.76 50.29 50.97 51.75 52.56 53.32 53.95 54.37 54.56 54.53 54.29 53.88 53.31 52.61 51.84 51.08 50.39 49.81 49.31 48.82 48.32 47.84 47.54 47.56 47.98 48.70 49.52 50.21 50.61 50.72 50.68 50.66 50.76 50.95 51.04 50.81 50.13 49.04 47.71 46.42 45.37 44.65 44.21 43.92 43.66 43.39 43.15 43.03 43.14 43.51 44.09 44.80 45.54 46.23 46.82 47.29 47.56 47.59 47.34 46.90 46.43 46.16 46.26 46.79 47.68 48.78 49.94 51.03 52.00 52.80 53.43 53.83 53.99 53.82 53.29 52.42 51.30 50.09 48.95 47.99 47.31 46.93 46.85 47.08 47.60 48.36 49.25 50.16 50.91 51.39 51.53 51.34 50.96 50.55 50.30 50.27 50.44 50.72 50.98 51.14 51.23 51.32 51.49 51.81 52.28 52.86 53.51 54.15 54.68 54.98 54.95 54.52 53.78 52.87 51.99 51.32 50.99 51.07 51.53 52.26 53.13 53.98 54.70 55.27 55.73 56.09 56.30 56.27 55.87 55.08 54.00 52.82 51.77 50.99 50.51 50.24 50.07 49.95 49.88 49.94 50.20 50.68 51.29 51.89 52.36 52.60 52.60 52.39 52.05 51.68 51.34 51.11 51.01 51.06 51.26 51.54 51.81 51.97 51.91 51.59 51.00 50.26 49.50 48.93 48.70 48.92 49.57 50.54 51.66 52.77 53.76 54.67 55.69 57.20 58.00 
30.00 47.51 50.52 50.15 49.22 48.51 48.22 48.30 48.63 49.09 49.61 50.16 50.69 51.15 51.49 51.68 51.68 51.49 51.13 50.64 50.11 49.66 49.42 49.44 49.71 50.18 50.74 51.31 51.86 52.34 52.74 53.06 53.29 53.44 53.49 53.42 53.17 52.69 52.00 51.16 50.28 49.49 48.87 48.40 48.03 47.70 47.45 47.37 47.57 48.07 48.79 49.52 50.03 50.21 50.10 49.89 49.79 49.91 50.21 50.47 50.46 50.00 49.10 47.95 46.78 45.81 45.12 44.69 44.41 44.18 43.97 43.82 43.81 44.03 44.51 45.22 46.08 47.00 47.89 48.67 49.25 49.56 49.51 49.11 48.45 47.75 47.24 47.12 47.44 48.13 49.03 50.02 50.97 51.83 52.56 53.14 53.53 53.64 53.42 52.82 51.88 50.72 49.51 48.38 47.44 46.73 46.28 46.14 46.33 46.89 47.79 48.94 50.16 51.25 52.02 52.39 52.34 52.02 51.63 51.34 51.28 51.43 51.68 51.90 52.00 51.98 51.92 51.92 52.06 52.36 52.80 53.34 53.91 54.39 54.64 54.55 54.09 53.32 52.39 51.50 50.82 50.49 50.56 51.03 51.78 52.67 53.52 54.22 54.73 55.09 55.32 55.41 55.27 54.81 53.99 52.90 51.74 50.74 50.04 49.68 49.57 49.60 49.67 49.81 50.06 50.48 51.07 51.74 52.34 52.73 52.84 52.65 52.26 51.75 51.25 50.82 50.51 50.36 50.37 50.52 50.79 51.09 51.32 51.41 51.29 50.95 50.46 49.94 49.56 49.49 49.81 50.53 51.52 52.57 53.43 53.83 53.48 52.10 49.87 50.00 
81.00 60.63 54.15 51.41 49.93 49.10 48.77 48.83 49.13 49.56 50.03 50.51 50.94 51.29 51.52 51.58 51.46 51.17 50.73 50.19 49.68 49.32 49.22 49.40 49.84 50.43 51.03 51.53 51.88 52.08 52.15 52.16 52.17 52.22 52.31 52.35 52.24 51.88 51.25 50.41 49.52 48.73 48.13 47.76 47.54 47.42 47.39 47.50 47.84 48.41 49.09 49.69 50.01 49.96 49.64 49.26 49.05 49.15 49.50 49.89 50.04 49.78 49.10 48.15 47.16 46.31 45.69 45.29 45.04 44.87 44.76 44.73 44.85 45.18 45.75 46.56 47.54 48.61 49.66 50.58 51.24 51.52 51.37 50.80 49.93 49.01 48.30 47.97 48.09 48.58 49.31 50.13 50.96 51.71 52.36 52.86 53.15 53.18 52.87 52.20 51.24 50.13 48.99 47.94 47.02 46.27 45.71 45.43 45.52 46.07 47.06 48.41 49.90 51.29 52.36 52.96 53.09 52.88 52.53 52.24 52.16 52.28 52.50 52.68 52.71 52.58 52.36 52.16 52.08 52.17 52.43 52.84 53.33 53.78 54.04 53.98 53.56 52.84 51.97 51.12 50.48 50.19 50.31 50.83 51.63 52.55 53.40 54.03 54.42 54.61 54.63 54.52 54.21 53.63 52.74 51.63 50.49 49.54 48.96 48.77 48.89 49.17 49.50 49.85 50.27 50.81 51.48 52.19 52.80 53.15 53.16 52.84 52.29 51.63 50.97 50.39 49.94 49.63 49.48 49.50 49.66 49.92 50.20 50.43 50.54 50.49 50.31 50.08 49.95 50.04 50.44 51.15 52.07 52.98 53.61 53.59 52.29 48.53 39.72 21.00 
76.00 59.85 54.11 51.62 50.30 49.57 49.26 49.29 49.54 49.92 50.33 50.74 51.09 51.35 51.46 51.41 51.18 50.79 50.29 49.75 49.28 49.00 48.99 49.28 49.82 50.46 51.08 51.53 51.75 51.73 51.55 51.30 51.10 51.03 51.08 51.18 51.18 50.95 50.43 49.70 48.89 48.19 47.70 47.46 47.42 47.50 47.66 47.94 48.36 48.93 49.52 49.95 50.07 49.80 49.28 48.73 48.42 48.48 48.85 49.32 49.62 49.55 49.10 48.39 47.58 46.86 46.31 45.94 45.72 45.61 45.61 45.71 45.96 46.39 47.03 47.90 48.96 50.12 51.26 52.23 52.87 53.08 52.80 52.07 51.04 49.98 49.12 48.65 48.63 48.97 49.57 50.28 51.01 51.68 52.23 52.61 52.77 52.67 52.25 51.54 50.62 49.61 48.61 47.68 46.81 45.99 45.28 44.81 44.75 45.21 46.23 47.69 49.38 51.01 52.33 53.17 53.52 53.46 53.21 52.97 52.89 53.00 53.19 53.33 53.29 53.06 52.67 52.25 51.91 51.73 51.76 52.03 52.45 52.91 53.24 53.30 53.02 52.43 51.66 50.89 50.30 50.06 50.23 50.80 51.65 52.59 53.42 53.98 54.23 54.22 54.03 53.70 53.20 52.48 51.51 50.35 49.18 48.26 47.77 47.75 48.13 48.70 49.31 49.89 50.44 51.06 51.75 52.47 53.08 53.41 53.38 52.99 52.34 51.56 50.78 50.05 49.42 48.91 48.55 48.36 48.37 48.54 48.84 49.18 49.50 49.75 49.89 49.99 50.11 50.37 50.83 51.49 52.28 53.04 53.56 53.53 52.47 49.12 38.97 3.00 
35.00 48.52 50.60 50.54 50.11 49.72 49.53 49.56 49.78 50.11 50.48 50.84 51.15 51.34 51.37 51.22 50.91 50.46 49.95 49.44 49.02 48.81 48.85 49.16 49.69 50.32 50.89 51.29 51.41 51.26 50.91 50.47 50.10 49.90 49.90 50.00 50.08 49.98 49.64 49.10 48.48 47.96 47.64 47.57 47.71 47.96 48.27 48.64 49.09 49.58 50.01 50.24 50.13 49.65 48.95 48.27 47.87 47.88 48.26 48.78 49.20 49.33 49.12 48.64 48.03 47.43 46.92 46.55 46.34 46.28 46.38 46.61 46.97 47.48 48.17 49.06 50.14 51.31 52.43 53.33 53.88 53.96 53.55 52.72 51.62 50.52 49.63 49.12 49.03 49.30 49.81 50.46 51.13 51.73 52.19 52.44 52.45 52.20 51.70 50.97 50.14 49.29 48.48 47.69 46.86 45.97 45.09 44.41 44.15 44.47 45.43 46.91 48.69 50.47 51.99 53.07 53.65 53.81 53.71 53.57 53.53 53.63 53.81 53.91 53.82 53.47 52.91 52.23 51.58 51.10 50.88 50.97 51.33 51.83 52.30 52.56 52.49 52.10 51.47 50.78 50.22 49.99 50.18 50.78 51.66 52.61 53.41 53.90 54.03 53.85 53.46 52.94 52.29 51.46 50.40 49.18 47.96 47.01 46.55 46.67 47.28 48.14 49.04 49.81 50.48 51.11 51.78 52.47 53.06 53.39 53.35 52.94 52.26 51.44 50.59 49.76 48.98 48.27 47.69 47.30 47.14 47.22 47.50 47.92 48.42 48.91 49.35 49.75 50.14 50.58 51.09 51.68 52.31 52.89 53.35 53.65 54.04 55.71 63.60 98.00 
53.00 48.37 48.85 49.47 49.65 49.61 49.56 49.64 49.86 50.17 50.53 50.89 51.18 51.34 51.33 51.13 50.79 50.35 49.86 49.41 49.07 48.89 48.92 49.17 49.60 50.10 50.57 50.86 50.89 50.64 50.18 49.64 49.16 48.86 48.79 48.89 49.04 49.10 48.99 48.72 48.38 48.10 47.99 48.10 48.39 48.78 49.19 49.59 49.98 50.32 50.53 50.52 50.17 49.50 48.65 47.87 47.39 47.36 47.71 48.27 48.80 49.11 49.13 48.88 48.46 47.96 47.48 47.09 46.86 46.82 46.98 47.31 47.76 48.33 49.04 49.93 50.95 52.03 53.02 53.76 54.14 54.08 53.58 52.73 51.69 50.67 49.87 49.42 49.34 49.58 50.05 50.64 51.26 51.80 52.17 52.31 52.20 51.85 51.30 50.63 49.93 49.27 48.66 48.01 47.22 46.26 45.23 44.35 43.89 44.03 44.86 46.25 48.01 49.84 51.50 52.79 53.62 54.02 54.12 54.10 54.13 54.25 54.40 54.47 54.30 53.84 53.08 52.14 51.17 50.36 49.87 49.79 50.10 50.67 51.31 51.80 52.00 51.82 51.34 50.71 50.16 49.90 50.07 50.66 51.54 52.48 53.26 53.70 53.73 53.42 52.89 52.24 51.49 50.60 49.50 48.23 46.94 45.93 45.45 45.64 46.42 47.53 48.66 49.62 50.36 50.97 51.58 52.19 52.73 53.03 53.00 52.61 51.96 51.16 50.32 49.46 48.60 47.75 47.01 46.45 46.16 46.15 46.41 46.87 47.47 48.14 48.83 49.49 50.13 50.74 51.32 51.84 52.28 52.63 52.88 53.12 53.65 55.48 61.35 77.00 
39.00 42.83 46.54 48.44 49.19 49.40 49.48 49.62 49.86 50.20 50.58 50.96 51.27 51.45 51.44 51.25 50.94 50.55 50.15 49.78 49.49 49.32 49.30 49.42 49.67 49.98 50.25 50.38 50.27 49.92 49.37 48.76 48.22 47.88 47.79 47.91 48.16 48.41 48.58 48.64 48.62 48.63 48.74 49.02 49.43 49.90 50.34 50.70 50.96 51.10 51.07 50.79 50.21 49.38 48.42 47.57 47.04 46.95 47.26 47.82 48.42 48.87 49.10 49.07 48.83 48.44 47.99 47.57 47.29 47.24 47.41 47.78 48.28 48.89 49.61 50.44 51.35 52.25 53.01 53.51 53.69 53.52 53.02 52.27 51.40 50.59 49.98 49.66 49.63 49.86 50.27 50.78 51.31 51.76 52.05 52.12 51.95 51.59 51.09 50.55 50.04 49.60 49.18 48.66 47.91 46.90 45.76 44.72 44.08 44.03 44.66 45.89 47.52 49.31 51.04 52.49 53.54 54.18 54.48 54.61 54.71 54.84 54.96 54.97 54.72 54.13 53.18 51.99 50.72 49.61 48.87 48.63 48.89 49.53 50.34 51.07 51.51 51.54 51.19 50.61 50.05 49.75 49.87 50.44 51.30 52.24 52.99 53.37 53.33 52.92 52.28 51.55 50.77 49.89 48.83 47.57 46.26 45.18 44.65 44.86 45.73 47.00 48.31 49.39 50.16 50.72 51.22 51.72 52.17 52.42 52.38 52.02 51.44 50.74 49.98 49.16 48.29 47.40 46.57 45.93 45.56 45.49 45.72 46.18 46.83 47.60 48.45 49.32 50.17 50.95 51.60 52.06 52.30 52.35 52.23 51.98 51.55 50.80 49.08 44.00 
4.00 37.22 45.72 48.33 49.16 49.40 49.51 49.67 49.95 50.31 50.73 51.15 51.49 51.69 51.72 51.59 51.37 51.09 50.79 50.51 50.26 50.08 49.98 49.95 50.00 50.07 50.09 49.98 49.68 49.17 48.53 47.87 47.33 47.01 46.96 47.17 47.55 48.03 48.49 48.89 49.20 49.48 49.80 50.20 50.68 51.16 51.56 51.83 51.92 51.83 51.54 51.03 50.27 49.33 48.33 47.46 46.90 46.75 47.00 47.51 48.12 48.67 49.06 49.22 49.16 48.88 48.46 48.03 47.70 47.59 47.72 48.07 48.58 49.20 49.89 50.63 51.36 52.00 52.46 52.71 52.71 52.50 52.11 51.57 50.99 50.47 50.10 49.94 49.98 50.16 50.45 50.82 51.20 51.52 51.72 51.75 51.61 51.33 50.99 50.66 50.41 50.22 50.00 49.61 48.92 47.90 46.69 45.55 44.74 44.50 44.90 45.89 47.32 49.00 50.71 52.26 53.49 54.32 54.81 55.06 55.21 55.34 55.41 55.34 54.99 54.26 53.15 51.75 50.26 48.92 47.98 47.61 47.83 48.52 49.46 50.37 51.00 51.19 50.94 50.41 49.84 49.52 49.62 50.18 51.04 51.96 52.69 53.02 52.90 52.39 51.66 50.88 50.11 49.31 48.36 47.21 45.95 44.87 44.31 44.49 45.40 46.74 48.14 49.26 50.01 50.47 50.82 51.17 51.49 51.67 51.60 51.29 50.81 50.24 49.61 48.91 48.12 47.26 46.45 45.80 45.41 45.32 45.52 45.95 46.58 47.37 48.30 49.31 50.32 51.24 51.95 52.35 52.41 52.16 51.66 50.87 49.54 46.85 39.97 17.00 
90.00 56.22 50.69 49.96 49.85 49.79 49.80 49.95 50.23 50.61 51.03 51.45 51.80 52.02 52.10 52.08 51.98 51.84 51.66 51.46 51.25 51.04 50.86 50.70 50.56 50.39 50.15 49.78 49.24 48.54 47.79 47.10 46.59 46.36 46.43 46.77 47.33 48.02 48.75 49.42 50.01 50.50 50.97 51.44 51.93 52.36 52.66 52.78 52.68 52.36 51.85 51.16 50.31 49.36 48.40 47.58 47.04 46.86 47.03 47.46 48.02 48.59 49.07 49.38 49.46 49.30 48.95 48.51 48.14 47.95 48.01 48.30 48.77 49.36 49.98 50.57 51.05 51.38 51.52 51.52 51.43 51.28 51.09 50.87 50.63 50.44 50.33 50.32 50.38 50.47 50.58 50.72 50.89 51.04 51.13 51.15 51.09 50.98 50.89 50.86 50.91 51.01 51.02 50.78 50.17 49.19 47.96 46.74 45.80 45.35 45.49 46.21 47.40 48.92 50.56 52.14 53.47 54.44 55.04 55.38 55.55 55.64 55.64 55.46 55.00 54.16 52.93 51.41 49.78 48.31 47.26 46.81 47.00 47.71 48.72 49.73 50.46 50.74 50.56 50.06 49.52 49.23 49.37 49.96 50.85 51.78 52.47 52.74 52.51 51.89 51.06 50.23 49.50 48.81 48.03 47.07 45.97 44.98 44.45 44.64 45.53 46.88 48.27 49.35 50.00 50.30 50.46 50.62 50.78 50.87 50.80 50.55 50.20 49.80 49.35 48.81 48.16 47.41 46.68 46.10 45.75 45.67 45.84 46.21 46.77 47.52 48.45 49.52 50.63 51.64 52.38 52.71 52.61 52.12 51.34 50.27 48.79 46.94 46.83 63.00 
22.00 46.95 50.88 51.14 50.82 50.53 50.41 50.49 50.72 51.06 51.44 51.81 52.12 52.34 52.47 52.55 52.60 52.60 52.55 52.42 52.22 51.99 51.75 51.50 51.22 50.88 50.42 49.81 49.04 48.17 47.32 46.62 46.19 46.08 46.30 46.81 47.53 48.39 49.29 50.15 50.89 51.51 52.04 52.52 52.96 53.29 53.45 53.38 53.08 52.56 51.89 51.10 50.25 49.39 48.57 47.91 47.46 47.30 47.40 47.72 48.19 48.71 49.21 49.59 49.78 49.72 49.44 49.04 48.64 48.38 48.35 48.55 48.95 49.46 49.96 50.34 50.54 50.52 50.37 50.18 50.06 50.06 50.15 50.28 50.41 50.54 50.66 50.77 50.81 50.77 50.67 50.54 50.45 50.39 50.36 50.36 50.40 50.49 50.68 50.99 51.39 51.80 52.06 52.01 51.52 50.61 49.39 48.12 47.05 46.39 46.28 46.72 47.66 48.99 50.54 52.09 53.45 54.48 55.14 55.50 55.66 55.68 55.57 55.26 54.68 53.75 52.46 50.91 49.27 47.78 46.71 46.24 46.41 47.12 48.14 49.16 49.91 50.21 50.05 49.59 49.12 48.91 49.15 49.83 50.78 51.72 52.38 52.57 52.23 51.48 50.55 49.66 48.94 48.36 47.77 47.04 46.18 45.39 44.99 45.23 46.13 47.43 48.73 49.68 50.13 50.21 50.13 50.08 50.09 50.11 50.06 49.92 49.74 49.54 49.30 48.97 48.49 47.90 47.30 46.82 46.55 46.50 46.64 46.93 47.38 48.03 48.90 49.96 51.11 52.14 52.86 53.11 52.87 52.22 51.29 50.11 48.41 45.23 37.38 12.00 
73.00 58.74 54.83 53.11 52.10 51.50 51.22 51.18 51.31 51.54 51.81 52.07 52.31 52.51 52.70 52.89 53.07 53.21 53.26 53.17 52.99 52.74 52.46 52.17 51.82 51.38 50.78 50.01 49.11 48.14 47.25 46.59 46.26 46.30 46.68 47.33 48.17 49.10 50.05 50.94 51.70 52.32 52.84 53.28 53.63 53.83 53.83 53.58 53.08 52.40 51.62 50.80 50.02 49.32 48.74 48.31 48.05 47.96 48.05 48.27 48.61 49.02 49.46 49.84 50.07 50.09 49.89 49.54 49.16 48.86 48.76 48.88 49.19 49.59 49.92 50.06 49.94 49.62 49.22 48.92 48.85 49.03 49.39 49.85 50.30 50.71 51.03 51.23 51.25 51.08 50.77 50.39 50.03 49.75 49.59 49.55 49.66 49.92 50.37 50.99 51.71 52.41 52.93 53.08 52.74 51.92 50.75 49.44 48.25 47.40 47.05 47.24 47.96 49.12 50.56 52.06 53.40 54.43 55.09 55.42 55.51 55.42 55.17 54.71 54.00 53.00 51.72 50.22 48.67 47.29 46.29 45.86 46.04 46.74 47.72 48.69 49.39 49.65 49.48 49.06 48.68 48.60 48.98 49.77 50.79 51.75 52.38 52.50 52.06 51.20 50.17 49.20 48.46 47.95 47.51 47.01 46.43 45.92 45.74 46.12 47.05 48.29 49.45 50.18 50.37 50.17 49.83 49.56 49.45 49.45 49.46 49.48 49.50 49.54 49.53 49.40 49.12 48.70 48.26 47.90 47.72 47.70 47.80 48.00 48.31 48.82 49.58 50.58 51.69 52.68 53.34 53.50 53.15 52.41 51.51 50.59 49.64 48.29 45.49 39.00 
67.00 60.16 56.62 54.49 53.18 52.40 51.99 51.82 51.80 51.86 51.97 52.11 52.27 52.47 52.72 53.02 53.32 53.56 53.67 53.61 53.41 53.15 52.87 52.57 52.21 51.74 51.11 50.31 49.39 48.44 47.62 47.06 46.86 47.05 47.56 48.29 49.15 50.05 50.92 51.69 52.35 52.89 53.34 53.70 53.94 54.02 53.86 53.45 52.80 51.99 51.13 50.30 49.61 49.10 48.78 48.63 48.61 48.68 48.80 48.96 49.17 49.44 49.76 50.06 50.28 50.34 50.21 49.94 49.61 49.34 49.22 49.29 49.51 49.77 49.91 49.81 49.42 48.85 48.30 47.96 47.96 48.30 48.88 49.57 50.26 50.88 51.37 51.66 51.68 51.44 50.97 50.39 49.81 49.35 49.04 48.93 49.04 49.40 50.01 50.84 51.81 52.74 53.46 53.79 53.59 52.88 51.75 50.43 49.15 48.16 47.62 47.62 48.19 49.24 50.60 52.05 53.35 54.33 54.94 55.20 55.19 54.95 54.53 53.90 53.05 51.99 50.74 49.36 47.99 46.80 45.96 45.62 45.84 46.52 47.45 48.34 48.95 49.15 48.95 48.56 48.27 48.31 48.82 49.72 50.79 51.77 52.39 52.47 51.99 51.08 49.97 48.94 48.15 47.63 47.27 46.94 46.62 46.42 46.53 47.10 48.11 49.30 50.28 50.77 50.67 50.17 49.57 49.12 48.92 48.93 49.07 49.27 49.52 49.79 50.00 50.08 49.98 49.74 49.45 49.22 49.10 49.10 49.15 49.23 49.39 49.73 50.35 51.23 52.24 53.16 53.73 53.79 53.37 52.62 51.84 51.36 51.55 53.02 57.40 69.00 
49.00 58.20 56.91 54.99 53.69 52.92 52.46 52.18 51.99 51.86 51.80 51.82 51.95 52.19 52.53 52.94 53.34 53.63 53.75 53.68 53.47 53.20 52.92 52.64 52.31 51.87 51.29 50.58 49.77 48.98 48.32 47.94 47.90 48.21 48.80 49.54 50.33 51.10 51.78 52.36 52.84 53.25 53.59 53.87 54.02 54.00 53.73 53.20 52.45 51.55 50.61 49.77 49.13 48.74 48.63 48.74 48.97 49.22 49.42 49.56 49.67 49.80 49.96 50.15 50.31 50.37 50.31 50.15 49.92 49.73 49.64 49.69 49.85 49.99 49.96 49.65 49.08 48.38 47.77 47.46 47.53 47.97 48.65 49.44 50.25 51.01 51.63 52.03 52.11 51.86 51.33 50.63 49.91 49.29 48.86 48.65 48.71 49.08 49.74 50.66 51.72 52.76 53.58 54.00 53.89 53.25 52.19 50.88 49.58 48.51 47.87 47.79 48.30 49.31 50.65 52.06 53.32 54.24 54.78 54.94 54.79 54.40 53.79 52.98 52.00 50.87 49.66 48.44 47.29 46.33 45.70 45.50 45.78 46.45 47.33 48.14 48.66 48.77 48.52 48.15 47.91 48.05 48.64 49.59 50.69 51.68 52.31 52.42 51.98 51.11 50.01 48.94 48.08 47.48 47.10 46.87 46.75 46.82 47.22 48.02 49.13 50.28 51.11 51.35 50.99 50.24 49.42 48.82 48.58 48.64 48.91 49.29 49.74 50.19 50.58 50.84 50.91 50.84 50.71 50.60 50.54 50.53 50.50 50.44 50.42 50.58 51.01 51.74 52.62 53.43 53.91 53.90 53.44 52.71 52.04 51.83 52.56 55.15 62.25 84.00 
98.00 66.61 57.63 54.62 53.43 52.86 52.48 52.15 51.81 51.50 51.29 51.23 51.37 51.70 52.17 52.68 53.13 53.43 53.51 53.40 53.16 52.88 52.63 52.38 52.11 51.76 51.30 50.75 50.16 49.60 49.19 49.02 49.15 49.56 50.17 50.85 51.51 52.08 52.55 52.92 53.23 53.50 53.76 53.96 54.06 53.97 53.64 53.06 52.25 51.29 50.30 49.39 48.72 48.36 48.34 48.60 49.01 49.42 49.72 49.87 49.92 49.92 49.94 50.00 50.07 50.13 50.15 50.11 50.03 49.96 49.95 50.02 50.13 50.17 50.02 49.60 48.95 48.25 47.69 47.45 47.58 48.03 48.68 49.44 50.25 51.07 51.80 52.32 52.51 52.33 51.81 51.08 50.30 49.60 49.07 48.78 48.77 49.08 49.69 50.56 51.57 52.55 53.31 53.67 53.56 52.95 51.94 50.69 49.43 48.38 47.76 47.72 48.27 49.34 50.72 52.14 53.36 54.22 54.67 54.72 54.45 53.91 53.14 52.17 51.05 49.87 48.70 47.63 46.70 45.99 45.57 45.52 45.87 46.54 47.37 48.10 48.52 48.54 48.24 47.85 47.63 47.79 48.38 49.32 50.40 51.38 52.06 52.28 51.99 51.26 50.27 49.21 48.29 47.58 47.11 46.86 46.85 47.13 47.78 48.79 49.99 51.11 51.80 51.86 51.31 50.38 49.43 48.76 48.50 48.61 48.98 49.49 50.05 50.61 51.12 51.50 51.74 51.85 51.87 51.87 51.86 51.82 51.69 51.47 51.25 51.19 51.42 51.97 52.69 53.37 53.77 53.73 53.28 52.59 51.95 51.70 52.12 53.12 52.64 38.00 
52.00 52.46 52.10 52.06 52.16 52.20 52.08 51.77 51.34 50.90 50.57 50.48 50.66 51.10 51.68 52.27 52.73 52.97 52.98 52.79 52.53 52.26 52.05 51.88 51.69 51.46 51.16 50.81 50.46 50.16 50.00 50.04 50.31 50.78 51.37 51.96 52.47 52.86 53.15 53.37 53.57 53.77 53.97 54.14 54.20 54.09 53.75 53.17 52.37 51.39 50.33 49.34 48.54 48.08 48.01 48.28 48.74 49.23 49.59 49.77 49.79 49.71 49.61 49.55 49.55 49.61 49.71 49.82 49.91 49.99 50.07 50.16 50.24 50.22 50.00 49.57 48.99 48.40 47.98 47.84 48.00 48.37 48.89 49.51 50.23 51.04 51.83 52.47 52.79 52.73 52.29 51.61 50.84 50.13 49.58 49.25 49.19 49.42 49.94 50.66 51.48 52.23 52.75 52.92 52.68 52.03 51.05 49.90 48.75 47.83 47.34 47.44 48.14 49.34 50.81 52.26 53.46 54.27 54.64 54.61 54.25 53.60 52.71 51.63 50.42 49.20 48.07 47.12 46.38 45.88 45.64 45.73 46.13 46.80 47.57 48.21 48.53 48.45 48.08 47.64 47.38 47.49 48.02 48.87 49.88 50.85 51.60 51.99 51.93 51.45 50.66 49.71 48.75 47.93 47.32 46.99 47.01 47.41 48.23 49.37 50.62 51.69 52.28 52.21 51.55 50.56 49.59 48.92 48.69 48.85 49.26 49.79 50.36 50.93 51.46 51.93 52.31 52.59 52.78 52.90 52.93 52.84 52.59 52.20 51.78 51.50 51.51 51.84 52.39 52.94 53.28 53.24 52.83 52.18 51.53 51.16 51.41 52.85 57.35 73.00 
20.00 38.97 45.98 49.00 50.51 51.25 51.45 51.24 50.78 50.25 49.85 49.73 49.95 50.47 51.12 51.73 52.14 52.28 52.17 51.92 51.64 51.43 51.31 51.25 51.19 51.10 50.97 50.82 50.67 50.58 50.59 50.76 51.11 51.59 52.13 52.63 53.03 53.32 53.54 53.73 53.91 54.10 54.30 54.45 54.50 54.39 54.08 53.55 52.80 51.85 50.76 49.67 48.71 48.06 47.79 47.90 48.26 48.71 49.07 49.26 49.27 49.14 48.97 48.82 48.77 48.83 49.02 49.28 49.54 49.76 49.93 50.04 50.09 50.03 49.82 49.48 49.06 48.68 48.46 48.43 48.57 48.81 49.12 49.53 50.10 50.83 51.65 52.38 52.83 52.90 52.60 52.02 51.34 50.69 50.19 49.90 49.85 50.04 50.44 50.98 51.52 51.92 52.08 51.92 51.44 50.69 49.73 48.69 47.72 47.00 46.73 47.04 47.95 49.32 50.89 52.39 53.57 54.32 54.64 54.56 54.16 53.48 52.55 51.42 50.19 48.98 47.90 47.04 46.44 46.09 45.99 46.16 46.59 47.22 47.91 48.44 48.63 48.44 47.97 47.44 47.11 47.12 47.52 48.23 49.14 50.07 50.90 51.48 51.71 51.56 51.05 50.28 49.38 48.48 47.74 47.29 47.26 47.70 48.58 49.76 51.00 51.98 52.46 52.32 51.65 50.71 49.83 49.25 49.08 49.27 49.66 50.12 50.59 51.06 51.54 52.03 52.53 52.98 53.35 53.59 53.66 53.52 53.16 52.62 52.00 51.51 51.30 51.41 51.77 52.18 52.46 52.43 52.08 51.47 50.75 50.08 49.62 49.65 50.96 56.00 
22.00 37.35 43.63 47.11 49.22 50.40 50.86 50.77 50.32 49.75 49.29 49.13 49.34 49.86 50.50 51.06 51.37 51.37 51.16 50.85 50.61 50.51 50.54 50.65 50.77 50.85 50.88 50.87 50.84 50.84 50.90 51.08 51.38 51.80 52.27 52.71 53.10 53.43 53.72 54.00 54.26 54.51 54.71 54.85 54.88 54.78 54.53 54.09 53.43 52.56 51.50 50.34 49.23 48.33 47.78 47.60 47.73 48.01 48.29 48.45 48.45 48.31 48.10 47.89 47.80 47.88 48.15 48.54 48.95 49.29 49.51 49.62 49.63 49.56 49.41 49.21 49.02 48.91 48.89 48.96 49.04 49.11 49.18 49.36 49.74 50.38 51.18 51.97 52.54 52.74 52.58 52.15 51.61 51.10 50.72 50.53 50.54 50.74 51.07 51.42 51.67 51.68 51.41 50.86 50.11 49.24 48.30 47.40 46.63 46.15 46.12 46.66 47.77 49.28 50.93 52.43 53.58 54.29 54.57 54.50 54.12 53.47 52.58 51.50 50.33 49.18 48.18 47.41 46.91 46.65 46.62 46.83 47.24 47.80 48.37 48.75 48.79 48.45 47.86 47.22 46.76 46.64 46.88 47.43 48.20 49.07 49.95 50.72 51.25 51.46 51.30 50.79 50.01 49.10 48.26 47.70 47.57 47.97 48.84 49.98 51.12 51.97 52.32 52.12 51.50 50.71 50.00 49.59 49.53 49.73 50.05 50.38 50.67 50.97 51.34 51.83 52.42 53.01 53.53 53.88 53.98 53.81 53.36 52.70 51.94 51.28 50.87 50.78 50.94 51.21 51.41 51.39 51.09 50.51 49.70 48.67 47.28 45.12 40.79 28.00 
66.00 44.72 43.91 46.29 48.44 49.82 50.45 50.47 50.06 49.47 48.96 48.72 48.84 49.27 49.82 50.27 50.45 50.34 50.04 49.74 49.59 49.66 49.90 50.24 50.58 50.84 51.01 51.08 51.06 51.00 50.95 50.98 51.13 51.41 51.79 52.24 52.71 53.20 53.70 54.17 54.59 54.92 55.13 55.23 55.23 55.14 54.94 54.61 54.09 53.34 52.36 51.20 49.97 48.84 47.97 47.44 47.24 47.27 47.39 47.49 47.49 47.36 47.14 46.91 46.79 46.88 47.20 47.69 48.21 48.62 48.87 48.95 48.92 48.83 48.76 48.74 48.80 48.93 49.10 49.22 49.22 49.10 48.94 48.89 49.11 49.64 50.42 51.24 51.90 52.24 52.23 51.97 51.59 51.23 51.01 50.95 51.06 51.31 51.61 51.82 51.81 51.48 50.82 49.94 48.96 47.99 47.11 46.36 45.81 45.56 45.74 46.46 47.69 49.26 50.91 52.35 53.43 54.09 54.37 54.34 54.03 53.47 52.68 51.71 50.67 49.65 48.77 48.10 47.68 47.48 47.49 47.69 48.05 48.50 48.91 49.10 48.96 48.47 47.73 46.96 46.36 46.08 46.14 46.51 47.13 47.93 48.82 49.73 50.54 51.10 51.31 51.11 50.51 49.65 48.76 48.09 47.87 48.19 48.97 50.01 51.01 51.69 51.91 51.67 51.12 50.50 50.02 49.81 49.87 50.08 50.31 50.46 50.55 50.66 50.91 51.37 52.00 52.70 53.33 53.74 53.87 53.68 53.18 52.46 51.63 50.88 50.33 50.06 50.05 50.18 50.29 50.25 49.98 49.44 48.60 47.35 45.45 42.56 38.96 39.00 
7.00 31.57 40.83 45.40 48.02 49.52 50.21 50.30 49.94 49.37 48.80 48.45 48.42 48.69 49.09 49.39 49.46 49.27 48.97 48.73 48.73 49.02 49.52 50.13 50.70 51.15 51.42 51.50 51.39 51.14 50.85 50.60 50.49 50.58 50.88 51.37 52.01 52.76 53.54 54.27 54.86 55.25 55.45 55.48 55.42 55.32 55.17 54.94 54.57 53.98 53.12 52.01 50.73 49.44 48.29 47.41 46.85 46.59 46.52 46.53 46.53 46.44 46.25 46.03 45.91 46.00 46.35 46.89 47.46 47.90 48.14 48.17 48.08 47.98 47.96 48.09 48.36 48.70 48.99 49.12 49.01 48.71 48.35 48.13 48.22 48.68 49.44 50.30 51.03 51.49 51.63 51.52 51.30 51.09 50.98 51.03 51.23 51.53 51.83 51.98 51.81 51.26 50.36 49.26 48.15 47.17 46.40 45.84 45.49 45.44 45.77 46.57 47.81 49.32 50.85 52.17 53.13 53.73 54.02 54.05 53.84 53.39 52.72 51.90 51.01 50.16 49.44 48.90 48.57 48.43 48.47 48.65 48.94 49.26 49.49 49.49 49.16 48.50 47.62 46.71 45.97 45.51 45.39 45.59 46.06 46.76 47.64 48.65 49.67 50.55 51.11 51.21 50.82 50.05 49.13 48.38 48.06 48.28 48.96 49.89 50.74 51.27 51.37 51.09 50.60 50.14 49.86 49.83 49.98 50.19 50.31 50.29 50.19 50.13 50.28 50.70 51.35 52.10 52.77 53.21 53.33 53.12 52.62 51.90 51.09 50.32 49.72 49.36 49.21 49.20 49.21 49.12 48.87 48.40 47.64 46.39 44.25 40.41 33.28 20.00 
11.00 33.68 42.27 46.19 48.30 49.50 50.07 50.15 49.83 49.28 48.67 48.20 48.00 48.08 48.30 48.48 48.47 48.28 48.03 47.93 48.13 48.66 49.43 50.30 51.10 51.72 52.06 52.10 51.84 51.34 50.73 50.14 49.73 49.61 49.84 50.40 51.24 52.25 53.32 54.29 55.03 55.46 55.60 55.54 55.40 55.24 55.12 54.97 54.73 54.28 53.56 52.55 51.30 49.92 48.57 47.42 46.55 46.01 45.75 45.68 45.69 45.67 45.57 45.42 45.34 45.45 45.80 46.33 46.89 47.33 47.53 47.49 47.33 47.17 47.16 47.37 47.76 48.22 48.57 48.67 48.45 48.00 47.50 47.17 47.21 47.65 48.42 49.31 50.11 50.66 50.92 50.94 50.82 50.69 50.63 50.72 50.96 51.30 51.64 51.80 51.60 50.98 49.99 48.84 47.73 46.85 46.24 45.88 45.74 45.83 46.24 47.01 48.14 49.48 50.81 51.93 52.76 53.30 53.60 53.69 53.58 53.23 52.67 51.97 51.23 50.55 49.99 49.60 49.38 49.32 49.40 49.58 49.81 50.01 50.07 49.89 49.40 48.60 47.60 46.57 45.68 45.07 44.78 44.81 45.14 45.74 46.59 47.65 48.84 49.97 50.81 51.17 50.97 50.27 49.34 48.52 48.09 48.22 48.82 49.66 50.42 50.86 50.88 50.57 50.12 49.75 49.60 49.67 49.86 50.02 50.03 49.85 49.60 49.43 49.50 49.88 50.53 51.27 51.93 52.33 52.42 52.18 51.69 51.03 50.31 49.61 49.05 48.66 48.43 48.32 48.23 48.10 47.87 47.50 46.94 46.03 44.39 41.18 33.55 9.00 
61.00 49.82 48.24 48.53 49.12 49.62 49.90 49.90 49.60 49.06 48.43 47.87 47.52 47.42 47.50 47.58 47.56 47.42 47.30 47.38 47.79 48.55 49.57 50.66 51.65 52.40 52.79 52.77 52.35 51.61 50.70 49.81 49.14 48.84 49.00 49.62 50.62 51.85 53.13 54.26 55.07 55.49 55.55 55.38 55.11 54.88 54.73 54.62 54.46 54.13 53.55 52.67 51.50 50.14 48.72 47.40 46.32 45.57 45.15 45.02 45.07 45.17 45.22 45.21 45.22 45.36 45.70 46.20 46.72 47.10 47.23 47.11 46.83 46.58 46.50 46.70 47.12 47.61 47.95 47.99 47.69 47.15 46.58 46.24 46.28 46.75 47.54 48.46 49.30 49.92 50.25 50.33 50.25 50.11 50.02 50.07 50.29 50.66 51.06 51.29 51.17 50.62 49.71 48.64 47.65 46.93 46.51 46.36 46.41 46.62 47.04 47.72 48.65 49.74 50.82 51.73 52.42 52.90 53.22 53.38 53.34 53.06 52.56 51.94 51.30 50.74 50.33 50.08 49.99 50.03 50.18 50.37 50.56 50.67 50.61 50.30 49.69 48.80 47.72 46.61 45.62 44.87 44.44 44.33 44.53 45.04 45.86 46.97 48.27 49.57 50.61 51.15 51.06 50.40 49.44 48.54 48.02 48.07 48.63 49.43 50.18 50.60 50.61 50.29 49.86 49.52 49.38 49.45 49.60 49.66 49.54 49.23 48.87 48.63 48.67 49.03 49.65 50.34 50.92 51.23 51.23 50.94 50.46 49.88 49.28 48.73 48.27 47.93 47.69 47.52 47.37 47.20 47.00 46.78 46.51 46.16 45.78 46.04 50.51 76.00 
61.00 56.30 52.25 50.40 49.77 49.64 49.62 49.50 49.19 48.67 48.03 47.41 46.95 46.74 46.71 46.76 46.77 46.74 46.78 47.05 47.67 48.63 49.83 51.08 52.21 53.04 53.45 53.39 52.84 51.93 50.82 49.73 48.89 48.48 48.59 49.23 50.30 51.63 52.99 54.16 54.96 55.32 55.27 54.97 54.57 54.23 54.01 53.87 53.74 53.49 53.04 52.31 51.31 50.07 48.71 47.36 46.18 45.29 44.77 44.61 44.73 44.99 45.25 45.44 45.60 45.81 46.14 46.58 47.03 47.33 47.37 47.13 46.71 46.30 46.09 46.18 46.54 46.98 47.28 47.28 46.93 46.36 45.81 45.52 45.62 46.14 46.96 47.89 48.74 49.37 49.73 49.81 49.70 49.48 49.29 49.25 49.42 49.80 50.27 50.62 50.64 50.25 49.49 48.57 47.76 47.21 47.00 47.05 47.26 47.57 47.98 48.53 49.25 50.07 50.88 51.60 52.17 52.63 52.97 53.19 53.20 52.95 52.48 51.88 51.28 50.79 50.48 50.34 50.37 50.52 50.74 50.97 51.15 51.20 51.06 50.68 50.01 49.10 48.02 46.89 45.85 45.02 44.47 44.25 44.37 44.82 45.63 46.77 48.15 49.56 50.70 51.31 51.25 50.57 49.54 48.56 47.98 47.97 48.51 49.33 50.12 50.59 50.65 50.36 49.92 49.54 49.35 49.32 49.35 49.28 49.03 48.62 48.20 47.92 47.94 48.28 48.83 49.43 49.87 50.04 49.90 49.53 49.04 48.53 48.06 47.68 47.38 47.15 46.96 46.79 46.61 46.42 46.27 46.17 46.16 46.20 46.28 46.43 46.25 41.00 
85.00 62.13 54.02 50.99 49.86 49.44 49.25 49.04 48.69 48.16 47.51 46.85 46.35 46.07 46.00 46.06 46.14 46.24 46.46 46.92 47.71 48.81 50.12 51.46 52.65 53.51 53.93 53.82 53.22 52.23 51.05 49.91 49.03 48.58 48.66 49.26 50.29 51.56 52.86 53.96 54.67 54.93 54.77 54.33 53.80 53.33 53.00 52.79 52.65 52.46 52.13 51.60 50.81 49.80 48.61 47.36 46.19 45.25 44.67 44.51 44.71 45.15 45.64 46.06 46.39 46.69 47.03 47.42 47.79 48.00 47.93 47.56 46.97 46.38 45.98 45.91 46.13 46.48 46.72 46.68 46.33 45.81 45.34 45.13 45.32 45.89 46.72 47.64 48.47 49.08 49.40 49.45 49.25 48.93 48.63 48.49 48.63 49.02 49.56 50.02 50.18 49.93 49.33 48.57 47.90 47.51 47.47 47.70 48.07 48.48 48.89 49.32 49.81 50.38 50.97 51.52 52.01 52.45 52.83 53.09 53.14 52.92 52.46 51.85 51.26 50.81 50.55 50.51 50.64 50.87 51.16 51.42 51.59 51.61 51.43 51.01 50.35 49.48 48.47 47.40 46.39 45.54 44.94 44.66 44.72 45.15 45.96 47.14 48.56 50.01 51.17 51.76 51.64 50.89 49.80 48.76 48.13 48.09 48.62 49.47 50.31 50.86 50.99 50.74 50.30 49.87 49.57 49.41 49.29 49.09 48.73 48.26 47.79 47.51 47.50 47.78 48.23 48.67 48.93 48.91 48.61 48.13 47.60 47.14 46.80 46.58 46.45 46.36 46.26 46.12 45.94 45.76 45.65 45.67 45.86 46.19 46.60 46.97 46.94 46.00 
61.00 53.17 50.68 49.70 49.29 49.10 48.94 48.68 48.27 47.69 46.99 46.30 45.78 45.49 45.43 45.53 45.70 45.94 46.33 46.95 47.86 49.05 50.40 51.75 52.93 53.78 54.16 54.02 53.40 52.43 51.30 50.23 49.42 49.00 49.05 49.56 50.44 51.55 52.67 53.61 54.20 54.34 54.07 53.52 52.86 52.25 51.80 51.52 51.36 51.22 51.03 50.71 50.20 49.48 48.56 47.50 46.43 45.50 44.89 44.73 45.01 45.59 46.29 46.93 47.42 47.81 48.15 48.50 48.80 48.92 48.76 48.25 47.51 46.72 46.13 45.87 45.94 46.18 46.35 46.30 46.00 45.56 45.19 45.08 45.33 45.93 46.75 47.62 48.41 48.98 49.27 49.26 49.00 48.60 48.23 48.05 48.18 48.61 49.21 49.73 49.96 49.78 49.26 48.57 47.99 47.69 47.76 48.14 48.67 49.19 49.62 49.97 50.29 50.63 51.00 51.41 51.83 52.26 52.67 52.98 53.08 52.90 52.47 51.89 51.32 50.89 50.68 50.70 50.90 51.20 51.51 51.77 51.92 51.90 51.69 51.26 50.65 49.87 48.98 48.04 47.14 46.36 45.79 45.50 45.55 45.97 46.81 48.01 49.45 50.87 51.97 52.48 52.27 51.46 50.32 49.26 48.61 48.56 49.07 49.90 50.76 51.34 51.53 51.33 50.90 50.42 50.04 49.77 49.53 49.23 48.80 48.30 47.83 47.52 47.45 47.63 47.92 48.16 48.20 47.97 47.50 46.91 46.36 45.94 45.70 45.63 45.66 45.70 45.68 45.57 45.40 45.23 45.16 45.28 45.62 46.19 46.94 47.81 48.46 47.00 
10.00 38.84 45.82 47.84 48.60 48.89 48.88 48.61 48.11 47.41 46.62 45.89 45.35 45.08 45.06 45.22 45.48 45.85 46.37 47.11 48.11 49.32 50.66 51.97 53.09 53.86 54.17 53.98 53.36 52.43 51.41 50.49 49.81 49.47 49.51 49.91 50.60 51.48 52.38 53.14 53.60 53.64 53.29 52.64 51.87 51.15 50.61 50.26 50.09 50.03 49.98 49.88 49.67 49.28 48.67 47.86 46.92 46.03 45.41 45.23 45.54 46.22 47.04 47.81 48.41 48.85 49.20 49.51 49.77 49.84 49.60 49.00 48.12 47.18 46.43 46.02 45.95 46.08 46.19 46.13 45.87 45.52 45.25 45.22 45.51 46.09 46.86 47.68 48.42 48.97 49.25 49.24 48.97 48.56 48.19 48.05 48.24 48.72 49.34 49.86 50.05 49.84 49.28 48.57 47.97 47.70 47.85 48.34 49.02 49.68 50.16 50.46 50.63 50.76 50.94 51.19 51.53 51.94 52.36 52.71 52.88 52.79 52.45 51.95 51.44 51.07 50.92 50.99 51.23 51.54 51.84 52.05 52.13 52.05 51.79 51.38 50.82 50.17 49.45 48.71 48.00 47.37 46.90 46.66 46.73 47.17 48.01 49.21 50.62 51.97 52.97 53.36 53.07 52.22 51.10 50.08 49.46 49.40 49.84 50.59 51.36 51.92 52.11 51.95 51.56 51.10 50.69 50.36 50.06 49.71 49.28 48.78 48.31 47.97 47.81 47.82 47.90 47.90 47.71 47.29 46.70 46.05 45.50 45.14 45.00 45.05 45.19 45.31 45.34 45.24 45.05 44.87 44.81 44.98 45.43 46.17 47.24 48.86 52.06 61.00 
59.00 46.29 45.80 47.17 48.37 49.04 49.20 48.93 48.31 47.45 46.53 45.72 45.16 44.91 44.93 45.15 45.49 45.94 46.54 47.36 48.39 49.60 50.89 52.13 53.15 53.82 54.03 53.75 53.08 52.17 51.25 50.47 49.95 49.73 49.80 50.11 50.64 51.31 52.02 52.62 52.97 52.95 52.54 51.83 50.99 50.19 49.58 49.22 49.07 49.09 49.19 49.32 49.39 49.31 49.01 48.43 47.63 46.79 46.14 45.92 46.19 46.86 47.71 48.49 49.10 49.53 49.87 50.17 50.40 50.45 50.19 49.54 48.60 47.58 46.73 46.21 46.03 46.05 46.10 46.03 45.81 45.54 45.35 45.37 45.65 46.18 46.88 47.63 48.34 48.91 49.25 49.31 49.11 48.79 48.51 48.48 48.76 49.30 49.92 50.36 50.43 50.07 49.38 48.56 47.89 47.59 47.77 48.36 49.17 49.95 50.52 50.79 50.84 50.79 50.76 50.83 51.05 51.39 51.81 52.22 52.48 52.52 52.33 51.97 51.58 51.31 51.23 51.34 51.58 51.84 52.05 52.16 52.13 51.97 51.68 51.28 50.80 50.29 49.77 49.26 48.79 48.38 48.07 47.94 48.06 48.51 49.34 50.49 51.82 53.06 53.92 54.21 53.88 53.06 52.03 51.11 50.56 50.47 50.81 51.39 51.99 52.42 52.58 52.46 52.14 51.75 51.39 51.07 50.77 50.44 50.04 49.58 49.12 48.73 48.44 48.26 48.10 47.87 47.48 46.92 46.27 45.63 45.15 44.88 44.85 44.98 45.17 45.31 45.31 45.16 44.90 44.67 44.60 44.79 45.28 46.05 47.07 48.36 49.90 50.00 
45.00 41.42 43.70 46.46 48.45 49.55 49.89 49.60 48.85 47.83 46.75 45.84 45.25 45.01 45.06 45.30 45.66 46.14 46.77 47.60 48.64 49.82 51.06 52.23 53.17 53.72 53.80 53.38 52.60 51.64 50.75 50.08 49.71 49.63 49.79 50.11 50.55 51.09 51.67 52.17 52.46 52.40 51.96 51.21 50.32 49.49 48.86 48.50 48.41 48.52 48.77 49.09 49.41 49.60 49.54 49.16 48.48 47.66 46.97 46.67 46.84 47.41 48.14 48.83 49.34 49.70 50.00 50.28 50.51 50.58 50.33 49.70 48.76 47.73 46.85 46.26 46.00 45.93 45.91 45.81 45.63 45.42 45.30 45.36 45.63 46.09 46.70 47.39 48.09 48.72 49.18 49.38 49.35 49.19 49.08 49.18 49.57 50.15 50.72 51.04 50.94 50.40 49.54 48.59 47.82 47.46 47.63 48.27 49.18 50.08 50.72 51.00 50.97 50.75 50.51 50.39 50.45 50.69 51.08 51.52 51.89 52.09 52.08 51.90 51.68 51.52 51.50 51.61 51.78 51.93 51.98 51.93 51.78 51.55 51.25 50.91 50.54 50.19 49.88 49.62 49.41 49.24 49.13 49.12 49.30 49.76 50.54 51.61 52.81 53.90 54.63 54.84 54.51 53.79 52.92 52.15 51.67 51.55 51.74 52.10 52.48 52.75 52.85 52.77 52.56 52.31 52.04 51.80 51.54 51.25 50.88 50.46 50.00 49.56 49.16 48.80 48.43 48.00 47.47 46.86 46.23 45.68 45.31 45.17 45.24 45.42 45.60 45.68 45.58 45.30 44.93 44.60 44.49 44.67 45.16 45.87 46.70 47.61 49.17 56.00 
8.00 30.54 40.87 46.14 49.00 50.43 50.86 50.52 49.64 48.45 47.23 46.22 45.58 45.33 45.37 45.58 45.90 46.34 46.94 47.75 48.76 49.92 51.13 52.25 53.13 53.60 53.53 52.95 51.99 50.91 49.96 49.33 49.09 49.18 49.50 49.92 50.40 50.91 51.43 51.88 52.13 52.06 51.61 50.85 49.94 49.09 48.46 48.14 48.10 48.30 48.68 49.16 49.66 50.05 50.17 49.92 49.31 48.50 47.78 47.38 47.42 47.81 48.35 48.83 49.16 49.39 49.60 49.84 50.08 50.17 49.95 49.37 48.49 47.50 46.64 46.03 45.70 45.55 45.46 45.34 45.19 45.07 45.05 45.17 45.43 45.83 46.35 46.99 47.70 48.42 49.04 49.45 49.64 49.68 49.75 50.00 50.45 51.03 51.50 51.67 51.39 50.69 49.71 48.66 47.82 47.42 47.56 48.20 49.15 50.11 50.82 51.12 51.05 50.72 50.32 50.01 49.90 50.01 50.34 50.78 51.23 51.57 51.74 51.75 51.68 51.62 51.62 51.66 51.68 51.62 51.46 51.23 50.96 50.71 50.47 50.25 50.05 49.90 49.81 49.80 49.83 49.88 49.94 50.05 50.27 50.71 51.42 52.37 53.42 54.35 54.96 55.13 54.85 54.28 53.59 52.98 52.58 52.42 52.45 52.59 52.75 52.86 52.90 52.89 52.83 52.74 52.62 52.47 52.26 51.98 51.63 51.20 50.73 50.25 49.77 49.29 48.79 48.24 47.66 47.06 46.53 46.11 45.89 45.88 46.02 46.21 46.34 46.29 46.01 45.55 45.02 44.59 44.42 44.59 45.06 45.67 46.19 46.13 43.08 23.00 
0.00 31.72 42.77 47.79 50.41 51.68 51.98 51.52 50.49 49.16 47.82 46.74 46.06 45.77 45.75 45.89 46.11 46.44 46.95 47.71 48.70 49.86 51.07 52.20 53.06 53.47 53.29 52.54 51.38 50.10 49.02 48.38 48.23 48.50 49.03 49.66 50.27 50.83 51.35 51.77 52.01 51.93 51.48 50.72 49.80 48.96 48.34 48.04 48.05 48.32 48.78 49.38 50.00 50.51 50.73 50.56 49.99 49.21 48.47 48.02 47.93 48.14 48.43 48.65 48.74 48.78 48.86 49.03 49.23 49.32 49.13 48.60 47.79 46.87 46.06 45.45 45.08 44.87 44.73 44.61 44.53 44.54 44.65 44.87 45.17 45.54 46.01 46.60 47.33 48.14 48.92 49.55 49.97 50.24 50.48 50.82 51.28 51.77 52.11 52.11 51.70 50.91 49.88 48.84 47.99 47.55 47.63 48.21 49.11 50.08 50.82 51.19 51.15 50.80 50.33 49.89 49.62 49.59 49.80 50.19 50.64 51.06 51.37 51.54 51.60 51.59 51.55 51.44 51.21 50.87 50.44 50.02 49.69 49.48 49.40 49.38 49.42 49.52 49.67 49.89 50.13 50.35 50.52 50.67 50.88 51.26 51.87 52.69 53.59 54.38 54.90 55.05 54.86 54.44 53.94 53.48 53.14 52.93 52.83 52.79 52.78 52.79 52.84 52.92 53.03 53.13 53.16 53.10 52.90 52.58 52.16 51.67 51.15 50.64 50.12 49.60 49.06 48.51 47.96 47.45 47.04 46.78 46.70 46.78 46.97 47.14 47.17 46.96 46.49 45.82 45.12 44.58 44.36 44.53 44.98 45.53 46.10 47.39 53.86 88.00 
80.00 53.42 50.38 51.34 52.52 53.15 53.11 52.42 51.23 49.79 48.38 47.25 46.53 46.18 46.08 46.09 46.16 46.35 46.76 47.47 48.45 49.63 50.89 52.06 52.96 53.37 53.13 52.24 50.88 49.39 48.16 47.44 47.35 47.79 48.54 49.39 50.18 50.84 51.38 51.79 52.01 51.93 51.51 50.78 49.89 49.05 48.42 48.11 48.12 48.41 48.92 49.57 50.25 50.81 51.09 50.96 50.45 49.73 49.04 48.60 48.45 48.50 48.57 48.52 48.35 48.15 48.05 48.09 48.20 48.24 48.04 47.54 46.79 45.96 45.20 44.63 44.24 44.00 43.85 43.79 43.82 43.99 44.28 44.65 45.03 45.41 45.84 46.39 47.12 48.00 48.92 49.75 50.39 50.86 51.24 51.62 52.03 52.38 52.53 52.37 51.86 51.07 50.11 49.15 48.37 47.92 47.91 48.35 49.13 50.02 50.78 51.24 51.32 51.08 50.65 50.19 49.82 49.63 49.67 49.91 50.28 50.68 51.05 51.31 51.45 51.45 51.31 50.98 50.45 49.78 49.07 48.47 48.12 48.03 48.17 48.45 48.80 49.19 49.61 50.05 50.46 50.78 50.96 51.06 51.18 51.45 51.93 52.62 53.39 54.07 54.51 54.67 54.57 54.31 53.96 53.62 53.31 53.07 52.89 52.76 52.67 52.67 52.77 52.99 53.28 53.55 53.73 53.72 53.49 53.05 52.48 51.84 51.22 50.65 50.13 49.64 49.16 48.69 48.25 47.89 47.62 47.50 47.52 47.68 47.88 48.02 47.94 47.58 46.91 46.05 45.20 44.57 44.32 44.48 44.89 45.22 44.95 43.10 36.71 14.00 
35.00 51.45 53.71 54.20 54.49 54.49 54.04 53.11 51.77 50.24 48.79 47.63 46.87 46.45 46.24 46.10 46.01 46.07 46.39 47.05 48.05 49.28 50.61 51.87 52.85 53.31 53.07 52.10 50.61 48.96 47.57 46.77 46.68 47.23 48.16 49.20 50.14 50.89 51.45 51.85 52.06 52.02 51.66 51.00 50.16 49.32 48.66 48.30 48.25 48.50 48.98 49.62 50.31 50.88 51.16 51.08 50.65 50.05 49.50 49.16 49.04 49.01 48.91 48.62 48.20 47.75 47.43 47.29 47.26 47.19 46.94 46.44 45.74 44.97 44.28 43.76 43.41 43.20 43.10 43.13 43.31 43.67 44.16 44.69 45.17 45.57 45.98 46.49 47.19 48.10 49.11 50.08 50.91 51.56 52.05 52.45 52.76 52.93 52.87 52.55 51.99 51.25 50.44 49.64 48.96 48.50 48.37 48.62 49.19 49.96 50.73 51.31 51.60 51.59 51.33 50.94 50.53 50.21 50.04 50.05 50.22 50.50 50.82 51.11 51.27 51.25 50.98 50.42 49.59 48.59 47.62 46.89 46.54 46.61 47.02 47.62 48.32 49.04 49.75 50.40 50.93 51.26 51.37 51.32 51.27 51.37 51.71 52.27 52.94 53.54 53.94 54.12 54.11 53.95 53.72 53.44 53.17 52.93 52.74 52.61 52.55 52.61 52.82 53.18 53.63 54.07 54.36 54.37 54.06 53.46 52.66 51.80 50.99 50.32 49.79 49.36 49.00 48.68 48.42 48.22 48.11 48.10 48.21 48.42 48.64 48.75 48.60 48.11 47.29 46.28 45.31 44.61 44.34 44.52 44.95 45.28 44.94 42.87 35.59 9.00 
82.00 63.54 58.50 56.81 56.08 55.49 54.68 53.51 52.05 50.47 49.00 47.83 47.03 46.52 46.18 45.90 45.68 45.63 45.89 46.54 47.58 48.88 50.29 51.65 52.73 53.28 53.11 52.17 50.64 48.91 47.43 46.54 46.42 46.99 48.00 49.14 50.16 50.96 51.52 51.91 52.15 52.17 51.92 51.37 50.60 49.77 49.05 48.58 48.41 48.55 48.95 49.53 50.16 50.69 50.97 50.94 50.63 50.22 49.89 49.73 49.72 49.70 49.49 49.04 48.40 47.73 47.18 46.83 46.61 46.41 46.08 45.55 44.87 44.15 43.53 43.09 42.82 42.70 42.71 42.87 43.23 43.76 44.42 45.08 45.63 46.06 46.43 46.88 47.54 48.43 49.47 50.54 51.51 52.30 52.90 53.30 53.50 53.49 53.24 52.78 52.19 51.53 50.88 50.25 49.68 49.21 48.94 48.96 49.31 49.93 50.69 51.42 51.98 52.27 52.29 52.07 51.69 51.26 50.86 50.58 50.47 50.53 50.73 50.95 51.10 51.04 50.66 49.92 48.85 47.61 46.44 45.60 45.26 45.48 46.12 47.04 48.07 49.12 50.10 50.93 51.53 51.81 51.76 51.51 51.24 51.14 51.34 51.80 52.39 52.95 53.35 53.55 53.57 53.47 53.29 53.06 52.83 52.64 52.51 52.48 52.53 52.71 53.04 53.53 54.11 54.66 55.02 55.05 54.66 53.87 52.81 51.67 50.63 49.80 49.20 48.82 48.57 48.43 48.36 48.35 48.40 48.52 48.72 48.98 49.23 49.34 49.15 48.58 47.66 46.54 45.49 44.74 44.47 44.67 45.18 45.72 46.18 47.31 53.46 84.00 
60.00 62.11 59.69 57.97 56.90 55.99 54.93 53.62 52.10 50.52 49.06 47.89 47.03 46.43 45.96 45.56 45.23 45.12 45.36 46.03 47.11 48.46 49.95 51.38 52.56 53.24 53.20 52.39 50.96 49.27 47.78 46.85 46.66 47.18 48.15 49.28 50.30 51.08 51.62 52.01 52.28 52.40 52.28 51.86 51.19 50.36 49.57 48.97 48.65 48.63 48.89 49.34 49.86 50.32 50.58 50.60 50.44 50.25 50.17 50.25 50.40 50.45 50.23 49.70 48.93 48.09 47.35 46.80 46.41 46.07 45.64 45.07 44.39 43.70 43.14 42.77 42.61 42.62 42.78 43.11 43.61 44.29 45.06 45.78 46.36 46.77 47.11 47.51 48.09 48.91 49.93 51.04 52.09 53.00 53.68 54.10 54.22 54.06 53.66 53.10 52.48 51.90 51.38 50.89 50.39 49.90 49.49 49.30 49.44 49.93 50.70 51.59 52.42 53.04 53.37 53.37 53.08 52.57 51.97 51.39 50.96 50.74 50.73 50.83 50.92 50.82 50.40 49.57 48.38 47.01 45.73 44.83 44.51 44.81 45.63 46.77 48.06 49.36 50.55 51.51 52.12 52.30 52.08 51.61 51.12 50.85 50.93 51.32 51.89 52.44 52.84 53.03 53.04 52.93 52.75 52.54 52.37 52.29 52.32 52.46 52.69 53.00 53.43 53.98 54.61 55.21 55.62 55.66 55.22 54.30 53.02 51.61 50.29 49.24 48.53 48.12 47.97 47.98 48.11 48.30 48.51 48.77 49.07 49.42 49.72 49.85 49.64 49.02 48.02 46.83 45.71 44.94 44.67 44.90 45.44 45.99 46.26 46.23 46.60 50.00 
86.00 65.07 59.91 58.05 56.96 55.96 54.81 53.47 51.97 50.45 49.05 47.89 46.98 46.27 45.68 45.16 44.78 44.65 44.90 45.61 46.71 48.09 49.59 51.07 52.32 53.13 53.27 52.68 51.47 49.96 48.57 47.66 47.41 47.81 48.65 49.66 50.58 51.29 51.79 52.16 52.47 52.67 52.68 52.40 51.82 51.02 50.18 49.45 48.97 48.77 48.84 49.12 49.48 49.83 50.04 50.11 50.09 50.11 50.28 50.59 50.93 51.10 50.95 50.44 49.65 48.75 47.91 47.22 46.68 46.21 45.70 45.07 44.37 43.68 43.14 42.83 42.77 42.92 43.24 43.72 44.35 45.11 45.90 46.62 47.18 47.57 47.87 48.22 48.73 49.47 50.42 51.50 52.58 53.55 54.29 54.72 54.81 54.57 54.07 53.44 52.81 52.27 51.82 51.40 50.93 50.40 49.89 49.55 49.54 49.95 50.74 51.78 52.85 53.77 54.38 54.60 54.42 53.88 53.10 52.26 51.52 51.01 50.75 50.70 50.70 50.57 50.16 49.36 48.20 46.85 45.57 44.67 44.35 44.68 45.56 46.81 48.23 49.67 50.97 51.97 52.54 52.60 52.21 51.56 50.91 50.53 50.55 50.93 51.51 52.07 52.46 52.61 52.56 52.37 52.14 51.95 51.87 51.96 52.21 52.57 52.99 53.42 53.89 54.42 55.01 55.60 56.02 56.10 55.67 54.70 53.29 51.68 50.11 48.83 47.94 47.46 47.34 47.48 47.79 48.17 48.56 48.96 49.38 49.81 50.17 50.32 50.09 49.41 48.34 47.08 45.92 45.14 44.89 45.16 45.74 46.28 46.22 44.31 36.41 6.00 
28.00 52.18 56.61 56.97 56.39 55.49 54.39 53.12 51.74 50.36 49.08 47.95 47.00 46.19 45.48 44.87 44.44 44.33 44.62 45.35 46.44 47.79 49.26 50.71 51.99 52.91 53.25 52.94 52.05 50.84 49.66 48.83 48.54 48.78 49.42 50.22 50.97 51.56 51.99 52.33 52.65 52.91 53.02 52.84 52.35 51.61 50.75 49.95 49.33 48.95 48.81 48.87 49.04 49.23 49.38 49.46 49.55 49.75 50.12 50.64 51.15 51.47 51.45 51.07 50.39 49.57 48.73 47.99 47.36 46.78 46.18 45.49 44.74 44.01 43.45 43.16 43.17 43.43 43.88 44.47 45.18 45.95 46.72 47.38 47.88 48.25 48.54 48.88 49.35 50.02 50.88 51.88 52.92 53.87 54.62 55.06 55.14 54.88 54.35 53.69 53.04 52.50 52.05 51.63 51.16 50.60 50.04 49.63 49.56 49.95 50.79 51.95 53.21 54.35 55.17 55.56 55.46 54.90 53.99 52.94 51.94 51.17 50.69 50.47 50.38 50.25 49.91 49.24 48.23 47.03 45.87 45.03 44.73 45.03 45.88 47.10 48.53 49.96 51.25 52.20 52.68 52.62 52.10 51.34 50.63 50.22 50.26 50.68 51.29 51.87 52.22 52.29 52.11 51.80 51.48 51.30 51.33 51.63 52.14 52.76 53.35 53.86 54.30 54.73 55.20 55.71 56.12 56.24 55.89 54.98 53.57 51.86 50.12 48.63 47.56 46.98 46.86 47.11 47.58 48.14 48.70 49.22 49.74 50.24 50.63 50.76 50.47 49.72 48.57 47.25 46.06 45.28 45.08 45.42 46.15 46.98 47.64 47.98 48.48 54.00 
73.00 58.96 57.20 56.56 55.77 54.82 53.78 52.66 51.50 50.34 49.23 48.18 47.21 46.30 45.48 44.80 44.35 44.26 44.58 45.30 46.35 47.60 48.96 50.33 51.59 52.57 53.11 53.10 52.58 51.75 50.85 50.15 49.82 49.89 50.27 50.81 51.33 51.76 52.09 52.39 52.69 52.97 53.12 53.03 52.63 51.98 51.17 50.36 49.64 49.09 48.73 48.54 48.49 48.51 48.56 48.64 48.80 49.12 49.64 50.31 50.97 51.44 51.62 51.45 51.01 50.38 49.68 48.97 48.31 47.65 46.96 46.19 45.36 44.56 43.94 43.61 43.61 43.91 44.43 45.09 45.82 46.56 47.25 47.83 48.28 48.64 48.98 49.37 49.87 50.50 51.28 52.17 53.09 53.95 54.64 55.05 55.12 54.86 54.35 53.69 53.03 52.45 51.96 51.50 51.01 50.46 49.91 49.52 49.47 49.89 50.79 52.03 53.41 54.67 55.62 56.09 56.02 55.42 54.42 53.22 52.04 51.08 50.43 50.09 49.94 49.84 49.62 49.14 48.38 47.42 46.46 45.74 45.47 45.71 46.46 47.57 48.88 50.21 51.38 52.22 52.58 52.42 51.84 51.05 50.36 50.02 50.13 50.61 51.26 51.83 52.11 52.05 51.71 51.23 50.82 50.64 50.80 51.31 52.07 52.91 53.65 54.19 54.54 54.80 55.09 55.46 55.83 56.01 55.80 55.04 53.74 52.06 50.26 48.63 47.42 46.75 46.64 46.98 47.60 48.32 49.01 49.64 50.22 50.73 51.10 51.16 50.79 49.93 48.70 47.33 46.12 45.37 45.21 45.65 46.52 47.66 49.04 51.15 55.33 63.00 
32.00 53.47 56.65 56.21 55.15 54.09 53.11 52.21 51.33 50.44 49.53 48.59 47.63 46.66 45.76 45.02 44.57 44.50 44.82 45.49 46.43 47.53 48.73 49.96 51.14 52.14 52.83 53.10 52.96 52.51 51.91 51.36 50.99 50.86 50.96 51.19 51.46 51.71 51.93 52.17 52.43 52.69 52.86 52.83 52.54 52.02 51.33 50.56 49.81 49.12 48.53 48.08 47.78 47.61 47.56 47.63 47.84 48.25 48.88 49.64 50.41 51.03 51.41 51.52 51.39 51.06 50.58 50.00 49.36 48.66 47.88 47.01 46.08 45.17 44.45 44.02 43.96 44.22 44.72 45.38 46.08 46.76 47.35 47.84 48.25 48.64 49.07 49.58 50.18 50.85 51.58 52.35 53.12 53.81 54.36 54.68 54.72 54.48 53.99 53.35 52.68 52.05 51.51 51.01 50.51 50.00 49.53 49.23 49.26 49.74 50.68 51.96 53.37 54.68 55.64 56.12 56.02 55.37 54.29 52.99 51.72 50.66 49.94 49.55 49.41 49.38 49.30 49.05 48.57 47.90 47.19 46.62 46.37 46.54 47.15 48.11 49.25 50.42 51.43 52.13 52.39 52.16 51.57 50.84 50.25 50.03 50.25 50.80 51.46 51.97 52.13 51.91 51.38 50.74 50.24 50.06 50.31 50.99 51.95 52.95 53.78 54.31 54.53 54.59 54.67 54.87 55.18 55.42 55.36 54.81 53.71 52.16 50.40 48.74 47.45 46.73 46.64 47.08 47.85 48.72 49.53 50.23 50.82 51.30 51.59 51.55 51.06 50.10 48.79 47.37 46.17 45.44 45.32 45.81 46.73 47.93 49.43 51.94 58.52 82.00 
86.00 66.37 59.84 56.65 54.69 53.38 52.48 51.82 51.24 50.64 49.95 49.13 48.21 47.22 46.29 45.54 45.09 45.02 45.30 45.87 46.64 47.54 48.53 49.58 50.64 51.61 52.40 52.90 53.08 52.97 52.65 52.22 51.79 51.44 51.22 51.14 51.16 51.24 51.38 51.57 51.80 52.04 52.21 52.23 52.06 51.70 51.17 50.52 49.77 48.97 48.18 47.47 46.92 46.57 46.43 46.48 46.75 47.24 47.94 48.77 49.61 50.35 50.91 51.29 51.48 51.47 51.27 50.87 50.31 49.60 48.76 47.80 46.75 45.73 44.87 44.31 44.12 44.28 44.71 45.30 45.93 46.50 46.98 47.38 47.76 48.20 48.76 49.43 50.19 50.96 51.70 52.38 52.97 53.46 53.81 53.99 53.96 53.71 53.25 52.63 51.95 51.29 50.70 50.18 49.71 49.29 48.95 48.77 48.90 49.43 50.38 51.64 53.02 54.28 55.19 55.60 55.44 54.72 53.59 52.26 50.98 49.93 49.23 48.89 48.82 48.90 49.00 48.99 48.79 48.40 47.91 47.47 47.24 47.34 47.81 48.60 49.57 50.58 51.45 52.03 52.21 51.98 51.45 50.84 50.41 50.35 50.68 51.28 51.90 52.29 52.30 51.89 51.19 50.43 49.85 49.67 49.97 50.74 51.79 52.86 53.70 54.15 54.22 54.08 53.95 53.99 54.23 54.52 54.62 54.30 53.44 52.09 50.45 48.82 47.53 46.80 46.75 47.29 48.20 49.23 50.16 50.92 51.51 51.93 52.11 51.95 51.35 50.29 48.92 47.49 46.29 45.58 45.48 45.95 46.78 47.73 48.49 48.38 44.61 25.00 
78.00 66.35 60.02 56.28 54.01 52.66 51.92 51.51 51.22 50.87 50.37 49.68 48.81 47.85 46.94 46.23 45.81 45.73 45.94 46.37 46.92 47.57 48.31 49.14 50.05 50.96 51.79 52.45 52.88 53.03 52.92 52.56 52.04 51.47 50.96 50.59 50.38 50.34 50.43 50.62 50.87 51.11 51.29 51.36 51.29 51.09 50.74 50.22 49.53 48.66 47.70 46.77 46.00 45.48 45.26 45.33 45.68 46.26 47.04 47.92 48.80 49.59 50.27 50.84 51.27 51.54 51.58 51.38 50.94 50.27 49.40 48.37 47.22 46.09 45.11 44.41 44.08 44.11 44.42 44.90 45.41 45.86 46.21 46.50 46.83 47.31 47.98 48.84 49.78 50.71 51.51 52.14 52.58 52.85 52.98 52.99 52.86 52.57 52.12 51.53 50.85 50.18 49.57 49.06 48.67 48.37 48.17 48.14 48.35 48.89 49.79 50.97 52.25 53.40 54.21 54.53 54.28 53.52 52.39 51.09 49.86 48.90 48.31 48.08 48.14 48.39 48.69 48.92 48.97 48.82 48.50 48.14 47.90 47.93 48.28 48.93 49.78 50.66 51.43 51.94 52.10 51.91 51.49 51.06 50.83 50.94 51.38 51.98 52.51 52.75 52.58 52.00 51.18 50.34 49.73 49.54 49.84 50.59 51.61 52.62 53.38 53.71 53.63 53.30 52.99 52.89 53.07 53.40 53.64 53.54 52.93 51.82 50.35 48.81 47.53 46.82 46.81 47.44 48.50 49.69 50.76 51.59 52.20 52.57 52.67 52.41 51.71 50.59 49.20 47.78 46.60 45.91 45.78 46.17 46.85 47.57 48.10 48.15 46.35 35.00 
57.00 61.24 58.06 55.05 53.05 51.92 51.41 51.25 51.18 51.02 50.65 50.05 49.26 48.38 47.55 46.91 46.55 46.47 46.61 46.86 47.17 47.54 48.01 48.61 49.35 50.17 51.00 51.75 52.34 52.67 52.69 52.36 51.75 50.99 50.23 49.64 49.28 49.18 49.29 49.54 49.83 50.11 50.31 50.41 50.42 50.34 50.14 49.76 49.14 48.26 47.19 46.10 45.16 44.52 44.26 44.37 44.82 45.53 46.39 47.31 48.18 48.97 49.66 50.27 50.80 51.19 51.38 51.33 51.00 50.40 49.54 48.48 47.28 46.08 45.01 44.22 43.77 43.68 43.86 44.19 44.56 44.85 45.04 45.21 45.46 45.93 46.69 47.69 48.81 49.90 50.80 51.42 51.75 51.84 51.76 51.59 51.35 51.02 50.58 50.01 49.36 48.69 48.09 47.63 47.33 47.16 47.12 47.20 47.46 47.98 48.78 49.81 50.92 51.91 52.59 52.82 52.52 51.76 50.66 49.44 48.32 47.49 47.04 46.97 47.21 47.66 48.18 48.63 48.91 48.94 48.74 48.43 48.17 48.14 48.42 49.01 49.79 50.62 51.34 51.82 51.99 51.89 51.63 51.40 51.39 51.68 52.21 52.78 53.19 53.25 52.89 52.18 51.30 50.45 49.85 49.65 49.90 50.54 51.40 52.24 52.82 52.98 52.75 52.27 51.82 51.62 51.76 52.13 52.50 52.60 52.24 51.36 50.08 48.66 47.43 46.73 46.74 47.44 48.62 49.96 51.19 52.14 52.80 53.18 53.23 52.92 52.18 51.06 49.69 48.32 47.19 46.51 46.33 46.58 47.01 47.41 47.83 49.40 57.44 96.00 
90.00 63.79 56.44 53.46 51.93 51.17 50.93 50.97 51.04 50.98 50.68 50.14 49.43 48.66 47.96 47.44 47.17 47.11 47.17 47.26 47.34 47.45 47.65 48.02 48.57 49.28 50.08 50.87 51.55 51.99 52.08 51.76 51.09 50.20 49.30 48.58 48.15 48.06 48.23 48.58 48.97 49.30 49.51 49.61 49.63 49.61 49.50 49.22 48.69 47.85 46.77 45.61 44.58 43.89 43.63 43.82 44.39 45.23 46.18 47.12 47.95 48.63 49.19 49.67 50.08 50.38 50.53 50.47 50.18 49.63 48.82 47.78 46.59 45.39 44.31 43.48 42.98 42.78 42.84 43.02 43.22 43.33 43.36 43.38 43.53 43.94 44.71 45.79 47.04 48.27 49.26 49.90 50.16 50.12 49.88 49.57 49.25 48.89 48.47 47.95 47.33 46.70 46.13 45.72 45.51 45.46 45.54 45.71 45.98 46.42 47.07 47.91 48.81 49.62 50.17 50.31 50.01 49.28 48.26 47.15 46.16 45.46 45.15 45.23 45.65 46.30 47.04 47.72 48.19 48.38 48.28 48.02 47.79 47.79 48.11 48.73 49.55 50.40 51.12 51.60 51.80 51.79 51.70 51.70 51.92 52.38 52.97 53.50 53.76 53.64 53.12 52.32 51.42 50.62 50.07 49.87 50.03 50.48 51.09 51.67 52.01 51.99 51.60 51.02 50.48 50.23 50.34 50.75 51.23 51.52 51.40 50.77 49.71 48.43 47.27 46.58 46.57 47.29 48.55 50.02 51.40 52.51 53.28 53.71 53.79 53.49 52.79 51.73 50.45 49.18 48.13 47.47 47.22 47.26 47.30 47.01 46.01 43.77 37.77 13.00 
31.00 47.69 50.85 51.02 50.67 50.45 50.46 50.62 50.75 50.71 50.43 49.93 49.31 48.66 48.11 47.74 47.58 47.56 47.58 47.55 47.44 47.32 47.29 47.44 47.82 48.41 49.15 49.95 50.68 51.18 51.33 51.04 50.36 49.44 48.49 47.73 47.30 47.26 47.53 48.00 48.49 48.86 49.07 49.12 49.08 49.01 48.91 48.70 48.25 47.51 46.51 45.40 44.40 43.74 43.54 43.83 44.54 45.50 46.53 47.46 48.17 48.65 48.93 49.07 49.10 49.03 48.83 48.53 48.11 47.54 46.77 45.79 44.68 43.55 42.54 41.75 41.24 41.00 40.94 40.98 41.00 40.94 40.80 40.68 40.72 41.05 41.76 42.84 44.13 45.41 46.46 47.11 47.34 47.22 46.89 46.50 46.13 45.79 45.42 44.97 44.43 43.84 43.32 42.96 42.81 42.86 43.01 43.22 43.47 43.81 44.29 44.91 45.59 46.21 46.63 46.72 46.42 45.76 44.84 43.85 42.97 42.39 42.18 42.38 42.94 43.75 44.68 45.56 46.21 46.55 46.58 46.45 46.40 46.62 47.18 48.02 49.01 49.96 50.72 51.22 51.46 51.53 51.60 51.82 52.25 52.86 53.51 53.98 54.10 53.82 53.17 52.32 51.44 50.71 50.23 50.03 50.08 50.31 50.63 50.90 50.97 50.75 50.25 49.60 49.02 48.74 48.86 49.31 49.89 50.36 50.48 50.13 49.33 48.24 47.19 46.50 46.45 47.13 48.40 49.94 51.45 52.70 53.61 54.15 54.33 54.12 53.52 52.60 51.48 50.37 49.45 48.83 48.50 48.31 47.95 46.98 44.95 41.43 36.57 36.00 
34.00 45.21 48.48 49.45 49.73 49.86 50.02 50.21 50.32 50.25 49.97 49.52 48.99 48.47 48.08 47.85 47.79 47.82 47.84 47.75 47.54 47.26 47.05 47.02 47.23 47.71 48.39 49.17 49.92 50.47 50.68 50.45 49.83 48.96 48.06 47.33 46.95 46.97 47.33 47.90 48.47 48.88 49.04 48.99 48.81 48.63 48.46 48.24 47.88 47.28 46.44 45.50 44.66 44.13 44.05 44.47 45.31 46.36 47.43 48.29 48.83 48.99 48.84 48.42 47.79 46.97 46.04 45.11 44.30 43.57 42.79 41.90 40.92 39.94 39.07 38.38 37.93 37.66 37.52 37.43 37.31 37.11 36.85 36.63 36.56 36.79 37.41 38.39 39.60 40.84 41.86 42.50 42.70 42.55 42.20 41.80 41.45 41.16 40.88 40.54 40.09 39.58 39.11 38.79 38.68 38.77 38.96 39.17 39.37 39.61 39.92 40.34 40.81 41.25 41.54 41.59 41.31 40.73 39.93 39.05 38.29 37.79 37.66 37.91 38.53 39.44 40.48 41.48 42.27 42.75 42.98 43.14 43.51 44.28 45.41 46.73 48.07 49.24 50.11 50.65 50.93 51.09 51.30 51.70 52.32 53.06 53.74 54.16 54.18 53.77 53.03 52.14 51.29 50.63 50.21 50.00 49.94 49.96 50.00 49.97 49.79 49.39 48.80 48.11 47.54 47.26 47.39 47.87 48.54 49.18 49.56 49.52 49.03 48.21 47.31 46.65 46.55 47.13 48.31 49.85 51.42 52.79 53.83 54.52 54.84 54.78 54.36 53.63 52.73 51.83 51.06 50.51 50.12 49.73 49.02 47.54 44.75 39.84 30.72 9.00 
67.00 50.66 48.42 48.70 49.14 49.42 49.62 49.76 49.81 49.71 49.45 49.07 48.64 48.26 48.00 47.88 47.90 47.98 48.02 47.93 47.69 47.35 47.03 46.86 46.94 47.29 47.90 48.67 49.44 50.03 50.31 50.19 49.69 48.94 48.13 47.48 47.14 47.20 47.62 48.24 48.87 49.28 49.38 49.19 48.84 48.47 48.17 47.91 47.60 47.16 46.55 45.86 45.27 44.96 45.07 45.65 46.59 47.72 48.77 49.51 49.78 49.55 48.81 47.64 46.03 44.05 41.82 39.71 38.18 37.14 36.31 35.53 34.72 33.94 33.25 32.72 32.34 32.09 31.91 31.74 31.53 31.26 30.96 30.69 30.57 30.71 31.18 31.99 33.03 34.10 34.99 35.55 35.73 35.58 35.27 34.92 34.64 34.43 34.26 34.03 33.70 33.28 32.89 32.61 32.53 32.62 32.79 32.98 33.13 33.27 33.45 33.70 33.99 34.27 34.46 34.47 34.23 33.75 33.07 32.34 31.70 31.29 31.18 31.44 32.03 32.91 33.93 34.94 35.77 36.37 36.83 37.42 38.54 40.38 42.57 44.75 46.68 48.21 49.27 49.91 50.25 50.49 50.84 51.39 52.15 52.99 53.70 54.09 54.03 53.55 52.75 51.85 51.02 50.41 50.02 49.80 49.64 49.47 49.26 48.98 48.60 48.08 47.43 46.75 46.20 45.94 46.07 46.56 47.30 48.08 48.71 49.01 48.89 48.40 47.71 47.12 46.95 47.38 48.42 49.85 51.40 52.84 54.00 54.84 55.33 55.45 55.22 54.71 54.05 53.36 52.77 52.29 51.88 51.35 50.41 48.68 45.83 41.73 37.05 36.00 
34.00 41.90 45.65 47.70 48.71 49.13 49.29 49.35 49.34 49.23 49.02 48.74 48.44 48.18 48.02 47.99 48.06 48.17 48.23 48.18 47.97 47.63 47.27 47.01 46.97 47.22 47.75 48.48 49.26 49.91 50.28 50.29 49.95 49.36 48.67 48.09 47.77 47.83 48.24 48.89 49.53 49.94 49.98 49.66 49.13 48.55 48.08 47.73 47.45 47.14 46.77 46.37 46.07 46.03 46.38 47.13 48.18 49.34 50.33 50.90 50.87 50.16 48.76 46.65 43.79 40.15 35.90 31.76 29.23 27.84 27.00 26.35 25.76 25.21 24.74 24.37 24.10 23.90 23.72 23.54 23.33 23.08 22.80 22.57 22.44 22.51 22.84 23.42 24.18 24.97 25.64 26.06 26.19 26.09 25.85 25.59 25.40 25.29 25.20 25.07 24.86 24.57 24.27 24.06 24.00 24.06 24.20 24.34 24.44 24.51 24.60 24.72 24.88 25.04 25.14 25.13 24.95 24.58 24.08 23.53 23.05 22.74 22.66 22.86 23.34 24.05 24.89 25.73 26.46 27.06 27.69 28.74 30.87 34.60 38.54 42.03 44.82 46.88 48.24 49.05 49.50 49.85 50.32 50.99 51.86 52.76 53.48 53.86 53.78 53.26 52.46 51.55 50.75 50.16 49.79 49.54 49.30 48.99 48.61 48.15 47.62 47.01 46.35 45.71 45.19 44.94 45.04 45.51 46.27 47.16 48.02 48.64 48.90 48.76 48.33 47.85 47.63 47.91 48.73 49.99 51.46 52.89 54.14 55.10 55.74 56.03 55.98 55.66 55.20 54.71 54.26 53.87 53.46 52.85 51.78 49.93 47.09 43.30 39.22 37.00 
23.00 37.07 44.31 47.51 48.75 49.10 49.12 49.06 48.98 48.90 48.78 48.62 48.44 48.30 48.23 48.24 48.32 48.45 48.54 48.53 48.38 48.10 47.74 47.42 47.28 47.42 47.86 48.56 49.34 50.05 50.52 50.67 50.50 50.07 49.50 48.97 48.64 48.65 49.02 49.65 50.30 50.71 50.72 50.31 49.63 48.87 48.22 47.75 47.44 47.22 47.03 46.90 46.89 47.14 47.72 48.65 49.81 50.97 51.88 52.25 51.90 50.71 48.61 45.51 41.21 35.49 28.27 20.36 17.04 15.67 15.02 14.61 14.28 13.98 13.73 13.54 13.39 13.28 13.17 13.05 12.91 12.75 12.59 12.44 12.36 12.39 12.56 12.87 13.29 13.72 14.09 14.33 14.40 14.34 14.21 14.07 13.98 13.93 13.90 13.84 13.74 13.58 13.42 13.30 13.26 13.29 13.37 13.45 13.50 13.53 13.56 13.61 13.67 13.75 13.79 13.78 13.67 13.46 13.18 12.88 12.61 12.43 12.39 12.50 12.78 13.19 13.68 14.18 14.64 15.05 15.60 16.75 19.72 26.97 33.57 38.80 42.67 45.38 47.13 48.17 48.79 49.27 49.85 50.62 51.54 52.46 53.19 53.56 53.48 53.00 52.23 51.38 50.62 50.06 49.69 49.42 49.12 48.72 48.22 47.64 47.02 46.38 45.73 45.11 44.62 44.35 44.40 44.80 45.52 46.45 47.46 48.35 48.95 49.15 49.00 48.67 48.45 48.60 49.22 50.28 51.60 52.97 54.24 55.29 56.03 56.43 56.49 56.29 55.96 55.58 55.24 54.93 54.55 53.92 52.79 50.88 47.97 44.06 38.92 29.00 
10.00 38.88 46.71 49.02 49.56 49.45 49.17 48.93 48.80 48.75 48.73 48.69 48.64 48.59 48.57 48.61 48.71 48.84 48.95 48.99 48.91 48.67 48.32 47.96 47.72 47.75 48.11 48.75 49.53 50.28 50.84 51.13 51.12 50.83 50.36 49.86 49.50 49.44 49.75 50.34 51.00 51.45 51.48 51.05 50.29 49.40 48.58 47.97 47.58 47.37 47.30 47.37 47.61 48.12 48.92 50.01 51.23 52.38 53.18 53.36 52.72 51.10 48.39 44.38 38.74 30.91 19.92 3.11 1.56 1.34 1.28 1.24 1.21 1.19 1.17 1.15 1.14 1.13 1.12 1.11 1.10 1.08 1.07 1.06 1.05 1.05 1.06 1.09 1.13 1.16 1.20 1.22 1.22 1.22 1.20 1.19 1.19 1.18 1.18 1.18 1.17 1.15 1.14 1.13 1.13 1.13 1.14 1.14 1.15 1.15 1.15 1.15 1.16 1.17 1.17 1.17 1.16 1.14 1.12 1.09 1.07 1.05 1.05 1.06 1.08 1.12 1.16 1.20 1.24 1.28 1.34 1.53 2.96 18.57 28.59 35.61 40.57 43.95 46.13 47.44 48.24 48.85 49.51 50.33 51.25 52.16 52.86 53.23 53.19 52.78 52.12 51.37 50.71 50.21 49.86 49.58 49.24 48.79 48.22 47.58 46.91 46.25 45.61 45.00 44.50 44.18 44.13 44.40 45.01 45.90 46.96 48.01 48.86 49.36 49.48 49.35 49.21 49.31 49.79 50.67 51.82 53.09 54.32 55.37 56.14 56.56 56.65 56.46 56.14 55.80 55.51 55.25 54.93 54.36 53.25 51.30 48.37 44.83 42.72 50.00 
92.00 61.56 54.35 52.10 50.94 50.07 49.40 48.97 48.77 48.75 48.81 48.87 48.90 48.91 48.93 48.99 49.11 49.25 49.39 49.48 49.44 49.24 48.89 48.47 48.13 48.05 48.31 48.87 49.63 50.40 51.04 51.44 51.57 51.41 51.02 50.54 50.14 50.02 50.27 50.84 51.52 52.04 52.16 51.80 51.04 50.08 49.14 48.37 47.85 47.59 47.56 47.75 48.18 48.89 49.88 51.07 52.32 53.41 54.10 54.12 53.25 51.33 48.17 43.52 36.98 28.08 16.34 1.51 0.24 0.12 0.11 0.11 0.10 0.10 0.10 0.10 0.10 0.10 0.10 0.09 0.09 0.09 0.09 0.09 0.09 0.09 0.09 0.09 0.10 0.10 0.10 0.10 0.10 0.10 0.10 0.10 0.10 0.10 0.10 0.10 0.10 0.10 0.10 0.10 0.10 0.10 0.10 0.10 0.10 0.10 0.10 0.10 0.10 0.10 0.10 0.10 0.10 0.10 0.09 0.09 0.09 0.09 0.09 0.09 0.09 0.09 0.10 0.10 0.11 0.11 0.12 0.22 1.37 14.80 25.33 33.23 38.93 42.87 45.42 46.98 47.94 48.64 49.33 50.13 51.01 51.85 52.49 52.84 52.86 52.57 52.07 51.51 50.99 50.60 50.31 50.03 49.68 49.20 48.60 47.94 47.26 46.59 45.93 45.29 44.73 44.30 44.10 44.20 44.63 45.40 46.40 47.48 48.47 49.18 49.57 49.69 49.74 49.92 50.37 51.13 52.13 53.25 54.36 55.34 56.05 56.41 56.41 56.14 55.73 55.33 55.03 54.82 54.60 54.14 53.11 51.14 47.82 42.90 36.41 29.00 
61.00 60.85 56.81 53.92 52.02 50.67 49.71 49.11 48.85 48.83 48.93 49.04 49.10 49.13 49.17 49.25 49.39 49.57 49.75 49.87 49.87 49.68 49.30 48.80 48.35 48.14 48.28 48.76 49.47 50.24 50.92 51.42 51.65 51.60 51.29 50.84 50.42 50.26 50.47 51.04 51.78 52.42 52.69 52.47 51.80 50.84 49.81 48.90 48.23 47.86 47.81 48.06 48.63 49.49 50.58 51.81 53.02 54.02 54.58 54.48 53.49 51.40 48.01 42.99 35.97 26.63 14.89 1.27 0.12 0.02 0.01 0.01 0.01 0.01 0.01 0.01 0.01 0.01 0.01 0.01 0.01 0.01 0.01 0.01 0.01 0.01 0.01 0.01 0.01 0.01 0.01 0.01 0.01 0.01 0.01 0.01 0.01 0.01 0.01 0.01 0.01 0.01 0.01 0.01 0.01 0.01 0.01 0.01 0.01 0.01 0.01 0.01 0.01 0.01 0.01 0.01 0.01 0.01 0.01 0.01 0.01 0.01 0.01 0.01 0.01 0.01 0.01 0.01 0.01 0.01 0.02 0.10 1.13 13.16 23.53 31.78 37.95 42.28 45.13 46.87 47.91 48.62 49.27 49.98 50.75 51.48 52.04 52.37 52.45 52.31 52.02 51.69 51.37 51.12 50.90 50.65 50.30 49.82 49.23 48.57 47.91 47.23 46.55 45.84 45.16 44.57 44.16 44.04 44.26 44.82 45.68 46.69 47.71 48.57 49.20 49.63 49.97 50.36 50.91 51.63 52.49 53.43 54.37 55.19 55.76 55.98 55.82 55.37 54.79 54.27 53.92 53.76 53.66 53.39 52.59 50.79 47.37 41.29 30.31 10.00 
76.00 63.91 57.91 54.63 52.55 51.07 49.99 49.29 48.96 48.90 48.98 49.08 49.13 49.14 49.18 49.28 49.45 49.68 49.90 50.06 50.08 49.88 49.44 48.85 48.27 47.92 47.93 48.31 48.95 49.70 50.40 50.96 51.29 51.34 51.11 50.71 50.31 50.14 50.35 50.94 51.76 52.54 53.01 53.00 52.49 51.59 50.52 49.49 48.67 48.17 48.06 48.34 48.99 49.94 51.08 52.27 53.37 54.24 54.68 54.51 53.49 51.39 47.94 42.78 35.56 26.04 14.36 1.22 0.10 0.01 0.00 0.00 0.00 0.00 0.00 0.00 0.00 0.00 0.00 0.00 0.00 0.00 0.00 0.00 0.00 0.00 0.00 0.00 0.00 0.00 0.00 0.00 0.00 0.00 0.00 0.00 0.00 0.00 0.00 0.00 0.00 0.00 0.00 0.00 0.00 0.00 0.00 0.00 0.00 0.00 0.00 0.00 0.00 0.00 0.00 0.00 0.00 0.00 0.00 0.00 0.00 0.00 0.00 0.00 0.00 0.00 0.00 0.00 0.00 0.00 0.01 0.09 1.06 12.48 22.71 31.14 37.60 42.21 45.24 47.07 48.10 48.72 49.23 49.79 50.40 50.99 51.46 51.77 51.92 51.94 51.88 51.79 51.68 51.58 51.44 51.21 50.87 50.41 49.87 49.28 48.66 48.01 47.29 46.49 45.65 44.86 44.22 43.86 43.84 44.17 44.83 45.70 46.68 47.63 48.48 49.24 49.94 50.65 51.37 52.12 52.86 53.59 54.28 54.86 55.23 55.25 54.90 54.24 53.48 52.82 52.41 52.29 52.35 52.35 51.93 50.72 48.23 43.46 32.90 2.00 
76.00 60.74 56.07 53.94 52.46 51.20 50.18 49.45 49.05 48.92 48.93 48.96 48.96 48.94 48.95 49.06 49.26 49.52 49.79 49.98 50.02 49.80 49.30 48.60 47.88 47.38 47.25 47.51 48.08 48.79 49.51 50.12 50.53 50.67 50.54 50.22 49.87 49.73 49.94 50.56 51.45 52.38 53.06 53.30 53.00 52.23 51.18 50.07 49.13 48.51 48.34 48.62 49.31 50.30 51.42 52.52 53.47 54.17 54.52 54.32 53.37 51.37 47.98 42.83 35.54 25.93 14.23 1.21 0.10 0.01 0.00 0.00 0.00 0.00 0.00 0.00 0.00 0.00 0.00 0.00 0.00 0.00 0.00 0.00 0.00 0.00 0.00 0.00 0.00 0.00 0.00 0.00 0.00 0.00 0.00 0.00 0.00 0.00 0.00 0.00 0.00 0.00 0.00 0.00 0.00 0.00 0.00 0.00 0.00 0.00 0.00 0.00 0.00 0.00 0.00 0.00 0.00 0.00 0.00 0.00 0.00 0.00 0.00 0.00 0.00 0.00 0.00 0.00 0.00 0.00 0.01 0.09 1.04 12.28 22.49 31.07 37.74 42.53 45.65 47.47 48.39 48.84 49.14 49.48 49.90 50.34 50.73 51.04 51.27 51.45 51.60 51.71 51.78 51.78 51.69 51.49 51.18 50.78 50.33 49.85 49.33 48.74 48.01 47.13 46.14 45.14 44.28 43.69 43.44 43.54 43.98 44.69 45.59 46.59 47.64 48.71 49.78 50.82 51.76 52.53 53.14 53.61 53.99 54.28 54.38 54.19 53.65 52.82 51.91 51.15 50.73 50.68 50.92 51.19 51.22 50.84 50.22 50.46 55.27 76.00 
32.00 46.80 51.38 52.34 51.97 51.15 50.27 49.55 49.08 48.85 48.76 48.70 48.63 48.57 48.56 48.67 48.89 49.18 49.48 49.71 49.75 49.52 48.96 48.16 47.31 46.65 46.37 46.51 46.98 47.64 48.36 49.02 49.51 49.76 49.74 49.51 49.24 49.12 49.33 49.93 50.85 51.89 52.77 53.26 53.22 52.66 51.70 50.59 49.58 48.88 48.64 48.91 49.61 50.59 51.65 52.61 53.40 53.95 54.22 54.05 53.21 51.38 48.14 43.07 35.77 26.09 14.31 1.21 0.10 0.01 0.00 0.00 0.00 0.00 0.00 0.00 0.00 0.00 0.00 0.00 0.00 0.00 0.00 0.00 0.00 0.00 0.00 0.00 0.00 0.00 0.00 0.00 0.00 0.00 0.00 0.00 0.00 0.00 0.00 0.00 0.00 0.00 0.00 0.00 0.00 0.00 0.00 0.00 0.00 0.00 0.00 0.00 0.00 0.00 0.00 0.00 0.00 0.00 0.00 0.00 0.00 0.00 0.00 0.00 0.00 0.00 0.00 0.00 0.00 0.00 0.01 0.09 1.04 12.31 22.63 31.35 38.16 43.05 46.18 47.91 48.66 48.87 48.91 49.01 49.23 49.54 49.88 50.21 50.53 50.85 51.15 51.40 51.57 51.62 51.55 51.37 51.10 50.79 50.47 50.15 49.78 49.28 48.59 47.68 46.59 45.46 44.43 43.65 43.20 43.11 43.36 43.90 44.71 45.72 46.92 48.24 49.62 50.93 52.02 52.78 53.20 53.35 53.37 53.31 53.13 52.75 52.08 51.17 50.22 49.47 49.10 49.18 49.58 50.08 50.41 50.42 50.45 52.13 61.27 99.00 
16.00 42.86 49.99 51.68 51.66 51.06 50.29 49.59 49.06 48.73 48.52 48.38 48.25 48.16 48.16 48.27 48.50 48.81 49.15 49.41 49.49 49.25 48.64 47.75 46.77 45.96 45.52 45.50 45.86 46.46 47.18 47.87 48.43 48.78 48.87 48.76 48.56 48.45 48.61 49.13 50.00 51.06 52.08 52.81 53.06 52.77 52.01 50.99 49.98 49.24 48.95 49.18 49.86 50.78 51.73 52.56 53.19 53.64 53.87 53.76 53.07 51.42 48.36 43.40 36.12 26.38 14.47 1.23 0.10 0.01 0.00 0.00 0.00 0.00 0.00 0.00 0.00 0.00 0.00 0.00 0.00 0.00 0.00 0.00 0.00 0.00 0.00 0.00 0.00 0.00 0.00 0.00 0.00 0.00 0.00 0.00 0.00 0.00 0.00 0.00 0.00 0.00 0.00 0.00 0.00 0.00 0.00 0.00 0.00 0.00 0.00 0.00 0.00 0.00 0.00 0.00 0.00 0.00 0.00 0.00 0.00 0.00 0.00 0.00 0.00 0.00 0.00 0.00 0.00 0.00 0.01 0.09 1.06 12.47 22.93 31.79 38.69 43.59 46.67 48.26 48.80 48.76 48.54 48.39 48.42 48.62 48.94 49.32 49.75 50.17 50.56 50.87 51.06 51.11 51.02 50.84 50.62 50.43 50.28 50.14 49.94 49.58 48.99 48.13 47.05 45.87 44.76 43.87 43.28 43.03 43.11 43.51 44.23 45.24 46.51 47.99 49.54 50.98 52.11 52.75 52.91 52.70 52.31 51.89 51.45 50.92 50.22 49.37 48.53 47.93 47.73 48.00 48.59 49.24 49.63 49.44 48.38 45.73 38.32 11.00 
77.00 58.45 53.70 52.31 51.60 50.95 50.25 49.59 49.04 48.63 48.34 48.13 47.97 47.88 47.90 48.04 48.30 48.65 49.03 49.35 49.47 49.24 48.61 47.65 46.55 45.58 44.95 44.76 44.97 45.48 46.16 46.87 47.48 47.91 48.10 48.08 47.94 47.82 47.88 48.24 48.94 49.92 51.00 51.93 52.48 52.51 52.03 51.20 50.28 49.54 49.20 49.37 49.95 50.77 51.59 52.28 52.81 53.20 53.44 53.42 52.87 51.41 48.52 43.69 36.46 26.67 14.64 1.24 0.11 0.01 0.00 0.00 0.00 0.00 0.00 0.00 0.00 0.00 0.00 0.00 0.00 0.00 0.00 0.00 0.00 0.00 0.00 0.00 0.00 0.00 0.00 0.00 0.00 0.00 0.00 0.00 0.00 0.00 0.00 0.00 0.00 0.00 0.00 0.00 0.00 0.00 0.00 0.00 0.00 0.00 0.00 0.00 0.00 0.00 0.00 0.00 0.00 0.00 0.00 0.00 0.00 0.00 0.00 0.00 0.00 0.00 0.00 0.00 0.00 0.00 0.01 0.09 1.07 12.67 23.29 32.24 39.18 44.05 47.03 48.46 48.79 48.51 48.04 47.66 47.53 47.66 47.99 48.46 48.99 49.50 49.93 50.24 50.38 50.36 50.22 50.04 49.88 49.82 49.83 49.87 49.84 49.65 49.22 48.50 47.53 46.43 45.34 44.41 43.74 43.37 43.32 43.60 44.23 45.19 46.46 47.95 49.52 50.93 51.94 52.37 52.20 51.60 50.81 50.06 49.42 48.83 48.23 47.59 47.02 46.71 46.80 47.31 48.10 48.87 49.26 48.91 47.35 43.60 34.98 15.00 
82.00 60.06 53.77 51.88 51.14 50.64 50.12 49.57 49.07 48.65 48.32 48.07 47.92 47.86 47.93 48.12 48.44 48.86 49.32 49.72 49.91 49.72 49.09 48.07 46.85 45.71 44.88 44.47 44.49 44.86 45.45 46.14 46.77 47.25 47.52 47.57 47.46 47.30 47.22 47.35 47.80 48.60 49.63 50.70 51.52 51.90 51.76 51.17 50.38 49.67 49.28 49.34 49.78 50.44 51.11 51.67 52.13 52.50 52.79 52.87 52.47 51.18 48.47 43.78 36.63 26.85 14.75 1.25 0.11 0.01 0.00 0.00 0.00 0.00 0.00 0.00 0.00 0.00 0.00 0.00 0.00 0.00 0.00 0.00 0.00 0.00 0.00 0.00 0.00 0.00 0.00 0.00 0.00 0.00 0.00 0.00 0.00 0.00 0.00 0.00 0.00 0.00 0.00 0.00 0.00 0.00 0.00 0.00 0.00 0.00 0.00 0.00 0.00 0.00 0.00 0.00 0.00 0.00 0.00 0.00 0.00 0.00 0.00 0.00 0.00 0.00 0.00 0.00 0.00 0.00 0.01 0.09 1.09 12.86 23.61 32.64 39.58 44.37 47.24 48.52 48.68 48.20 47.51 46.94 46.66 46.74 47.12 47.69 48.33 48.92 49.36 49.61 49.66 49.55 49.35 49.15 49.06 49.10 49.27 49.47 49.60 49.58 49.33 48.82 48.06 47.13 46.16 45.26 44.54 44.08 43.93 44.11 44.64 45.51 46.68 48.06 49.49 50.72 51.49 51.61 51.09 50.11 48.99 47.98 47.23 46.70 46.32 46.03 45.87 45.96 46.40 47.18 48.13 48.98 49.39 49.08 47.89 45.82 42.68 36.00 
32.00 45.94 49.28 50.04 50.19 50.13 49.93 49.61 49.24 48.87 48.56 48.32 48.18 48.17 48.30 48.57 48.98 49.50 50.07 50.58 50.85 50.73 50.11 49.05 47.73 46.41 45.35 44.68 44.47 44.64 45.11 45.71 46.33 46.82 47.13 47.24 47.15 46.94 46.70 46.56 46.71 47.24 48.14 49.25 50.30 51.00 51.18 50.86 50.22 49.53 49.07 48.98 49.23 49.68 50.17 50.63 51.04 51.44 51.80 51.98 51.71 50.58 48.05 43.52 36.51 26.81 14.76 1.25 0.11 0.01 0.00 0.00 0.00 0.00 0.00 0.00 0.00 0.00 0.00 0.00 0.00 0.00 0.00 0.00 0.00 0.00 0.00 0.00 0.00 0.00 0.00 0.00 0.00 0.00 0.00 0.00 0.00 0.00 0.00 0.00 0.00 0.00 0.00 0.00 0.00 0.00 0.00 0.00 0.00 0.00 0.00 0.00 0.00 0.00 0.00 0.00 0.00 0.00 0.00 0.00 0.00 0.00 0.00 0.00 0.00 0.00 0.00 0.00 0.00 0.00 0.01 0.09 1.10 13.02 23.88 32.95 39.86 44.59 47.36 48.53 48.56 47.92 47.05 46.30 45.92 45.97 46.41 47.10 47.85 48.50 48.94 49.13 49.08 48.86 48.59 48.38 48.33 48.48 48.77 49.10 49.37 49.50 49.43 49.14 48.62 47.91 47.10 46.28 45.57 45.06 44.83 44.92 45.35 46.08 47.07 48.22 49.38 50.31 50.76 50.55 49.69 48.41 47.03 45.89 45.14 44.78 44.73 44.86 45.17 45.69 46.47 47.46 48.51 49.36 49.70 49.35 48.51 48.41 53.55 80.00 
21.00 42.44 47.37 48.72 49.30 49.63 49.78 49.75 49.59 49.34 49.09 48.88 48.76 48.78 48.97 49.33 49.83 50.46 51.14 51.76 52.13 52.08 51.50 50.42 49.01 47.53 46.23 45.30 44.82 44.77 45.05 45.55 46.10 46.58 46.91 47.06 46.99 46.73 46.34 45.96 45.79 46.02 46.73 47.80 48.98 49.91 50.37 50.27 49.74 49.06 48.50 48.23 48.26 48.49 48.82 49.17 49.56 50.00 50.42 50.69 50.53 49.54 47.18 42.84 36.02 26.50 14.60 1.24 0.11 0.01 0.00 0.00 0.00 0.00 0.00 0.00 0.00 0.00 0.00 0.00 0.00 0.00 0.00 0.00 0.00 0.00 0.00 0.00 0.00 0.00 0.00 0.00 0.00 0.00 0.00 0.00 0.00 0.00 0.00 0.00 0.00 0.00 0.00 0.00 0.00 0.00 0.00 0.00 0.00 0.00 0.00 0.00 0.00 0.00 0.00 0.00 0.00 0.00 0.00 0.00 0.00 0.00 0.00 0.00 0.00 0.00 0.00 0.00 0.00 0.00 0.01 0.09 1.11 13.14 24.08 33.17 40.06 44.75 47.46 48.57 48.52 47.76 46.75 45.86 45.39 45.43 45.93 46.73 47.59 48.31 48.75 48.87 48.73 48.42 48.08 47.86 47.86 48.10 48.50 48.95 49.32 49.55 49.61 49.49 49.18 48.69 48.05 47.34 46.67 46.15 45.89 45.91 46.23 46.79 47.54 48.39 49.21 49.78 49.88 49.35 48.21 46.70 45.19 44.01 43.36 43.25 43.57 44.16 44.92 45.81 46.83 47.93 48.96 49.67 49.76 48.97 47.26 44.91 42.61 40.00 
86.00 55.58 49.23 48.31 48.65 49.23 49.73 50.03 50.12 50.04 49.87 49.69 49.58 49.63 49.85 50.25 50.82 51.52 52.28 52.97 53.41 53.42 52.89 51.81 50.35 48.75 47.26 46.09 45.36 45.09 45.19 45.54 46.00 46.44 46.78 46.95 46.91 46.63 46.14 45.56 45.13 45.08 45.57 46.54 47.73 48.79 49.41 49.45 48.99 48.29 47.61 47.16 46.99 47.03 47.21 47.50 47.88 48.34 48.81 49.13 49.04 48.13 45.91 41.76 35.17 25.91 14.29 1.21 0.10 0.01 0.00 0.00 0.00 0.00 0.00 0.00 0.00 0.00 0.00 0.00 0.00 0.00 0.00 0.00 0.00 0.00 0.00 0.00 0.00 0.00 0.00 0.00 0.00 0.00 0.00 0.00 0.00 0.00 0.00 0.00 0.00 0.00 0.00 0.00 0.00 0.00 0.00 0.00 0.00 0.00 0.00 0.00 0.00 0.00 0.00 0.00 0.00 0.00 0.00 0.00 0.00 0.00 0.00 0.00 0.00 0.00 0.00 0.00 0.00 0.00 0.01 0.09 1.12 13.24 24.23 33.35 40.24 44.91 47.61 48.71 48.61 47.78 46.66 45.68 45.14 45.18 45.74 46.63 47.59 48.36 48.80 48.88 48.66 48.28 47.90 47.69 47.75 48.08 48.58 49.12 49.56 49.83 49.95 49.91 49.72 49.38 48.89 48.30 47.72 47.25 47.00 47.00 47.21 47.59 48.07 48.59 49.04 49.26 49.04 48.23 46.87 45.22 43.65 42.51 42.02 42.18 42.85 43.83 44.95 46.10 47.24 48.31 49.20 49.69 49.46 48.15 45.31 40.30 31.41 13.00 
43.00 44.89 46.02 46.95 47.93 48.93 49.80 50.44 50.79 50.88 50.79 50.64 50.53 50.56 50.77 51.17 51.74 52.44 53.19 53.88 54.34 54.38 53.89 52.85 51.40 49.75 48.16 46.84 45.93 45.48 45.41 45.62 45.98 46.35 46.67 46.84 46.83 46.56 46.03 45.35 44.75 44.49 44.78 45.59 46.71 47.77 48.44 48.53 48.09 47.35 46.57 45.98 45.65 45.56 45.66 45.90 46.27 46.74 47.21 47.52 47.42 46.54 44.40 40.41 34.06 25.11 13.86 1.18 0.10 0.01 0.00 0.00 0.00 0.00 0.00 0.00 0.00 0.00 0.00 0.00 0.00 0.00 0.00 0.00 0.00 0.00 0.00 0.00 0.00 0.00 0.00 0.00 0.00 0.00 0.00 0.00 0.00 0.00 0.00 0.00 0.00 0.00 0.00 0.00 0.00 0.00 0.00 0.00 0.00 0.00 0.00 0.00 0.00 0.00 0.00 0.00 0.00 0.00 0.00 0.00 0.00 0.00 0.00 0.00 0.00 0.00 0.00 0.00 0.00 0.00 0.01 0.10 1.13 13.33 24.39 33.54 40.43 45.11 47.82 48.93 48.84 47.98 46.82 45.80 45.23 45.28 45.89 46.85 47.86 48.67 49.10 49.14 48.87 48.44 48.05 47.87 48.00 48.43 49.04 49.65 50.12 50.38 50.45 50.38 50.21 49.93 49.56 49.10 48.64 48.29 48.10 48.12 48.26 48.48 48.71 48.91 49.02 48.91 48.40 47.37 45.86 44.13 42.55 41.49 41.14 41.52 42.46 43.72 45.07 46.34 47.47 48.42 49.11 49.39 48.95 47.40 44.16 38.46 29.14 16.00 
0.00 35.30 43.52 46.02 47.49 48.80 49.99 50.92 51.51 51.76 51.75 51.61 51.47 51.45 51.60 51.93 52.42 53.03 53.68 54.27 54.67 54.70 54.26 53.31 51.94 50.34 48.76 47.41 46.43 45.87 45.69 45.78 46.03 46.31 46.56 46.71 46.70 46.46 45.97 45.29 44.64 44.27 44.40 45.05 46.02 46.97 47.58 47.66 47.21 46.44 45.61 44.94 44.54 44.38 44.44 44.67 45.04 45.47 45.87 46.09 45.90 44.97 42.84 38.96 32.83 24.20 13.36 1.13 0.10 0.01 0.00 0.00 0.00 0.00 0.00 0.00 0.00 0.00 0.00 0.00 0.00 0.00 0.00 0.00 0.00 0.00 0.00 0.00 0.00 0.00 0.00 0.00 0.00 0.00 0.00 0.00 0.00 0.00 0.00 0.00 0.00 0.00 0.00 0.00 0.00 0.00 0.00 0.00 0.00 0.00 0.00 0.00 0.00 0.00 0.00 0.00 0.00 0.00 0.00 0.00 0.00 0.00 0.00 0.00 0.00 0.00 0.00 0.00 0.00 0.00 0.01 0.10 1.14 13.44 24.56 33.74 40.65 45.33 48.06 49.20 49.15 48.34 47.22 46.22 45.69 45.77 46.42 47.40 48.42 49.22 49.63 49.63 49.32 48.87 48.49 48.36 48.57 49.10 49.80 50.46 50.91 51.10 51.06 50.88 50.64 50.36 50.06 49.73 49.42 49.22 49.15 49.22 49.34 49.44 49.46 49.40 49.22 48.83 48.08 46.87 45.25 43.48 41.92 40.92 40.68 41.18 42.27 43.66 45.11 46.40 47.46 48.25 48.76 48.90 48.45 47.06 44.25 39.24 30.14 9.00 
82.00 53.18 47.32 46.72 47.56 48.88 50.25 51.41 52.19 52.57 52.62 52.47 52.29 52.19 52.24 52.44 52.78 53.21 53.68 54.10 54.38 54.38 54.00 53.17 51.95 50.50 49.05 47.78 46.85 46.29 46.05 46.05 46.18 46.34 46.48 46.56 46.52 46.32 45.90 45.32 44.74 44.38 44.42 44.91 45.68 46.45 46.94 46.94 46.48 45.72 44.91 44.24 43.83 43.68 43.75 43.98 44.31 44.66 44.93 44.99 44.63 43.59 41.42 37.60 31.64 23.32 12.86 1.09 0.09 0.01 0.00 0.00 0.00 0.00 0.00 0.00 0.00 0.00 0.00 0.00 0.00 0.00 0.00 0.00 0.00 0.00 0.00 0.00 0.00 0.00 0.00 0.00 0.00 0.00 0.00 0.00 0.00 0.00 0.00 0.00 0.00 0.00 0.00 0.00 0.00 0.00 0.00 0.00 0.00 0.00 0.00 0.00 0.00 0.00 0.00 0.00 0.00 0.00 0.00 0.00 0.00 0.00 0.00 0.00 0.00 0.00 0.00 0.00 0.00 0.00 0.01 0.10 1.15 13.56 24.75 33.96 40.86 45.52 48.25 49.44 49.48 48.80 47.82 46.96 46.53 46.68 47.34 48.31 49.28 50.02 50.36 50.31 49.95 49.49 49.14 49.06 49.34 49.94 50.69 51.36 51.78 51.87 51.69 51.36 51.01 50.69 50.42 50.20 50.06 50.02 50.09 50.24 50.37 50.40 50.28 50.01 49.61 48.99 48.04 46.70 45.01 43.24 41.71 40.75 40.55 41.08 42.18 43.59 45.02 46.27 47.23 47.91 48.31 48.43 48.14 47.26 45.60 43.35 42.72 57.00 
57.00 48.49 46.48 46.58 47.58 49.00 50.51 51.82 52.74 53.20 53.28 53.12 52.87 52.68 52.61 52.66 52.82 53.03 53.27 53.49 53.63 53.60 53.28 52.61 51.60 50.38 49.13 48.05 47.25 46.75 46.52 46.46 46.47 46.48 46.45 46.40 46.30 46.12 45.83 45.42 45.01 44.74 44.75 45.10 45.65 46.21 46.52 46.45 45.99 45.29 44.55 43.94 43.58 43.47 43.56 43.78 44.05 44.29 44.39 44.25 43.71 42.51 40.27 36.47 30.64 22.55 12.44 1.05 0.09 0.01 0.00 0.00 0.00 0.00 0.00 0.00 0.00 0.00 0.00 0.00 0.00 0.00 0.00 0.00 0.00 0.00 0.00 0.00 0.00 0.00 0.00 0.00 0.00 0.00 0.00 0.00 0.00 0.00 0.00 0.00 0.00 0.00 0.00 0.00 0.00 0.00 0.00 0.00 0.00 0.00 0.00 0.00 0.00 0.00 0.00 0.00 0.00 0.00 0.00 0.00 0.00 0.00 0.00 0.00 0.00 0.00 0.00 0.00 0.00 0.00 0.01 0.10 1.16 13.67 24.93 34.15 41.01 45.63 48.36 49.62 49.81 49.34 48.61 47.99 47.74 47.99 48.67 49.56 50.43 51.04 51.27 51.12 50.71 50.23 49.88 49.84 50.16 50.78 51.52 52.17 52.52 52.51 52.20 51.74 51.29 50.92 50.68 50.56 50.55 50.66 50.86 51.09 51.24 51.23 51.01 50.61 50.03 49.24 48.16 46.73 45.04 43.30 41.83 40.91 40.70 41.18 42.19 43.50 44.85 46.03 46.93 47.55 47.94 48.13 48.10 47.76 46.98 45.36 40.08 13.00 
8.00 37.66 44.14 46.13 47.57 49.12 50.71 52.09 53.08 53.58 53.66 53.46 53.15 52.87 52.68 52.60 52.58 52.60 52.63 52.67 52.69 52.64 52.40 51.91 51.13 50.17 49.17 48.30 47.66 47.28 47.08 46.98 46.88 46.71 46.48 46.25 46.06 45.90 45.74 45.56 45.36 45.24 45.27 45.49 45.84 46.17 46.31 46.17 45.74 45.13 44.50 43.99 43.70 43.63 43.73 43.92 44.12 44.23 44.17 43.86 43.15 41.82 39.48 35.67 29.91 21.99 12.12 1.03 0.09 0.01 0.00 0.00 0.00 0.00 0.00 0.00 0.00 0.00 0.00 0.00 0.00 0.00 0.00 0.00 0.00 0.00 0.00 0.00 0.00 0.00 0.00 0.00 0.00 0.00 0.00 0.00 0.00 0.00 0.00 0.00 0.00 0.00 0.00 0.00 0.00 0.00 0.00 0.00 0.00 0.00 0.00 0.00 0.00 0.00 0.00 0.00 0.00 0.00 0.00 0.00 0.00 0.00 0.00 0.00 0.00 0.00 0.00 0.00 0.00 0.00 0.01 0.10 1.17 13.76 25.06 34.27 41.08 45.66 48.40 49.76 50.17 50.00 49.60 49.29 49.28 49.65 50.32 51.11 51.82 52.25 52.31 52.02 51.52 51.00 50.64 50.59 50.88 51.45 52.13 52.69 52.96 52.87 52.49 51.97 51.46 51.07 50.86 50.80 50.90 51.11 51.40 51.68 51.84 51.79 51.51 51.01 50.31 49.41 48.26 46.82 45.19 43.56 42.20 41.34 41.10 41.47 42.32 43.47 44.69 45.80 46.68 47.32 47.78 48.11 48.34 48.55 48.97 50.79 59.09 98.00 
69.00 50.29 46.76 46.74 47.78 49.24 50.81 52.18 53.15 53.63 53.67 53.42 53.05 52.70 52.44 52.27 52.16 52.05 51.95 51.87 51.81 51.76 51.62 51.29 50.74 50.02 49.25 48.58 48.10 47.82 47.67 47.54 47.32 46.98 46.55 46.14 45.84 45.69 45.67 45.69 45.72 45.76 45.83 45.96 46.13 46.26 46.27 46.09 45.71 45.20 44.68 44.27 44.03 43.97 44.06 44.21 44.34 44.37 44.21 43.79 42.98 41.54 39.12 35.26 29.51 21.66 11.92 1.01 0.09 0.01 0.00 0.00 0.00 0.00 0.00 0.00 0.00 0.00 0.00 0.00 0.00 0.00 0.00 0.00 0.00 0.00 0.00 0.00 0.00 0.00 0.00 0.00 0.00 0.00 0.00 0.00 0.00 0.00 0.00 0.00 0.00 0.00 0.00 0.00 0.00 0.00 0.00 0.00 0.00 0.00 0.00 0.00 0.00 0.00 0.00 0.00 0.00 0.00 0.00 0.00 0.00 0.00 0.00 0.00 0.00 0.00 0.00 0.00 0.00 0.00 0.01 0.10 1.17 13.81 25.14 34.33 41.11 45.67 48.45 49.97 50.64 50.82 50.81 50.84 51.06 51.53 52.17 52.83 53.34 53.55 53.41 52.97 52.36 51.76 51.35 51.23 51.44 51.90 52.44 52.88 53.06 52.92 52.52 52.01 51.51 51.14 50.95 50.94 51.08 51.34 51.66 51.94 52.08 52.00 51.67 51.11 50.35 49.41 48.25 46.89 45.41 43.96 42.78 42.01 41.75 41.98 42.63 43.57 44.64 45.68 46.58 47.29 47.86 48.32 48.73 49.14 49.53 49.65 47.42 30.00 
57.00 47.97 46.23 46.65 47.80 49.24 50.73 52.02 52.91 53.31 53.27 52.95 52.53 52.16 51.90 51.74 51.63 51.51 51.38 51.26 51.18 51.14 51.08 50.89 50.53 50.00 49.42 48.90 48.53 48.31 48.19 48.03 47.73 47.24 46.64 46.07 45.67 45.53 45.61 45.81 46.03 46.19 46.30 46.38 46.42 46.43 46.36 46.18 45.87 45.45 45.02 44.65 44.42 44.35 44.41 44.54 44.65 44.66 44.50 44.06 43.20 41.69 39.19 35.24 29.44 21.57 11.86 1.01 0.09 0.01 0.00 0.00 0.00 0.00 0.00 0.00 0.00 0.00 0.00 0.00 0.00 0.00 0.00 0.00 0.00 0.00 0.00 0.00 0.00 0.00 0.00 0.00 0.00 0.00 0.00 0.00 0.00 0.00 0.00 0.00 0.00 0.00 0.00 0.00 0.00 0.00 0.00 0.00 0.00 0.00 0.00 0.00 0.00 0.00 0.00 0.00 0.00 0.00 0.00 0.00 0.00 0.00 0.00 0.00 0.00 0.00 0.00 0.00 0.00 0.00 0.01 0.10 1.17 13.85 25.20 34.38 41.16 45.74 48.63 50.34 51.31 51.86 52.21 52.53 52.93 53.45 54.01 54.52 54.82 54.82 54.49 53.89 53.16 52.47 51.98 51.77 51.83 52.12 52.48 52.77 52.85 52.69 52.34 51.90 51.47 51.15 50.98 50.97 51.12 51.37 51.65 51.88 51.97 51.85 51.49 50.92 50.16 49.24 48.16 46.96 45.70 44.51 43.55 42.90 42.62 42.72 43.16 43.88 44.79 45.76 46.66 47.45 48.11 48.68 49.22 49.77 50.37 50.85 50.94 53.00 
25.00 38.50 43.75 46.09 47.63 49.05 50.41 51.56 52.32 52.60 52.47 52.08 51.64 51.29 51.10 51.04 51.05 51.05 51.00 50.92 50.86 50.84 50.82 50.73 50.49 50.11 49.65 49.22 48.90 48.71 48.58 48.40 48.04 47.47 46.75 46.07 45.59 45.43 45.57 45.88 46.22 46.48 46.63 46.69 46.69 46.66 46.60 46.46 46.22 45.87 45.47 45.09 44.82 44.71 44.74 44.88 45.03 45.13 45.04 44.66 43.81 42.26 39.66 35.58 29.65 21.68 11.90 1.01 0.09 0.01 0.00 0.00 0.00 0.00 0.00 0.00 0.00 0.00 0.00 0.00 0.00 0.00 0.00 0.00 0.00 0.00 0.00 0.00 0.00 0.00 0.00 0.00 0.00 0.00 0.00 0.00 0.00 0.00 0.00 0.00 0.00 0.00 0.00 0.00 0.00 0.00 0.00 0.00 0.00 0.00 0.00 0.00 0.00 0.00 0.00 0.00 0.00 0.00 0.00 0.00 0.00 0.00 0.00 0.00 0.00 0.00 0.00 0.00 0.00 0.00 0.01 0.10 1.18 13.90 25.27 34.48 41.29 45.96 48.99 50.93 52.19 53.06 53.69 54.21 54.70 55.17 55.62 55.96 56.08 55.90 55.41 54.69 53.87 53.11 52.53 52.19 52.09 52.17 52.33 52.46 52.46 52.31 52.05 51.72 51.39 51.13 50.98 50.95 51.05 51.22 51.41 51.55 51.56 51.41 51.06 50.53 49.83 49.00 48.07 47.09 46.11 45.23 44.51 44.00 43.72 43.68 43.92 44.43 45.17 46.05 46.94 47.75 48.45 49.05 49.64 50.34 51.29 52.41 52.49 44.00 
8.00 37.35 44.33 46.45 47.62 48.72 49.83 50.77 51.36 51.52 51.31 50.90 50.47 50.20 50.15 50.27 50.49 50.68 50.80 50.83 50.81 50.80 50.79 50.73 50.57 50.28 49.89 49.50 49.18 48.97 48.82 48.62 48.24 47.63 46.86 46.11 45.58 45.39 45.52 45.88 46.28 46.60 46.79 46.88 46.92 46.95 46.98 46.94 46.77 46.45 46.02 45.57 45.22 45.05 45.07 45.27 45.54 45.78 45.85 45.57 44.76 43.15 40.43 36.19 30.07 21.94 12.03 1.02 0.09 0.01 0.00 0.00 0.00 0.00 0.00 0.00 0.00 0.00 0.00 0.00 0.00 0.00 0.00 0.00 0.00 0.00 0.00 0.00 0.00 0.00 0.00 0.00 0.00 0.00 0.00 0.00 0.00 0.00 0.00 0.00 0.00 0.00 0.00 0.00 0.00 0.00 0.00 0.00 0.00 0.00 0.00 0.00 0.00 0.00 0.00 0.00 0.00 0.00 0.00 0.00 0.00 0.00 0.00 0.00 0.00 0.00 0.00 0.00 0.00 0.00 0.01 0.10 1.18 13.96 25.38 34.65 41.52 46.30 49.49 51.65 53.16 54.26 55.08 55.67 56.13 56.50 56.79 56.97 56.94 56.64 56.06 55.26 54.40 53.59 52.95 52.50 52.25 52.14 52.11 52.09 52.02 51.91 51.74 51.55 51.34 51.14 50.99 50.91 50.91 50.96 51.00 51.00 50.93 50.75 50.45 50.01 49.44 48.78 48.05 47.33 46.67 46.10 45.63 45.26 44.98 44.83 44.90 45.23 45.82 46.58 47.40 48.14 48.76 49.27 49.79 50.55 51.98 55.02 62.59 87.00 
95.00 58.63 49.93 47.87 47.69 48.19 48.95 49.65 50.10 50.18 49.95 49.57 49.22 49.07 49.18 49.52 49.96 50.39 50.71 50.87 50.92 50.91 50.88 50.81 50.68 50.44 50.10 49.71 49.36 49.10 48.91 48.69 48.31 47.71 46.93 46.15 45.58 45.35 45.46 45.80 46.22 46.59 46.84 47.01 47.15 47.32 47.49 47.58 47.49 47.17 46.67 46.11 45.65 45.40 45.43 45.71 46.14 46.57 46.82 46.67 45.89 44.23 41.37 36.95 30.63 22.30 12.21 1.03 0.09 0.01 0.00 0.00 0.00 0.00 0.00 0.00 0.00 0.00 0.00 0.00 0.00 0.00 0.00 0.00 0.00 0.00 0.00 0.00 0.00 0.00 0.00 0.00 0.00 0.00 0.00 0.00 0.00 0.00 0.00 0.00 0.00 0.00 0.00 0.00 0.00 0.00 0.00 0.00 0.00 0.00 0.00 0.00 0.00 0.00 0.00 0.00 0.00 0.00 0.00 0.00 0.00 0.00 0.00 0.00 0.00 0.00 0.00 0.00 0.00 0.00 0.01 0.10 1.19 14.03 25.51 34.84 41.79 46.67 50.00 52.33 54.02 55.27 56.15 56.72 57.06 57.26 57.38 57.40 57.27 56.90 56.28 55.49 54.63 53.84 53.18 52.69 52.34 52.09 51.91 51.77 51.67 51.60 51.54 51.46 51.35 51.20 51.04 50.88 50.75 50.61 50.46 50.30 50.13 49.94 49.71 49.41 49.02 48.57 48.10 47.67 47.32 47.06 46.82 46.58 46.31 46.10 46.04 46.24 46.70 47.34 48.02 48.61 49.02 49.29 49.53 50.00 51.05 53.12 55.91 52.00 
59.00 52.38 49.10 47.63 47.18 47.33 47.79 48.30 48.64 48.72 48.57 48.30 48.09 48.08 48.35 48.85 49.50 50.14 50.64 50.95 51.08 51.08 51.02 50.94 50.81 50.60 50.27 49.87 49.47 49.14 48.89 48.64 48.25 47.66 46.91 46.14 45.55 45.28 45.36 45.68 46.10 46.51 46.84 47.12 47.41 47.74 48.08 48.31 48.29 47.95 47.36 46.67 46.08 45.76 45.78 46.14 46.72 47.34 47.77 47.74 47.02 45.32 42.34 37.75 31.23 22.70 12.41 1.05 0.09 0.01 0.00 0.00 0.00 0.00 0.00 0.00 0.00 0.00 0.00 0.00 0.00 0.00 0.00 0.00 0.00 0.00 0.00 0.00 0.00 0.00 0.00 0.00 0.00 0.00 0.00 0.00 0.00 0.00 0.00 0.00 0.00 0.00 0.00 0.00 0.00 0.00 0.00 0.00 0.00 0.00 0.00 0.00 0.00 0.00 0.00 0.00 0.00 0.00 0.00 0.00 0.00 0.00 0.00 0.00 0.00 0.00 0.00 0.00 0.00 0.00 0.01 0.10 1.19 14.09 25.62 35.00 42.01 46.95 50.38 52.82 54.61 55.90 56.76 57.23 57.40 57.41 57.35 57.24 57.02 56.62 56.01 55.26 54.48 53.77 53.18 52.73 52.37 52.07 51.82 51.62 51.50 51.47 51.50 51.52 51.47 51.34 51.13 50.87 50.58 50.23 49.86 49.50 49.22 49.01 48.86 48.72 48.54 48.34 48.15 48.03 47.99 48.00 47.97 47.83 47.60 47.35 47.23 47.36 47.73 48.25 48.76 49.12 49.24 49.15 48.97 48.90 49.24 50.66 56.04 80.00 
18.00 42.99 46.85 46.80 46.40 46.30 46.52 46.87 47.18 47.35 47.35 47.28 47.24 47.37 47.75 48.36 49.11 49.89 50.54 50.99 51.20 51.24 51.19 51.11 50.98 50.78 50.46 50.04 49.58 49.16 48.81 48.48 48.06 47.47 46.74 46.01 45.44 45.18 45.24 45.56 46.00 46.45 46.86 47.25 47.68 48.17 48.66 49.00 49.04 48.70 48.03 47.21 46.49 46.06 46.04 46.43 47.12 47.88 48.45 48.55 47.89 46.19 43.16 38.45 31.79 23.08 12.62 1.07 0.09 0.01 0.00 0.00 0.00 0.00 0.00 0.00 0.00 0.00 0.00 0.00 0.00 0.00 0.00 0.00 0.00 0.00 0.00 0.00 0.00 0.00 0.00 0.00 0.00 0.00 0.00 0.00 0.00 0.00 0.00 0.00 0.00 0.00 0.00 0.00 0.00 0.00 0.00 0.00 0.00 0.00 0.00 0.00 0.00 0.00 0.00 0.00 0.00 0.00 0.00 0.00 0.00 0.00 0.00 0.00 0.00 0.00 0.00 0.00 0.00 0.00 0.01 0.10 1.20 14.11 25.66 35.06 42.10 47.09 50.56 53.04 54.85 56.12 56.90 57.23 57.23 57.05 56.81 56.56 56.25 55.82 55.24 54.57 53.91 53.35 52.92 52.62 52.37 52.13 51.90 51.71 51.60 51.61 51.67 51.73 51.69 51.54 51.27 50.89 50.42 49.86 49.25 48.70 48.28 48.03 47.94 47.94 47.97 48.02 48.12 48.30 48.55 48.80 48.94 48.90 48.69 48.44 48.31 48.41 48.74 49.18 49.54 49.66 49.48 49.01 48.37 47.64 46.66 44.56 37.78 11.00 
84.00 55.08 49.10 47.01 45.92 45.44 45.39 45.61 45.94 46.24 46.46 46.61 46.76 47.02 47.44 48.06 48.84 49.66 50.40 50.95 51.28 51.41 51.41 51.35 51.25 51.06 50.75 50.29 49.75 49.21 48.71 48.25 47.74 47.13 46.44 45.77 45.28 45.08 45.18 45.52 45.99 46.47 46.93 47.40 47.93 48.53 49.13 49.56 49.65 49.30 48.58 47.67 46.82 46.27 46.16 46.50 47.19 48.00 48.66 48.85 48.28 46.65 43.64 38.91 32.18 23.38 12.78 1.08 0.09 0.01 0.00 0.00 0.00 0.00 0.00 0.00 0.00 0.00 0.00 0.00 0.00 0.00 0.00 0.00 0.00 0.00 0.00 0.00 0.00 0.00 0.00 0.00 0.00 0.00 0.00 0.00 0.00 0.00 0.00 0.00 0.00 0.00 0.00 0.00 0.00 0.00 0.00 0.00 0.00 0.00 0.00 0.00 0.00 0.00 0.00 0.00 0.00 0.00 0.00 0.00 0.00 0.00 0.00 0.00 0.00 0.00 0.00 0.00 0.00 0.00 0.01 0.10 1.19 14.09 25.63 35.03 42.08 47.07 50.56 53.03 54.81 56.01 56.68 56.87 56.69 56.33 55.92 55.52 55.12 54.64 54.09 53.50 53.00 52.64 52.47 52.41 52.39 52.33 52.22 52.09 52.02 52.02 52.07 52.09 52.02 51.81 51.46 50.97 50.34 49.58 48.77 48.02 47.45 47.14 47.06 47.15 47.35 47.62 47.98 48.43 48.93 49.38 49.65 49.67 49.48 49.24 49.12 49.24 49.58 49.98 50.23 50.18 49.75 49.02 48.08 47.01 45.68 43.58 39.75 35.00 
15.00 44.71 48.26 47.17 45.80 44.95 44.65 44.76 45.11 45.56 46.00 46.37 46.69 47.02 47.44 48.00 48.70 49.48 50.24 50.87 51.32 51.57 51.67 51.68 51.62 51.46 51.14 50.65 50.02 49.32 48.64 47.99 47.35 46.71 46.07 45.51 45.16 45.07 45.27 45.65 46.13 46.61 47.07 47.55 48.12 48.76 49.41 49.90 50.03 49.71 48.98 48.02 47.07 46.38 46.11 46.31 46.88 47.63 48.29 48.53 48.06 46.54 43.64 39.00 32.31 23.50 12.85 1.09 0.09 0.01 0.00 0.00 0.00 0.00 0.00 0.00 0.00 0.00 0.00 0.00 0.00 0.00 0.00 0.00 0.00 0.00 0.00 0.00 0.00 0.00 0.00 0.00 0.00 0.00 0.00 0.00 0.00 0.00 0.00 0.00 0.00 0.00 0.00 0.00 0.00 0.00 0.00 0.00 0.00 0.00 0.00 0.00 0.00 0.00 0.00 0.00 0.00 0.00 0.00 0.00 0.00 0.00 0.00 0.00 0.00 0.00 0.00 0.00 0.00 0.00 0.01 0.10 1.19 14.05 25.56 34.95 42.00 47.00 50.48 52.92 54.62 55.72 56.26 56.31 55.98 55.45 54.89 54.35 53.83 53.29 52.75 52.26 51.93 51.83 51.95 52.22 52.50 52.70 52.78 52.75 52.70 52.67 52.64 52.58 52.42 52.14 51.73 51.16 50.42 49.52 48.54 47.62 46.92 46.50 46.37 46.48 46.76 47.19 47.74 48.40 49.09 49.68 50.04 50.10 49.92 49.69 49.59 49.74 50.11 50.52 50.73 50.60 50.07 49.22 48.19 47.11 46.01 44.80 42.93 37.00 
81.00 61.07 53.06 48.83 46.38 45.05 44.51 44.51 44.87 45.42 46.01 46.54 46.98 47.35 47.72 48.17 48.74 49.42 50.13 50.80 51.34 51.70 51.92 52.03 52.03 51.90 51.59 51.06 50.33 49.48 48.59 47.75 46.99 46.33 45.78 45.39 45.22 45.30 45.60 46.03 46.48 46.90 47.29 47.71 48.24 48.87 49.52 50.02 50.20 49.93 49.23 48.26 47.24 46.41 45.95 45.92 46.27 46.84 47.39 47.62 47.22 45.84 43.12 38.65 32.11 23.41 12.82 1.09 0.09 0.01 0.00 0.00 0.00 0.00 0.00 0.00 0.00 0.00 0.00 0.00 0.00 0.00 0.00 0.00 0.00 0.00 0.00 0.00 0.00 0.00 0.00 0.00 0.00 0.00 0.00 0.00 0.00 0.00 0.00 0.00 0.00 0.00 0.00 0.00 0.00 0.00 0.00 0.00 0.00 0.00 0.00 0.00 0.00 0.00 0.00 0.00 0.00 0.00 0.00 0.00 0.00 0.00 0.00 0.00 0.00 0.00 0.00 0.00 0.00 0.00 0.01 0.10 1.19 14.02 25.53 34.92 41.98 46.98 50.44 52.82 54.42 55.40 55.80 55.70 55.24 54.59 53.89 53.22 52.59 51.99 51.46 51.08 50.95 51.12 51.56 52.17 52.78 53.26 53.54 53.62 53.56 53.45 53.30 53.11 52.85 52.53 52.10 51.52 50.75 49.78 48.70 47.66 46.81 46.26 46.02 46.06 46.34 46.82 47.47 48.25 49.05 49.73 50.14 50.23 50.07 49.84 49.77 49.96 50.36 50.79 51.02 50.89 50.38 49.57 48.61 47.67 46.97 47.11 50.43 66.00 
96.00 66.15 55.19 50.04 47.23 45.71 45.03 44.95 45.28 45.86 46.51 47.11 47.59 47.96 48.26 48.58 48.99 49.52 50.13 50.77 51.33 51.77 52.08 52.27 52.34 52.25 51.96 51.41 50.61 49.64 48.60 47.62 46.79 46.16 45.75 45.57 45.62 45.88 46.27 46.70 47.08 47.37 47.62 47.93 48.35 48.92 49.53 50.02 50.21 49.99 49.36 48.42 47.38 46.44 45.76 45.45 45.51 45.82 46.18 46.33 45.95 44.70 42.18 37.94 31.63 23.12 12.69 1.08 0.09 0.01 0.00 0.00 0.00 0.00 0.00 0.00 0.00 0.00 0.00 0.00 0.00 0.00 0.00 0.00 0.00 0.00 0.00 0.00 0.00 0.00 0.00 0.00 0.00 0.00 0.00 0.00 0.00 0.00 0.00 0.00 0.00 0.00 0.00 0.00 0.00 0.00 0.00 0.00 0.00 0.00 0.00 0.00 0.00 0.00 0.00 0.00 0.00 0.00 0.00 0.00 0.00 0.00 0.00 0.00 0.00 0.00 0.00 0.00 0.00 0.00 0.01 0.10 1.19 14.05 25.58 35.00 42.07 47.08 50.49 52.78 54.26 55.09 55.34 55.12 54.55 53.80 53.00 52.23 51.52 50.89 50.41 50.16 50.24 50.68 51.43 52.35 53.26 53.98 54.41 54.54 54.45 54.21 53.91 53.59 53.27 52.95 52.57 52.06 51.33 50.37 49.26 48.14 47.18 46.47 46.07 45.96 46.14 46.57 47.21 48.01 48.84 49.56 50.02 50.16 50.05 49.88 49.84 50.06 50.47 50.90 51.15 51.07 50.66 50.00 49.20 48.33 47.45 46.60 45.85 44.00 
41.00 52.94 52.60 50.23 48.17 46.84 46.18 46.06 46.34 46.85 47.46 48.03 48.49 48.80 49.02 49.22 49.48 49.83 50.29 50.80 51.30 51.73 52.06 52.29 52.41 52.38 52.13 51.60 50.80 49.79 48.69 47.67 46.87 46.35 46.13 46.18 46.44 46.85 47.29 47.67 47.92 48.04 48.12 48.26 48.56 49.02 49.55 49.98 50.16 49.98 49.41 48.55 47.52 46.50 45.65 45.07 44.82 44.84 44.97 44.99 44.59 43.44 41.09 37.09 31.04 22.76 12.51 1.06 0.09 0.01 0.00 0.00 0.00 0.00 0.00 0.00 0.00 0.00 0.00 0.00 0.00 0.00 0.00 0.00 0.00 0.00 0.00 0.00 0.00 0.00 0.00 0.00 0.00 0.00 0.00 0.00 0.00 0.00 0.00 0.00 0.00 0.00 0.00 0.00 0.00 0.00 0.00 0.00 0.00 0.00 0.00 0.00 0.00 0.00 0.00 0.00 0.00 0.00 0.00 0.00 0.00 0.00 0.00 0.00 0.00 0.00 0.00 0.00 0.00 0.00 0.01 0.10 1.20 14.13 25.74 35.21 42.31 47.28 50.62 52.78 54.10 54.76 54.86 54.52 53.87 53.06 52.20 51.37 50.62 50.01 49.61 49.53 49.85 50.55 51.58 52.75 53.86 54.73 55.23 55.35 55.16 54.78 54.34 53.92 53.59 53.34 53.08 52.70 52.08 51.20 50.12 48.97 47.91 47.06 46.47 46.18 46.18 46.47 47.00 47.72 48.52 49.25 49.77 50.02 50.04 49.99 50.04 50.27 50.66 51.04 51.26 51.22 50.94 50.48 49.91 49.20 48.15 46.20 42.50 39.00 
41.00 52.56 53.00 51.25 49.54 48.40 47.82 47.69 47.89 48.28 48.76 49.22 49.58 49.82 49.96 50.06 50.17 50.35 50.61 50.93 51.26 51.57 51.83 52.06 52.21 52.24 52.07 51.63 50.90 49.96 48.93 48.00 47.32 46.98 46.97 47.23 47.66 48.14 48.57 48.85 48.93 48.87 48.76 48.75 48.91 49.25 49.65 49.99 50.11 49.93 49.44 48.66 47.69 46.66 45.70 44.94 44.44 44.19 44.11 43.98 43.54 42.43 40.21 36.40 30.56 22.47 12.38 1.05 0.09 0.01 0.00 0.00 0.00 0.00 0.00 0.00 0.00 0.00 0.00 0.00 0.00 0.00 0.00 0.00 0.00 0.00 0.00 0.00 0.00 0.00 0.00 0.00 0.00 0.00 0.00 0.00 0.00 0.00 0.00 0.00 0.00 0.00 0.00 0.00 0.00 0.00 0.00 0.00 0.00 0.00 0.00 0.00 0.00 0.00 0.00 0.00 0.00 0.00 0.00 0.00 0.00 0.00 0.00 0.00 0.00 0.00 0.00 0.00 0.00 0.00 0.01 0.10 1.21 14.27 25.98 35.51 42.62 47.55 50.77 52.76 53.88 54.35 54.30 53.85 53.14 52.28 51.39 50.53 49.79 49.24 48.98 49.11 49.67 50.63 51.87 53.20 54.41 55.31 55.79 55.82 55.51 54.99 54.44 53.99 53.72 53.60 53.51 53.31 52.86 52.09 51.08 49.94 48.82 47.84 47.09 46.60 46.41 46.50 46.85 47.43 48.13 48.86 49.47 49.90 50.16 50.33 50.52 50.79 51.09 51.34 51.45 51.39 51.20 50.97 50.74 50.46 49.81 47.62 39.00 2.00 
91.00 63.76 56.36 53.08 51.20 50.13 49.65 49.54 49.66 49.91 50.22 50.50 50.73 50.88 50.96 50.98 50.99 51.02 51.07 51.16 51.26 51.37 51.50 51.67 51.84 51.94 51.88 51.58 51.00 50.22 49.37 48.64 48.16 48.03 48.22 48.63 49.14 49.63 49.97 50.09 49.99 49.74 49.48 49.34 49.38 49.59 49.86 50.07 50.11 49.92 49.49 48.81 47.96 46.99 46.02 45.17 44.52 44.10 43.85 43.61 43.10 42.00 39.85 36.15 30.41 22.40 12.36 1.05 0.09 0.01 0.00 0.00 0.00 0.00 0.00 0.00 0.00 0.00 0.00 0.00 0.00 0.00 0.00 0.00 0.00 0.00 0.00 0.00 0.00 0.00 0.00 0.00 0.00 0.00 0.00 0.00 0.00 0.00 0.00 0.00 0.00 0.00 0.00 0.00 0.00 0.00 0.00 0.00 0.00 0.00 0.00 0.00 0.00 0.00 0.00 0.00 0.00 0.00 0.00 0.00 0.00 0.00 0.00 0.00 0.00 0.00 0.00 0.00 0.00 0.00 0.01 0.10 1.22 14.42 26.25 35.85 42.96 47.81 50.88 52.67 53.57 53.83 53.61 53.06 52.29 51.40 50.49 49.63 48.91 48.44 48.35 48.70 49.51 50.68 52.07 53.48 54.69 55.52 55.89 55.79 55.34 54.72 54.12 53.71 53.55 53.61 53.73 53.73 53.45 52.82 51.90 50.80 49.66 48.62 47.75 47.11 46.72 46.61 46.75 47.14 47.73 48.45 49.19 49.87 50.45 50.93 51.32 51.63 51.82 51.86 51.76 51.57 51.41 51.38 51.56 52.01 52.96 55.45 63.84 97.00 
34.00 55.46 56.16 54.13 52.52 51.63 51.28 51.23 51.31 51.44 51.56 51.67 51.76 51.81 51.84 51.83 51.79 51.71 51.61 51.48 51.34 51.24 51.21 51.30 51.47 51.65 51.71 51.57 51.19 50.64 50.05 49.57 49.35 49.42 49.75 50.24 50.74 51.12 51.30 51.24 50.95 50.54 50.16 49.92 49.88 49.98 50.13 50.23 50.20 50.01 49.64 49.09 48.38 47.54 46.65 45.82 45.13 44.64 44.31 43.98 43.43 42.31 40.16 36.46 30.71 22.65 12.50 1.06 0.09 0.01 0.00 0.00 0.00 0.00 0.00 0.00 0.00 0.00 0.00 0.00 0.00 0.00 0.00 0.00 0.00 0.00 0.00 0.00 0.00 0.00 0.00 0.00 0.00 0.00 0.00 0.00 0.00 0.00 0.00 0.00 0.00 0.00 0.00 0.00 0.00 0.00 0.00 0.00 0.00 0.00 0.00 0.00 0.00 0.00 0.00 0.00 0.00 0.00 0.00 0.00 0.00 0.00 0.00 0.00 0.00 0.00 0.00 0.00 0.00 0.00 0.01 0.10 1.24 14.57 26.50 36.16 43.26 48.02 50.93 52.50 53.17 53.21 52.83 52.17 51.34 50.42 49.49 48.62 47.93 47.55 47.61 48.16 49.18 50.52 52.00 53.40 54.52 55.22 55.43 55.19 54.62 53.93 53.35 53.03 53.04 53.29 53.62 53.81 53.69 53.21 52.40 51.38 50.29 49.24 48.33 47.59 47.07 46.77 46.71 46.91 47.38 48.07 48.94 49.90 50.83 51.66 52.29 52.65 52.71 52.50 52.12 51.73 51.50 51.58 52.04 52.94 54.46 57.27 63.86 83.00 
95.00 68.21 59.13 55.19 53.34 52.59 52.40 52.44 52.52 52.55 52.53 52.48 52.44 52.42 52.42 52.42 52.39 52.29 52.10 51.83 51.52 51.26 51.11 51.13 51.29 51.51 51.67 51.68 51.51 51.22 50.90 50.71 50.73 50.98 51.39 51.87 52.27 52.48 52.44 52.16 51.69 51.16 50.70 50.40 50.30 50.34 50.42 50.46 50.41 50.25 49.97 49.56 49.01 48.34 47.59 46.85 46.21 45.73 45.37 45.01 44.43 43.27 41.08 37.30 31.42 23.17 12.79 1.09 0.09 0.01 0.00 0.00 0.00 0.00 0.00 0.00 0.00 0.00 0.00 0.00 0.00 0.00 0.00 0.00 0.00 0.00 0.00 0.00 0.00 0.00 0.00 0.00 0.00 0.00 0.00 0.00 0.00 0.00 0.00 0.00 0.00 0.00 0.00 0.00 0.00 0.00 0.00 0.00 0.00 0.00 0.00 0.00 0.00 0.00 0.00 0.00 0.00 0.00 0.00 0.00 0.00 0.00 0.00 0.00 0.00 0.00 0.00 0.00 0.00 0.00 0.01 0.11 1.25 14.70 26.72 36.43 43.51 48.17 50.91 52.27 52.72 52.57 52.03 51.28 50.39 49.44 48.49 47.61 46.94 46.63 46.80 47.49 48.65 50.08 51.59 52.93 53.92 54.45 54.48 54.08 53.41 52.71 52.18 51.99 52.16 52.59 53.10 53.46 53.51 53.18 52.51 51.61 50.61 49.63 48.75 48.00 47.42 47.00 46.78 46.81 47.13 47.79 48.75 49.93 51.18 52.33 53.18 53.60 53.54 53.09 52.42 51.79 51.44 51.53 52.14 53.24 54.59 55.23 51.27 27.00 
79.00 63.49 57.35 54.48 53.19 52.78 52.83 53.00 53.11 53.08 52.95 52.79 52.66 52.59 52.61 52.65 52.68 52.62 52.43 52.13 51.76 51.43 51.22 51.20 51.34 51.57 51.78 51.89 51.89 51.82 51.79 51.87 52.11 52.49 52.94 53.34 53.58 53.57 53.30 52.80 52.17 51.54 51.03 50.72 50.60 50.62 50.69 50.74 50.74 50.67 50.51 50.23 49.83 49.32 48.71 48.10 47.55 47.12 46.79 46.44 45.84 44.65 42.38 38.47 32.38 23.87 13.17 1.12 0.09 0.01 0.00 0.00 0.00 0.00 0.00 0.00 0.00 0.00 0.00 0.00 0.00 0.00 0.00 0.00 0.00 0.00 0.00 0.00 0.00 0.00 0.00 0.00 0.00 0.00 0.00 0.00 0.00 0.00 0.00 0.00 0.00 0.00 0.00 0.00 0.00 0.00 0.00 0.00 0.00 0.00 0.00 0.00 0.00 0.00 0.00 0.00 0.00 0.00 0.00 0.00 0.00 0.00 0.00 0.00 0.00 0.00 0.00 0.00 0.00 0.00 0.01 0.11 1.25 14.79 26.89 36.62 43.67 48.23 50.82 52.00 52.26 51.96 51.31 50.49 49.57 48.62 47.66 46.79 46.14 45.86 46.08 46.84 48.04 49.49 50.96 52.21 53.05 53.39 53.24 52.70 51.96 51.25 50.78 50.70 51.00 51.57 52.21 52.71 52.91 52.75 52.25 51.51 50.65 49.80 49.02 48.35 47.78 47.33 47.01 46.89 47.07 47.63 48.59 49.88 51.34 52.71 53.73 54.21 54.08 53.46 52.58 51.76 51.28 51.33 52.05 53.47 55.51 57.81 59.00 55.00 
27.00 49.66 52.68 52.50 52.23 52.31 52.60 52.90 53.06 53.02 52.84 52.62 52.44 52.38 52.43 52.55 52.66 52.68 52.56 52.31 51.98 51.67 51.47 51.43 51.53 51.70 51.89 52.03 52.14 52.27 52.48 52.81 53.25 53.74 54.19 54.49 54.54 54.31 53.82 53.14 52.38 51.70 51.18 50.88 50.78 50.83 50.94 51.08 51.18 51.22 51.18 51.01 50.73 50.33 49.84 49.34 48.89 48.53 48.25 47.92 47.33 46.11 43.76 39.69 33.39 24.59 13.56 1.15 0.10 0.01 0.00 0.00 0.00 0.00 0.00 0.00 0.00 0.00 0.00 0.00 0.00 0.00 0.00 0.00 0.00 0.00 0.00 0.00 0.00 0.00 0.00 0.00 0.00 0.00 0.00 0.00 0.00 0.00 0.00 0.00 0.00 0.00 0.00 0.00 0.00 0.00 0.00 0.00 0.00 0.00 0.00 0.00 0.00 0.00 0.00 0.00 0.00 0.00 0.00 0.00 0.00 0.00 0.00 0.00 0.00 0.00 0.00 0.00 0.00 0.00 0.01 0.11 1.26 14.84 26.96 36.68 43.68 48.15 50.61 51.66 51.80 51.40 50.72 49.89 48.99 48.07 47.15 46.32 45.70 45.44 45.67 46.40 47.56 48.95 50.34 51.46 52.16 52.33 52.01 51.33 50.52 49.80 49.38 49.36 49.73 50.36 51.07 51.67 52.01 52.02 51.71 51.17 50.49 49.81 49.18 48.64 48.18 47.78 47.43 47.21 47.23 47.61 48.45 49.71 51.21 52.67 53.78 54.31 54.19 53.53 52.58 51.66 51.08 51.07 51.81 53.51 56.52 61.72 72.04 99.00 
80.00 55.68 51.58 50.94 51.05 51.44 51.92 52.32 52.53 52.52 52.35 52.14 51.99 51.96 52.08 52.27 52.45 52.55 52.52 52.35 52.11 51.86 51.69 51.61 51.63 51.69 51.78 51.90 52.07 52.35 52.78 53.32 53.93 54.52 54.96 55.16 55.06 54.65 53.99 53.19 52.37 51.68 51.19 50.93 50.88 50.98 51.18 51.42 51.65 51.80 51.84 51.75 51.52 51.18 50.78 50.36 50.00 49.71 49.48 49.20 48.63 47.38 44.95 40.74 34.23 25.18 13.88 1.18 0.10 0.01 0.00 0.00 0.00 0.00 0.00 0.00 0.00 0.00 0.00 0.00 0.00 0.00 0.00 0.00 0.00 0.00 0.00 0.00 0.00 0.00 0.00 0.00 0.00 0.00 0.00 0.00 0.00 0.00 0.00 0.00 0.00 0.00 0.00 0.00 0.00 0.00 0.00 0.00 0.00 0.00 0.00 0.00 0.00 0.00 0.00 0.00 0.00 0.00 0.00 0.00 0.00 0.00 0.00 0.00 0.00 0.00 0.00 0.00 0.00 0.00 0.01 0.11 1.26 14.81 26.89 36.56 43.48 47.86 50.22 51.19 51.28 50.88 50.23 49.46 48.64 47.81 46.99 46.24 45.69 45.45 45.65 46.30 47.35 48.63 49.90 50.91 51.46 51.48 51.02 50.22 49.33 48.59 48.18 48.17 48.54 49.16 49.87 50.51 50.95 51.13 51.02 50.68 50.21 49.72 49.28 48.93 48.65 48.36 48.06 47.75 47.59 47.73 48.32 49.38 50.76 52.17 53.29 53.89 53.86 53.30 52.43 51.54 50.91 50.78 51.37 52.93 55.90 60.93 68.66 77.00 
13.00 41.65 47.31 48.88 49.71 50.38 50.98 51.44 51.72 51.79 51.71 51.58 51.52 51.58 51.76 52.00 52.23 52.36 52.37 52.26 52.07 51.87 51.69 51.55 51.44 51.34 51.29 51.33 51.53 51.94 52.55 53.29 54.05 54.71 55.15 55.28 55.08 54.55 53.81 52.96 52.16 51.52 51.10 50.91 50.93 51.10 51.39 51.72 52.03 52.25 52.33 52.24 52.02 51.70 51.34 51.00 50.71 50.50 50.35 50.12 49.57 48.31 45.81 41.47 34.79 25.56 14.07 1.19 0.10 0.01 0.00 0.00 0.00 0.00 0.00 0.00 0.00 0.00 0.00 0.00 0.00 0.00 0.00 0.00 0.00 0.00 0.00 0.00 0.00 0.00 0.00 0.00 0.00 0.00 0.00 0.00 0.00 0.00 0.00 0.00 0.00 0.00 0.00 0.00 0.00 0.00 0.00 0.00 0.00 0.00 0.00 0.00 0.00 0.00 0.00 0.00 0.00 0.00 0.00 0.00 0.00 0.00 0.00 0.00 0.00 0.00 0.00 0.00 0.00 0.00 0.01 0.11 1.25 14.68 26.64 36.19 43.01 47.31 49.62 50.56 50.68 50.34 49.77 49.11 48.41 47.70 47.01 46.40 45.95 45.77 45.94 46.51 47.43 48.57 49.71 50.61 51.05 50.95 50.36 49.46 48.51 47.74 47.32 47.29 47.60 48.15 48.79 49.41 49.90 50.20 50.27 50.14 49.87 49.58 49.36 49.23 49.17 49.06 48.84 48.48 48.12 47.96 48.20 48.92 50.04 51.28 52.36 53.02 53.16 52.81 52.16 51.41 50.79 50.50 50.72 51.72 53.90 57.98 64.94 75.00 
79.00 50.71 47.28 47.74 48.57 49.31 49.93 50.44 50.79 50.99 51.07 51.10 51.18 51.35 51.60 51.87 52.09 52.20 52.18 52.06 51.87 51.65 51.40 51.14 50.84 50.56 50.34 50.30 50.53 51.04 51.81 52.71 53.60 54.32 54.76 54.85 54.59 54.03 53.29 52.50 51.78 51.24 50.92 50.82 50.91 51.15 51.49 51.87 52.21 52.44 52.49 52.36 52.11 51.79 51.47 51.20 51.00 50.89 50.83 50.67 50.15 48.87 46.29 41.85 35.06 25.72 14.14 1.20 0.10 0.01 0.00 0.00 0.00 0.00 0.00 0.00 0.00 0.00 0.00 0.00 0.00 0.00 0.00 0.00 0.00 0.00 0.00 0.00 0.00 0.00 0.00 0.00 0.00 0.00 0.00 0.00 0.00 0.00 0.00 0.00 0.00 0.00 0.00 0.00 0.00 0.00 0.00 0.00 0.00 0.00 0.00 0.00 0.00 0.00 0.00 0.00 0.00 0.00 0.00 0.00 0.00 0.00 0.00 0.00 0.00 0.00 0.00 0.00 0.00 0.00 0.01 0.10 1.23 14.44 26.20 35.60 42.30 46.53 48.82 49.79 49.98 49.74 49.28 48.72 48.12 47.52 46.97 46.50 46.20 46.11 46.31 46.82 47.64 48.67 49.70 50.50 50.85 50.66 49.98 49.02 48.03 47.25 46.83 46.77 47.02 47.46 47.98 48.51 48.98 49.33 49.54 49.58 49.52 49.44 49.44 49.56 49.74 49.85 49.73 49.34 48.77 48.28 48.11 48.42 49.18 50.19 51.18 51.90 52.23 52.16 51.80 51.27 50.70 50.21 49.93 49.98 50.64 52.61 58.40 78.00 
3.00 34.94 43.41 46.26 47.53 48.29 48.87 49.38 49.83 50.19 50.47 50.71 50.97 51.26 51.58 51.85 52.03 52.07 51.99 51.80 51.54 51.22 50.84 50.40 49.90 49.41 49.04 48.93 49.18 49.79 50.70 51.73 52.72 53.49 53.93 54.00 53.71 53.17 52.51 51.84 51.26 50.86 50.64 50.63 50.78 51.07 51.43 51.81 52.11 52.27 52.25 52.07 51.79 51.48 51.21 51.03 50.94 50.96 51.00 50.91 50.42 49.12 46.48 41.95 35.07 25.68 14.11 1.20 0.10 0.01 0.00 0.00 0.00 0.00 0.00 0.00 0.00 0.00 0.00 0.00 0.00 0.00 0.00 0.00 0.00 0.00 0.00 0.00 0.00 0.00 0.00 0.00 0.00 0.00 0.00 0.00 0.00 0.00 0.00 0.00 0.00 0.00 0.00 0.00 0.00 0.00 0.00 0.00 0.00 0.00 0.00 0.00 0.00 0.00 0.00 0.00 0.00 0.00 0.00 0.00 0.00 0.00 0.00 0.00 0.00 0.00 0.00 0.00 0.00 0.00 0.01 0.10 1.20 14.12 25.64 34.85 41.44 45.63 47.94 48.98 49.26 49.11 48.72 48.21 47.65 47.10 46.63 46.30 46.15 46.20 46.48 47.02 47.81 48.77 49.74 50.47 50.76 50.50 49.76 48.76 47.76 47.01 46.61 46.56 46.76 47.10 47.49 47.88 48.26 48.60 48.88 49.06 49.18 49.32 49.56 49.94 50.39 50.71 50.71 50.29 49.54 48.71 48.12 47.98 48.36 49.10 49.96 50.72 51.23 51.44 51.38 51.08 50.59 49.94 49.11 48.00 46.39 43.69 38.18 24.00 
36.00 42.62 45.13 46.30 46.96 47.43 47.86 48.33 48.85 49.38 49.88 50.34 50.78 51.20 51.57 51.85 51.99 51.97 51.82 51.54 51.17 50.71 50.15 49.50 48.79 48.11 47.60 47.44 47.70 48.41 49.43 50.59 51.66 52.46 52.89 52.93 52.65 52.17 51.62 51.09 50.67 50.39 50.28 50.32 50.52 50.82 51.16 51.47 51.69 51.76 51.66 51.43 51.14 50.88 50.70 50.64 50.69 50.84 50.99 50.97 50.50 49.16 46.46 41.85 34.91 25.52 14.00 1.19 0.10 0.01 0.00 0.00 0.00 0.00 0.00 0.00 0.00 0.00 0.00 0.00 0.00 0.00 0.00 0.00 0.00 0.00 0.00 0.00 0.00 0.00 0.00 0.00 0.00 0.00 0.00 0.00 0.00 0.00 0.00 0.00 0.00 0.00 0.00 0.00 0.00 0.00 0.00 0.00 0.00 0.00 0.00 0.00 0.00 0.00 0.00 0.00 0.00 0.00 0.00 0.00 0.00 0.00 0.00 0.00 0.00 0.00 0.00 0.00 0.00 0.00 0.01 0.10 1.17 13.78 25.03 34.07 40.59 44.78 47.15 48.28 48.64 48.53 48.15 47.59 46.97 46.38 45.93 45.68 45.66 45.87 46.30 46.94 47.79 48.77 49.72 50.42 50.67 50.36 49.58 48.56 47.59 46.88 46.53 46.52 46.73 47.01 47.29 47.54 47.79 48.07 48.36 48.64 48.93 49.28 49.76 50.40 51.10 51.63 51.76 51.34 50.43 49.30 48.31 47.76 47.75 48.20 48.92 49.68 50.33 50.76 50.95 50.86 50.47 49.72 48.47 46.46 43.16 37.48 26.58 1.00 
82.00 54.36 48.16 46.84 46.63 46.71 46.94 47.35 47.91 48.57 49.26 49.91 50.50 51.03 51.47 51.77 51.91 51.89 51.71 51.38 50.91 50.30 49.54 48.68 47.75 46.90 46.27 46.05 46.34 47.12 48.25 49.51 50.65 51.48 51.89 51.92 51.66 51.24 50.80 50.41 50.11 49.93 49.87 49.95 50.14 50.41 50.69 50.91 51.02 50.98 50.82 50.58 50.35 50.19 50.14 50.23 50.43 50.70 50.93 50.94 50.45 49.05 46.26 41.58 34.61 25.25 13.84 1.17 0.10 0.01 0.00 0.00 0.00 0.00 0.00 0.00 0.00 0.00 0.00 0.00 0.00 0.00 0.00 0.00 0.00 0.00 0.00 0.00 0.00 0.00 0.00 0.00 0.00 0.00 0.00 0.00 0.00 0.00 0.00 0.00 0.00 0.00 0.00 0.00 0.00 0.00 0.00 0.00 0.00 0.00 0.00 0.00 0.00 0.00 0.00 0.00 0.00 0.00 0.00 0.00 0.00 0.00 0.00 0.00 0.00 0.00 0.00 0.00 0.00 0.00 0.01 0.10 1.14 13.46 24.50 33.41 39.90 44.14 46.61 47.82 48.23 48.11 47.64 46.95 46.18 45.47 44.95 44.72 44.81 45.18 45.78 46.58 47.55 48.62 49.62 50.33 50.56 50.23 49.42 48.40 47.44 46.78 46.50 46.56 46.81 47.09 47.31 47.46 47.60 47.79 48.06 48.40 48.82 49.36 50.07 50.94 51.86 52.58 52.83 52.43 51.43 50.07 48.76 47.84 47.48 47.67 48.23 48.95 49.66 50.23 50.58 50.65 50.35 49.57 48.12 45.66 41.74 35.98 29.34 30.00 
33.00 44.68 46.33 46.36 46.21 46.14 46.22 46.54 47.10 47.82 48.61 49.39 50.10 50.72 51.23 51.59 51.79 51.84 51.71 51.40 50.88 50.14 49.21 48.14 47.02 45.99 45.26 44.98 45.28 46.12 47.34 48.69 49.90 50.76 51.18 51.20 50.96 50.60 50.24 49.93 49.71 49.57 49.53 49.59 49.75 49.95 50.13 50.23 50.22 50.10 49.92 49.73 49.62 49.61 49.73 49.96 50.28 50.62 50.87 50.85 50.27 48.76 45.87 41.13 34.17 24.89 13.63 1.15 0.10 0.01 0.00 0.00 0.00 0.00 0.00 0.00 0.00 0.00 0.00 0.00 0.00 0.00 0.00 0.00 0.00 0.00 0.00 0.00 0.00 0.00 0.00 0.00 0.00 0.00 0.00 0.00 0.00 0.00 0.00 0.00 0.00 0.00 0.00 0.00 0.00 0.00 0.00 0.00 0.00 0.00 0.00 0.00 0.00 0.00 0.00 0.00 0.00 0.00 0.00 0.00 0.00 0.00 0.00 0.00 0.00 0.00 0.00 0.00 0.00 0.00 0.01 0.10 1.12 13.23 24.11 32.96 39.48 43.82 46.38 47.67 48.08 47.89 47.29 46.42 45.45 44.56 43.94 43.68 43.82 44.31 45.07 46.04 47.17 48.37 49.46 50.23 50.48 50.15 49.34 48.31 47.37 46.73 46.49 46.61 46.92 47.26 47.49 47.61 47.69 47.81 48.04 48.40 48.90 49.57 50.44 51.49 52.59 53.46 53.84 53.51 52.48 51.01 49.47 48.25 47.59 47.54 47.94 48.60 49.31 49.93 50.36 50.49 50.25 49.50 48.01 45.42 41.17 34.50 24.29 8.00 
40.00 45.10 46.26 46.29 46.08 45.89 45.85 46.06 46.54 47.24 48.05 48.86 49.63 50.30 50.87 51.32 51.65 51.84 51.85 51.63 51.12 50.31 49.24 47.99 46.69 45.52 44.67 44.34 44.62 45.49 46.78 48.22 49.50 50.42 50.87 50.91 50.69 50.37 50.04 49.77 49.56 49.41 49.34 49.35 49.42 49.52 49.58 49.56 49.44 49.26 49.10 49.03 49.08 49.26 49.56 49.92 50.31 50.65 50.83 50.68 49.94 48.28 45.28 40.49 33.57 24.42 13.36 1.13 0.10 0.01 0.00 0.00 0.00 0.00 0.00 0.00 0.00 0.00 0.00 0.00 0.00 0.00 0.00 0.00 0.00 0.00 0.00 0.00 0.00 0.00 0.00 0.00 0.00 0.00 0.00 0.00 0.00 0.00 0.00 0.00 0.00 0.00 0.00 0.00 0.00 0.00 0.00 0.00 0.00 0.00 0.00 0.00 0.00 0.00 0.00 0.00 0.00 0.00 0.00 0.00 0.00 0.00 0.00 0.00 0.00 0.00 0.00 0.00 0.00 0.00 0.01 0.09 1.11 13.10 23.91 32.76 39.36 43.79 46.45 47.78 48.17 47.90 47.16 46.11 44.96 43.91 43.17 42.85 42.99 43.53 44.38 45.49 46.76 48.09 49.30 50.15 50.47 50.18 49.40 48.39 47.44 46.79 46.56 46.71 47.07 47.49 47.80 47.96 48.04 48.12 48.29 48.62 49.12 49.83 50.78 51.93 53.13 54.13 54.64 54.44 53.49 52.00 50.35 48.94 48.06 47.80 48.05 48.62 49.29 49.89 50.30 50.42 50.18 49.47 48.08 45.69 41.79 35.47 24.66 4.00 
56.00 49.55 47.52 46.79 46.38 46.08 45.93 46.00 46.35 46.93 47.66 48.42 49.17 49.85 50.47 51.02 51.49 51.87 52.07 51.99 51.55 50.72 49.56 48.18 46.74 45.45 44.52 44.13 44.39 45.27 46.61 48.12 49.49 50.47 50.98 51.07 50.89 50.58 50.25 49.96 49.70 49.49 49.34 49.26 49.23 49.21 49.13 48.98 48.76 48.56 48.47 48.54 48.78 49.17 49.63 50.08 50.46 50.71 50.73 50.37 49.42 47.58 44.46 39.66 32.83 23.86 13.04 1.10 0.09 0.01 0.00 0.00 0.00 0.00 0.00 0.00 0.00 0.00 0.00 0.00 0.00 0.00 0.00 0.00 0.00 0.00 0.00 0.00 0.00 0.00 0.00 0.00 0.00 0.00 0.00 0.00 0.00 0.00 0.00 0.00 0.00 0.00 0.00 0.00 0.00 0.00 0.00 0.00 0.00 0.00 0.00 0.00 0.00 0.00 0.00 0.00 0.00 0.00 0.00 0.00 0.00 0.00 0.00 0.00 0.00 0.00 0.00 0.00 0.00 0.00 0.01 0.09 1.11 13.06 23.87 32.77 39.45 43.98 46.71 48.06 48.42 48.08 47.25 46.09 44.83 43.69 42.86 42.47 42.56 43.07 43.93 45.08 46.42 47.84 49.15 50.10 50.52 50.32 49.62 48.65 47.71 47.03 46.76 46.88 47.28 47.77 48.18 48.44 48.57 48.64 48.75 48.98 49.39 50.03 50.94 52.07 53.31 54.41 55.07 55.06 54.29 52.93 51.29 49.81 48.78 48.36 48.49 48.97 49.56 50.08 50.39 50.42 50.11 49.41 48.19 46.28 43.52 39.77 34.19 20.00 
62.00 49.69 47.67 47.26 46.99 46.68 46.44 46.37 46.54 46.93 47.49 48.13 48.79 49.44 50.08 50.71 51.33 51.88 52.26 52.34 52.00 51.21 50.02 48.58 47.07 45.70 44.71 44.28 44.53 45.42 46.79 48.35 49.78 50.85 51.44 51.59 51.44 51.14 50.78 50.42 50.08 49.78 49.53 49.33 49.17 49.01 48.78 48.51 48.22 48.02 48.01 48.24 48.69 49.25 49.83 50.31 50.61 50.70 50.49 49.88 48.71 46.70 43.50 38.72 32.02 23.26 12.71 1.08 0.09 0.01 0.00 0.00 0.00 0.00 0.00 0.00 0.00 0.00 0.00 0.00 0.00 0.00 0.00 0.00 0.00 0.00 0.00 0.00 0.00 0.00 0.00 0.00 0.00 0.00 0.00 0.00 0.00 0.00 0.00 0.00 0.00 0.00 0.00 0.00 0.00 0.00 0.00 0.00 0.00 0.00 0.00 0.00 0.00 0.00 0.00 0.00 0.00 0.00 0.00 0.00 0.00 0.00 0.00 0.00 0.00 0.00 0.00 0.00 0.00 0.00 0.01 0.09 1.11 13.08 23.93 32.90 39.66 44.27 47.04 48.40 48.76 48.40 47.55 46.40 45.13 43.97 43.11 42.66 42.66 43.07 43.84 44.91 46.23 47.66 49.01 50.05 50.58 50.51 49.93 49.05 48.14 47.43 47.08 47.14 47.52 48.06 48.58 48.96 49.15 49.22 49.24 49.33 49.57 50.04 50.79 51.81 53.01 54.16 54.99 55.23 54.74 53.61 52.13 50.69 49.62 49.12 49.15 49.53 50.03 50.42 50.58 50.44 50.00 49.24 48.13 46.64 45.07 44.83 51.72 89.00 
11.00 39.61 46.35 47.81 47.90 47.62 47.28 47.05 47.00 47.16 47.51 47.98 48.53 49.12 49.76 50.44 51.15 51.83 52.36 52.58 52.36 51.64 50.49 49.06 47.53 46.16 45.15 44.72 44.95 45.83 47.20 48.78 50.26 51.39 52.05 52.26 52.15 51.84 51.44 51.02 50.61 50.21 49.85 49.52 49.22 48.89 48.53 48.14 47.80 47.63 47.71 48.09 48.69 49.38 50.00 50.43 50.60 50.47 50.02 49.18 47.82 45.71 42.51 37.81 31.27 22.72 12.43 1.05 0.09 0.01 0.00 0.00 0.00 0.00 0.00 0.00 0.00 0.00 0.00 0.00 0.00 0.00 0.00 0.00 0.00 0.00 0.00 0.00 0.00 0.00 0.00 0.00 0.00 0.00 0.00 0.00 0.00 0.00 0.00 0.00 0.00 0.00 0.00 0.00 0.00 0.00 0.00 0.00 0.00 0.00 0.00 0.00 0.00 0.00 0.00 0.00 0.00 0.00 0.00 0.00 0.00 0.00 0.00 0.00 0.00 0.00 0.00 0.00 0.00 0.00 0.01 0.09 1.11 13.14 24.04 33.08 39.90 44.56 47.36 48.75 49.13 48.82 48.05 47.00 45.83 44.73 43.88 43.38 43.27 43.52 44.12 45.03 46.21 47.56 48.88 49.95 50.58 50.66 50.24 49.48 48.62 47.89 47.46 47.43 47.76 48.31 48.90 49.37 49.63 49.69 49.63 49.56 49.58 49.80 50.31 51.13 52.22 53.40 54.38 54.89 54.74 53.94 52.72 51.44 50.43 49.91 49.88 50.18 50.56 50.80 50.77 50.42 49.80 48.92 47.75 46.23 44.31 41.93 38.32 26.00 
55.00 51.44 50.38 49.81 49.30 48.78 48.28 47.85 47.58 47.50 47.63 47.92 48.36 48.90 49.52 50.22 50.98 51.73 52.35 52.67 52.56 51.96 50.91 49.55 48.08 46.74 45.76 45.33 45.55 46.41 47.73 49.28 50.74 51.89 52.58 52.83 52.74 52.43 52.02 51.57 51.11 50.66 50.22 49.79 49.35 48.88 48.38 47.90 47.53 47.39 47.57 48.06 48.75 49.48 50.05 50.34 50.31 49.94 49.27 48.27 46.83 44.73 41.61 37.07 30.70 22.35 12.23 1.04 0.09 0.01 0.00 0.00 0.00 0.00 0.00 0.00 0.00 0.00 0.00 0.00 0.00 0.00 0.00 0.00 0.00 0.00 0.00 0.00 0.00 0.00 0.00 0.00 0.00 0.00 0.00 0.00 0.00 0.00 0.00 0.00 0.00 0.00 0.00 0.00 0.00 0.00 0.00 0.00 0.00 0.00 0.00 0.00 0.00 0.00 0.00 0.00 0.00 0.00 0.00 0.00 0.00 0.00 0.00 0.00 0.00 0.00 0.00 0.00 0.00 0.00 0.01 0.09 1.12 13.21 24.17 33.27 40.13 44.82 47.65 49.07 49.52 49.32 48.70 47.81 46.79 45.81 45.01 44.48 44.25 44.33 44.71 45.40 46.38 47.55 48.76 49.79 50.47 50.68 50.43 49.82 49.04 48.31 47.81 47.68 47.93 48.45 49.06 49.58 49.89 49.95 49.82 49.59 49.39 49.35 49.59 50.18 51.10 52.25 53.35 54.11 54.30 53.86 52.96 51.91 51.04 50.56 50.50 50.73 50.99 51.08 50.87 50.33 49.53 48.52 47.27 45.64 43.29 39.62 33.24 21.00 
88.00 60.79 53.91 51.71 50.64 49.88 49.21 48.61 48.13 47.84 47.76 47.91 48.26 48.75 49.37 50.08 50.86 51.63 52.29 52.69 52.69 52.22 51.31 50.06 48.69 47.41 46.47 46.05 46.23 47.01 48.24 49.68 51.07 52.17 52.85 53.09 53.00 52.69 52.30 51.88 51.46 51.03 50.58 50.10 49.58 49.01 48.42 47.89 47.51 47.41 47.66 48.20 48.90 49.55 49.96 50.03 49.75 49.15 48.31 47.24 45.84 43.86 40.94 36.60 30.42 22.20 12.18 1.03 0.09 0.01 0.00 0.00 0.00 0.00 0.00 0.00 0.00 0.00 0.00 0.00 0.00 0.00 0.00 0.00 0.00 0.00 0.00 0.00 0.00 0.00 0.00 0.00 0.00 0.00 0.00 0.00 0.00 0.00 0.00 0.00 0.00 0.00 0.00 0.00 0.00 0.00 0.00 0.00 0.00 0.00 0.00 0.00 0.00 0.00 0.00 0.00 0.00 0.00 0.00 0.00 0.00 0.00 0.00 0.00 0.00 0.00 0.00 0.00 0.00 0.00 0.01 0.10 1.13 13.30 24.34 33.48 40.37 45.07 47.92 49.40 49.94 49.88 49.43 48.72 47.88 47.02 46.28 45.72 45.40 45.31 45.49 45.94 46.67 47.61 48.63 49.57 50.26 50.57 50.48 50.03 49.36 48.65 48.11 47.88 48.03 48.48 49.07 49.59 49.91 49.97 49.79 49.46 49.11 48.85 48.83 49.16 49.90 50.95 52.09 53.04 53.51 53.41 52.83 52.03 51.31 50.90 50.83 51.00 51.17 51.15 50.80 50.13 49.22 48.15 46.92 45.37 43.13 39.56 33.72 26.00 
28.00 49.77 52.72 52.33 51.50 50.69 49.92 49.20 48.57 48.11 47.88 47.91 48.19 48.66 49.28 50.01 50.79 51.57 52.26 52.72 52.84 52.52 51.76 50.65 49.38 48.17 47.24 46.78 46.89 47.53 48.61 49.90 51.16 52.17 52.77 52.97 52.84 52.55 52.20 51.87 51.57 51.25 50.89 50.45 49.93 49.34 48.73 48.19 47.85 47.81 48.10 48.63 49.24 49.71 49.87 49.64 49.07 48.25 47.30 46.24 44.98 43.24 40.58 36.48 30.47 22.32 12.27 1.04 0.09 0.01 0.00 0.00 0.00 0.00 0.00 0.00 0.00 0.00 0.00 0.00 0.00 0.00 0.00 0.00 0.00 0.00 0.00 0.00 0.00 0.00 0.00 0.00 0.00 0.00 0.00 0.00 0.00 0.00 0.00 0.00 0.00 0.00 0.00 0.00 0.00 0.00 0.00 0.00 0.00 0.00 0.00 0.00 0.00 0.00 0.00 0.00 0.00 0.00 0.00 0.00 0.00 0.00 0.00 0.00 0.00 0.00 0.00 0.00 0.00 0.00 0.01 0.10 1.14 13.44 24.57 33.75 40.65 45.35 48.22 49.74 50.37 50.44 50.15 49.61 48.91 48.16 47.47 46.90 46.50 46.28 46.28 46.51 46.99 47.68 48.48 49.29 49.95 50.35 50.41 50.14 49.60 48.95 48.39 48.09 48.14 48.50 49.01 49.49 49.78 49.83 49.64 49.27 48.84 48.44 48.23 48.33 48.85 49.76 50.87 51.89 52.56 52.70 52.37 51.78 51.19 50.83 50.75 50.87 50.98 50.90 50.50 49.78 48.85 47.83 46.77 45.57 43.96 41.38 35.86 17.00 
66.00 57.54 54.73 53.19 52.09 51.19 50.37 49.60 48.89 48.32 47.97 47.91 48.12 48.57 49.19 49.93 50.72 51.52 52.25 52.80 53.04 52.88 52.28 51.31 50.13 48.95 48.00 47.46 47.42 47.89 48.77 49.89 51.00 51.89 52.40 52.53 52.37 52.08 51.81 51.60 51.45 51.31 51.10 50.79 50.35 49.83 49.28 48.82 48.57 48.61 48.92 49.41 49.87 50.09 49.93 49.37 48.50 47.48 46.46 45.48 44.41 42.95 40.58 36.73 30.84 22.69 12.51 1.06 0.09 0.01 0.00 0.00 0.00 0.00 0.00 0.00 0.00 0.00 0.00 0.00 0.00 0.00 0.00 0.00 0.00 0.00 0.00 0.00 0.00 0.00 0.00 0.00 0.00 0.00 0.00 0.00 0.00 0.00 0.00 0.00 0.00 0.00 0.00 0.00 0.00 0.00 0.00 0.00 0.00 0.00 0.00 0.00 0.00 0.00 0.00 0.00 0.00 0.00 0.00 0.00 0.00 0.00 0.00 0.00 0.00 0.00 0.00 0.00 0.00 0.00 0.01 0.10 1.15 13.62 24.88 34.12 41.02 45.69 48.55 50.09 50.79 50.95 50.77 50.35 49.77 49.10 48.45 47.88 47.42 47.10 46.94 46.98 47.23 47.67 48.26 48.92 49.56 50.05 50.29 50.22 49.85 49.30 48.77 48.44 48.41 48.66 49.06 49.44 49.66 49.67 49.48 49.12 48.68 48.24 47.90 47.83 48.15 48.87 49.86 50.86 51.59 51.87 51.69 51.22 50.71 50.35 50.23 50.29 50.38 50.29 49.91 49.23 48.37 47.49 46.69 46.00 45.47 45.80 51.10 83.00 
73.00 59.60 55.33 53.40 52.22 51.33 50.55 49.81 49.11 48.50 48.07 47.91 48.03 48.43 49.03 49.77 50.58 51.42 52.22 52.87 53.25 53.24 52.79 51.94 50.83 49.65 48.64 47.97 47.76 48.04 48.73 49.69 50.67 51.47 51.91 51.99 51.80 51.52 51.30 51.19 51.19 51.20 51.16 51.00 50.71 50.33 49.92 49.60 49.49 49.63 49.99 50.43 50.74 50.71 50.25 49.39 48.26 47.09 46.03 45.14 44.27 43.06 40.95 37.29 31.48 23.26 12.85 1.09 0.09 0.01 0.00 0.00 0.00 0.00 0.00 0.00 0.00 0.00 0.00 0.00 0.00 0.00 0.00 0.00 0.00 0.00 0.00 0.00 0.00 0.00 0.00 0.00 0.00 0.00 0.00 0.00 0.00 0.00 0.00 0.00 0.00 0.00 0.00 0.00 0.00 0.00 0.00 0.00 0.00 0.00 0.00 0.00 0.00 0.00 0.00 0.00 0.00 0.00 0.00 0.00 0.00 0.00 0.00 0.00 0.00 0.00 0.00 0.00 0.00 0.00 0.01 0.10 1.17 13.85 25.25 34.54 41.42 46.05 48.87 50.41 51.14 51.36 51.25 50.90 50.39 49.79 49.18 48.61 48.12 47.72 47.43 47.29 47.32 47.53 47.93 48.47 49.10 49.71 50.15 50.31 50.16 49.78 49.33 49.02 48.94 49.08 49.34 49.58 49.68 49.62 49.40 49.08 48.69 48.26 47.89 47.70 47.83 48.35 49.17 50.07 50.77 51.08 50.96 50.53 50.00 49.59 49.39 49.39 49.45 49.38 49.05 48.46 47.71 46.98 46.43 46.10 45.83 44.90 39.51 9.00 
38.00 52.44 53.48 52.68 51.82 51.11 50.49 49.89 49.27 48.68 48.20 47.93 47.93 48.22 48.75 49.46 50.29 51.17 52.05 52.82 53.33 53.47 53.16 52.41 51.35 50.16 49.07 48.26 47.89 47.99 48.53 49.37 50.28 51.03 51.46 51.53 51.34 51.07 50.86 50.80 50.85 50.95 51.01 50.98 50.84 50.61 50.38 50.25 50.30 50.57 50.99 51.41 51.61 51.43 50.78 49.73 48.45 47.18 46.12 45.31 44.60 43.57 41.64 38.09 32.29 23.93 13.25 1.12 0.10 0.01 0.00 0.00 0.00 0.00 0.00 0.00 0.00 0.00 0.00 0.00 0.00 0.00 0.00 0.00 0.00 0.00 0.00 0.00 0.00 0.00 0.00 0.00 0.00 0.00 0.00 0.00 0.00 0.00 0.00 0.00 0.00 0.00 0.00 0.00 0.00 0.00 0.00 0.00 0.00 0.00 0.00 0.00 0.00 0.00 0.00 0.00 0.00 0.00 0.00 0.00 0.00 0.00 0.00 0.00 0.00 0.00 0.00 0.00 0.00 0.00 0.01 0.10 1.19 14.08 25.62 34.96 41.80 46.36 49.12 50.64 51.37 51.61 51.54 51.24 50.79 50.26 49.71 49.17 48.66 48.20 47.79 47.48 47.30 47.30 47.52 47.96 48.61 49.34 50.00 50.42 50.53 50.37 50.07 49.83 49.74 49.80 49.91 49.97 49.91 49.73 49.47 49.17 48.84 48.47 48.11 47.86 47.85 48.18 48.80 49.55 50.16 50.45 50.33 49.89 49.31 48.81 48.50 48.40 48.41 48.34 48.06 47.53 46.88 46.30 45.96 46.01 46.57 48.16 52.80 69.00 
85.00 58.65 53.39 51.91 51.17 50.65 50.25 49.85 49.41 48.90 48.40 48.02 47.86 47.98 48.38 49.01 49.81 50.73 51.68 52.54 53.18 53.45 53.27 52.63 51.62 50.43 49.26 48.35 47.84 47.81 48.25 49.03 49.92 50.68 51.15 51.26 51.10 50.83 50.60 50.49 50.49 50.55 50.61 50.62 50.58 50.50 50.44 50.48 50.68 51.06 51.55 51.99 52.20 52.00 51.33 50.27 48.99 47.74 46.72 45.98 45.35 44.42 42.55 39.02 33.15 24.61 13.64 1.16 0.10 0.01 0.00 0.00 0.00 0.00 0.00 0.00 0.00 0.00 0.00 0.00 0.00 0.00 0.00 0.00 0.00 0.00 0.00 0.00 0.00 0.00 0.00 0.00 0.00 0.00 0.00 0.00 0.00 0.00 0.00 0.00 0.00 0.00 0.00 0.00 0.00 0.00 0.00 0.00 0.00 0.00 0.00 0.00 0.00 0.00 0.00 0.00 0.00 0.00 0.00 0.00 0.00 0.00 0.00 0.00 0.00 0.00 0.00 0.00 0.00 0.00 0.01 0.10 1.21 14.30 25.96 35.33 42.12 46.58 49.27 50.74 51.46 51.72 51.66 51.41 51.03 50.58 50.10 49.62 49.13 48.63 48.14 47.68 47.31 47.10 47.14 47.49 48.13 48.97 49.83 50.51 50.90 50.99 50.89 50.77 50.71 50.71 50.69 50.58 50.33 50.00 49.66 49.35 49.07 48.79 48.48 48.21 48.10 48.26 48.70 49.29 49.83 50.09 49.98 49.54 48.91 48.31 47.88 47.66 47.57 47.44 47.15 46.65 46.04 45.52 45.27 45.40 46.10 48.11 54.34 76.00 
17.00 43.78 49.56 50.45 50.30 50.06 49.91 49.76 49.53 49.16 48.69 48.22 47.89 47.82 48.03 48.52 49.24 50.14 51.11 52.03 52.76 53.16 53.11 52.58 51.66 50.50 49.31 48.33 47.74 47.64 48.02 48.76 49.65 50.45 50.98 51.16 51.06 50.79 50.49 50.24 50.07 49.97 49.92 49.91 49.90 49.92 49.99 50.15 50.45 50.91 51.45 51.95 52.25 52.19 51.70 50.82 49.71 48.60 47.69 47.01 46.40 45.46 43.56 39.95 33.95 25.22 13.98 1.19 0.10 0.01 0.00 0.00 0.00 0.00 0.00 0.00 0.00 0.00 0.00 0.00 0.00 0.00 0.00 0.00 0.00 0.00 0.00 0.00 0.00 0.00 0.00 0.00 0.00 0.00 0.00 0.00 0.00 0.00 0.00 0.00 0.00 0.00 0.00 0.00 0.00 0.00 0.00 0.00 0.00 0.00 0.00 0.00 0.00 0.00 0.00 0.00 0.00 0.00 0.00 0.00 0.00 0.00 0.00 0.00 0.00 0.00 0.00 0.00 0.00 0.00 0.01 0.10 1.23 14.48 26.26 35.64 42.37 46.75 49.35 50.77 51.47 51.72 51.68 51.46 51.14 50.77 50.40 50.00 49.57 49.08 48.54 47.99 47.48 47.10 46.98 47.20 47.79 48.66 49.64 50.53 51.16 51.50 51.64 51.67 51.69 51.66 51.54 51.27 50.85 50.37 49.93 49.59 49.35 49.14 48.90 48.63 48.46 48.49 48.79 49.27 49.75 50.04 49.99 49.61 48.99 48.34 47.80 47.45 47.23 47.00 46.63 46.07 45.44 44.88 44.54 44.40 44.29 43.65 40.29 24.00 
42.00 49.99 50.81 50.26 49.74 49.52 49.55 49.66 49.68 49.50 49.10 48.59 48.13 47.86 47.85 48.15 48.72 49.52 50.44 51.37 52.16 52.66 52.75 52.38 51.59 50.52 49.39 48.41 47.79 47.65 47.97 48.66 49.52 50.33 50.91 51.17 51.11 50.84 50.43 49.99 49.57 49.23 49.00 48.89 48.89 48.96 49.11 49.34 49.67 50.13 50.70 51.28 51.73 51.92 51.75 51.22 50.44 49.59 48.83 48.22 47.59 46.56 44.53 40.77 34.60 25.67 14.23 1.21 0.10 0.01 0.00 0.00 0.00 0.00 0.00 0.00 0.00 0.00 0.00 0.00 0.00 0.00 0.00 0.00 0.00 0.00 0.00 0.00 0.00 0.00 0.00 0.00 0.00 0.00 0.00 0.00 0.00 0.00 0.00 0.00 0.00 0.00 0.00 0.00 0.00 0.00 0.00 0.00 0.00 0.00 0.00 0.00 0.00 0.00 0.00 0.00 0.00 0.00 0.00 0.00 0.00 0.00 0.00 0.00 0.00 0.00 0.00 0.00 0.00 0.00 0.01 0.11 1.24 14.66 26.53 35.95 42.64 46.94 49.45 50.80 51.45 51.68 51.64 51.44 51.17 50.87 50.58 50.27 49.93 49.51 49.02 48.46 47.90 47.42 47.16 47.23 47.69 48.48 49.47 50.44 51.24 51.79 52.15 52.36 52.48 52.48 52.31 51.93 51.38 50.77 50.24 49.86 49.64 49.49 49.30 49.05 48.84 48.78 48.97 49.38 49.87 50.24 50.34 50.10 49.59 48.96 48.38 47.93 47.58 47.21 46.70 46.04 45.31 44.65 44.12 43.67 43.04 41.79 39.02 33.00 
97.00 63.55 53.74 50.45 49.28 49.02 49.22 49.59 49.89 49.93 49.67 49.19 48.64 48.19 47.97 48.04 48.40 49.03 49.83 50.70 51.50 52.09 52.33 52.15 51.56 50.66 49.64 48.75 48.15 47.98 48.23 48.83 49.59 50.34 50.90 51.18 51.15 50.84 50.31 49.65 48.96 48.35 47.92 47.69 47.67 47.79 48.00 48.25 48.58 49.00 49.55 50.18 50.80 51.27 51.49 51.39 51.02 50.51 49.96 49.43 48.75 47.58 45.35 41.39 35.03 25.95 14.36 1.22 0.10 0.01 0.00 0.00 0.00 0.00 0.00 0.00 0.00 0.00 0.00 0.00 0.00 0.00 0.00 0.00 0.00 0.00 0.00 0.00 0.00 0.00 0.00 0.00 0.00 0.00 0.00 0.00 0.00 0.00 0.00 0.00 0.00 0.00 0.00 0.00 0.00 0.00 0.00 0.00 0.00 0.00 0.00 0.00 0.00 0.00 0.00 0.00 0.00 0.00 0.00 0.00 0.00 0.00 0.00 0.00 0.00 0.00 0.00 0.00 0.00 0.00 0.01 0.11 1.26 14.83 26.83 36.30 42.99 47.23 49.65 50.91 51.48 51.66 51.59 51.39 51.13 50.87 50.62 50.38 50.13 49.83 49.47 49.02 48.52 48.05 47.71 47.64 47.91 48.52 49.36 50.27 51.11 51.80 52.33 52.72 52.98 53.05 52.88 52.45 51.83 51.13 50.53 50.13 49.91 49.78 49.63 49.40 49.16 49.04 49.16 49.53 50.06 50.56 50.84 50.82 50.51 50.02 49.49 49.01 48.56 48.06 47.41 46.62 45.75 44.92 44.16 43.39 42.42 41.28 40.88 45.00 
60.00 53.72 50.57 49.05 48.46 48.50 48.95 49.59 50.16 50.46 50.38 49.99 49.41 48.84 48.41 48.24 48.36 48.77 49.40 50.16 50.93 51.58 51.97 52.00 51.65 50.98 50.17 49.41 48.88 48.68 48.84 49.27 49.86 50.45 50.91 51.14 51.07 50.70 50.04 49.18 48.24 47.39 46.77 46.45 46.42 46.60 46.87 47.15 47.46 47.84 48.34 48.98 49.72 50.44 51.02 51.34 51.40 51.23 50.92 50.46 49.72 48.38 45.93 41.75 35.22 26.02 14.38 1.22 0.10 0.01 0.00 0.00 0.00 0.00 0.00 0.00 0.00 0.00 0.00 0.00 0.00 0.00 0.00 0.00 0.00 0.00 0.00 0.00 0.00 0.00 0.00 0.00 0.00 0.00 0.00 0.00 0.00 0.00 0.00 0.00 0.00 0.00 0.00 0.00 0.00 0.00 0.00 0.00 0.00 0.00 0.00 0.00 0.00 0.00 0.00 0.00 0.00 0.00 0.00 0.00 0.00 0.00 0.00 0.00 0.00 0.00 0.00 0.00 0.00 0.00 0.01 0.11 1.28 15.02 27.17 36.73 43.45 47.66 50.01 51.16 51.63 51.71 51.59 51.36 51.08 50.80 50.55 50.33 50.15 49.99 49.80 49.55 49.24 48.88 48.56 48.39 48.46 48.80 49.38 50.09 50.83 51.55 52.20 52.75 53.16 53.35 53.24 52.82 52.17 51.43 50.79 50.34 50.11 49.99 49.85 49.63 49.38 49.22 49.28 49.62 50.17 50.78 51.27 51.49 51.43 51.17 50.79 50.37 49.91 49.34 48.59 47.66 46.65 45.63 44.60 43.42 41.85 39.80 38.04 41.00 
17.00 41.00 46.28 47.36 47.68 48.10 48.80 49.68 50.51 51.05 51.18 50.90 50.35 49.69 49.09 48.69 48.57 48.75 49.19 49.81 50.51 51.19 51.71 51.95 51.86 51.47 50.90 50.32 49.88 49.66 49.69 49.92 50.27 50.63 50.91 51.01 50.85 50.39 49.61 48.59 47.46 46.43 45.67 45.30 45.29 45.54 45.90 46.24 46.56 46.89 47.33 47.94 48.72 49.59 50.43 51.10 51.52 51.68 51.57 51.18 50.37 48.86 46.20 41.81 35.14 25.88 14.28 1.21 0.10 0.01 0.00 0.00 0.00 0.00 0.00 0.00 0.00 0.00 0.00 0.00 0.00 0.00 0.00 0.00 0.00 0.00 0.00 0.00 0.00 0.00 0.00 0.00 0.00 0.00 0.00 0.00 0.00 0.00 0.00 0.00 0.00 0.00 0.00 0.00 0.00 0.00 0.00 0.00 0.00 0.00 0.00 0.00 0.00 0.00 0.00 0.00 0.00 0.00 0.00 0.00 0.00 0.00 0.00 0.00 0.00 0.00 0.00 0.00 0.00 0.00 0.01 0.11 1.29 15.22 27.52 37.22 44.03 48.25 50.54 51.59 51.92 51.90 51.70 51.41 51.08 50.75 50.44 50.20 50.05 49.98 49.97 49.96 49.89 49.75 49.54 49.35 49.26 49.33 49.58 50.00 50.55 51.19 51.89 52.57 53.14 53.45 53.43 53.06 52.41 51.66 50.97 50.48 50.21 50.08 49.95 49.76 49.51 49.32 49.33 49.61 50.14 50.79 51.40 51.84 52.05 52.05 51.90 51.64 51.26 50.70 49.91 48.91 47.77 46.57 45.31 43.78 41.51 37.67 30.27 12.00 
58.00 47.29 46.69 47.10 47.48 48.00 48.81 49.83 50.85 51.60 51.92 51.78 51.27 50.57 49.85 49.28 48.95 48.92 49.16 49.63 50.25 50.91 51.52 51.93 52.08 51.96 51.65 51.26 50.92 50.69 50.60 50.61 50.70 50.80 50.85 50.77 50.49 49.92 49.06 47.93 46.70 45.58 44.76 44.37 44.41 44.75 45.20 45.63 45.98 46.28 46.64 47.17 47.91 48.82 49.80 50.70 51.39 51.79 51.84 51.49 50.61 48.95 46.10 41.56 34.81 25.58 14.09 1.20 0.10 0.01 0.00 0.00 0.00 0.00 0.00 0.00 0.00 0.00 0.00 0.00 0.00 0.00 0.00 0.00 0.00 0.00 0.00 0.00 0.00 0.00 0.00 0.00 0.00 0.00 0.00 0.00 0.00 0.00 0.00 0.00 0.00 0.00 0.00 0.00 0.00 0.00 0.00 0.00 0.00 0.00 0.00 0.00 0.00 0.00 0.00 0.00 0.00 0.00 0.00 0.00 0.00 0.00 0.00 0.00 0.00 0.00 0.00 0.00 0.00 0.00 0.01 0.11 1.31 15.40 27.88 37.74 44.68 48.97 51.24 52.20 52.42 52.28 51.99 51.62 51.22 50.81 50.42 50.10 49.92 49.89 50.00 50.20 50.40 50.51 50.50 50.38 50.21 50.05 50.00 50.10 50.41 50.94 51.63 52.40 53.08 53.52 53.59 53.26 52.63 51.84 51.10 50.55 50.23 50.07 49.96 49.81 49.61 49.43 49.38 49.56 49.98 50.57 51.20 51.77 52.18 52.44 52.54 52.51 52.29 51.82 51.07 50.06 48.86 47.59 46.25 44.69 42.44 38.79 33.14 29.00 
37.00 43.72 46.56 47.53 47.86 48.24 48.96 49.99 51.09 51.99 52.47 52.46 52.02 51.32 50.54 49.86 49.40 49.21 49.30 49.61 50.10 50.70 51.31 51.83 52.15 52.26 52.18 51.99 51.75 51.52 51.32 51.15 51.00 50.85 50.67 50.41 50.00 49.37 48.46 47.33 46.09 44.97 44.16 43.81 43.90 44.32 44.87 45.36 45.72 45.97 46.23 46.63 47.25 48.11 49.12 50.13 50.99 51.55 51.71 51.38 50.43 48.64 45.67 41.04 34.29 25.15 13.85 1.17 0.10 0.01 0.00 0.00 0.00 0.00 0.00 0.00 0.00 0.00 0.00 0.00 0.00 0.00 0.00 0.00 0.00 0.00 0.00 0.00 0.00 0.00 0.00 0.00 0.00 0.00 0.00 0.00 0.00 0.00 0.00 0.00 0.00 0.00 0.00 0.00 0.00 0.00 0.00 0.00 0.00 0.00 0.00 0.00 0.00 0.00 0.00 0.00 0.00 0.00 0.00 0.00 0.00 0.00 0.00 0.00 0.00 0.00 0.00 0.00 0.00 0.00 0.01 0.11 1.32 15.57 28.21 38.25 45.34 49.75 52.07 53.00 53.14 52.90 52.51 52.06 51.58 51.07 50.57 50.13 49.85 49.78 49.94 50.28 50.70 51.07 51.30 51.33 51.17 50.89 50.61 50.46 50.56 50.96 51.62 52.43 53.19 53.71 53.84 53.54 52.88 52.04 51.22 50.57 50.18 50.00 49.94 49.88 49.77 49.62 49.53 49.58 49.82 50.25 50.79 51.35 51.88 52.32 52.65 52.84 52.82 52.52 51.88 50.93 49.77 48.55 47.37 46.18 44.63 41.73 34.39 11.00 
25.00 44.26 48.71 49.20 48.87 48.77 49.19 50.08 51.17 52.14 52.73 52.83 52.50 51.86 51.11 50.41 49.90 49.62 49.59 49.75 50.07 50.52 51.03 51.53 51.94 52.20 52.30 52.28 52.14 51.93 51.67 51.38 51.06 50.72 50.37 49.97 49.48 48.82 47.95 46.88 45.74 44.71 43.99 43.71 43.86 44.34 44.92 45.42 45.73 45.88 45.99 46.22 46.69 47.44 48.41 49.44 50.37 51.02 51.23 50.89 49.88 48.01 44.99 40.38 33.71 24.73 13.62 1.15 0.10 0.01 0.00 0.00 0.00 0.00 0.00 0.00 0.00 0.00 0.00 0.00 0.00 0.00 0.00 0.00 0.00 0.00 0.00 0.00 0.00 0.00 0.00 0.00 0.00 0.00 0.00 0.00 0.00 0.00 0.00 0.00 0.00 0.00 0.00 0.00 0.00 0.00 0.00 0.00 0.00 0.00 0.00 0.00 0.00 0.00 0.00 0.00 0.00 0.00 0.00 0.00 0.00 0.00 0.00 0.00 0.00 0.00 0.00 0.00 0.00 0.00 0.01 0.11 1.33 15.72 28.51 38.70 45.96 50.51 52.93 53.91 54.03 53.73 53.27 52.73 52.15 51.52 50.89 50.30 49.87 49.69 49.82 50.23 50.81 51.40 51.86 52.08 52.01 51.73 51.35 51.06 51.01 51.31 51.94 52.76 53.56 54.12 54.26 53.94 53.23 52.30 51.36 50.60 50.13 49.94 49.94 50.01 50.04 49.98 49.87 49.79 49.83 50.03 50.37 50.82 51.34 51.86 52.35 52.72 52.89 52.75 52.27 51.45 50.43 49.40 48.60 48.21 48.36 49.21 51.73 61.00 
69.00 59.75 55.19 52.22 50.32 49.42 49.40 50.05 51.04 52.02 52.69 52.91 52.71 52.21 51.57 50.96 50.48 50.19 50.06 50.06 50.17 50.37 50.66 51.02 51.39 51.71 51.94 52.04 52.02 51.86 51.59 51.24 50.84 50.42 49.98 49.52 49.01 48.39 47.62 46.70 45.72 44.86 44.28 44.10 44.31 44.79 45.34 45.75 45.94 45.93 45.85 45.89 46.19 46.80 47.68 48.68 49.61 50.27 50.49 50.13 49.09 47.22 44.25 39.76 33.27 24.47 13.51 1.15 0.10 0.01 0.00 0.00 0.00 0.00 0.00 0.00 0.00 0.00 0.00 0.00 0.00 0.00 0.00 0.00 0.00 0.00 0.00 0.00 0.00 0.00 0.00 0.00 0.00 0.00 0.00 0.00 0.00 0.00 0.00 0.00 0.00 0.00 0.00 0.00 0.00 0.00 0.00 0.00 0.00 0.00 0.00 0.00 0.00 0.00 0.00 0.00 0.00 0.00 0.00 0.00 0.00 0.00 0.00 0.00 0.00 0.00 0.00 0.00 0.00 0.00 0.01 0.11 1.35 15.88 28.79 39.08 46.46 51.15 53.70 54.78 54.96 54.67 54.16 53.54 52.86 52.10 51.30 50.53 49.91 49.59 49.63 50.04 50.72 51.48 52.15 52.56 52.65 52.44 52.08 51.75 51.66 51.91 52.51 53.32 54.13 54.69 54.82 54.46 53.68 52.63 51.56 50.66 50.09 49.88 49.97 50.19 50.39 50.45 50.38 50.21 50.07 50.02 50.13 50.40 50.81 51.32 51.85 52.33 52.63 52.64 52.32 51.68 50.86 50.12 49.79 50.25 51.92 55.48 62.56 78.00 
90.00 70.68 60.34 54.62 51.43 49.86 49.46 49.89 50.76 51.70 52.43 52.79 52.77 52.47 52.03 51.58 51.20 50.94 50.75 50.58 50.41 50.28 50.24 50.33 50.54 50.83 51.12 51.34 51.41 51.33 51.11 50.79 50.42 50.01 49.60 49.17 48.72 48.19 47.56 46.82 46.05 45.39 44.97 44.90 45.15 45.59 46.03 46.28 46.27 46.04 45.76 45.62 45.76 46.23 47.00 47.92 48.80 49.43 49.64 49.27 48.26 46.47 43.66 39.42 33.21 24.62 13.69 1.16 0.10 0.01 0.00 0.00 0.00 0.00 0.00 0.00 0.00 0.00 0.00 0.00 0.00 0.00 0.00 0.00 0.00 0.00 0.00 0.00 0.00 0.00 0.00 0.00 0.00 0.00 0.00 0.00 0.00 0.00 0.00 0.00 0.00 0.00 0.00 0.00 0.00 0.00 0.00 0.00 0.00 0.00 0.00 0.00 0.00 0.00 0.00 0.00 0.00 0.00 0.00 0.00 0.00 0.00 0.00 0.00 0.00 0.00 0.00 0.00 0.00 0.00 0.01 0.12 1.37 16.12 29.11 39.41 46.80 51.55 54.22 55.44 55.73 55.50 55.00 54.34 53.55 52.65 51.67 50.70 49.89 49.40 49.33 49.71 50.43 51.31 52.14 52.73 52.98 52.91 52.64 52.36 52.28 52.53 53.11 53.90 54.69 55.23 55.34 54.94 54.09 52.94 51.73 50.70 50.03 49.80 49.95 50.32 50.69 50.90 50.90 50.72 50.46 50.24 50.15 50.22 50.49 50.90 51.40 51.90 52.26 52.37 52.19 51.72 51.13 50.70 50.80 51.90 54.47 58.97 65.44 71.00 
95.00 72.68 61.06 54.89 51.53 49.84 49.32 49.62 50.39 51.29 52.07 52.57 52.77 52.72 52.52 52.28 52.06 51.85 51.61 51.26 50.80 50.29 49.83 49.56 49.52 49.70 50.00 50.30 50.48 50.50 50.39 50.17 49.91 49.63 49.35 49.04 48.71 48.31 47.82 47.26 46.68 46.20 45.94 45.97 46.23 46.58 46.86 46.89 46.64 46.19 45.71 45.41 45.42 45.77 46.42 47.24 48.04 48.62 48.81 48.47 47.55 45.96 43.47 39.62 33.81 25.47 14.42 1.24 0.11 0.02 0.01 0.01 0.01 0.01 0.01 0.01 0.01 0.01 0.01 0.01 0.01 0.01 0.01 0.01 0.01 0.01 0.01 0.01 0.01 0.01 0.01 0.01 0.01 0.01 0.01 0.01 0.01 0.01 0.01 0.01 0.01 0.01 0.01 0.01 0.01 0.01 0.01 0.01 0.01 0.01 0.01 0.01 0.01 0.01 0.01 0.01 0.01 0.01 0.01 0.01 0.01 0.01 0.01 0.01 0.01 0.01 0.01 0.01 0.01 0.01 0.02 0.13 1.42 16.64 29.67 39.79 46.99 51.66 54.38 55.72 56.16 56.04 55.59 54.92 54.06 53.02 51.87 50.71 49.71 49.07 48.91 49.24 49.97 50.91 51.84 52.57 52.98 53.05 52.88 52.68 52.63 52.88 53.44 54.21 54.98 55.50 55.59 55.17 54.27 53.06 51.75 50.61 49.86 49.60 49.79 50.26 50.77 51.13 51.24 51.11 50.84 50.55 50.35 50.29 50.42 50.73 51.15 51.59 51.95 52.11 52.02 51.71 51.34 51.17 51.60 53.10 56.17 61.37 69.72 85.00 
85.00 63.99 56.44 52.67 50.50 49.35 49.02 49.32 50.04 50.91 51.72 52.36 52.77 52.98 53.04 53.01 52.94 52.80 52.52 52.01 51.26 50.36 49.48 48.82 48.49 48.50 48.76 49.10 49.38 49.53 49.57 49.54 49.49 49.43 49.35 49.23 49.05 48.77 48.40 47.97 47.53 47.20 47.05 47.12 47.35 47.58 47.66 47.46 46.97 46.32 45.70 45.28 45.18 45.42 45.95 46.66 47.37 47.91 48.11 47.86 47.13 45.86 43.82 40.54 35.34 27.46 16.24 1.51 0.24 0.13 0.11 0.11 0.11 0.11 0.11 0.11 0.11 0.11 0.11 0.11 0.10 0.10 0.10 0.10 0.09 0.09 0.09 0.09 0.09 0.09 0.09 0.09 0.09 0.09 0.09 0.09 0.09 0.09 0.09 0.08 0.08 0.09 0.09 0.09 0.09 0.10 0.10 0.10 0.10 0.10 0.10 0.10 0.10 0.10 0.10 0.09 0.09 0.09 0.09 0.09 0.09 0.09 0.09 0.09 0.10 0.10 0.10 0.10 0.10 0.10 0.12 0.25 1.64 17.95 30.86 40.46 47.17 51.54 54.17 55.56 56.12 56.13 55.77 55.12 54.22 53.08 51.79 50.49 49.36 48.61 48.36 48.65 49.37 50.33 51.32 52.13 52.64 52.82 52.74 52.58 52.55 52.78 53.31 54.04 54.76 55.26 55.35 54.94 54.05 52.82 51.48 50.29 49.48 49.18 49.37 49.88 50.48 50.95 51.19 51.18 51.01 50.78 50.59 50.51 50.58 50.80 51.13 51.50 51.81 51.97 51.95 51.75 51.53 51.54 52.14 53.76 56.79 61.52 67.57 71.00 
14.00 41.84 48.06 49.10 48.92 48.67 48.71 49.12 49.80 50.62 51.45 52.20 52.79 53.23 53.50 53.66 53.72 53.62 53.30 52.65 51.66 50.44 49.19 48.17 47.54 47.37 47.55 47.90 48.27 48.58 48.81 49.03 49.26 49.49 49.69 49.78 49.75 49.56 49.26 48.88 48.52 48.25 48.15 48.21 48.36 48.45 48.32 47.90 47.22 46.42 45.69 45.20 45.02 45.17 45.59 46.19 46.82 47.34 47.61 47.52 47.08 46.23 44.77 42.27 38.02 31.14 20.45 3.24 1.63 1.38 1.30 1.28 1.27 1.28 1.29 1.30 1.31 1.31 1.30 1.27 1.23 1.19 1.15 1.13 1.11 1.11 1.12 1.12 1.11 1.10 1.08 1.06 1.04 1.04 1.03 1.03 1.02 1.01 1.00 1.00 1.00 1.01 1.03 1.06 1.10 1.13 1.15 1.17 1.19 1.19 1.20 1.19 1.17 1.15 1.12 1.10 1.08 1.06 1.06 1.07 1.08 1.09 1.10 1.11 1.12 1.13 1.14 1.15 1.17 1.21 1.29 1.55 3.24 21.31 33.30 41.71 47.51 51.32 53.68 55.01 55.62 55.74 55.46 54.86 53.96 52.79 51.43 50.06 48.87 48.07 47.78 48.04 48.72 49.66 50.64 51.49 52.05 52.28 52.24 52.09 52.03 52.20 52.66 53.32 53.98 54.45 54.53 54.16 53.33 52.16 50.87 49.69 48.87 48.53 48.68 49.17 49.78 50.31 50.66 50.81 50.83 50.78 50.73 50.74 50.83 51.01 51.28 51.58 51.85 52.01 52.02 51.89 51.76 51.84 52.45 53.95 56.69 61.14 68.50 85.00 
41.00 41.24 44.88 46.88 47.74 48.17 48.57 49.08 49.72 50.47 51.28 52.08 52.81 53.41 53.85 54.13 54.26 54.17 53.79 53.02 51.86 50.41 48.90 47.61 46.75 46.39 46.47 46.82 47.27 47.73 48.21 48.72 49.28 49.85 50.33 50.64 50.72 50.58 50.27 49.88 49.51 49.25 49.12 49.13 49.17 49.10 48.79 48.19 47.37 46.47 45.70 45.16 44.93 45.00 45.33 45.84 46.43 46.97 47.35 47.49 47.39 47.02 46.23 44.64 41.70 36.82 29.78 21.51 17.77 16.09 15.32 15.02 14.98 15.07 15.21 15.35 15.44 15.42 15.27 14.97 14.53 14.04 13.59 13.28 13.14 13.14 13.20 13.22 13.14 12.95 12.71 12.48 12.31 12.22 12.18 12.14 12.06 11.94 11.81 11.73 11.76 11.91 12.19 12.55 12.93 13.30 13.61 13.84 14.01 14.09 14.10 14.02 13.84 13.58 13.27 12.97 12.73 12.59 12.55 12.61 12.72 12.85 13.00 13.13 13.24 13.35 13.45 13.58 13.80 14.21 15.02 16.73 20.62 29.44 37.46 43.67 48.12 51.14 53.07 54.22 54.79 54.94 54.72 54.18 53.32 52.18 50.85 49.50 48.34 47.56 47.28 47.50 48.13 49.00 49.94 50.76 51.32 51.55 51.49 51.31 51.19 51.28 51.63 52.18 52.75 53.16 53.24 52.92 52.19 51.16 49.99 48.91 48.11 47.75 47.82 48.22 48.76 49.28 49.71 50.03 50.28 50.49 50.68 50.86 51.05 51.27 51.51 51.78 52.02 52.20 52.25 52.18 52.08 52.13 52.59 53.72 55.73 58.53 60.69 53.00 
17.00 37.20 43.28 45.83 47.17 48.00 48.64 49.22 49.81 50.46 51.20 52.00 52.79 53.49 54.02 54.37 54.50 54.38 53.92 53.05 51.77 50.20 48.56 47.12 46.11 45.61 45.59 45.91 46.44 47.07 47.80 48.62 49.53 50.42 51.17 51.65 51.81 51.65 51.28 50.82 50.39 50.07 49.88 49.80 49.72 49.51 49.07 48.36 47.46 46.53 45.74 45.19 44.94 44.96 45.22 45.68 46.25 46.85 47.37 47.74 47.98 48.08 47.92 47.22 45.54 42.56 38.32 33.67 30.48 28.58 27.56 27.13 27.07 27.23 27.49 27.76 27.94 27.94 27.70 27.17 26.40 25.54 24.76 24.21 23.98 23.99 24.11 24.14 23.99 23.64 23.19 22.75 22.42 22.24 22.13 22.03 21.87 21.64 21.41 21.27 21.32 21.60 22.10 22.74 23.44 24.11 24.70 25.16 25.50 25.69 25.74 25.62 25.33 24.88 24.34 23.81 23.40 23.15 23.08 23.15 23.32 23.54 23.77 24.00 24.20 24.39 24.57 24.78 25.12 25.70 26.74 28.60 31.82 36.78 41.73 45.84 48.92 51.07 52.49 53.36 53.80 53.90 53.69 53.20 52.41 51.37 50.17 48.95 47.91 47.22 46.97 47.17 47.72 48.50 49.34 50.08 50.58 50.77 50.68 50.45 50.25 50.24 50.47 50.88 51.32 51.65 51.71 51.45 50.87 50.03 49.06 48.12 47.40 47.01 46.98 47.23 47.63 48.09 48.54 49.00 49.48 49.97 50.44 50.84 51.18 51.47 51.74 52.02 52.29 52.52 52.65 52.64 52.54 52.48 52.69 53.35 54.70 57.18 63.06 85.00 
66.00 47.21 45.14 45.97 47.12 48.10 48.88 49.49 50.02 50.55 51.19 51.94 52.73 53.46 54.03 54.38 54.47 54.26 53.70 52.73 51.39 49.79 48.14 46.67 45.60 45.02 44.93 45.24 45.82 46.62 47.58 48.70 49.90 51.07 52.02 52.61 52.78 52.55 52.08 51.52 51.00 50.60 50.34 50.17 50.01 49.72 49.21 48.46 47.56 46.65 45.89 45.36 45.11 45.11 45.35 45.79 46.37 47.02 47.66 48.23 48.75 49.21 49.54 49.52 48.83 47.25 44.83 42.07 39.75 38.10 37.10 36.62 36.55 36.76 37.11 37.50 37.79 37.86 37.58 36.91 35.93 34.82 33.81 33.13 32.86 32.92 33.08 33.13 32.91 32.41 31.77 31.14 30.67 30.37 30.18 30.00 29.74 29.40 29.08 28.91 28.99 29.37 30.03 30.88 31.81 32.73 33.56 34.25 34.77 35.11 35.23 35.13 34.78 34.22 33.55 32.90 32.38 32.06 31.96 32.02 32.19 32.43 32.69 32.98 33.26 33.52 33.76 34.03 34.39 34.96 35.90 37.38 39.58 42.45 45.36 47.86 49.77 51.14 52.04 52.57 52.80 52.78 52.54 52.08 51.39 50.50 49.49 48.49 47.65 47.11 46.93 47.11 47.59 48.25 48.97 49.59 50.00 50.12 49.99 49.71 49.45 49.34 49.43 49.68 49.97 50.19 50.22 50.03 49.62 49.01 48.29 47.55 46.93 46.52 46.37 46.44 46.67 46.99 47.42 47.96 48.62 49.35 50.07 50.70 51.21 51.60 51.94 52.27 52.61 52.94 53.17 53.24 53.15 52.98 52.88 52.98 53.21 52.97 49.69 32.00 
24.00 40.45 44.00 45.71 47.11 48.29 49.19 49.82 50.27 50.68 51.20 51.86 52.61 53.33 53.89 54.20 54.22 53.90 53.22 52.17 50.81 49.25 47.67 46.27 45.22 44.63 44.51 44.81 45.46 46.38 47.53 48.87 50.28 51.62 52.69 53.30 53.41 53.09 52.49 51.82 51.22 50.76 50.45 50.25 50.05 49.76 49.28 48.59 47.76 46.93 46.23 45.75 45.53 45.56 45.81 46.25 46.84 47.51 48.20 48.87 49.54 50.20 50.82 51.21 51.16 50.49 49.20 47.55 45.94 44.63 43.71 43.22 43.11 43.31 43.73 44.23 44.64 44.80 44.56 43.85 42.77 41.54 40.44 39.72 39.47 39.59 39.81 39.87 39.59 38.98 38.18 37.41 36.81 36.40 36.12 35.83 35.48 35.07 34.70 34.52 34.63 35.06 35.79 36.74 37.79 38.87 39.88 40.76 41.46 41.93 42.16 42.10 41.75 41.18 40.48 39.80 39.27 38.94 38.82 38.85 38.98 39.18 39.45 39.76 40.11 40.45 40.77 41.08 41.43 41.90 42.61 43.62 44.97 46.58 48.18 49.54 50.58 51.30 51.72 51.90 51.88 51.70 51.39 50.95 50.38 49.68 48.92 48.18 47.58 47.21 47.13 47.33 47.75 48.31 48.89 49.39 49.69 49.75 49.58 49.27 48.95 48.74 48.69 48.77 48.91 49.01 49.02 48.91 48.68 48.32 47.86 47.34 46.83 46.42 46.16 46.05 46.07 46.24 46.59 47.14 47.90 48.79 49.70 50.52 51.18 51.70 52.12 52.53 52.97 53.42 53.78 53.95 53.89 53.65 53.34 53.09 52.86 52.34 51.06 50.00 
61.00 46.54 44.63 45.62 47.13 48.48 49.49 50.12 50.49 50.79 51.17 51.73 52.41 53.08 53.60 53.86 53.79 53.36 52.58 51.48 50.14 48.68 47.24 45.97 45.01 44.46 44.35 44.67 45.36 46.37 47.63 49.08 50.59 51.97 53.03 53.57 53.57 53.12 52.41 51.66 51.02 50.55 50.25 50.07 49.92 49.71 49.34 48.80 48.13 47.43 46.82 46.42 46.25 46.33 46.61 47.05 47.62 48.26 48.91 49.55 50.21 50.91 51.60 52.17 52.45 52.30 51.68 50.72 49.62 48.58 47.75 47.21 47.02 47.17 47.60 48.19 48.73 49.01 48.85 48.19 47.11 45.87 44.78 44.11 43.93 44.12 44.41 44.48 44.17 43.50 42.62 41.75 41.06 40.56 40.19 39.82 39.40 38.96 38.60 38.44 38.57 39.00 39.70 40.61 41.67 42.78 43.88 44.87 45.68 46.25 46.55 46.54 46.23 45.69 45.05 44.44 43.99 43.72 43.62 43.63 43.70 43.85 44.09 44.44 44.87 45.32 45.74 46.11 46.44 46.82 47.28 47.90 48.66 49.48 50.26 50.87 51.28 51.47 51.48 51.32 51.06 50.72 50.35 49.94 49.49 48.99 48.48 48.00 47.64 47.45 47.48 47.73 48.13 48.62 49.10 49.49 49.71 49.71 49.50 49.17 48.80 48.50 48.31 48.24 48.22 48.23 48.23 48.21 48.15 48.04 47.83 47.51 47.12 46.71 46.35 46.08 45.93 45.93 46.16 46.66 47.43 48.39 49.43 50.39 51.19 51.82 52.34 52.83 53.36 53.90 54.38 54.66 54.67 54.42 54.03 53.68 53.41 53.04 52.56 56.00 
42.00 40.08 42.30 44.86 47.01 48.62 49.71 50.32 50.61 50.78 51.04 51.49 52.09 52.70 53.17 53.36 53.21 52.70 51.86 50.76 49.50 48.19 46.93 45.84 45.02 44.55 44.49 44.83 45.56 46.59 47.88 49.32 50.79 52.09 53.01 53.41 53.24 52.66 51.87 51.09 50.46 50.05 49.82 49.73 49.69 49.62 49.45 49.13 48.66 48.14 47.67 47.35 47.25 47.37 47.68 48.11 48.62 49.14 49.65 50.16 50.68 51.25 51.87 52.44 52.85 52.97 52.74 52.21 51.46 50.61 49.82 49.21 48.91 48.98 49.40 50.05 50.70 51.10 51.04 50.46 49.46 48.29 47.29 46.72 46.64 46.92 47.27 47.38 47.08 46.39 45.49 44.60 43.87 43.33 42.90 42.49 42.05 41.63 41.32 41.22 41.35 41.73 42.33 43.11 44.03 45.06 46.12 47.11 47.95 48.54 48.85 48.85 48.58 48.11 47.57 47.09 46.77 46.61 46.56 46.57 46.61 46.71 46.95 47.34 47.86 48.45 49.00 49.46 49.82 50.12 50.42 50.76 51.13 51.48 51.74 51.86 51.81 51.59 51.25 50.81 50.34 49.88 49.46 49.10 48.79 48.49 48.20 47.94 47.77 47.73 47.88 48.18 48.60 49.06 49.49 49.81 49.97 49.94 49.71 49.36 48.94 48.55 48.25 48.03 47.91 47.86 47.87 47.94 48.05 48.12 48.11 47.95 47.64 47.25 46.82 46.44 46.15 46.01 46.10 46.51 47.23 48.21 49.31 50.38 51.30 52.04 52.64 53.18 53.75 54.34 54.88 55.24 55.32 55.12 54.79 54.58 54.63 54.42 50.47 26.00 
4.00 29.45 39.57 44.35 47.07 48.80 49.85 50.37 50.54 50.60 50.75 51.10 51.62 52.17 52.57 52.70 52.49 51.94 51.10 50.07 48.96 47.85 46.82 45.94 45.29 44.93 44.93 45.31 46.05 47.07 48.30 49.65 50.96 52.06 52.75 52.92 52.58 51.86 51.02 50.26 49.71 49.39 49.28 49.31 49.43 49.55 49.61 49.55 49.33 49.02 48.70 48.48 48.43 48.58 48.88 49.26 49.65 50.01 50.31 50.58 50.88 51.26 51.72 52.20 52.61 52.86 52.87 52.61 52.09 51.39 50.61 49.93 49.51 49.49 49.88 50.55 51.27 51.77 51.82 51.35 50.46 49.42 48.55 48.10 48.13 48.49 48.88 49.03 48.76 48.12 47.27 46.43 45.73 45.20 44.77 44.36 43.97 43.63 43.42 43.38 43.53 43.83 44.27 44.85 45.57 46.42 47.33 48.21 48.96 49.47 49.71 49.67 49.40 49.00 48.57 48.24 48.07 48.02 48.05 48.07 48.09 48.18 48.42 48.86 49.49 50.21 50.91 51.49 51.92 52.21 52.43 52.60 52.75 52.82 52.76 52.54 52.15 51.62 51.00 50.35 49.74 49.22 48.81 48.53 48.34 48.21 48.09 47.99 47.94 48.00 48.22 48.59 49.04 49.50 49.90 50.19 50.32 50.27 50.05 49.68 49.23 48.77 48.37 48.07 47.88 47.81 47.86 48.02 48.23 48.44 48.53 48.46 48.21 47.82 47.37 46.92 46.54 46.29 46.27 46.58 47.24 48.20 49.35 50.51 51.54 52.37 53.01 53.57 54.11 54.67 55.19 55.55 55.66 55.52 55.33 55.48 56.64 60.08 69.27 97.00 
13.00 34.16 42.12 45.71 47.76 49.09 49.89 50.23 50.26 50.20 50.26 50.55 51.01 51.49 51.83 51.91 51.67 51.12 50.35 49.47 48.57 47.72 46.95 46.31 45.82 45.59 45.66 46.08 46.82 47.81 48.95 50.12 51.20 52.03 52.44 52.35 51.82 51.00 50.14 49.43 48.97 48.77 48.77 48.92 49.19 49.50 49.80 50.00 50.05 49.97 49.81 49.68 49.68 49.82 50.07 50.34 50.56 50.69 50.74 50.76 50.83 51.00 51.29 51.66 52.05 52.36 52.51 52.42 52.06 51.45 50.69 49.96 49.46 49.36 49.70 50.36 51.12 51.68 51.83 51.47 50.72 49.82 49.08 48.74 48.84 49.24 49.65 49.82 49.60 49.03 48.29 47.56 46.97 46.52 46.17 45.85 45.56 45.35 45.26 45.31 45.47 45.69 45.97 46.34 46.82 47.43 48.12 48.80 49.36 49.71 49.82 49.70 49.40 49.03 48.69 48.48 48.42 48.46 48.53 48.56 48.58 48.65 48.90 49.39 50.10 50.94 51.78 52.50 53.03 53.38 53.60 53.73 53.77 53.69 53.43 52.97 52.34 51.58 50.78 50.02 49.36 48.84 48.49 48.30 48.23 48.21 48.19 48.16 48.16 48.24 48.48 48.86 49.33 49.79 50.17 50.43 50.55 50.50 50.30 49.94 49.48 48.99 48.55 48.21 48.01 47.96 48.06 48.28 48.56 48.81 48.94 48.90 48.66 48.28 47.82 47.35 46.92 46.60 46.50 46.71 47.32 48.28 49.47 50.72 51.84 52.75 53.42 53.94 54.40 54.84 55.24 55.51 55.57 55.44 55.29 55.52 56.82 60.54 69.87 93.00 
61.00 52.09 49.07 48.47 48.81 49.38 49.78 49.89 49.77 49.62 49.62 49.86 50.28 50.73 51.03 51.07 50.82 50.33 49.69 49.01 48.38 47.82 47.32 46.90 46.58 46.46 46.60 47.06 47.81 48.76 49.79 50.79 51.62 52.15 52.27 51.94 51.25 50.36 49.50 48.85 48.46 48.33 48.40 48.63 48.99 49.45 49.96 50.41 50.72 50.87 50.89 50.86 50.87 50.96 51.09 51.20 51.21 51.11 50.91 50.69 50.55 50.55 50.72 51.03 51.40 51.76 51.99 52.01 51.74 51.20 50.46 49.72 49.18 49.02 49.31 49.94 50.69 51.29 51.51 51.28 50.67 49.91 49.29 49.01 49.12 49.48 49.84 49.97 49.77 49.29 48.70 48.16 47.76 47.49 47.30 47.14 47.01 46.96 47.01 47.15 47.33 47.49 47.64 47.82 48.09 48.45 48.89 49.31 49.62 49.76 49.71 49.48 49.14 48.78 48.50 48.35 48.33 48.38 48.43 48.44 48.42 48.48 48.72 49.24 50.00 50.92 51.87 52.71 53.37 53.85 54.17 54.35 54.39 54.24 53.85 53.24 52.44 51.56 50.68 49.91 49.28 48.84 48.58 48.48 48.48 48.51 48.52 48.48 48.44 48.47 48.65 48.98 49.40 49.82 50.15 50.36 50.45 50.42 50.25 49.93 49.51 49.06 48.64 48.33 48.17 48.17 48.33 48.59 48.88 49.12 49.22 49.15 48.91 48.54 48.09 47.62 47.16 46.80 46.64 46.80 47.37 48.33 49.58 50.90 52.11 53.07 53.75 54.21 54.54 54.80 55.00 55.08 55.02 54.81 54.60 54.58 54.99 55.88 57.01 59.00 
97.00 64.24 53.68 50.27 49.41 49.40 49.49 49.41 49.18 48.96 48.93 49.14 49.54 49.96 50.24 50.29 50.08 49.69 49.22 48.79 48.43 48.15 47.90 47.67 47.48 47.43 47.63 48.12 48.88 49.81 50.76 51.61 52.23 52.51 52.40 51.89 51.08 50.16 49.31 48.68 48.32 48.18 48.22 48.44 48.82 49.37 50.03 50.70 51.26 51.65 51.85 51.93 51.95 51.95 51.92 51.82 51.60 51.25 50.83 50.41 50.11 50.01 50.13 50.43 50.82 51.22 51.50 51.57 51.35 50.85 50.15 49.42 48.89 48.72 48.96 49.54 50.24 50.84 51.13 51.02 50.56 49.93 49.39 49.11 49.13 49.36 49.57 49.60 49.38 48.98 48.57 48.27 48.14 48.13 48.18 48.25 48.33 48.45 48.64 48.86 49.06 49.19 49.27 49.32 49.42 49.57 49.75 49.91 49.97 49.89 49.68 49.35 48.98 48.63 48.36 48.21 48.15 48.12 48.08 47.99 47.91 47.92 48.15 48.66 49.44 50.39 51.40 52.36 53.17 53.83 54.32 54.65 54.76 54.60 54.15 53.44 52.55 51.63 50.78 50.08 49.57 49.25 49.09 49.05 49.07 49.09 49.04 48.92 48.76 48.67 48.71 48.90 49.20 49.50 49.74 49.88 49.93 49.89 49.75 49.51 49.18 48.82 48.51 48.30 48.23 48.31 48.51 48.78 49.05 49.25 49.30 49.19 48.93 48.57 48.14 47.68 47.23 46.84 46.63 46.75 47.29 48.26 49.53 50.90 52.16 53.15 53.83 54.23 54.43 54.48 54.43 54.28 54.05 53.77 53.54 53.39 53.10 51.45 43.62 10.00 
53.00 54.34 51.38 49.67 49.12 49.08 49.09 48.94 48.65 48.39 48.33 48.53 48.90 49.31 49.60 49.68 49.56 49.32 49.05 48.86 48.75 48.70 48.63 48.51 48.39 48.39 48.61 49.13 49.91 50.83 51.74 52.49 52.96 53.09 52.84 52.24 51.40 50.49 49.66 49.02 48.58 48.33 48.25 48.35 48.66 49.22 49.98 50.84 51.64 52.27 52.67 52.87 52.90 52.80 52.59 52.27 51.82 51.25 50.63 50.06 49.65 49.50 49.61 49.94 50.39 50.83 51.14 51.21 51.00 50.50 49.84 49.17 48.68 48.52 48.73 49.24 49.88 50.46 50.80 50.80 50.48 49.98 49.48 49.13 48.99 48.98 48.96 48.81 48.53 48.20 47.97 47.94 48.12 48.42 48.77 49.09 49.38 49.68 49.99 50.27 50.50 50.63 50.68 50.68 50.67 50.66 50.64 50.57 50.41 50.15 49.82 49.44 49.05 48.71 48.43 48.22 48.05 47.88 47.67 47.44 47.25 47.20 47.39 47.88 48.63 49.58 50.63 51.68 52.66 53.53 54.25 54.75 54.97 54.85 54.36 53.61 52.70 51.82 51.07 50.52 50.18 50.00 49.93 49.90 49.89 49.81 49.64 49.36 49.03 48.73 48.56 48.55 48.65 48.79 48.90 48.94 48.92 48.87 48.76 48.60 48.39 48.19 48.04 47.98 48.05 48.21 48.45 48.72 48.96 49.10 49.11 48.96 48.70 48.35 47.95 47.51 47.06 46.66 46.43 46.50 47.00 47.93 49.19 50.55 51.80 52.79 53.46 53.81 53.89 53.77 53.49 53.12 52.75 52.47 52.40 52.59 53.00 53.64 56.29 75.00 
56.00 48.96 48.17 48.19 48.44 48.70 48.79 48.64 48.35 48.07 47.98 48.14 48.48 48.88 49.20 49.36 49.37 49.29 49.23 49.24 49.33 49.41 49.42 49.33 49.22 49.21 49.44 49.98 50.78 51.71 52.60 53.30 53.71 53.78 53.51 52.94 52.17 51.32 50.52 49.81 49.24 48.78 48.47 48.35 48.52 49.03 49.84 50.84 51.87 52.75 53.39 53.72 53.77 53.59 53.22 52.69 52.03 51.27 50.49 49.80 49.32 49.13 49.27 49.66 50.17 50.65 50.95 50.99 50.73 50.23 49.59 48.99 48.58 48.45 48.64 49.07 49.63 50.17 50.54 50.66 50.48 50.08 49.59 49.13 48.77 48.46 48.15 47.78 47.39 47.10 47.04 47.26 47.73 48.34 48.97 49.54 50.04 50.48 50.88 51.22 51.47 51.63 51.69 51.69 51.65 51.56 51.41 51.17 50.85 50.47 50.07 49.67 49.31 48.98 48.68 48.39 48.08 47.73 47.33 46.93 46.62 46.49 46.64 47.08 47.78 48.70 49.75 50.87 52.01 53.10 54.05 54.74 55.06 54.97 54.48 53.71 52.84 52.06 51.46 51.11 50.94 50.90 50.89 50.85 50.73 50.51 50.15 49.66 49.09 48.53 48.08 47.80 47.67 47.62 47.59 47.53 47.45 47.36 47.26 47.15 47.06 47.02 47.05 47.17 47.38 47.64 47.92 48.19 48.40 48.50 48.47 48.31 48.05 47.73 47.36 46.96 46.53 46.13 45.87 45.89 46.32 47.17 48.33 49.61 50.80 51.75 52.39 52.70 52.72 52.47 52.03 51.51 51.08 50.91 51.15 51.87 53.03 54.18 53.11 38.00 
9.00 37.55 44.47 46.80 47.95 48.57 48.79 48.68 48.39 48.10 47.97 48.07 48.36 48.73 49.08 49.34 49.50 49.60 49.72 49.88 50.06 50.18 50.17 50.04 49.88 49.84 50.07 50.62 51.45 52.39 53.27 53.95 54.36 54.46 54.27 53.83 53.22 52.49 51.73 50.95 50.19 49.47 48.86 48.48 48.45 48.84 49.66 50.78 52.01 53.15 54.02 54.51 54.63 54.39 53.90 53.22 52.40 51.50 50.60 49.81 49.27 49.06 49.22 49.65 50.20 50.70 50.97 50.94 50.61 50.06 49.44 48.90 48.57 48.50 48.67 49.03 49.50 50.00 50.40 50.62 50.57 50.26 49.77 49.18 48.56 47.95 47.33 46.72 46.21 45.92 45.97 46.39 47.08 47.93 48.78 49.54 50.20 50.75 51.21 51.59 51.88 52.07 52.19 52.24 52.22 52.12 51.90 51.58 51.17 50.72 50.30 49.92 49.60 49.29 48.98 48.62 48.19 47.68 47.12 46.59 46.17 45.97 46.04 46.41 47.04 47.89 48.91 50.09 51.36 52.63 53.76 54.58 54.97 54.89 54.40 53.65 52.87 52.22 51.81 51.63 51.63 51.68 51.70 51.61 51.37 50.97 50.39 49.64 48.79 47.90 47.10 46.48 46.08 45.84 45.69 45.56 45.42 45.29 45.16 45.06 45.03 45.11 45.29 45.57 45.90 46.24 46.57 46.85 47.05 47.12 47.08 46.91 46.67 46.39 46.07 45.72 45.33 44.94 44.65 44.61 44.94 45.65 46.65 47.77 48.84 49.70 50.30 50.59 50.57 50.27 49.77 49.23 48.85 48.86 49.48 50.86 53.23 57.08 64.03 81.00 
74.00 47.89 45.54 46.78 48.08 48.89 49.19 49.10 48.80 48.49 48.32 48.35 48.56 48.90 49.27 49.61 49.90 50.15 50.39 50.63 50.81 50.88 50.78 50.55 50.31 50.24 50.47 51.05 51.90 52.85 53.72 54.40 54.83 55.01 54.97 54.74 54.34 53.78 53.09 52.26 51.32 50.33 49.43 48.76 48.50 48.74 49.51 50.70 52.10 53.46 54.55 55.22 55.41 55.18 54.62 53.86 52.95 51.98 51.02 50.18 49.60 49.38 49.54 49.98 50.54 51.02 51.23 51.11 50.67 50.05 49.42 48.93 48.67 48.64 48.80 49.11 49.51 49.97 50.41 50.71 50.78 50.55 50.04 49.33 48.50 47.61 46.71 45.88 45.24 44.91 45.00 45.49 46.30 47.26 48.24 49.12 49.87 50.49 50.99 51.40 51.73 51.97 52.16 52.28 52.33 52.25 52.04 51.68 51.23 50.77 50.36 50.02 49.74 49.48 49.18 48.79 48.31 47.72 47.09 46.48 46.00 45.72 45.70 45.96 46.47 47.22 48.20 49.40 50.75 52.14 53.36 54.24 54.63 54.53 54.04 53.35 52.68 52.19 51.94 51.91 52.00 52.10 52.11 51.95 51.60 51.03 50.23 49.21 48.00 46.69 45.41 44.34 43.59 43.14 42.89 42.72 42.55 42.37 42.19 42.05 42.02 42.13 42.39 42.75 43.16 43.56 43.92 44.21 44.40 44.47 44.42 44.27 44.06 43.83 43.58 43.29 42.96 42.59 42.29 42.18 42.38 42.92 43.72 44.64 45.53 46.27 46.81 47.08 47.07 46.79 46.32 45.84 45.59 45.82 46.75 48.61 51.69 56.62 64.79 80.00 
3.00 34.43 42.97 46.59 48.55 49.56 49.91 49.82 49.51 49.19 48.97 48.94 49.09 49.37 49.72 50.10 50.47 50.80 51.10 51.33 51.45 51.40 51.17 50.82 50.51 50.42 50.68 51.30 52.17 53.11 53.97 54.63 55.08 55.36 55.49 55.48 55.31 54.96 54.37 53.54 52.48 51.30 50.15 49.23 48.73 48.79 49.46 50.64 52.12 53.63 54.89 55.71 56.00 55.81 55.26 54.49 53.59 52.62 51.67 50.85 50.27 50.05 50.20 50.64 51.17 51.59 51.71 51.47 50.92 50.21 49.54 49.06 48.83 48.83 49.00 49.27 49.63 50.08 50.55 50.94 51.10 50.94 50.43 49.64 48.66 47.57 46.47 45.46 44.67 44.25 44.28 44.74 45.52 46.48 47.47 48.38 49.16 49.81 50.34 50.78 51.14 51.43 51.68 51.88 51.99 51.95 51.75 51.40 50.96 50.51 50.13 49.84 49.61 49.40 49.14 48.80 48.35 47.81 47.20 46.61 46.11 45.77 45.64 45.74 46.10 46.72 47.63 48.80 50.18 51.60 52.84 53.68 54.02 53.87 53.39 52.78 52.25 51.90 51.76 51.80 51.91 51.99 51.95 51.74 51.31 50.63 49.66 48.34 46.68 44.75 42.76 41.01 39.77 39.05 38.68 38.48 38.31 38.10 37.86 37.66 37.58 37.65 37.89 38.25 38.66 39.07 39.43 39.72 39.91 39.97 39.93 39.80 39.64 39.48 39.31 39.10 38.83 38.51 38.21 38.04 38.12 38.48 39.05 39.75 40.45 41.05 41.50 41.75 41.76 41.55 41.18 40.84 40.74 41.12 42.22 44.23 47.45 52.23 58.10 58.00 
58.00 43.66 44.94 47.61 49.50 50.51 50.82 50.71 50.40 50.08 49.86 49.79 49.87 50.09 50.39 50.74 51.10 51.43 51.69 51.85 51.86 51.67 51.30 50.86 50.50 50.42 50.71 51.37 52.26 53.20 54.02 54.66 55.13 55.48 55.75 55.93 55.98 55.82 55.37 54.60 53.54 52.28 50.99 49.89 49.18 49.04 49.53 50.59 52.03 53.57 54.90 55.81 56.19 56.08 55.60 54.90 54.08 53.20 52.35 51.60 51.10 50.92 51.08 51.49 51.96 52.29 52.30 51.94 51.27 50.47 49.74 49.24 49.02 49.03 49.19 49.45 49.81 50.27 50.79 51.25 51.49 51.39 50.91 50.10 49.05 47.86 46.64 45.49 44.57 44.01 43.89 44.20 44.85 45.70 46.61 47.48 48.24 48.90 49.44 49.89 50.28 50.61 50.89 51.12 51.25 51.24 51.05 50.71 50.29 49.87 49.53 49.30 49.14 49.00 48.83 48.60 48.28 47.87 47.41 46.91 46.44 46.04 45.78 45.71 45.88 46.35 47.16 48.29 49.64 51.03 52.21 52.96 53.20 53.01 52.55 52.03 51.61 51.37 51.28 51.29 51.32 51.31 51.21 50.97 50.53 49.83 48.72 47.09 44.83 41.99 38.85 35.98 34.03 32.96 32.46 32.24 32.07 31.86 31.60 31.35 31.21 31.21 31.38 31.67 32.01 32.37 32.70 32.96 33.12 33.18 33.15 33.06 32.95 32.85 32.76 32.63 32.43 32.17 31.90 31.71 31.70 31.89 32.27 32.75 33.25 33.70 34.05 34.27 34.31 34.17 33.93 33.73 33.75 34.20 35.26 37.14 40.25 45.63 56.76 88.00 
12.00 36.89 44.87 48.62 50.60 51.51 51.74 51.60 51.31 51.03 50.86 50.79 50.84 50.98 51.18 51.43 51.69 51.92 52.07 52.10 51.96 51.64 51.17 50.67 50.31 50.26 50.60 51.28 52.17 53.08 53.87 54.49 54.97 55.36 55.71 56.02 56.22 56.23 55.94 55.31 54.36 53.17 51.88 50.70 49.84 49.48 49.72 50.55 51.79 53.20 54.48 55.40 55.84 55.82 55.46 54.90 54.22 53.50 52.80 52.20 51.82 51.72 51.90 52.28 52.69 52.92 52.83 52.36 51.60 50.71 49.92 49.38 49.13 49.14 49.30 49.58 49.96 50.45 51.02 51.53 51.82 51.78 51.35 50.59 49.57 48.38 47.12 45.89 44.84 44.11 43.78 43.88 44.33 45.01 45.79 46.57 47.29 47.92 48.46 48.93 49.32 49.65 49.92 50.11 50.21 50.17 49.97 49.64 49.25 48.89 48.62 48.46 48.38 48.33 48.27 48.19 48.06 47.87 47.61 47.27 46.87 46.43 46.05 45.79 45.78 46.09 46.78 47.84 49.14 50.46 51.54 52.19 52.34 52.11 51.69 51.25 50.91 50.70 50.57 50.47 50.36 50.22 50.04 49.81 49.43 48.77 47.58 45.59 42.54 38.37 33.40 28.61 25.79 24.40 23.81 23.58 23.43 23.26 23.03 22.80 22.64 22.59 22.68 22.86 23.10 23.36 23.61 23.81 23.93 23.98 23.96 23.91 23.85 23.80 23.76 23.70 23.57 23.38 23.17 23.01 22.95 23.04 23.25 23.54 23.86 24.16 24.41 24.57 24.61 24.55 24.42 24.32 24.40 24.79 25.61 26.98 29.07 31.96 34.57 28.00 
54.00 46.55 48.23 50.44 51.84 52.43 52.51 52.33 52.09 51.92 51.84 51.84 51.87 51.92 51.98 52.06 52.14 52.19 52.17 52.04 51.76 51.32 50.79 50.29 49.96 49.95 50.32 51.00 51.86 52.73 53.49 54.09 54.58 54.99 55.38 55.75 56.03 56.15 56.03 55.61 54.88 53.89 52.74 51.60 50.66 50.11 50.06 50.55 51.45 52.56 53.64 54.46 54.92 55.01 54.81 54.41 53.92 53.38 52.86 52.44 52.21 52.20 52.42 52.78 53.12 53.27 53.09 52.55 51.73 50.79 49.96 49.38 49.12 49.11 49.29 49.59 50.01 50.54 51.13 51.66 51.98 51.97 51.60 50.92 50.00 48.90 47.67 46.41 45.25 44.34 43.80 43.67 43.91 44.41 45.06 45.75 46.42 47.02 47.56 48.03 48.40 48.69 48.89 48.99 48.99 48.86 48.62 48.30 47.97 47.70 47.54 47.48 47.49 47.54 47.60 47.66 47.72 47.76 47.73 47.58 47.29 46.86 46.38 45.97 45.78 45.94 46.52 47.50 48.73 49.97 50.96 51.52 51.62 51.37 50.98 50.59 50.28 50.03 49.79 49.52 49.22 48.94 48.70 48.50 48.24 47.68 46.43 44.04 40.04 34.11 26.33 17.85 14.57 13.30 12.82 12.65 12.56 12.46 12.32 12.18 12.07 12.03 12.06 12.14 12.26 12.40 12.53 12.64 12.71 12.74 12.73 12.70 12.68 12.67 12.66 12.63 12.57 12.47 12.35 12.26 12.21 12.24 12.33 12.47 12.62 12.77 12.90 12.99 13.02 13.00 12.94 12.91 12.97 13.20 13.65 14.39 15.54 17.39 20.90 30.00 
40.00 46.62 50.22 52.12 52.96 53.15 53.01 52.79 52.63 52.60 52.66 52.75 52.79 52.76 52.65 52.51 52.37 52.21 51.99 51.68 51.25 50.73 50.18 49.71 49.44 49.48 49.85 50.49 51.28 52.09 52.82 53.42 53.92 54.36 54.76 55.14 55.45 55.65 55.68 55.49 55.06 54.38 53.50 52.51 51.58 50.88 50.55 50.63 51.09 51.78 52.52 53.16 53.58 53.76 53.72 53.52 53.21 52.85 52.50 52.24 52.14 52.22 52.47 52.80 53.08 53.17 52.95 52.39 51.56 50.64 49.81 49.22 48.95 48.95 49.15 49.48 49.94 50.50 51.09 51.60 51.88 51.86 51.53 50.94 50.14 49.16 48.01 46.76 45.52 44.47 43.75 43.44 43.52 43.89 44.44 45.07 45.70 46.29 46.83 47.29 47.64 47.87 47.96 47.93 47.77 47.52 47.22 46.90 46.65 46.51 46.48 46.56 46.68 46.82 46.96 47.13 47.34 47.57 47.76 47.81 47.66 47.29 46.77 46.26 45.94 45.96 46.43 47.32 48.48 49.66 50.58 51.09 51.16 50.91 50.53 50.14 49.79 49.44 49.05 48.60 48.14 47.73 47.46 47.33 47.21 46.76 45.48 42.72 37.78 30.00 18.52 0.85 0.36 0.32 0.31 0.30 0.30 0.30 0.30 0.29 0.29 0.29 0.29 0.29 0.29 0.30 0.30 0.30 0.30 0.30 0.30 0.30 0.30 0.30 0.30 0.30 0.30 0.30 0.30 0.29 0.29 0.29 0.29 0.30 0.30 0.31 0.31 0.31 0.31 0.31 0.31 0.31 0.31 0.32 0.33 0.34 0.37 0.43 1.24 33.00 
34.00 49.29 53.19 54.07 54.00 53.62 53.19 52.90 52.82 52.94 53.17 53.37 53.43 53.32 53.05 52.71 52.34 51.96 51.54 51.05 50.50 49.91 49.36 48.94 48.75 48.83 49.18 49.74 50.42 51.14 51.82 52.44 52.98 53.45 53.88 54.26 54.58 54.83 54.99 55.04 54.93 54.61 54.06 53.32 52.49 51.73 51.16 50.86 50.84 51.04 51.37 51.74 52.07 52.30 52.41 52.38 52.24 52.03 51.81 51.66 51.64 51.77 52.02 52.32 52.56 52.62 52.40 51.88 51.12 50.26 49.49 48.95 48.70 48.72 48.94 49.32 49.80 50.37 50.92 51.36 51.56 51.48 51.14 50.59 49.87 48.99 47.93 46.72 45.46 44.33 43.51 43.10 43.10 43.41 43.92 44.53 45.15 45.76 46.31 46.78 47.12 47.29 47.28 47.11 46.80 46.42 46.04 45.73 45.55 45.55 45.68 45.90 46.13 46.33 46.51 46.72 47.00 47.36 47.72 47.97 47.99 47.74 47.26 46.71 46.30 46.22 46.59 47.40 48.48 49.60 50.48 50.96 51.01 50.75 50.35 49.91 49.47 48.99 48.45 47.84 47.25 46.78 46.53 46.49 46.49 46.16 44.88 41.87 36.34 27.69 15.62 0.38 0.02 0.01 0.01 0.01 0.01 0.01 0.01 0.01 0.01 0.01 0.01 0.01 0.01 0.01 0.01 0.01 0.01 0.01 0.01 0.01 0.01 0.01 0.01 0.01 0.01 0.01 0.01 0.01 0.01 0.01 0.01 0.01 0.01 0.01 0.01 0.01 0.01 0.01 0.01 0.01 0.01 0.01 0.01 0.01 0.01 0.02 0.43 17.00 
73.00 63.04 58.70 56.40 54.90 53.80 53.04 52.65 52.62 52.86 53.23 53.54 53.63 53.47 53.08 52.57 52.02 51.46 50.87 50.24 49.57 48.92 48.38 48.03 47.90 48.01 48.32 48.76 49.31 49.91 50.54 51.17 51.77 52.32 52.79 53.20 53.53 53.82 54.10 54.35 54.54 54.57 54.36 53.91 53.27 52.55 51.85 51.25 50.79 50.52 50.42 50.48 50.66 50.89 51.10 51.21 51.20 51.09 50.95 50.85 50.85 50.97 51.19 51.46 51.67 51.74 51.58 51.16 50.53 49.81 49.14 48.68 48.47 48.53 48.78 49.18 49.68 50.22 50.72 51.06 51.14 50.94 50.52 49.94 49.24 48.41 47.41 46.24 45.01 43.90 43.07 42.66 42.66 42.98 43.50 44.12 44.77 45.41 46.00 46.50 46.86 47.02 46.96 46.69 46.27 45.78 45.32 45.00 44.89 45.00 45.28 45.63 45.94 46.16 46.33 46.52 46.80 47.21 47.70 48.13 48.35 48.26 47.88 47.37 46.93 46.79 47.07 47.80 48.81 49.85 50.67 51.10 51.12 50.83 50.37 49.85 49.29 48.68 48.00 47.30 46.65 46.18 45.98 46.04 46.17 45.94 44.66 41.50 35.66 26.65 14.57 0.35 0.01 0.00 0.00 0.00 0.00 0.00 0.00 0.00 0.00 0.00 0.00 0.00 0.00 0.00 0.00 0.00 0.00 0.00 0.00 0.00 0.00 0.00 0.00 0.00 0.00 0.00 0.00 0.00 0.00 0.00 0.00 0.00 0.00 0.00 0.00 0.00 0.00 0.00 0.00 0.00 0.00 0.00 0.00 0.00 0.00 0.01 0.57 23.00 
96.00 71.04 61.92 57.72 55.26 53.63 52.59 52.08 52.04 52.35 52.81 53.19 53.32 53.14 52.70 52.10 51.45 50.77 50.07 49.32 48.56 47.86 47.34 47.04 46.98 47.10 47.35 47.67 48.06 48.53 49.10 49.74 50.41 51.06 51.63 52.10 52.47 52.80 53.16 53.56 53.98 54.29 54.40 54.25 53.84 53.25 52.53 51.75 50.99 50.31 49.81 49.56 49.56 49.73 49.97 50.15 50.22 50.17 50.05 49.95 49.92 50.01 50.18 50.42 50.64 50.75 50.69 50.43 49.98 49.44 48.93 48.56 48.41 48.48 48.74 49.14 49.63 50.14 50.57 50.81 50.76 50.43 49.88 49.20 48.44 47.58 46.60 45.49 44.33 43.30 42.56 42.22 42.28 42.65 43.20 43.84 44.52 45.21 45.86 46.43 46.85 47.05 47.01 46.73 46.25 45.69 45.16 44.81 44.73 44.93 45.31 45.76 46.12 46.35 46.47 46.59 46.82 47.24 47.80 48.37 48.78 48.88 48.66 48.23 47.82 47.66 47.89 48.53 49.43 50.37 51.09 51.43 51.38 51.01 50.47 49.85 49.19 48.47 47.72 46.97 46.33 45.92 45.80 45.96 46.18 46.01 44.73 41.47 35.45 26.27 14.21 0.34 0.01 0.00 0.00 0.00 0.00 0.00 0.00 0.00 0.00 0.00 0.00 0.00 0.00 0.00 0.00 0.00 0.00 0.00 0.00 0.00 0.00 0.00 0.00 0.00 0.00 0.00 0.00 0.00 0.00 0.00 0.00 0.00 0.00 0.00 0.00 0.00 0.00 0.00 0.00 0.00 0.00 0.00 0.00 0.00 0.00 0.03 1.45 61.00 
65.00 63.19 60.25 57.39 54.99 53.16 51.93 51.30 51.20 51.49 51.96 52.37 52.54 52.39 51.96 51.36 50.69 49.98 49.22 48.41 47.59 46.87 46.34 46.08 46.06 46.19 46.38 46.59 46.85 47.21 47.71 48.37 49.13 49.90 50.59 51.14 51.56 51.92 52.32 52.82 53.38 53.90 54.25 54.35 54.18 53.77 53.14 52.32 51.36 50.40 49.58 49.04 48.83 48.90 49.11 49.31 49.40 49.36 49.24 49.10 49.02 49.05 49.18 49.40 49.65 49.86 49.94 49.87 49.64 49.30 48.95 48.68 48.56 48.63 48.86 49.23 49.69 50.16 50.54 50.69 50.55 50.09 49.41 48.60 47.72 46.79 45.79 44.72 43.66 42.76 42.16 41.93 42.06 42.47 43.04 43.69 44.39 45.10 45.82 46.47 46.99 47.30 47.34 47.10 46.64 46.04 45.47 45.09 45.02 45.26 45.71 46.22 46.62 46.85 46.92 46.96 47.12 47.50 48.09 48.76 49.33 49.61 49.55 49.25 48.91 48.76 48.96 49.51 50.27 51.04 51.58 51.77 51.60 51.15 50.53 49.85 49.12 48.35 47.58 46.86 46.27 45.94 45.91 46.14 46.42 46.26 44.94 41.60 35.46 26.18 14.10 0.34 0.01 0.00 0.00 0.00 0.00 0.00 0.00 0.00 0.00 0.00 0.00 0.00 0.00 0.00 0.00 0.00 0.00 0.00 0.00 0.00 0.00 0.00 0.00 0.00 0.00 0.00 0.00 0.00 0.00 0.00 0.00 0.00 0.00 0.00 0.00 0.00 0.00 0.00 0.00 0.00 0.00 0.00 0.00 0.00 0.00 0.05 2.11 91.00 
36.00 56.61 58.81 56.99 54.64 52.64 51.24 50.46 50.25 50.45 50.85 51.24 51.42 51.33 50.98 50.47 49.86 49.20 48.45 47.63 46.78 46.04 45.50 45.24 45.22 45.35 45.51 45.66 45.85 46.15 46.63 47.32 48.16 49.04 49.85 50.48 50.95 51.32 51.72 52.25 52.88 53.52 54.03 54.33 54.37 54.15 53.63 52.83 51.79 50.65 49.59 48.82 48.42 48.36 48.50 48.67 48.75 48.70 48.55 48.38 48.25 48.22 48.33 48.57 48.88 49.20 49.45 49.59 49.58 49.44 49.23 49.03 48.91 48.92 49.09 49.40 49.82 50.26 50.60 50.71 50.51 49.99 49.22 48.30 47.31 46.30 45.26 44.23 43.27 42.50 42.03 41.90 42.08 42.49 43.03 43.65 44.33 45.05 45.81 46.54 47.15 47.57 47.72 47.58 47.17 46.59 46.02 45.64 45.57 45.83 46.34 46.89 47.34 47.57 47.62 47.60 47.69 48.02 48.60 49.33 50.00 50.42 50.49 50.31 50.06 49.95 50.12 50.55 51.13 51.66 51.97 51.95 51.63 51.10 50.45 49.77 49.05 48.32 47.59 46.94 46.44 46.19 46.23 46.50 46.77 46.55 45.15 41.70 35.47 26.13 14.05 0.34 0.01 0.00 0.00 0.00 0.00 0.00 0.00 0.00 0.00 0.00 0.00 0.00 0.00 0.00 0.00 0.00 0.00 0.00 0.00 0.00 0.00 0.00 0.00 0.00 0.00 0.00 0.00 0.00 0.00 0.00 0.00 0.00 0.00 0.00 0.00 0.00 0.00 0.00 0.00 0.00 0.00 0.00 0.00 0.00 0.00 0.01 0.46 17.00 
91.00 68.77 61.94 57.84 54.68 52.31 50.68 49.73 49.35 49.40 49.68 50.00 50.18 50.15 49.92 49.55 49.09 48.53 47.86 47.07 46.22 45.45 44.86 44.55 44.49 44.59 44.75 44.92 45.12 45.45 45.98 46.74 47.66 48.64 49.52 50.20 50.67 51.02 51.41 51.92 52.57 53.26 53.87 54.29 54.47 54.37 53.95 53.18 52.10 50.85 49.64 48.71 48.16 47.99 48.05 48.17 48.23 48.17 48.01 47.81 47.66 47.61 47.73 48.00 48.40 48.85 49.27 49.59 49.77 49.78 49.67 49.50 49.33 49.26 49.34 49.58 49.96 50.38 50.71 50.81 50.61 50.08 49.30 48.35 47.31 46.25 45.20 44.20 43.33 42.67 42.30 42.22 42.40 42.75 43.20 43.73 44.34 45.03 45.77 46.52 47.19 47.68 47.92 47.88 47.56 47.07 46.55 46.21 46.17 46.48 47.03 47.65 48.15 48.43 48.49 48.45 48.50 48.77 49.32 50.04 50.75 51.24 51.41 51.31 51.13 51.05 51.17 51.46 51.82 52.06 52.09 51.84 51.38 50.80 50.18 49.57 48.96 48.34 47.74 47.20 46.80 46.63 46.70 46.95 47.14 46.81 45.28 41.71 35.40 26.04 13.99 0.34 0.01 0.00 0.00 0.00 0.00 0.00 0.00 0.00 0.00 0.00 0.00 0.00 0.00 0.00 0.00 0.00 0.00 0.00 0.00 0.00 0.00 0.00 0.00 0.00 0.00 0.00 0.00 0.00 0.00 0.00 0.00 0.00 0.00 0.00 0.00 0.00 0.00 0.00 0.00 0.00 0.00 0.00 0.00 0.00 0.00 0.02 1.07 46.00 
55.00 65.96 63.12 58.69 54.93 52.18 50.32 49.19 48.65 48.52 48.65 48.86 49.02 49.05 48.95 48.75 48.46 48.06 47.51 46.78 45.94 45.10 44.42 43.98 43.82 43.88 44.07 44.32 44.65 45.11 45.77 46.63 47.64 48.67 49.57 50.24 50.67 50.97 51.30 51.78 52.42 53.12 53.76 54.23 54.46 54.41 54.01 53.23 52.11 50.79 49.50 48.47 47.84 47.59 47.60 47.70 47.76 47.71 47.58 47.40 47.26 47.25 47.41 47.76 48.26 48.83 49.38 49.82 50.10 50.20 50.12 49.92 49.68 49.51 49.49 49.68 50.03 50.44 50.78 50.90 50.74 50.28 49.56 48.68 47.69 46.66 45.65 44.72 43.94 43.36 43.04 42.96 43.07 43.30 43.61 44.00 44.47 45.05 45.71 46.40 47.02 47.51 47.79 47.82 47.63 47.27 46.89 46.65 46.70 47.08 47.70 48.39 48.97 49.32 49.43 49.41 49.44 49.67 50.16 50.84 51.52 52.01 52.21 52.16 52.01 51.93 51.97 52.09 52.18 52.13 51.86 51.41 50.83 50.25 49.72 49.26 48.83 48.40 47.98 47.60 47.32 47.22 47.29 47.48 47.55 47.06 45.36 41.66 35.27 25.90 13.90 0.33 0.01 0.00 0.00 0.00 0.00 0.00 0.00 0.00 0.00 0.00 0.00 0.00 0.00 0.00 0.00 0.00 0.00 0.00 0.00 0.00 0.00 0.00 0.00 0.00 0.00 0.00 0.00 0.00 0.00 0.00 0.00 0.00 0.00 0.00 0.00 0.00 0.00 0.00 0.00 0.00 0.00 0.00 0.00 0.00 0.00 0.01 0.53 22.00 
99.00 77.54 66.87 60.02 55.35 52.20 50.15 48.89 48.20 47.92 47.89 47.99 48.11 48.19 48.21 48.18 48.07 47.85 47.43 46.78 45.93 44.99 44.14 43.53 43.22 43.20 43.42 43.80 44.32 44.98 45.83 46.83 47.93 48.99 49.86 50.46 50.80 51.01 51.26 51.68 52.27 52.95 53.59 54.05 54.26 54.16 53.70 52.87 51.69 50.34 49.01 47.95 47.29 47.02 47.02 47.15 47.25 47.27 47.21 47.11 47.05 47.12 47.37 47.83 48.43 49.09 49.70 50.18 50.48 50.57 50.45 50.18 49.84 49.58 49.50 49.65 49.99 50.41 50.75 50.91 50.81 50.45 49.88 49.16 48.33 47.44 46.56 45.75 45.07 44.57 44.27 44.16 44.16 44.23 44.34 44.53 44.81 45.22 45.71 46.24 46.72 47.10 47.35 47.44 47.37 47.20 47.02 46.96 47.14 47.61 48.31 49.07 49.73 50.16 50.34 50.37 50.40 50.59 51.02 51.62 52.23 52.66 52.84 52.79 52.64 52.51 52.44 52.37 52.21 51.87 51.35 50.72 50.08 49.52 49.12 48.84 48.64 48.46 48.27 48.10 47.97 47.94 48.02 48.13 48.07 47.41 45.52 41.66 35.17 25.77 13.82 0.33 0.01 0.00 0.00 0.00 0.00 0.00 0.00 0.00 0.00 0.00 0.00 0.00 0.00 0.00 0.00 0.00 0.00 0.00 0.00 0.00 0.00 0.00 0.00 0.00 0.00 0.00 0.00 0.00 0.00 0.00 0.00 0.00 0.00 0.00 0.00 0.00 0.00 0.00 0.00 0.00 0.00 0.00 0.00 0.00 0.00 0.00 0.11 3.00 
94.00 78.95 67.90 60.45 55.51 52.26 50.15 48.82 48.04 47.63 47.49 47.49 47.57 47.67 47.79 47.91 47.98 47.92 47.62 47.04 46.16 45.11 44.06 43.21 42.71 42.59 42.82 43.31 44.02 44.91 45.95 47.11 48.29 49.35 50.16 50.66 50.89 50.98 51.12 51.44 51.96 52.58 53.16 53.58 53.72 53.53 52.98 52.07 50.85 49.48 48.17 47.13 46.49 46.23 46.27 46.46 46.65 46.78 46.84 46.87 46.95 47.16 47.55 48.12 48.81 49.51 50.12 50.57 50.80 50.81 50.60 50.23 49.82 49.49 49.36 49.50 49.84 50.26 50.60 50.77 50.73 50.50 50.13 49.65 49.07 48.44 47.78 47.15 46.62 46.22 45.95 45.78 45.66 45.54 45.44 45.40 45.46 45.64 45.91 46.20 46.46 46.66 46.81 46.92 46.99 47.03 47.09 47.25 47.59 48.15 48.90 49.70 50.40 50.88 51.12 51.18 51.23 51.40 51.77 52.28 52.78 53.13 53.25 53.17 53.00 52.82 52.64 52.39 51.99 51.42 50.70 49.94 49.26 48.75 48.46 48.37 48.41 48.50 48.59 48.66 48.72 48.80 48.90 48.97 48.79 47.97 45.89 41.85 35.22 25.74 13.78 0.33 0.01 0.00 0.00 0.00 0.00 0.00 0.00 0.00 0.00 0.00 0.00 0.00 0.00 0.00 0.00 0.00 0.00 0.00 0.00 0.00 0.00 0.00 0.00 0.00 0.00 0.00 0.00 0.00 0.00 0.00 0.00 0.00 0.00 0.00 0.00 0.00 0.00 0.00 0.00 0.00 0.00 0.00 0.00 0.00 0.00 0.03 1.37 58.00 
93.00 76.97 66.39 59.64 55.21 52.25 50.28 48.98 48.15 47.67 47.43 47.36 47.40 47.53 47.73 47.97 48.18 48.26 48.08 47.54 46.63 45.45 44.21 43.13 42.42 42.16 42.35 42.90 43.74 44.79 45.99 47.27 48.51 49.56 50.31 50.71 50.82 50.79 50.80 50.99 51.38 51.90 52.39 52.73 52.80 52.54 51.91 50.95 49.72 48.38 47.13 46.15 45.55 45.34 45.42 45.68 45.97 46.24 46.45 46.66 46.91 47.29 47.83 48.51 49.26 49.97 50.53 50.88 51.00 50.89 50.57 50.12 49.64 49.27 49.14 49.27 49.59 49.98 50.29 50.45 50.46 50.37 50.23 50.04 49.80 49.49 49.13 48.76 48.42 48.14 47.91 47.71 47.47 47.19 46.88 46.61 46.44 46.39 46.42 46.45 46.45 46.44 46.45 46.55 46.74 47.00 47.31 47.69 48.17 48.79 49.53 50.30 50.97 51.44 51.68 51.76 51.81 51.98 52.30 52.72 53.12 53.37 53.43 53.33 53.15 52.94 52.67 52.27 51.70 50.95 50.10 49.25 48.54 48.06 47.85 47.91 48.17 48.54 48.93 49.28 49.55 49.78 49.95 50.03 49.78 48.81 46.53 42.27 35.45 25.84 13.81 0.33 0.01 0.00 0.00 0.00 0.00 0.00 0.00 0.00 0.00 0.00 0.00 0.00 0.00 0.00 0.00 0.00 0.00 0.00 0.00 0.00 0.00 0.00 0.00 0.00 0.00 0.00 0.00 0.00 0.00 0.00 0.00 0.00 0.00 0.00 0.00 0.00 0.00 0.00 0.00 0.00 0.00 0.00 0.00 0.00 0.00 0.05 1.99 86.00 
96.00 70.07 61.93 57.58 54.50 52.19 50.51 49.31 48.49 47.96 47.65 47.53 47.55 47.70 47.98 48.32 48.65 48.83 48.73 48.22 47.29 46.02 44.62 43.36 42.46 42.05 42.14 42.66 43.52 44.63 45.91 47.24 48.50 49.53 50.22 50.55 50.57 50.44 50.33 50.38 50.61 50.97 51.34 51.59 51.61 51.31 50.68 49.73 48.57 47.32 46.17 45.27 44.72 44.54 44.66 44.96 45.34 45.73 46.09 46.45 46.88 47.42 48.10 48.87 49.66 50.33 50.81 51.04 51.03 50.81 50.41 49.90 49.39 49.02 48.88 49.00 49.28 49.59 49.83 49.95 50.01 50.06 50.16 50.30 50.42 50.48 50.46 50.38 50.26 50.12 49.95 49.73 49.41 49.00 48.52 48.06 47.70 47.45 47.27 47.08 46.85 46.62 46.50 46.57 46.85 47.30 47.82 48.38 48.97 49.59 50.26 50.91 51.46 51.83 52.01 52.05 52.10 52.26 52.55 52.91 53.23 53.41 53.43 53.34 53.19 52.97 52.66 52.17 51.48 50.61 49.66 48.76 48.01 47.52 47.35 47.52 47.97 48.59 49.28 49.91 50.42 50.83 51.12 51.24 50.96 49.88 47.40 42.90 35.84 26.05 13.89 0.33 0.01 0.00 0.00 0.00 0.00 0.00 0.00 0.00 0.00 0.00 0.00 0.00 0.00 0.00 0.00 0.00 0.00 0.00 0.00 0.00 0.00 0.00 0.00 0.00 0.00 0.00 0.00 0.00 0.00 0.00 0.00 0.00 0.00 0.00 0.00 0.00 0.00 0.00 0.00 0.00 0.00 0.00 0.00 0.00 0.00 0.01 0.27 8.00 
7.00 45.73 54.31 54.99 53.72 52.16 50.80 49.73 48.93 48.38 48.03 47.87 47.89 48.07 48.41 48.83 49.25 49.51 49.46 48.99 48.05 46.74 45.27 43.91 42.88 42.33 42.29 42.70 43.47 44.52 45.76 47.06 48.29 49.28 49.92 50.21 50.20 50.04 49.86 49.78 49.85 50.03 50.26 50.41 50.40 50.13 49.56 48.72 47.69 46.59 45.57 44.76 44.26 44.10 44.22 44.54 44.96 45.40 45.85 46.33 46.87 47.52 48.29 49.12 49.91 50.53 50.91 51.04 50.93 50.63 50.18 49.65 49.15 48.79 48.65 48.72 48.91 49.11 49.25 49.33 49.43 49.64 49.99 50.44 50.92 51.34 51.66 51.86 51.96 51.94 51.83 51.60 51.24 50.74 50.15 49.57 49.07 48.70 48.38 48.04 47.64 47.25 47.02 47.05 47.39 47.96 48.64 49.31 49.94 50.52 51.06 51.53 51.89 52.09 52.14 52.11 52.12 52.27 52.54 52.87 53.15 53.32 53.36 53.32 53.23 53.06 52.73 52.19 51.42 50.47 49.45 48.49 47.69 47.16 46.98 47.21 47.80 48.65 49.60 50.49 51.24 51.83 52.26 52.44 52.16 50.97 48.32 43.59 36.28 26.29 13.99 0.33 0.01 0.00 0.00 0.00 0.00 0.00 0.00 0.00 0.00 0.00 0.00 0.00 0.00 0.00 0.00 0.00 0.00 0.00 0.00 0.00 0.00 0.00 0.00 0.00 0.00 0.00 0.00 0.00 0.00 0.00 0.00 0.00 0.00 0.00 0.00 0.00 0.00 0.00 0.00 0.00 0.00 0.00 0.00 0.00 0.00 0.04 1.80 77.00 
39.00 51.72 54.89 54.72 53.57 52.27 51.10 50.13 49.37 48.81 48.44 48.26 48.27 48.48 48.87 49.36 49.83 50.14 50.12 49.68 48.78 47.51 46.07 44.70 43.63 42.98 42.80 43.04 43.65 44.55 45.66 46.86 47.98 48.90 49.51 49.80 49.83 49.71 49.53 49.38 49.32 49.34 49.42 49.50 49.47 49.26 48.81 48.14 47.29 46.37 45.51 44.81 44.37 44.21 44.31 44.60 45.00 45.44 45.90 46.38 46.95 47.63 48.42 49.25 50.00 50.57 50.88 50.93 50.75 50.42 49.96 49.45 48.98 48.64 48.47 48.47 48.54 48.60 48.63 48.68 48.85 49.22 49.79 50.53 51.32 52.06 52.67 53.11 53.37 53.46 53.39 53.16 52.76 52.21 51.57 50.92 50.37 49.93 49.56 49.17 48.70 48.24 47.93 47.91 48.25 48.86 49.60 50.31 50.93 51.42 51.80 52.08 52.22 52.23 52.12 52.00 51.96 52.08 52.35 52.68 52.97 53.17 53.30 53.37 53.39 53.28 52.96 52.37 51.53 50.50 49.42 48.39 47.52 46.93 46.72 46.96 47.64 48.66 49.81 50.92 51.86 52.60 53.13 53.38 53.08 51.82 49.03 44.10 36.61 26.46 14.05 0.34 0.01 0.00 0.00 0.00 0.00 0.00 0.00 0.00 0.00 0.00 0.00 0.00 0.00 0.00 0.00 0.00 0.00 0.00 0.00 0.00 0.00 0.00 0.00 0.00 0.00 0.00 0.00 0.00 0.00 0.00 0.00 0.00 0.00 0.00 0.00 0.00 0.00 0.00 0.00 0.00 0.00 0.00 0.00 0.00 0.00 0.05 2.09 89.00 
93.00 67.33 58.89 55.52 53.67 52.35 51.28 50.42 49.72 49.18 48.80 48.60 48.61 48.83 49.24 49.76 50.26 50.58 50.58 50.16 49.33 48.17 46.85 45.58 44.55 43.86 43.56 43.64 44.06 44.77 45.70 46.73 47.72 48.53 49.11 49.43 49.55 49.53 49.43 49.29 49.17 49.08 49.05 49.06 49.04 48.90 48.59 48.08 47.43 46.71 46.02 45.45 45.08 44.94 45.03 45.27 45.60 45.96 46.32 46.72 47.20 47.81 48.54 49.31 50.01 50.52 50.79 50.80 50.62 50.29 49.87 49.40 48.95 48.61 48.40 48.29 48.21 48.13 48.07 48.12 48.37 48.89 49.67 50.63 51.65 52.62 53.44 54.06 54.44 54.59 54.53 54.28 53.86 53.29 52.63 51.96 51.39 50.96 50.62 50.26 49.82 49.36 49.02 48.95 49.22 49.77 50.45 51.12 51.67 52.06 52.30 52.40 52.37 52.22 51.99 51.77 51.68 51.76 52.02 52.37 52.72 53.03 53.30 53.53 53.68 53.64 53.32 52.67 51.74 50.63 49.46 48.37 47.44 46.78 46.52 46.75 47.46 48.56 49.82 51.05 52.10 52.92 53.51 53.78 53.47 52.16 49.27 44.25 36.67 26.45 14.04 0.34 0.01 0.00 0.00 0.00 0.00 0.00 0.00 0.00 0.00 0.00 0.00 0.00 0.00 0.00 0.00 0.00 0.00 0.00 0.00 0.00 0.00 0.00 0.00 0.00 0.00 0.00 0.00 0.00 0.00 0.00 0.00 0.00 0.00 0.00 0.00 0.00 0.00 0.00 0.00 0.00 0.00 0.00 0.00 0.00 0.00 0.03 1.19 49.00 
92.00 65.72 57.81 54.81 53.24 52.16 51.30 50.58 49.97 49.48 49.10 48.88 48.85 49.05 49.46 49.98 50.47 50.76 50.74 50.35 49.60 48.59 47.46 46.37 45.45 44.78 44.42 44.36 44.60 45.13 45.87 46.72 47.56 48.27 48.81 49.18 49.41 49.53 49.55 49.50 49.38 49.26 49.18 49.15 49.13 49.05 48.84 48.49 48.01 47.48 46.97 46.55 46.29 46.21 46.30 46.50 46.74 46.95 47.15 47.36 47.65 48.10 48.69 49.36 50.00 50.47 50.73 50.77 50.63 50.35 49.97 49.54 49.11 48.75 48.46 48.22 47.99 47.77 47.65 47.71 48.06 48.73 49.66 50.76 51.92 53.02 53.97 54.68 55.12 55.28 55.20 54.92 54.47 53.89 53.21 52.55 52.01 51.63 51.37 51.12 50.80 50.41 50.07 49.93 50.06 50.44 50.96 51.48 51.90 52.18 52.32 52.32 52.20 51.98 51.69 51.44 51.30 51.35 51.59 51.95 52.38 52.83 53.30 53.73 54.02 54.05 53.71 52.98 51.95 50.74 49.51 48.36 47.39 46.69 46.38 46.56 47.23 48.31 49.57 50.80 51.85 52.67 53.24 53.47 53.13 51.79 48.90 43.89 36.35 26.21 13.90 0.33 0.01 0.00 0.00 0.00 0.00 0.00 0.00 0.00 0.00 0.00 0.00 0.00 0.00 0.00 0.00 0.00 0.00 0.00 0.00 0.00 0.00 0.00 0.00 0.00 0.00 0.00 0.00 0.00 0.00 0.00 0.00 0.00 0.00 0.00 0.00 0.00 0.00 0.00 0.00 0.00 0.00 0.00 0.00 0.00 0.00 0.03 1.40 59.00 
15.00 45.78 51.86 52.71 52.41 51.85 51.27 50.72 50.21 49.75 49.37 49.10 49.02 49.17 49.54 50.02 50.46 50.69 50.61 50.21 49.53 48.69 47.78 46.91 46.16 45.57 45.19 45.04 45.16 45.52 46.10 46.79 47.48 48.11 48.62 49.04 49.37 49.64 49.80 49.86 49.82 49.74 49.67 49.63 49.62 49.56 49.41 49.16 48.82 48.45 48.12 47.87 47.76 47.78 47.92 48.09 48.23 48.29 48.27 48.23 48.28 48.49 48.89 49.43 49.98 50.44 50.73 50.85 50.80 50.61 50.29 49.89 49.47 49.06 48.67 48.29 47.92 47.59 47.42 47.52 47.96 48.73 49.74 50.91 52.10 53.24 54.21 54.94 55.37 55.50 55.37 55.03 54.54 53.93 53.27 52.63 52.14 51.85 51.73 51.65 51.50 51.23 50.91 50.66 50.59 50.71 50.96 51.25 51.49 51.65 51.71 51.69 51.59 51.41 51.18 50.96 50.83 50.84 51.03 51.39 51.89 52.50 53.17 53.79 54.23 54.32 53.96 53.17 52.05 50.78 49.51 48.36 47.39 46.68 46.33 46.44 47.01 47.96 49.10 50.20 51.14 51.84 52.30 52.44 52.05 50.70 47.87 42.99 35.63 25.71 13.64 0.33 0.01 0.00 0.00 0.00 0.00 0.00 0.00 0.00 0.00 0.00 0.00 0.00 0.00 0.00 0.00 0.00 0.00 0.00 0.00 0.00 0.00 0.00 0.00 0.00 0.00 0.00 0.00 0.00 0.00 0.00 0.00 0.00 0.00 0.00 0.00 0.00 0.00 0.00 0.00 0.00 0.00 0.00 0.00 0.00 0.00 0.03 1.40 59.00 
58.00 50.63 51.31 51.99 52.08 51.82 51.44 51.00 50.55 50.08 49.64 49.29 49.12 49.20 49.50 49.92 50.28 50.41 50.24 49.79 49.16 48.46 47.77 47.14 46.59 46.13 45.79 45.60 45.61 45.84 46.28 46.83 47.43 47.99 48.49 48.95 49.36 49.73 50.01 50.19 50.25 50.25 50.24 50.24 50.23 50.18 50.05 49.84 49.59 49.35 49.18 49.12 49.18 49.35 49.57 49.75 49.82 49.72 49.48 49.18 48.95 48.90 49.07 49.44 49.91 50.36 50.73 50.97 51.05 50.98 50.75 50.40 49.97 49.51 49.03 48.53 48.04 47.63 47.43 47.56 48.05 48.86 49.89 51.02 52.16 53.23 54.14 54.81 55.16 55.21 54.99 54.57 54.03 53.42 52.78 52.22 51.82 51.67 51.72 51.84 51.88 51.73 51.43 51.07 50.75 50.53 50.44 50.42 50.44 50.47 50.49 50.51 50.51 50.48 50.41 50.32 50.25 50.25 50.39 50.71 51.24 51.96 52.80 53.60 54.16 54.31 53.96 53.13 51.98 50.70 49.47 48.39 47.49 46.83 46.47 46.49 46.91 47.65 48.54 49.40 50.10 50.59 50.86 50.86 50.39 49.06 46.34 41.66 34.58 25.00 13.28 0.32 0.01 0.00 0.00 0.00 0.00 0.00 0.00 0.00 0.00 0.00 0.00 0.00 0.00 0.00 0.00 0.00 0.00 0.00 0.00 0.00 0.00 0.00 0.00 0.00 0.00 0.00 0.00 0.00 0.00 0.00 0.00 0.00 0.00 0.00 0.00 0.00 0.00 0.00 0.00 0.00 0.00 0.00 0.00 0.00 0.00 0.03 1.26 52.00 
39.00 47.59 51.02 52.23 52.47 52.30 51.96 51.53 51.03 50.48 49.92 49.45 49.16 49.15 49.38 49.73 49.99 50.00 49.71 49.19 48.58 48.00 47.51 47.13 46.79 46.49 46.21 46.00 45.93 46.04 46.35 46.80 47.31 47.83 48.33 48.81 49.26 49.68 50.02 50.28 50.45 50.55 50.63 50.69 50.70 50.65 50.50 50.30 50.10 49.96 49.93 50.04 50.29 50.62 50.94 51.16 51.18 50.97 50.55 50.02 49.52 49.20 49.13 49.32 49.70 50.16 50.62 51.01 51.26 51.33 51.21 50.92 50.51 50.03 49.49 48.92 48.37 47.92 47.71 47.84 48.33 49.11 50.07 51.08 52.08 52.99 53.74 54.26 54.48 54.39 54.06 53.57 53.01 52.42 51.87 51.44 51.21 51.23 51.47 51.77 51.97 51.93 51.62 51.11 50.53 49.97 49.51 49.16 48.94 48.83 48.83 48.92 49.08 49.27 49.45 49.56 49.61 49.64 49.73 49.98 50.49 51.25 52.19 53.11 53.78 53.99 53.66 52.85 51.75 50.56 49.45 48.51 47.76 47.20 46.87 46.82 47.05 47.52 48.08 48.60 48.98 49.19 49.22 49.03 48.46 47.14 44.56 40.13 33.39 24.18 12.86 0.31 0.01 0.00 0.00 0.00 0.00 0.00 0.00 0.00 0.00 0.00 0.00 0.00 0.00 0.00 0.00 0.00 0.00 0.00 0.00 0.00 0.00 0.00 0.00 0.00 0.00 0.00 0.00 0.00 0.00 0.00 0.00 0.00 0.00 0.00 0.00 0.00 0.00 0.00 0.00 0.00 0.00 0.00 0.00 0.00 0.00 0.05 1.99 85.00 
35.00 49.90 53.28 53.85 53.68 53.30 52.83 52.28 51.63 50.91 50.17 49.54 49.13 49.02 49.18 49.46 49.62 49.51 49.10 48.51 47.90 47.43 47.14 46.98 46.87 46.72 46.52 46.30 46.14 46.13 46.30 46.64 47.08 47.57 48.05 48.52 48.96 49.37 49.72 50.02 50.27 50.49 50.68 50.82 50.87 50.81 50.65 50.43 50.24 50.15 50.22 50.48 50.89 51.37 51.80 52.07 52.08 51.80 51.25 50.54 49.84 49.28 48.99 49.00 49.28 49.75 50.32 50.86 51.29 51.52 51.52 51.32 50.97 50.52 50.00 49.43 48.88 48.44 48.24 48.36 48.80 49.48 50.28 51.09 51.85 52.52 53.03 53.32 53.36 53.13 52.71 52.18 51.63 51.15 50.76 50.53 50.52 50.74 51.14 51.58 51.86 51.85 51.49 50.84 50.02 49.16 48.37 47.72 47.27 47.03 47.00 47.17 47.50 47.94 48.39 48.77 49.00 49.10 49.17 49.35 49.78 50.52 51.47 52.44 53.16 53.42 53.15 52.43 51.45 50.43 49.52 48.80 48.25 47.85 47.58 47.47 47.51 47.67 47.87 48.02 48.04 47.93 47.70 47.31 46.63 45.31 42.86 38.67 32.25 23.41 12.48 0.30 0.01 0.00 0.00 0.00 0.00 0.00 0.00 0.00 0.00 0.00 0.00 0.00 0.00 0.00 0.00 0.00 0.00 0.00 0.00 0.00 0.00 0.00 0.00 0.00 0.00 0.00 0.00 0.00 0.00 0.00 0.00 0.00 0.00 0.00 0.00 0.00 0.00 0.00 0.00 0.00 0.00 0.00 0.00 0.00 0.00 0.03 1.11 45.00 
82.00 63.89 58.62 56.52 55.38 54.57 53.84 53.08 52.21 51.27 50.33 49.54 49.01 48.82 48.92 49.12 49.20 48.99 48.49 47.85 47.27 46.91 46.79 46.85 46.93 46.93 46.79 46.54 46.29 46.14 46.17 46.39 46.76 47.19 47.64 48.06 48.44 48.78 49.10 49.41 49.73 50.06 50.36 50.60 50.71 50.67 50.48 50.23 50.02 49.94 50.08 50.44 50.96 51.55 52.06 52.36 52.37 52.06 51.45 50.65 49.80 49.07 48.60 48.47 48.68 49.16 49.82 50.51 51.09 51.46 51.58 51.48 51.22 50.85 50.42 49.96 49.51 49.16 49.00 49.11 49.45 49.96 50.53 51.06 51.52 51.87 52.08 52.11 51.95 51.59 51.12 50.62 50.19 49.89 49.75 49.78 50.00 50.40 50.90 51.36 51.61 51.54 51.09 50.32 49.33 48.25 47.22 46.35 45.72 45.36 45.30 45.52 45.99 46.65 47.38 48.03 48.48 48.71 48.80 48.93 49.27 49.92 50.81 51.75 52.47 52.77 52.58 51.98 51.18 50.37 49.72 49.26 48.95 48.73 48.55 48.38 48.23 48.10 47.95 47.74 47.43 47.03 46.56 45.99 45.20 43.88 41.53 37.54 31.38 22.83 12.18 0.29 0.01 0.00 0.00 0.00 0.00 0.00 0.00 0.00 0.00 0.00 0.00 0.00 0.00 0.00 0.00 0.00 0.00 0.00 0.00 0.00 0.00 0.00 0.00 0.00 0.00 0.00 0.00 0.00 0.00 0.00 0.00 0.00 0.00 0.00 0.00 0.00 0.00 0.00 0.00 0.00 0.00 0.00 0.00 0.00 0.00 0.04 1.69 71.00 
70.00 65.15 60.97 58.39 56.79 55.66 54.69 53.69 52.60 51.45 50.35 49.42 48.81 48.57 48.61 48.74 48.74 48.46 47.91 47.28 46.76 46.51 46.55 46.78 47.02 47.13 47.02 46.73 46.38 46.10 46.00 46.11 46.39 46.76 47.14 47.49 47.78 48.04 48.30 48.61 48.99 49.42 49.84 50.18 50.35 50.31 50.10 49.81 49.56 49.48 49.64 50.05 50.62 51.25 51.77 52.07 52.07 51.74 51.12 50.29 49.38 48.57 48.00 47.79 47.96 48.47 49.21 50.00 50.68 51.14 51.33 51.31 51.15 50.92 50.65 50.37 50.11 49.93 49.87 49.98 50.22 50.53 50.82 51.03 51.13 51.13 51.01 50.79 50.45 50.03 49.59 49.22 48.98 48.94 49.08 49.39 49.82 50.33 50.82 51.18 51.28 51.06 50.49 49.62 48.55 47.38 46.24 45.25 44.50 44.05 43.94 44.18 44.74 45.56 46.50 47.40 48.08 48.48 48.65 48.77 49.03 49.56 50.34 51.18 51.86 52.17 52.05 51.60 50.99 50.43 50.03 49.83 49.76 49.72 49.61 49.39 49.07 48.69 48.24 47.73 47.17 46.56 45.92 45.22 44.35 43.02 40.73 36.87 30.87 22.50 12.02 0.29 0.01 0.00 0.00 0.00 0.00 0.00 0.00 0.00 0.00 0.00 0.00 0.00 0.00 0.00 0.00 0.00 0.00 0.00 0.00 0.00 0.00 0.00 0.00 0.00 0.00 0.00 0.00 0.00 0.00 0.00 0.00 0.00 0.00 0.00 0.00 0.00 0.00 0.00 0.00 0.00 0.00 0.00 0.00 0.00 0.00 0.05 2.20 93.00 
75.00 65.80 61.77 59.26 57.53 56.23 55.09 53.92 52.67 51.39 50.19 49.21 48.58 48.30 48.28 48.33 48.25 47.92 47.38 46.80 46.37 46.24 46.41 46.76 47.10 47.26 47.15 46.83 46.40 46.03 45.84 45.87 46.08 46.39 46.69 46.94 47.13 47.31 47.53 47.85 48.28 48.81 49.33 49.75 49.96 49.92 49.68 49.34 49.05 48.95 49.12 49.53 50.09 50.66 51.11 51.34 51.28 50.93 50.32 49.52 48.64 47.84 47.27 47.06 47.26 47.82 48.61 49.45 50.15 50.61 50.80 50.81 50.73 50.64 50.58 50.55 50.56 50.60 50.71 50.86 51.02 51.13 51.13 50.99 50.74 50.39 49.98 49.54 49.10 48.70 48.38 48.22 48.24 48.47 48.88 49.42 49.99 50.52 50.89 51.04 50.91 50.48 49.78 48.87 47.80 46.67 45.54 44.53 43.72 43.22 43.06 43.28 43.87 44.77 45.84 46.91 47.79 48.36 48.66 48.81 49.02 49.43 50.06 50.77 51.36 51.65 51.60 51.29 50.87 50.52 50.36 50.39 50.52 50.61 50.55 50.28 49.82 49.22 48.56 47.86 47.15 46.44 45.71 44.96 44.05 42.71 40.45 36.64 30.71 22.40 11.98 0.29 0.01 0.00 0.00 0.00 0.00 0.00 0.00 0.00 0.00 0.00 0.00 0.00 0.00 0.00 0.00 0.00 0.00 0.00 0.00 0.00 0.00 0.00 0.00 0.00 0.00 0.00 0.00 0.00 0.00 0.00 0.00 0.00 0.00 0.00 0.00 0.00 0.00 0.00 0.00 0.00 0.00 0.00 0.00 0.00 0.00 0.05 2.04 86.00 
50.00 61.27 61.01 59.18 57.51 56.15 54.92 53.67 52.36 51.05 49.87 48.94 48.33 48.04 47.96 47.92 47.76 47.39 46.88 46.38 46.06 46.04 46.31 46.72 47.09 47.25 47.14 46.79 46.35 45.96 45.75 45.75 45.92 46.17 46.39 46.55 46.66 46.78 46.98 47.33 47.83 48.44 49.03 49.49 49.71 49.65 49.36 48.98 48.67 48.56 48.71 49.08 49.56 50.01 50.30 50.38 50.21 49.81 49.22 48.48 47.69 46.99 46.52 46.41 46.70 47.32 48.14 48.95 49.58 49.95 50.06 50.04 50.00 50.04 50.20 50.44 50.75 51.08 51.38 51.62 51.73 51.65 51.39 50.94 50.36 49.72 49.09 48.54 48.09 47.81 47.69 47.78 48.06 48.53 49.15 49.82 50.43 50.88 51.07 50.96 50.55 49.90 49.09 48.19 47.22 46.21 45.18 44.23 43.43 42.90 42.69 42.87 43.44 44.33 45.45 46.60 47.60 48.32 48.73 48.95 49.15 49.46 49.93 50.47 50.93 51.19 51.18 50.98 50.72 50.56 50.58 50.78 51.04 51.22 51.18 50.85 50.27 49.54 48.75 47.97 47.22 46.51 45.80 45.05 44.13 42.78 40.50 36.69 30.76 22.44 12.00 0.29 0.01 0.00 0.00 0.00 0.00 0.00 0.00 0.00 0.00 0.00 0.00 0.00 0.00 0.00 0.00 0.00 0.00 0.00 0.00 0.00 0.00 0.00 0.00 0.00 0.00 0.00 0.00 0.00 0.00 0.00 0.00 0.00 0.00 0.00 0.00 0.00 0.00 0.00 0.00 0.00 0.00 0.00 0.00 0.00 0.00 0.04 1.48 61.00 
91.00 68.27 61.78 58.75 56.83 55.41 54.18 52.96 51.71 50.50 49.44 48.63 48.11 47.84 47.70 47.55 47.28 46.87 46.39 45.99 45.79 45.87 46.18 46.60 46.95 47.10 46.98 46.67 46.27 45.95 45.79 45.81 45.97 46.15 46.30 46.38 46.43 46.54 46.77 47.18 47.75 48.41 49.04 49.50 49.69 49.58 49.25 48.83 48.51 48.41 48.54 48.85 49.19 49.45 49.53 49.41 49.09 48.62 48.02 47.35 46.69 46.15 45.86 45.92 46.34 47.04 47.85 48.58 49.07 49.27 49.25 49.14 49.11 49.26 49.60 50.11 50.71 51.32 51.85 52.19 52.26 52.04 51.55 50.84 50.02 49.19 48.46 47.90 47.56 47.46 47.59 47.92 48.42 49.05 49.75 50.44 51.01 51.32 51.30 50.93 50.27 49.44 48.57 47.72 46.90 46.06 45.20 44.34 43.58 43.03 42.79 42.92 43.43 44.28 45.34 46.48 47.50 48.29 48.81 49.10 49.29 49.52 49.84 50.21 50.53 50.73 50.74 50.63 50.49 50.45 50.58 50.87 51.20 51.42 51.36 50.99 50.34 49.55 48.73 47.97 47.29 46.65 46.01 45.31 44.40 43.02 40.69 36.83 30.85 22.50 12.03 0.29 0.01 0.00 0.00 0.00 0.00 0.00 0.00 0.00 0.00 0.00 0.00 0.00 0.00 0.00 0.00 0.00 0.00 0.00 0.00 0.00 0.00 0.00 0.00 0.00 0.00 0.00 0.00 0.00 0.00 0.00 0.00 0.00 0.00 0.00 0.00 0.00 0.00 0.00 0.00 0.00 0.00 0.00 0.00 0.00 0.00 0.05 2.23 95.00 
44.00 59.05 59.09 57.13 55.40 54.08 52.97 51.90 50.83 49.81 48.95 48.33 47.95 47.72 47.52 47.25 46.87 46.40 45.96 45.66 45.58 45.74 46.07 46.45 46.75 46.86 46.76 46.52 46.25 46.05 45.99 46.06 46.20 46.32 46.39 46.41 46.45 46.59 46.89 47.37 48.01 48.71 49.35 49.78 49.92 49.76 49.37 48.94 48.62 48.52 48.63 48.84 49.03 49.08 48.94 48.62 48.15 47.59 46.98 46.37 45.83 45.47 45.39 45.64 46.21 46.97 47.74 48.35 48.67 48.69 48.51 48.32 48.28 48.49 48.99 49.70 50.55 51.40 52.11 52.54 52.59 52.24 51.56 50.66 49.69 48.80 48.09 47.66 47.51 47.65 48.02 48.55 49.18 49.86 50.54 51.15 51.60 51.76 51.56 50.99 50.16 49.22 48.33 47.56 46.90 46.25 45.55 44.80 44.08 43.52 43.25 43.33 43.79 44.55 45.51 46.53 47.49 48.28 48.83 49.17 49.37 49.53 49.72 49.94 50.14 50.27 50.29 50.23 50.16 50.18 50.35 50.65 50.98 51.18 51.10 50.72 50.07 49.32 48.57 47.92 47.36 46.84 46.30 45.63 44.72 43.27 40.87 36.92 30.89 22.50 12.02 0.29 0.01 0.00 0.00 0.00 0.00 0.00 0.00 0.00 0.00 0.00 0.00 0.00 0.00 0.00 0.00 0.00 0.00 0.00 0.00 0.00 0.00 0.00 0.00 0.00 0.00 0.00 0.00 0.00 0.00 0.00 0.00 0.00 0.00 0.00 0.00 0.00 0.00 0.00 0.00 0.00 0.00 0.00 0.00 0.00 0.00 0.04 1.76 73.00 
81.00 64.95 58.52 55.33 53.52 52.36 51.48 50.66 49.83 49.07 48.46 48.06 47.83 47.67 47.45 47.08 46.59 46.08 45.67 45.47 45.51 45.74 46.07 46.38 46.60 46.66 46.59 46.45 46.32 46.28 46.33 46.44 46.55 46.61 46.61 46.60 46.66 46.86 47.25 47.82 48.51 49.23 49.86 50.27 50.37 50.16 49.75 49.30 48.97 48.86 48.92 49.03 49.07 48.94 48.63 48.16 47.59 46.96 46.32 45.73 45.29 45.07 45.17 45.59 46.26 47.05 47.76 48.24 48.39 48.25 47.97 47.72 47.68 47.94 48.53 49.38 50.39 51.40 52.22 52.69 52.70 52.24 51.42 50.40 49.38 48.53 47.96 47.73 47.83 48.22 48.80 49.47 50.14 50.78 51.36 51.83 52.13 52.16 51.84 51.17 50.25 49.27 48.40 47.72 47.20 46.72 46.17 45.51 44.81 44.23 43.92 43.96 44.36 45.02 45.84 46.71 47.53 48.24 48.78 49.14 49.34 49.46 49.56 49.67 49.78 49.86 49.89 49.86 49.83 49.84 49.97 50.21 50.47 50.62 50.54 50.18 49.63 49.01 48.44 47.97 47.57 47.17 46.70 46.05 45.08 43.54 41.01 36.96 30.86 22.45 11.99 0.29 0.01 0.00 0.00 0.00 0.00 0.00 0.00 0.00 0.00 0.00 0.00 0.00 0.00 0.00 0.00 0.00 0.00 0.00 0.00 0.00 0.00 0.00 0.00 0.00 0.00 0.00 0.00 0.00 0.00 0.00 0.00 0.00 0.00 0.00 0.00 0.00 0.00 0.00 0.00 0.00 0.00 0.00 0.00 0.00 0.00 0.05 2.24 95.00 
83.00 61.40 54.99 52.42 51.14 50.41 49.89 49.38 48.85 48.35 47.98 47.80 47.74 47.67 47.47 47.06 46.51 45.98 45.63 45.54 45.69 45.99 46.31 46.53 46.62 46.61 46.54 46.48 46.49 46.58 46.71 46.85 46.93 46.93 46.90 46.90 47.02 47.30 47.78 48.41 49.13 49.86 50.48 50.88 50.99 50.79 50.37 49.91 49.55 49.38 49.35 49.36 49.27 49.03 48.64 48.12 47.52 46.86 46.19 45.59 45.17 45.02 45.21 45.71 46.43 47.18 47.80 48.15 48.18 47.97 47.65 47.42 47.40 47.70 48.32 49.23 50.30 51.37 52.22 52.68 52.62 52.07 51.15 50.08 49.08 48.34 47.96 47.97 48.33 48.95 49.69 50.44 51.10 51.65 52.08 52.40 52.57 52.51 52.14 51.45 50.52 49.55 48.71 48.11 47.71 47.37 46.93 46.34 45.65 45.03 44.67 44.66 45.00 45.57 46.24 46.92 47.57 48.15 48.63 48.99 49.20 49.31 49.36 49.41 49.48 49.56 49.61 49.61 49.58 49.56 49.60 49.73 49.89 49.97 49.89 49.63 49.25 48.87 48.55 48.31 48.08 47.78 47.33 46.64 45.58 43.90 41.23 37.05 30.86 22.41 11.95 0.29 0.01 0.00 0.00 0.00 0.00 0.00 0.00 0.00 0.00 0.00 0.00 0.00 0.00 0.00 0.00 0.00 0.00 0.00 0.00 0.00 0.00 0.00 0.00 0.00 0.00 0.00 0.00 0.00 0.00 0.00 0.00 0.00 0.00 0.00 0.00 0.00 0.00 0.00 0.00 0.00 0.00 0.00 0.00 0.00 0.00 0.04 1.54 64.00 
16.00 42.88 48.02 48.67 48.59 48.50 48.41 48.23 47.96 47.69 47.53 47.53 47.63 47.69 47.56 47.18 46.66 46.17 45.90 45.93 46.21 46.57 46.84 46.94 46.89 46.75 46.63 46.61 46.69 46.86 47.05 47.20 47.28 47.28 47.27 47.32 47.52 47.89 48.42 49.07 49.78 50.48 51.11 51.55 51.72 51.58 51.19 50.72 50.30 50.03 49.88 49.77 49.60 49.34 48.98 48.53 47.98 47.34 46.63 45.97 45.49 45.32 45.49 45.96 46.62 47.27 47.76 48.00 47.98 47.77 47.52 47.37 47.41 47.74 48.35 49.24 50.29 51.33 52.16 52.56 52.43 51.80 50.83 49.75 48.81 48.20 48.01 48.25 48.83 49.62 50.47 51.25 51.88 52.32 52.63 52.82 52.90 52.80 52.43 51.76 50.88 49.93 49.13 48.57 48.25 48.02 47.70 47.17 46.49 45.84 45.42 45.35 45.60 46.06 46.58 47.08 47.54 47.99 48.41 48.74 48.97 49.08 49.13 49.18 49.27 49.38 49.49 49.53 49.51 49.45 49.40 49.41 49.45 49.47 49.41 49.29 49.15 49.06 49.04 49.04 48.97 48.74 48.27 47.50 46.31 44.49 41.66 37.32 30.99 22.46 11.96 0.29 0.01 0.00 0.00 0.00 0.00 0.00 0.00 0.00 0.00 0.00 0.00 0.00 0.00 0.00 0.00 0.00 0.00 0.00 0.00 0.00 0.00 0.00 0.00 0.00 0.00 0.00 0.00 0.00 0.00 0.00 0.00 0.00 0.00 0.00 0.00 0.00 0.00 0.00 0.00 0.00 0.00 0.00 0.00 0.00 0.00 0.04 1.67 70.00 
51.00 46.37 45.99 46.19 46.55 46.94 47.24 47.35 47.28 47.16 47.12 47.25 47.48 47.68 47.68 47.42 47.00 46.62 46.47 46.64 47.03 47.42 47.63 47.58 47.33 47.03 46.81 46.75 46.85 47.05 47.28 47.47 47.58 47.64 47.72 47.88 48.18 48.61 49.15 49.75 50.39 51.05 51.68 52.18 52.46 52.42 52.10 51.62 51.13 50.74 50.45 50.23 50.03 49.81 49.57 49.27 48.84 48.25 47.52 46.77 46.18 45.88 45.92 46.26 46.75 47.23 47.58 47.74 47.73 47.61 47.50 47.47 47.60 47.94 48.52 49.33 50.31 51.28 52.04 52.39 52.21 51.54 50.56 49.50 48.62 48.12 48.07 48.46 49.18 50.07 50.98 51.77 52.35 52.73 52.94 53.05 53.07 52.96 52.63 52.02 51.18 50.27 49.48 48.94 48.68 48.54 48.34 47.91 47.28 46.62 46.14 45.99 46.14 46.47 46.83 47.15 47.45 47.78 48.14 48.46 48.70 48.83 48.91 48.99 49.13 49.32 49.51 49.63 49.65 49.59 49.50 49.42 49.37 49.34 49.32 49.35 49.46 49.68 49.95 50.17 50.22 50.01 49.49 48.62 47.31 45.34 42.34 37.82 31.33 22.65 12.05 0.29 0.01 0.00 0.00 0.00 0.00 0.00 0.00 0.00 0.00 0.00 0.00 0.00 0.00 0.00 0.00 0.00 0.00 0.00 0.00 0.00 0.00 0.00 0.00 0.00 0.00 0.00 0.00 0.00 0.00 0.00 0.00 0.00 0.00 0.00 0.00 0.00 0.00 0.00 0.00 0.00 0.00 0.00 0.00 0.00 0.00 0.05 2.00 84.00 
55.00 45.85 43.77 44.04 44.95 45.85 46.51 46.83 46.88 46.81 46.80 46.98 47.31 47.65 47.81 47.73 47.47 47.25 47.25 47.54 48.00 48.39 48.51 48.29 47.84 47.35 46.99 46.85 46.92 47.13 47.40 47.64 47.85 48.03 48.25 48.56 48.96 49.42 49.92 50.42 50.94 51.50 52.11 52.67 53.07 53.16 52.93 52.47 51.91 51.40 50.98 50.68 50.47 50.35 50.27 50.14 49.86 49.34 48.60 47.77 47.04 46.56 46.41 46.52 46.78 47.06 47.27 47.38 47.42 47.45 47.51 47.63 47.83 48.16 48.67 49.38 50.26 51.16 51.87 52.19 52.02 51.37 50.42 49.41 48.58 48.13 48.14 48.59 49.35 50.28 51.20 51.97 52.52 52.85 53.00 53.07 53.07 52.97 52.66 52.10 51.31 50.42 49.62 49.10 48.88 48.84 48.77 48.49 47.97 47.34 46.83 46.59 46.62 46.80 46.99 47.15 47.32 47.57 47.89 48.22 48.48 48.65 48.76 48.89 49.10 49.38 49.67 49.91 50.03 50.03 49.95 49.84 49.74 49.68 49.70 49.86 50.19 50.66 51.18 51.57 51.68 51.45 50.86 49.89 48.47 46.38 43.22 38.51 31.82 22.95 12.19 0.29 0.01 0.00 0.00 0.00 0.00 0.00 0.00 0.00 0.00 0.00 0.00 0.00 0.00 0.00 0.00 0.00 0.00 0.00 0.00 0.00 0.00 0.00 0.00 0.00 0.00 0.00 0.00 0.00 0.00 0.00 0.00 0.00 0.00 0.00 0.00 0.00 0.00 0.00 0.00 0.00 0.00 0.00 0.00 0.00 0.00 0.05 2.12 91.00 
42.00 38.38 39.40 41.54 43.60 45.20 46.23 46.72 46.80 46.70 46.65 46.82 47.19 47.63 47.94 48.04 47.97 47.91 48.04 48.42 48.91 49.25 49.25 48.87 48.24 47.59 47.10 46.87 46.90 47.11 47.42 47.75 48.09 48.43 48.81 49.26 49.74 50.22 50.64 51.00 51.36 51.80 52.35 52.94 53.42 53.63 53.49 53.06 52.47 51.88 51.39 51.03 50.84 50.80 50.86 50.89 50.74 50.29 49.57 48.68 47.84 47.20 46.82 46.68 46.69 46.77 46.86 46.95 47.09 47.28 47.51 47.75 47.99 48.27 48.68 49.27 50.04 50.88 51.58 51.95 51.85 51.30 50.43 49.49 48.70 48.25 48.25 48.66 49.39 50.27 51.16 51.91 52.44 52.74 52.88 52.93 52.92 52.80 52.51 51.96 51.19 50.31 49.52 49.00 48.82 48.88 48.97 48.87 48.50 47.97 47.47 47.15 47.04 47.05 47.08 47.11 47.20 47.41 47.75 48.11 48.41 48.61 48.76 48.94 49.21 49.58 49.99 50.36 50.62 50.75 50.75 50.67 50.56 50.48 50.52 50.76 51.23 51.88 52.54 53.01 53.13 52.85 52.16 51.11 49.60 47.41 44.11 39.23 32.34 23.27 12.34 0.30 0.01 0.00 0.00 0.00 0.00 0.00 0.00 0.00 0.00 0.00 0.00 0.00 0.00 0.00 0.00 0.00 0.00 0.00 0.00 0.00 0.00 0.00 0.00 0.00 0.00 0.00 0.00 0.00 0.00 0.00 0.00 0.00 0.00 0.00 0.00 0.00 0.00 0.00 0.00 0.00 0.00 0.00 0.00 0.00 0.00 0.01 0.16 4.00 
13.00 26.17 33.79 38.97 42.58 44.98 46.37 46.97 47.04 46.86 46.73 46.83 47.19 47.66 48.08 48.32 48.40 48.47 48.69 49.08 49.53 49.78 49.66 49.14 48.39 47.63 47.06 46.78 46.79 47.01 47.38 47.81 48.27 48.76 49.28 49.84 50.39 50.85 51.19 51.42 51.62 51.92 52.37 52.94 53.45 53.73 53.66 53.28 52.71 52.10 51.57 51.20 51.03 51.03 51.16 51.26 51.19 50.81 50.14 49.28 48.40 47.65 47.09 46.73 46.52 46.43 46.44 46.56 46.80 47.13 47.48 47.78 48.00 48.17 48.43 48.88 49.55 50.34 51.08 51.55 51.60 51.22 50.50 49.66 48.91 48.45 48.38 48.70 49.33 50.14 50.97 51.69 52.20 52.51 52.66 52.69 52.65 52.50 52.17 51.61 50.84 49.96 49.18 48.69 48.56 48.72 48.95 49.02 48.83 48.42 47.95 47.58 47.35 47.22 47.12 47.07 47.13 47.37 47.75 48.17 48.52 48.76 48.94 49.16 49.50 49.95 50.47 50.99 51.41 51.69 51.82 51.81 51.71 51.61 51.64 51.90 52.43 53.14 53.84 54.31 54.37 53.99 53.20 52.06 50.48 48.20 44.80 39.78 32.72 23.51 12.44 0.30 0.01 0.00 0.00 0.00 0.00 0.00 0.00 0.00 0.00 0.00 0.00 0.00 0.00 0.00 0.00 0.00 0.00 0.00 0.00 0.00 0.00 0.00 0.00 0.00 0.00 0.00 0.00 0.00 0.00 0.00 0.00 0.00 0.00 0.00 0.00 0.00 0.00 0.00 0.00 0.00 0.00 0.00 0.00 0.00 0.00 0.02 0.99 42.00 
2.00 19.16 30.04 37.28 42.10 45.13 46.81 47.49 47.53 47.28 47.06 47.07 47.36 47.80 48.23 48.53 48.69 48.82 49.05 49.39 49.72 49.84 49.59 48.99 48.20 47.42 46.85 46.57 46.59 46.85 47.28 47.80 48.37 48.96 49.57 50.19 50.75 51.19 51.45 51.56 51.64 51.82 52.18 52.68 53.17 53.47 53.44 53.11 52.58 52.00 51.49 51.13 50.95 50.94 51.05 51.15 51.09 50.78 50.22 49.46 48.65 47.88 47.22 46.70 46.34 46.13 46.11 46.27 46.60 47.03 47.43 47.70 47.82 47.83 47.90 48.18 48.73 49.50 50.30 50.92 51.18 51.01 50.49 49.79 49.11 48.64 48.49 48.71 49.23 49.94 50.71 51.40 51.92 52.25 52.40 52.43 52.36 52.14 51.75 51.14 50.34 49.48 48.73 48.27 48.18 48.40 48.73 48.93 48.89 48.60 48.20 47.82 47.53 47.31 47.15 47.07 47.16 47.45 47.90 48.38 48.78 49.05 49.26 49.52 49.90 50.43 51.05 51.69 52.28 52.72 52.99 53.06 52.98 52.86 52.86 53.08 53.59 54.28 54.93 55.30 55.25 54.74 53.84 52.60 50.94 48.60 45.12 40.01 32.86 23.57 12.46 0.30 0.01 0.00 0.00 0.00 0.00 0.00 0.00 0.00 0.00 0.00 0.00 0.00 0.00 0.00 0.00 0.00 0.00 0.00 0.00 0.00 0.00 0.00 0.00 0.00 0.00 0.00 0.00 0.00 0.00 0.00 0.00 0.00 0.00 0.00 0.00 0.00 0.00 0.00 0.00 0.00 0.00 0.00 0.00 0.00 0.00 0.03 1.49 64.00 
2.00 17.83 28.90 36.78 42.16 45.54 47.38 48.11 48.14 47.86 47.58 47.51 47.69 48.04 48.40 48.66 48.82 48.92 49.07 49.28 49.43 49.39 49.04 48.41 47.64 46.94 46.44 46.22 46.29 46.60 47.08 47.66 48.30 48.95 49.60 50.22 50.76 51.14 51.34 51.39 51.39 51.49 51.78 52.21 52.65 52.92 52.90 52.61 52.14 51.61 51.15 50.80 50.60 50.54 50.56 50.59 50.54 50.31 49.90 49.34 48.67 47.98 47.31 46.71 46.25 45.98 45.95 46.16 46.55 47.01 47.38 47.56 47.50 47.31 47.15 47.23 47.66 48.40 49.27 50.05 50.52 50.60 50.31 49.78 49.20 48.75 48.57 48.70 49.13 49.77 50.48 51.15 51.67 52.01 52.19 52.22 52.11 51.82 51.35 50.67 49.85 49.00 48.28 47.85 47.77 47.99 48.32 48.58 48.62 48.44 48.13 47.82 47.55 47.35 47.21 47.18 47.33 47.68 48.19 48.71 49.13 49.41 49.62 49.90 50.31 50.88 51.58 52.33 53.04 53.64 54.03 54.19 54.15 54.02 53.97 54.14 54.57 55.16 55.68 55.91 55.71 55.06 54.04 52.71 50.98 48.58 45.06 39.91 32.74 23.46 12.40 0.30 0.01 0.00 0.00 0.00 0.00 0.00 0.00 0.00 0.00 0.00 0.00 0.00 0.00 0.00 0.00 0.00 0.00 0.00 0.00 0.00 0.00 0.00 0.00 0.00 0.00 0.00 0.00 0.00 0.00 0.00 0.00 0.00 0.00 0.00 0.00 0.00 0.00 0.00 0.00 0.00 0.00 0.00 0.00 0.00 0.00 0.01 0.32 11.00 
12.00 20.45 29.56 37.10 42.53 46.01 47.91 48.67 48.72 48.46 48.18 48.06 48.14 48.35 48.58 48.74 48.80 48.81 48.81 48.82 48.76 48.54 48.10 47.49 46.82 46.24 45.87 45.74 45.86 46.20 46.71 47.33 48.00 48.68 49.33 49.93 50.41 50.74 50.88 50.89 50.88 50.96 51.21 51.59 51.97 52.19 52.16 51.90 51.49 51.03 50.62 50.29 50.06 49.92 49.86 49.84 49.80 49.70 49.49 49.16 48.70 48.13 47.49 46.86 46.35 46.05 46.02 46.26 46.68 47.11 47.41 47.43 47.16 46.73 46.33 46.21 46.50 47.19 48.11 49.03 49.70 50.01 49.94 49.60 49.15 48.77 48.60 48.72 49.10 49.68 50.35 50.99 51.50 51.86 52.05 52.08 51.94 51.61 51.07 50.33 49.49 48.65 47.95 47.51 47.37 47.49 47.74 47.94 47.99 47.90 47.74 47.58 47.47 47.40 47.38 47.46 47.68 48.09 48.61 49.12 49.51 49.75 49.94 50.18 50.57 51.14 51.87 52.68 53.50 54.21 54.71 54.96 54.97 54.87 54.80 54.91 55.23 55.68 56.04 56.10 55.75 54.98 53.87 52.47 50.69 48.26 44.72 39.58 32.45 23.24 12.28 0.29 0.01 0.00 0.00 0.00 0.00 0.00 0.00 0.00 0.00 0.00 0.00 0.00 0.00 0.00 0.00 0.00 0.00 0.00 0.00 0.00 0.00 0.00 0.00 0.00 0.00 0.00 0.00 0.00 0.00 0.00 0.00 0.00 0.00 0.00 0.00 0.00 0.00 0.00 0.00 0.00 0.00 0.00 0.00 0.00 0.00 0.04 1.56 66.00 
14.00 21.48 30.20 37.56 42.93 46.37 48.26 49.05 49.16 48.97 48.74 48.61 48.62 48.70 48.77 48.79 48.71 48.57 48.38 48.17 47.89 47.51 47.02 46.46 45.92 45.50 45.26 45.21 45.35 45.68 46.17 46.78 47.47 48.16 48.81 49.37 49.79 50.05 50.15 50.15 50.14 50.24 50.48 50.83 51.17 51.36 51.32 51.09 50.73 50.34 49.98 49.67 49.42 49.26 49.17 49.17 49.22 49.29 49.31 49.21 48.95 48.51 47.91 47.26 46.70 46.37 46.34 46.58 46.99 47.37 47.54 47.39 46.92 46.25 45.63 45.31 45.47 46.09 47.03 48.03 48.86 49.36 49.48 49.31 49.01 48.74 48.65 48.81 49.20 49.76 50.39 50.98 51.46 51.79 51.98 52.02 51.88 51.53 50.96 50.21 49.36 48.52 47.79 47.28 47.01 46.93 46.98 47.03 47.05 47.04 47.06 47.16 47.32 47.51 47.70 47.93 48.24 48.67 49.16 49.61 49.92 50.08 50.17 50.31 50.61 51.10 51.78 52.61 53.47 54.27 54.87 55.21 55.31 55.26 55.20 55.26 55.48 55.76 55.95 55.87 55.41 54.58 53.45 52.05 50.28 47.85 44.32 39.21 32.14 23.02 12.16 0.29 0.01 0.00 0.00 0.00 0.00 0.00 0.00 0.00 0.00 0.00 0.00 0.00 0.00 0.00 0.00 0.00 0.00 0.00 0.00 0.00 0.00 0.00 0.00 0.00 0.00 0.00 0.00 0.00 0.00 0.00 0.00 0.00 0.00 0.00 0.00 0.00 0.00 0.00 0.00 0.00 0.00 0.00 0.00 0.00 0.00 0.05 2.27 98.00 
5.00 20.30 30.51 38.00 43.25 46.58 48.41 49.21 49.40 49.31 49.18 49.09 49.06 49.04 48.99 48.85 48.63 48.32 47.94 47.52 47.07 46.58 46.09 45.62 45.24 44.97 44.83 44.81 44.92 45.16 45.57 46.13 46.80 47.51 48.16 48.68 49.05 49.24 49.28 49.26 49.27 49.39 49.65 49.99 50.31 50.48 50.46 50.27 49.97 49.63 49.31 49.03 48.81 48.68 48.67 48.80 49.03 49.33 49.58 49.68 49.56 49.19 48.60 47.91 47.31 46.94 46.88 47.10 47.46 47.75 47.80 47.50 46.84 45.98 45.18 44.70 44.73 45.27 46.19 47.24 48.17 48.80 49.07 49.05 48.89 48.76 48.78 49.02 49.45 50.01 50.60 51.12 51.53 51.81 51.96 51.99 51.87 51.55 51.01 50.29 49.46 48.61 47.83 47.18 46.68 46.34 46.10 45.95 45.89 45.96 46.20 46.61 47.13 47.65 48.11 48.52 48.93 49.36 49.81 50.18 50.39 50.42 50.36 50.32 50.42 50.74 51.30 52.07 52.94 53.79 54.47 54.92 55.12 55.15 55.13 55.15 55.25 55.39 55.42 55.23 54.73 53.94 52.89 51.59 49.90 47.53 44.04 38.97 31.95 22.88 12.09 0.29 0.01 0.00 0.00 0.00 0.00 0.00 0.00 0.00 0.00 0.00 0.00 0.00 0.00 0.00 0.00 0.00 0.00 0.00 0.00 0.00 0.00 0.00 0.00 0.00 0.00 0.00 0.00 0.00 0.00 0.00 0.00 0.00 0.00 0.00 0.00 0.00 0.00 0.00 0.00 0.00 0.00 0.00 0.00 0.00 0.00 0.01 0.37 14.00 
14.00 23.30 31.93 38.74 43.58 46.67 48.38 49.17 49.42 49.46 49.44 49.45 49.44 49.39 49.24 48.98 48.62 48.17 47.64 47.09 46.54 46.04 45.62 45.29 45.06 44.92 44.85 44.80 44.79 44.88 45.13 45.58 46.20 46.89 47.54 48.04 48.35 48.47 48.46 48.40 48.40 48.53 48.79 49.13 49.45 49.64 49.66 49.52 49.27 48.97 48.68 48.43 48.28 48.26 48.43 48.79 49.30 49.84 50.30 50.56 50.51 50.15 49.54 48.81 48.15 47.73 47.61 47.76 48.03 48.21 48.14 47.69 46.90 45.92 45.00 44.42 44.36 44.84 45.73 46.78 47.76 48.46 48.84 48.94 48.90 48.89 49.03 49.35 49.83 50.39 50.93 51.37 51.67 51.86 51.95 51.95 51.84 51.57 51.12 50.48 49.70 48.85 48.00 47.17 46.42 45.76 45.21 44.83 44.67 44.80 45.25 45.98 46.86 47.73 48.48 49.09 49.60 50.07 50.49 50.80 50.92 50.81 50.55 50.26 50.09 50.15 50.52 51.17 52.02 52.89 53.65 54.20 54.50 54.62 54.63 54.61 54.61 54.60 54.51 54.25 53.78 53.12 52.26 51.15 49.62 47.35 43.92 38.89 31.90 22.86 12.09 0.29 0.01 0.00 0.00 0.00 0.00 0.00 0.00 0.00 0.00 0.00 0.00 0.00 0.00 0.00 0.00 0.00 0.00 0.00 0.00 0.00 0.00 0.00 0.00 0.00 0.00 0.00 0.00 0.00 0.00 0.00 0.00 0.00 0.00 0.00 0.00 0.00 0.00 0.00 0.00 0.00 0.00 0.00 0.00 0.00 0.00 0.01 0.20 7.00 
18.00 26.13 33.73 39.72 43.96 46.67 48.19 48.94 49.26 49.42 49.56 49.69 49.77 49.73 49.54 49.21 48.76 48.21 47.61 47.01 46.48 46.07 45.80 45.65 45.58 45.55 45.48 45.34 45.15 45.02 45.06 45.35 45.88 46.52 47.14 47.61 47.87 47.93 47.86 47.75 47.71 47.81 48.05 48.38 48.70 48.92 48.99 48.91 48.70 48.43 48.16 47.94 47.88 48.02 48.43 49.07 49.86 50.66 51.30 51.66 51.65 51.28 50.63 49.86 49.16 48.67 48.46 48.49 48.61 48.65 48.43 47.88 47.01 45.99 45.05 44.46 44.37 44.83 45.68 46.73 47.71 48.45 48.88 49.06 49.11 49.17 49.38 49.74 50.23 50.76 51.24 51.59 51.79 51.87 51.87 51.82 51.71 51.51 51.15 50.62 49.93 49.11 48.20 47.22 46.22 45.26 44.43 43.82 43.54 43.70 44.30 45.27 46.44 47.61 48.63 49.44 50.10 50.65 51.10 51.40 51.46 51.23 50.77 50.20 49.70 49.46 49.59 50.10 50.89 51.78 52.61 53.25 53.65 53.84 53.88 53.82 53.72 53.58 53.37 53.07 52.67 52.18 51.55 50.69 49.36 47.23 43.89 38.90 31.93 22.90 12.11 0.29 0.01 0.00 0.00 0.00 0.00 0.00 0.00 0.00 0.00 0.00 0.00 0.00 0.00 0.00 0.00 0.00 0.00 0.00 0.00 0.00 0.00 0.00 0.00 0.00 0.00 0.00 0.00 0.00 0.00 0.00 0.00 0.00 0.00 0.00 0.00 0.00 0.00 0.00 0.00 0.00 0.00 0.00 0.00 0.00 0.00 0.03 1.38 59.00 
19.00 28.81 35.96 40.99 44.42 46.59 47.85 48.53 48.92 49.23 49.55 49.86 50.07 50.10 49.92 49.56 49.06 48.49 47.89 47.37 46.97 46.74 46.68 46.73 46.81 46.83 46.71 46.42 46.01 45.62 45.42 45.52 45.92 46.49 47.06 47.50 47.72 47.73 47.60 47.43 47.33 47.37 47.56 47.86 48.18 48.43 48.55 48.51 48.34 48.08 47.81 47.63 47.64 47.94 48.57 49.46 50.50 51.51 52.29 52.72 52.74 52.37 51.72 50.95 50.22 49.66 49.34 49.20 49.12 48.96 48.57 47.91 47.02 46.05 45.20 44.70 44.69 45.18 46.04 47.07 48.04 48.79 49.24 49.45 49.52 49.59 49.77 50.10 50.52 50.98 51.37 51.63 51.74 51.73 51.64 51.53 51.41 51.25 50.99 50.59 50.03 49.28 48.36 47.29 46.12 44.94 43.87 43.06 42.65 42.76 43.41 44.50 45.85 47.22 48.45 49.46 50.29 50.96 51.50 51.85 51.91 51.61 50.97 50.13 49.32 48.77 48.66 49.03 49.76 50.67 51.56 52.28 52.78 53.05 53.11 53.01 52.81 52.54 52.21 51.86 51.51 51.16 50.75 50.12 48.99 47.01 43.76 38.83 31.91 22.91 12.12 0.29 0.01 0.00 0.00 0.00 0.00 0.00 0.00 0.00 0.00 0.00 0.00 0.00 0.00 0.00 0.00 0.00 0.00 0.00 0.00 0.00 0.00 0.00 0.00 0.00 0.00 0.00 0.00 0.00 0.00 0.00 0.00 0.00 0.00 0.00 0.00 0.00 0.00 0.00 0.00 0.00 0.00 0.00 0.00 0.00 0.00 0.04 1.65 69.00 
19.00 33.67 39.43 42.78 45.01 46.45 47.34 47.94 48.42 48.92 49.46 49.99 50.37 50.51 50.39 50.04 49.55 49.01 48.51 48.14 47.95 47.96 48.13 48.36 48.54 48.55 48.31 47.80 47.12 46.45 46.02 45.95 46.23 46.72 47.24 47.65 47.86 47.87 47.71 47.50 47.34 47.30 47.43 47.69 47.99 48.25 48.39 48.38 48.24 47.99 47.74 47.58 47.65 48.05 48.80 49.85 51.03 52.14 53.00 53.48 53.53 53.21 52.61 51.89 51.18 50.59 50.14 49.80 49.48 49.07 48.48 47.70 46.82 45.95 45.29 45.00 45.18 45.81 46.74 47.78 48.72 49.44 49.89 50.09 50.13 50.12 50.17 50.34 50.60 50.90 51.17 51.35 51.40 51.32 51.17 51.01 50.87 50.74 50.59 50.34 49.95 49.35 48.52 47.46 46.22 44.90 43.65 42.65 42.07 42.04 42.61 43.68 45.07 46.55 47.93 49.10 50.08 50.90 51.58 52.03 52.15 51.84 51.09 50.04 48.95 48.13 47.81 48.05 48.74 49.67 50.62 51.43 52.03 52.38 52.48 52.37 52.08 51.67 51.19 50.73 50.36 50.09 49.83 49.36 48.38 46.51 43.36 38.53 31.70 22.79 12.08 0.29 0.01 0.00 0.00 0.00 0.00 0.00 0.00 0.00 0.00 0.00 0.00 0.00 0.00 0.00 0.00 0.00 0.00 0.00 0.00 0.00 0.00 0.00 0.00 0.00 0.00 0.00 0.00 0.00 0.00 0.00 0.00 0.00 0.00 0.00 0.00 0.00 0.00 0.00 0.00 0.00 0.00 0.00 0.00 0.00 0.00 0.05 2.31 98.00 
63.00 47.19 44.81 45.06 45.67 46.19 46.64 47.15 47.80 48.56 49.38 50.16 50.73 50.99 50.94 50.64 50.19 49.75 49.43 49.28 49.32 49.56 49.92 50.28 50.49 50.39 49.93 49.10 48.06 47.10 46.47 46.29 46.51 46.94 47.44 47.86 48.12 48.19 48.09 47.90 47.72 47.66 47.75 47.96 48.23 48.44 48.54 48.52 48.40 48.20 48.00 47.87 47.96 48.37 49.13 50.18 51.35 52.43 53.25 53.70 53.76 53.49 53.00 52.41 51.82 51.27 50.75 50.23 49.67 49.00 48.17 47.24 46.33 45.59 45.16 45.17 45.66 46.57 47.68 48.76 49.67 50.34 50.77 50.94 50.91 50.74 50.54 50.43 50.41 50.47 50.57 50.66 50.66 50.54 50.36 50.18 50.03 49.95 49.94 49.92 49.78 49.45 48.85 47.93 46.73 45.33 43.91 42.67 41.83 41.52 41.85 42.77 44.12 45.67 47.14 48.40 49.46 50.38 51.20 51.83 52.11 51.88 51.09 49.89 48.57 47.51 47.00 47.16 47.83 48.78 49.77 50.68 51.41 51.89 52.06 51.94 51.57 51.00 50.31 49.66 49.18 48.92 48.74 48.36 47.44 45.62 42.55 37.85 31.22 22.52 11.96 0.29 0.01 0.00 0.00 0.00 0.00 0.00 0.00 0.00 0.00 0.00 0.00 0.00 0.00 0.00 0.00 0.00 0.00 0.00 0.00 0.00 0.00 0.00 0.00 0.00 0.00 0.00 0.00 0.00 0.00 0.00 0.00 0.00 0.00 0.00 0.00 0.00 0.00 0.00 0.00 0.00 0.00 0.00 0.00 0.00 0.00 0.05 1.97 84.00 
40.00 47.24 47.50 46.85 46.23 45.76 45.69 46.18 47.13 48.26 49.41 50.47 51.21 51.54 51.57 51.32 50.94 50.63 50.58 50.69 50.94 51.33 51.78 52.20 52.34 52.05 51.22 49.90 48.37 47.05 46.25 46.09 46.40 46.84 47.34 47.83 48.21 48.47 48.58 48.52 48.44 48.44 48.55 48.76 48.95 48.99 48.94 48.82 48.71 48.65 48.59 48.53 48.61 48.94 49.57 50.46 51.47 52.34 52.96 53.21 53.17 52.91 52.55 52.19 51.85 51.51 51.05 50.43 49.72 48.86 47.78 46.58 45.54 44.85 44.62 44.95 45.89 47.26 48.74 49.94 50.78 51.38 51.79 51.98 51.87 51.46 50.87 50.35 49.93 49.64 49.52 49.53 49.50 49.33 49.12 48.95 48.80 48.82 49.07 49.42 49.72 49.89 49.75 49.15 48.07 46.59 44.89 43.25 41.91 41.11 40.99 41.66 42.99 44.64 46.19 47.40 48.35 49.28 50.25 51.14 51.75 51.77 51.02 49.68 48.14 46.78 46.09 46.23 46.93 47.89 48.87 49.86 50.79 51.46 51.73 51.62 51.16 50.38 49.36 48.39 47.74 47.49 47.40 47.06 46.13 44.26 41.21 36.72 30.42 22.11 11.83 0.28 0.01 0.00 0.00 0.00 0.00 0.00 0.00 0.00 0.00 0.00 0.00 0.00 0.00 0.00 0.00 0.00 0.00 0.00 0.00 0.00 0.00 0.00 0.00 0.00 0.00 0.00 0.00 0.00 0.00 0.00 0.00 0.00 0.00 0.00 0.00 0.00 0.00 0.00 0.00 0.00 0.00 0.00 0.00 0.00 0.00 0.00 0.15 4.00 
56.00 54.47 51.41 48.94 46.94 45.15 44.36 44.96 46.58 48.22 49.70 51.07 51.92 52.16 52.25 52.05 51.65 51.49 51.91 52.34 52.67 53.08 53.46 53.92 53.94 53.35 52.04 49.95 47.60 45.79 44.86 44.97 45.67 46.13 46.65 47.26 47.86 48.49 49.06 49.27 49.45 49.70 49.94 50.19 50.28 49.89 49.40 49.03 48.92 49.18 49.48 49.55 49.58 49.73 50.12 50.72 51.50 51.94 52.16 51.91 51.51 51.10 50.83 50.87 51.01 51.18 51.02 50.38 49.76 48.89 47.57 45.82 44.45 43.64 43.41 43.99 45.51 47.72 49.92 51.33 51.97 52.44 52.88 53.18 53.06 52.34 51.09 50.06 49.13 48.36 47.97 47.97 47.99 47.63 47.35 47.23 47.02 47.15 47.90 48.94 49.97 51.02 51.75 51.74 50.86 49.20 46.94 44.50 42.31 40.61 39.74 40.07 41.51 43.52 45.25 46.11 46.57 47.32 48.52 49.86 51.12 51.69 51.02 49.45 47.60 45.72 44.79 45.07 45.92 46.87 47.69 48.67 49.96 50.98 51.32 51.18 50.60 49.55 47.99 46.47 45.64 45.57 45.79 45.50 44.46 42.35 39.22 35.00 29.28 21.71 11.85 0.28 0.01 0.00 0.00 0.00 0.00 0.00 0.00 0.00 0.00 0.00 0.00 0.00 0.00 0.00 0.00 0.00 0.00 0.00 0.00 0.00 0.00 0.00 0.00 0.00 0.00 0.00 0.00 0.00 0.00 0.00 0.00 0.00 0.00 0.00 0.00 0.00 0.00 0.00 0.00 0.00 0.00 0.00 0.00 0.00 0.00 0.01 0.46 19.00 
91.00 63.59 55.30 51.28 48.09 44.12 42.14 43.19 46.45 48.73 50.37 52.24 53.09 52.69 52.99 52.84 52.13 51.93 53.46 54.34 54.42 54.72 54.61 55.38 55.25 54.36 52.58 49.18 45.32 42.78 41.71 42.57 44.52 44.65 45.12 45.94 46.77 48.03 49.60 50.09 50.74 51.54 52.01 52.47 52.53 51.06 49.66 48.69 48.47 49.56 50.70 50.88 50.82 50.66 50.70 50.86 51.68 51.31 51.08 49.67 48.57 47.70 47.41 48.14 49.04 50.33 50.86 49.98 49.94 49.51 48.04 44.96 43.00 41.86 41.18 41.76 44.02 47.77 51.56 53.19 53.09 53.29 53.93 54.64 54.68 53.60 50.95 49.50 47.94 46.45 45.71 46.04 46.45 45.36 44.92 45.07 44.40 44.49 46.28 48.53 50.56 53.19 55.52 56.49 55.85 53.83 50.45 46.56 42.95 39.78 37.54 37.42 39.40 42.43 44.76 44.61 43.70 44.01 45.75 47.76 50.35 52.16 51.42 49.21 47.07 43.88 42.53 43.51 44.81 45.79 45.91 46.63 48.73 50.48 50.66 50.40 49.71 48.45 45.82 43.25 42.22 42.84 44.06 43.78 42.65 39.82 36.30 32.55 27.79 21.79 12.53 0.30 0.01 0.00 0.00 0.00 0.00 0.00 0.00 0.00 0.00 0.00 0.00 0.00 0.00 0.00 0.00 0.00 0.00 0.00 0.00 0.00 0.00 0.00 0.00 0.00 0.00 0.00 0.00 0.00 0.00 0.00 0.00 0.00 0.00 0.00 0.00 0.00 0.00 0.00 0.00 0.00 0.00 0.00 0.00 0.00 0.00 0.03 1.25 54.00 
45.00 53.97 55.63 53.64 50.86 41.83 37.54 39.80 47.84 50.36 51.08 54.51 55.43 52.34 53.97 54.05 52.06 50.70 55.82 57.24 55.92 56.51 54.37 57.00 56.44 55.29 53.70 47.88 40.78 37.47 35.91 38.37 44.52 42.13 42.50 43.89 44.59 46.74 50.95 50.77 52.20 54.31 54.77 55.77 56.71 52.28 49.26 47.20 46.30 49.58 52.76 52.51 52.32 51.58 51.25 50.33 52.89 50.18 50.55 46.20 44.23 42.40 41.57 43.95 45.57 49.38 51.51 48.41 50.50 51.38 50.48 43.38 40.98 39.64 37.44 37.40 40.53 47.28 54.94 56.47 53.67 53.50 54.70 56.58 57.18 56.19 49.33 48.79 46.44 43.52 42.15 43.76 46.10 42.05 41.39 43.21 40.50 39.74 43.98 48.46 51.02 56.51 61.84 64.33 63.82 61.33 55.78 49.34 43.81 38.36 33.30 32.63 36.03 41.70 46.26 43.18 38.78 38.35 41.80 44.25 49.64 54.57 52.80 48.62 47.50 40.23 38.04 41.71 43.94 45.29 43.07 42.58 47.14 50.74 49.59 49.11 48.40 47.72 42.65 37.66 36.46 38.87 43.16 42.08 41.42 36.54 31.88 29.16 25.61 23.57 15.28 0.38 0.04 0.04 0.02 0.05 0.05 0.01 0.02 0.04 0.03 0.04 0.05 0.03 0.03 0.04 0.03 0.04 0.01 0.01 0.02 0.04 0.05 0.01 0.02 0.02 0.02 0.02 0.04 0.03 0.03 0.01 0.01 0.01 0.04 0.00 0.03 0.05 0.02 0.01 0.04 0.01 0.03 0.05 0.03 0.04 0.01 0.01 0.48 19.00 
8.00 51.99 60.20 57.51 60.61 35.50 26.96 31.17 55.23 54.18 49.37 59.39 61.74 47.12 56.34 57.19 51.32 42.99 61.92 62.90 55.41 60.75 48.89 61.18 57.48 55.87 58.27 47.08 31.76 29.77 25.48 29.92 52.51 36.31 38.27 41.98 40.46 42.97 56.47 49.87 53.28 59.22 57.58 59.66 66.58 52.13 47.68 44.16 39.52 49.35 58.07 54.01 54.37 52.10 52.41 46.26 59.24 45.71 54.30 39.68 38.87 35.07 31.43 39.49 38.99 49.42 56.91 41.43 52.29 55.25 59.49 37.45 38.14 38.28 31.33 29.48 32.92 45.39 64.09 63.79 51.43 52.16 54.64 59.60 61.08 64.39 41.12 49.59 45.26 38.83 35.41 40.55 51.95 35.04 35.01 45.42 34.20 29.61 41.28 50.42 48.99 60.79 72.11 76.46 75.17 73.21 63.09 52.02 45.08 36.76 24.68 23.64 30.15 41.75 54.93 42.41 29.16 28.02 38.09 37.14 48.83 63.22 56.24 44.74 53.95 31.48 27.72 41.33 43.86 48.10 38.09 32.97 45.88 55.03 47.07 47.21 46.16 50.49 38.55 27.53 26.45 32.43 47.05 39.26 43.53 31.96 24.18 25.16 20.49 30.42 23.98 0.85 1.15 1.55 0.88 2.07 2.03 0.23 1.04 1.50 1.03 1.78 2.12 1.35 1.07 1.72 1.37 1.57 0.61 0.23 0.68 1.84 2.17 0.46 1.05 0.84 0.70 1.03 1.69 1.09 1.35 0.36 0.54 0.43 1.54 0.11 1.14 2.12 0.90 0.54 1.75 0.37 1.47 2.07 1.40 1.52 0.26 0.09 0.85 31.00 
49.00 86.00 76.00 56.00 99.00 13.00 4.00 3.00 88.00 62.00 33.00 72.00 85.00 18.00 67.00 67.00 53.00 8.00 86.00 77.00 42.00 82.00 19.00 81.00 56.00 52.00 76.00 50.00 9.00 24.00 6.00 3.00 99.00 12.00 32.00 45.00 32.00 28.00 82.00 39.00 52.00 72.00 57.00 59.00 98.00 42.00 45.00 42.00 18.00 50.00 76.00 51.00 59.00 50.00 60.00 23.00 92.00 19.00 81.00 19.00 36.00 27.00 9.00 43.00 21.00 52.00 85.00 8.00 62.00 58.00 95.00 9.00 36.00 44.00 20.00 16.00 16.00 37.00 92.00 83.00 36.00 49.00 52.00 66.00 63.00 99.00 1.00 63.00 46.00 31.00 20.00 31.00 86.00 11.00 18.00 69.00 21.00 3.00 41.00 63.00 34.00 66.00 90.00 95.00 88.00 94.00 72.00 51.00 48.00 39.00 5.00 7.00 19.00 40.00 89.00 42.00 7.00 6.00 45.00 17.00 45.00 93.00 64.00 20.00 92.00 4.00 0.00 52.00 42.00 65.00 28.00 5.00 48.00 76.00 36.00 46.00 38.00 69.00 33.00 7.00 9.00 17.00 73.00 24.00 61.00 23.00 7.00 26.00 0.00 53.00 49.00 12.00 48.00 66.00 35.00 88.00 87.00 7.00 44.00 64.00 42.00 75.00 90.00 56.00 44.00 73.00 57.00 67.00 25.00 9.00 28.00 78.00 93.00 17.00 45.00 35.00 29.00 43.00 72.00 45.00 58.00 14.00 23.00 17.00 67.00 2.00 48.00 91.00 37.00 21.00 76.00 13.00 62.00 88.00 58.00 65.00 10.00 3.00 6.00 69.00 

Lane 1
49.00 30.00 78.00 40.00 42.00 27.00 12.00 9.00 33.00 16.00 26.00 10.00 49.00 67.00 36.00 28.00 57.00 8.00 90.00 30.00 66.00 1.00 8.00 98.00 13.00 63.00 69.00 29.00 95.00 51.00 23.00 52.00 37.00 1.00 28.00 77.00 4.00 45.00 98.00 68.00 57.00 95.00 30.00 42.00 52.00 95.00 1.00 38.00 90.00 35.00 98.00 54.00 60.00 23.00 70.00 20.00 34.00 63.00 90.00 23.00 17.00 47.00 85.00 44.00 15.00 42.00 52.00 18.00 15.00 69.00 47.00 62.00 77.00 35.00 76.00 74.00 1.00 94.00 89.00 93.00 55.00 63.00 8.00 44.00 97.00 3.00 14.00 9.00 23.00 37.00 25.00 64.00 4.00 76.00 97.00 48.00 99.00 53.00 7.00 5.00 24.00 0.00 85.00 55.00 76.00 57.00 14.00 33.00 62.00 31.00 73.00 58.00 60.00 80.00 46.00 0.00 57.00 93.00 18.00 29.00 2.00 19.00 69.00 73.00 85.00 6.00 32.00 97.00 31.00 0.00 58.00 50.00 79.00 49.00 71.00 83.00 23.00 29.00 99.00 76.00 58.00 64.00 51.00 51.00 80.00 49.00 25.00 88.00 50.00 57.00 66.00 53.00 42.00 7.00 0.00 71.00 25.00 48.00 74.00 20.00 54.00 53.00 56.00 98.00 16.00 52.00 1.00 91.00 71.00 20.00 53.00 11.00 33.00 95.00 16.00 24.00 61.00 8.00 15.00 5.00 20.00 65.00 28.00 67.00 46.00 67.00 91.00 11.00 18.00 67.00 14.00 28.00 27.00 40.00 83.00 11.00 76.00 45.00 92.00 37.00 
15.00 32.50 48.99 42.55 38.97 31.61 24.75 23.29 28.62 26.35 28.78 29.21 42.16 49.07 42.26 39.80 45.08 38.33 55.39 44.59 46.57 30.65 34.19 55.77 42.40 53.14 56.20 50.00 62.64 51.30 41.10 43.95 37.94 28.86 37.03 49.24 37.09 49.94 67.24 63.85 61.60 66.70 50.69 50.61 55.07 61.81 40.73 48.73 62.97 55.69 67.62 57.63 53.24 43.45 49.93 39.27 43.01 53.41 58.67 41.10 37.24 46.91 56.61 45.45 35.64 40.32 41.90 33.69 35.09 50.38 50.70 56.09 59.58 51.71 59.91 57.90 44.30 66.89 71.59 70.23 57.47 51.37 36.73 44.61 54.02 30.02 25.68 24.52 29.77 35.68 37.04 46.19 38.83 59.03 68.15 59.34 65.50 48.99 30.02 24.98 29.23 31.10 54.94 55.04 58.68 50.99 38.30 42.13 50.35 47.57 58.10 57.47 58.45 60.56 48.55 36.73 50.85 58.91 39.59 35.05 28.70 36.68 54.41 60.57 59.96 40.00 45.10 59.08 42.59 33.51 47.73 52.06 60.12 55.90 60.73 61.02 45.85 48.67 67.73 65.45 59.70 58.59 54.91 55.41 60.98 52.82 47.91 61.58 55.22 55.29 55.69 49.48 40.90 28.68 28.24 45.82 40.58 47.16 53.07 42.32 49.28 52.10 55.69 62.46 42.99 45.29 38.49 60.00 56.82 42.76 44.92 36.07 43.06 56.34 38.19 36.39 41.60 27.91 25.44 24.28 32.06 45.82 42.87 52.51 51.47 57.34 59.14 37.42 35.50 44.74 33.48 34.83 37.20 44.49 54.76 42.21 55.49 53.72 65.82 74.00 
24.00 35.95 42.76 42.03 39.48 35.47 31.85 30.53 31.57 31.75 33.29 35.64 41.06 44.54 43.84 43.52 44.86 44.58 48.46 46.25 44.92 40.71 42.25 48.37 47.59 50.86 52.54 51.98 54.07 50.26 45.88 44.47 41.66 39.17 41.81 45.78 45.33 50.76 57.57 58.95 59.15 59.59 55.33 54.47 55.55 56.17 51.15 53.03 57.29 57.04 59.03 55.57 51.86 47.65 47.11 44.30 45.52 49.07 50.26 45.53 44.00 46.80 49.14 45.61 41.81 41.80 41.63 39.84 41.38 46.86 49.51 52.31 53.83 52.68 54.40 53.82 51.83 58.10 60.69 59.32 53.78 48.73 43.31 43.92 44.49 37.25 33.88 33.31 35.55 38.65 41.15 44.90 46.22 53.35 57.46 55.92 54.86 47.49 39.08 35.56 36.73 40.16 48.62 51.59 52.76 49.99 46.07 46.85 49.71 50.90 54.47 55.52 55.95 55.38 50.97 47.44 50.60 51.95 46.06 42.56 40.80 44.38 51.21 54.70 54.05 48.62 49.01 51.35 46.56 43.65 47.42 50.54 53.72 53.94 55.22 54.66 50.90 52.29 58.06 58.70 57.11 56.08 54.89 54.99 55.87 53.58 52.40 55.34 54.16 53.35 52.01 48.32 43.36 38.46 38.32 43.30 44.17 46.83 48.70 46.89 48.75 50.54 52.30 53.25 48.21 47.56 47.46 53.38 53.16 48.95 47.54 45.07 46.72 49.09 44.03 41.69 40.94 36.32 34.26 34.33 37.97 43.32 45.22 48.90 50.27 52.01 51.01 44.18 41.92 42.94 40.28 40.47 42.27 45.80 49.14 47.41 49.92 48.51 43.52 14.00 
58.00 44.42 43.83 42.98 41.08 38.53 36.24 35.05 35.02 35.42 36.62 38.59 41.46 43.67 44.46 44.98 45.73 46.22 47.27 46.74 45.92 44.79 45.53 47.67 48.53 49.97 50.89 51.02 51.09 49.42 47.30 45.90 44.56 43.85 44.90 46.66 47.90 50.75 54.08 55.93 56.92 57.32 56.36 55.94 56.00 55.68 54.26 54.61 55.79 55.87 55.65 53.60 50.93 48.28 46.78 45.59 45.97 47.30 47.86 46.78 46.39 47.16 47.53 46.07 44.27 43.49 43.07 42.79 43.91 46.41 48.47 50.21 51.23 51.37 51.86 51.84 51.84 53.71 54.52 53.38 50.44 47.27 44.53 43.66 42.90 40.39 38.84 38.71 39.93 41.80 43.78 46.02 47.97 51.00 52.83 52.41 50.84 47.17 43.25 41.33 41.82 44.07 47.77 50.02 50.90 50.20 49.12 49.46 50.73 51.94 53.57 54.47 54.75 54.24 52.59 51.33 51.82 51.71 49.54 47.71 47.00 48.41 51.04 52.67 52.51 50.89 50.43 50.24 48.32 47.02 47.88 49.26 50.68 51.35 51.92 51.82 51.09 51.91 53.97 54.74 54.55 54.27 54.02 54.09 54.19 53.46 53.02 53.46 52.94 52.08 50.70 48.39 45.61 43.32 43.02 44.59 45.69 46.98 47.82 47.71 48.35 49.18 49.96 50.20 49.09 49.12 50.05 52.33 52.80 51.63 50.60 49.50 49.39 49.18 47.06 45.26 43.82 41.68 40.40 40.37 41.91 44.25 45.99 47.90 49.10 49.77 49.03 46.57 45.14 44.78 44.02 44.19 45.25 46.92 48.25 48.08 48.08 46.74 45.69 56.00 
10.00 39.75 44.88 44.61 42.95 40.95 39.20 38.10 37.75 37.99 38.85 40.27 42.06 43.67 44.74 45.54 46.23 46.76 47.23 47.18 46.91 46.68 47.08 47.98 48.65 49.34 49.77 49.80 49.52 48.64 47.57 46.76 46.24 46.20 46.88 47.96 49.17 50.93 52.94 54.57 55.78 56.49 56.55 56.42 56.19 55.73 55.06 54.88 54.94 54.60 53.74 52.07 49.98 47.96 46.53 45.73 45.84 46.55 47.15 47.28 47.45 47.74 47.66 46.81 45.71 44.91 44.48 44.48 45.25 46.65 48.06 49.25 50.01 50.34 50.58 50.66 50.78 51.24 51.18 50.16 48.32 46.32 44.68 43.82 43.22 42.38 41.94 42.18 43.07 44.37 45.82 47.33 48.73 50.13 50.84 50.47 49.27 47.34 45.47 44.61 45.02 46.45 48.43 49.96 50.77 50.88 50.78 51.10 51.81 52.67 53.61 54.28 54.57 54.39 53.78 53.27 53.18 52.86 51.89 50.90 50.38 50.68 51.48 52.05 51.99 51.41 50.92 50.29 49.14 48.20 48.07 48.42 48.96 49.42 49.82 50.02 50.14 50.74 51.73 52.40 52.74 52.99 53.21 53.44 53.51 53.24 52.94 52.74 52.24 51.46 50.35 48.86 47.23 45.96 45.59 46.05 46.65 47.26 47.63 47.66 47.82 48.11 48.46 48.76 48.94 49.63 50.84 52.37 53.21 53.21 52.83 52.23 51.68 50.91 49.57 48.20 46.94 45.62 44.67 44.37 44.83 45.80 46.86 47.99 48.86 49.30 49.02 48.08 47.28 46.85 46.52 46.63 47.17 47.92 48.42 48.23 47.34 44.55 36.44 8.00 
87.00 59.55 51.08 47.31 44.86 42.89 41.34 40.29 39.81 39.85 40.39 41.35 42.57 43.78 44.80 45.64 46.32 46.86 47.25 47.41 47.45 47.50 47.76 48.15 48.47 48.71 48.79 48.65 48.30 47.77 47.24 46.95 46.97 47.35 48.09 49.05 50.14 51.47 52.94 54.34 55.50 56.27 56.53 56.40 56.00 55.43 54.81 54.37 53.97 53.33 52.29 50.80 49.06 47.40 46.17 45.54 45.60 46.17 46.91 47.54 48.05 48.34 48.22 47.62 46.77 46.03 45.59 45.60 46.14 47.08 48.11 49.00 49.61 49.93 50.08 50.11 50.08 49.99 49.55 48.60 47.26 45.90 44.83 44.25 43.99 43.87 44.01 44.49 45.30 46.33 47.44 48.52 49.42 50.05 50.18 49.72 48.81 47.70 46.83 46.60 47.13 48.23 49.58 50.73 51.49 51.84 52.03 52.30 52.76 53.35 54.01 54.57 54.89 54.91 54.68 54.40 54.20 53.88 53.31 52.66 52.11 51.84 51.80 51.78 51.65 51.36 50.97 50.37 49.50 48.67 48.15 47.97 48.04 48.23 48.50 48.78 49.13 49.67 50.37 51.03 51.62 52.18 52.67 53.04 53.18 53.07 52.80 52.43 51.91 51.23 50.37 49.36 48.33 47.50 47.09 47.10 47.28 47.46 47.49 47.37 47.24 47.22 47.39 47.79 48.44 49.50 50.88 52.35 53.48 54.08 54.22 53.98 53.49 52.74 51.72 50.64 49.59 48.57 47.73 47.23 47.14 47.45 48.01 48.72 49.38 49.77 49.76 49.37 48.90 48.51 48.23 48.18 48.38 48.68 48.86 48.73 48.27 47.52 47.46 55.00 
76.00 60.25 52.39 48.48 46.11 44.35 42.97 41.99 41.43 41.29 41.56 42.16 42.99 43.90 44.76 45.53 46.17 46.69 47.08 47.34 47.52 47.67 47.84 47.99 48.07 48.03 47.86 47.56 47.19 46.81 46.59 46.66 47.08 47.81 48.79 49.89 51.04 52.26 53.52 54.72 55.69 56.29 56.39 56.05 55.41 54.66 53.93 53.31 52.72 51.98 50.98 49.71 48.29 46.94 45.92 45.39 45.43 45.97 46.79 47.66 48.39 48.81 48.80 48.33 47.61 46.90 46.45 46.41 46.82 47.56 48.41 49.17 49.71 50.00 50.10 50.04 49.85 49.50 48.87 47.95 46.87 45.86 45.14 44.82 44.83 45.07 45.51 46.13 46.91 47.80 48.71 49.51 50.09 50.33 50.15 49.58 48.81 48.10 47.73 47.90 48.61 49.69 50.87 51.88 52.57 52.93 53.09 53.24 53.50 53.91 54.43 54.93 55.26 55.35 55.21 54.95 54.66 54.31 53.86 53.31 52.74 52.21 51.80 51.50 51.30 51.12 50.86 50.41 49.74 49.00 48.37 47.94 47.71 47.66 47.77 48.00 48.37 48.88 49.53 50.24 50.98 51.70 52.32 52.76 52.95 52.89 52.63 52.24 51.74 51.15 50.49 49.78 49.06 48.44 48.02 47.79 47.66 47.53 47.30 46.97 46.64 46.44 46.53 46.97 47.81 49.03 50.50 52.03 53.35 54.30 54.84 54.96 54.72 54.18 53.40 52.53 51.64 50.78 50.00 49.42 49.10 49.10 49.39 49.86 50.35 50.68 50.73 50.50 50.10 49.66 49.28 49.06 49.03 49.12 49.20 49.22 49.26 49.65 50.81 51.00 
64.00 52.96 49.61 47.99 46.70 45.46 44.33 43.42 42.81 42.53 42.57 42.90 43.44 44.10 44.77 45.40 45.95 46.39 46.74 46.99 47.19 47.36 47.49 47.55 47.49 47.30 46.99 46.58 46.17 45.88 45.83 46.15 46.87 47.93 49.20 50.54 51.86 53.11 54.28 55.28 56.00 56.28 56.06 55.40 54.48 53.50 52.61 51.88 51.23 50.56 49.77 48.83 47.79 46.78 45.96 45.49 45.49 45.94 46.74 47.68 48.54 49.10 49.23 48.90 48.26 47.57 47.10 47.01 47.34 48.00 48.78 49.51 50.03 50.32 50.38 50.24 49.90 49.37 48.62 47.70 46.76 45.97 45.50 45.40 45.62 46.07 46.66 47.34 48.09 48.87 49.62 50.24 50.61 50.62 50.26 49.62 48.90 48.38 48.28 48.71 49.63 50.84 52.06 53.05 53.67 53.92 53.92 53.86 53.91 54.16 54.58 55.02 55.34 55.41 55.23 54.89 54.48 54.05 53.60 53.10 52.56 52.01 51.53 51.19 51.01 50.92 50.81 50.54 50.07 49.46 48.84 48.28 47.86 47.58 47.49 47.58 47.87 48.36 49.00 49.77 50.60 51.39 52.05 52.50 52.69 52.63 52.39 52.02 51.57 51.09 50.59 50.08 49.56 49.05 48.60 48.22 47.88 47.50 47.05 46.53 46.04 45.74 45.78 46.24 47.14 48.41 49.90 51.44 52.86 54.03 54.86 55.31 55.37 55.08 54.53 53.84 53.10 52.37 51.71 51.18 50.85 50.76 50.91 51.21 51.54 51.73 51.68 51.37 50.88 50.31 49.78 49.41 49.23 49.22 49.27 49.35 49.65 50.87 55.08 69.00 
18.00 37.91 45.01 47.11 47.21 46.53 45.61 44.73 44.04 43.62 43.49 43.63 43.96 44.42 44.91 45.38 45.77 46.07 46.29 46.46 46.62 46.77 46.90 46.95 46.86 46.62 46.24 45.78 45.35 45.09 45.16 45.66 46.62 47.94 49.49 51.07 52.56 53.87 54.95 55.75 56.16 56.09 55.50 54.51 53.30 52.10 51.06 50.25 49.64 49.16 48.72 48.24 47.66 47.02 46.41 45.97 45.85 46.14 46.81 47.71 48.61 49.28 49.53 49.32 48.76 48.10 47.60 47.45 47.72 48.33 49.11 49.84 50.40 50.70 50.72 50.49 50.00 49.31 48.44 47.52 46.68 46.08 45.81 45.90 46.29 46.87 47.54 48.24 48.93 49.60 50.20 50.65 50.85 50.72 50.24 49.54 48.84 48.41 48.46 49.09 50.20 51.58 52.91 53.93 54.47 54.55 54.32 54.02 53.85 53.95 54.27 54.66 54.93 54.96 54.70 54.25 53.70 53.17 52.70 52.26 51.85 51.45 51.12 50.91 50.87 50.93 50.98 50.89 50.61 50.14 49.56 48.93 48.34 47.84 47.51 47.41 47.57 48.00 48.65 49.46 50.33 51.14 51.80 52.21 52.37 52.30 52.07 51.75 51.38 51.01 50.65 50.29 49.88 49.44 48.96 48.47 47.95 47.38 46.74 46.06 45.47 45.12 45.16 45.65 46.57 47.82 49.26 50.76 52.20 53.48 54.51 55.21 55.53 55.48 55.13 54.59 54.00 53.43 52.95 52.59 52.38 52.33 52.43 52.61 52.74 52.73 52.47 51.98 51.30 50.55 49.86 49.35 49.09 49.02 49.02 48.96 48.85 48.89 49.52 50.00 
5.00 35.64 45.33 48.15 48.50 47.89 46.94 45.96 45.14 44.58 44.31 44.31 44.52 44.85 45.20 45.50 45.71 45.82 45.86 45.91 45.99 46.14 46.30 46.39 46.34 46.11 45.72 45.25 44.82 44.60 44.76 45.39 46.51 48.04 49.78 51.55 53.15 54.47 55.43 56.00 56.10 55.68 54.76 53.47 52.01 50.62 49.47 48.64 48.15 47.95 47.93 47.96 47.90 47.65 47.24 46.81 46.55 46.62 47.08 47.85 48.72 49.43 49.77 49.65 49.16 48.52 47.97 47.75 47.95 48.51 49.29 50.07 50.68 51.00 51.00 50.67 50.03 49.17 48.19 47.27 46.54 46.12 46.05 46.32 46.84 47.49 48.19 48.85 49.47 50.01 50.45 50.74 50.78 50.52 49.96 49.21 48.51 48.12 48.27 49.02 50.29 51.82 53.25 54.28 54.74 54.63 54.16 53.62 53.27 53.23 53.47 53.82 54.06 54.04 53.72 53.16 52.50 51.89 51.40 51.07 50.86 50.74 50.70 50.76 50.94 51.17 51.38 51.46 51.33 50.98 50.43 49.74 48.98 48.25 47.68 47.36 47.37 47.72 48.35 49.18 50.08 50.90 51.52 51.89 52.01 51.93 51.73 51.47 51.20 50.95 50.71 50.44 50.10 49.65 49.12 48.52 47.86 47.15 46.37 45.61 44.98 44.64 44.73 45.27 46.20 47.41 48.78 50.19 51.59 52.90 54.03 54.89 55.39 55.50 55.28 54.86 54.39 53.99 53.71 53.58 53.56 53.63 53.75 53.84 53.80 53.56 53.07 52.33 51.43 50.49 49.66 49.06 48.75 48.66 48.59 48.32 47.57 46.10 43.97 44.00 
61.00 54.24 52.41 51.53 50.63 49.54 48.31 47.11 46.10 45.39 45.00 44.92 45.06 45.32 45.57 45.74 45.77 45.70 45.58 45.50 45.54 45.70 45.92 46.09 46.10 45.91 45.53 45.06 44.66 44.49 44.72 45.45 46.69 48.34 50.20 52.06 53.69 54.95 55.77 56.09 55.89 55.17 53.97 52.45 50.82 49.30 48.08 47.27 46.93 47.02 47.44 47.98 48.39 48.51 48.30 47.88 47.48 47.33 47.57 48.17 48.95 49.64 50.02 49.96 49.50 48.83 48.22 47.89 47.99 48.49 49.26 50.09 50.78 51.17 51.16 50.74 49.96 48.94 47.87 46.96 46.35 46.12 46.25 46.66 47.26 47.94 48.60 49.21 49.73 50.15 50.43 50.55 50.43 50.05 49.41 48.63 47.93 47.57 47.76 48.59 49.95 51.56 53.04 54.04 54.38 54.10 53.43 52.71 52.23 52.11 52.32 52.64 52.87 52.83 52.48 51.86 51.13 50.46 50.00 49.80 49.84 50.06 50.39 50.78 51.20 51.62 51.95 52.14 52.10 51.81 51.27 50.50 49.59 48.66 47.86 47.34 47.19 47.44 48.05 48.89 49.80 50.62 51.22 51.54 51.63 51.56 51.39 51.21 51.06 50.93 50.78 50.56 50.22 49.72 49.10 48.40 47.64 46.83 45.99 45.20 44.61 44.36 44.54 45.16 46.12 47.30 48.58 49.90 51.22 52.50 53.65 54.56 55.13 55.31 55.14 54.78 54.39 54.11 54.01 54.08 54.26 54.48 54.66 54.72 54.58 54.17 53.46 52.50 51.39 50.28 49.33 48.68 48.36 48.28 48.23 47.86 46.68 43.68 36.13 15.00 
95.00 67.79 58.32 54.64 52.67 51.08 49.55 48.11 46.90 46.03 45.55 45.43 45.55 45.78 45.98 46.06 45.97 45.76 45.53 45.39 45.43 45.64 45.94 46.19 46.26 46.10 45.73 45.27 44.90 44.79 45.10 45.92 47.22 48.92 50.81 52.66 54.25 55.42 56.07 56.17 55.73 54.76 53.35 51.67 49.92 48.33 47.07 46.31 46.11 46.47 47.25 48.19 48.99 49.41 49.36 48.96 48.46 48.14 48.20 48.64 49.31 49.95 50.32 50.26 49.78 49.05 48.32 47.86 47.83 48.25 49.01 49.89 50.67 51.15 51.18 50.71 49.83 48.70 47.57 46.69 46.20 46.14 46.44 46.96 47.59 48.24 48.85 49.38 49.80 50.10 50.24 50.18 49.91 49.40 48.69 47.89 47.21 46.87 47.09 47.95 49.33 50.95 52.40 53.32 53.53 53.08 52.27 51.45 50.93 50.81 51.03 51.37 51.62 51.60 51.24 50.61 49.86 49.18 48.76 48.70 48.99 49.55 50.23 50.93 51.58 52.12 52.52 52.73 52.71 52.43 51.87 51.04 50.02 48.93 47.95 47.25 46.97 47.15 47.73 48.57 49.48 50.28 50.84 51.14 51.21 51.15 51.05 50.97 50.94 50.92 50.85 50.64 50.24 49.66 48.95 48.16 47.35 46.51 45.68 44.94 44.45 44.32 44.62 45.33 46.33 47.48 48.71 49.95 51.18 52.39 53.48 54.35 54.89 55.04 54.85 54.47 54.09 53.88 53.88 54.09 54.42 54.77 55.04 55.14 54.99 54.50 53.66 52.54 51.26 50.01 48.98 48.29 47.99 47.98 48.07 47.98 47.33 45.55 41.73 34.00 
77.00 63.40 58.09 55.53 53.78 52.13 50.45 48.84 47.48 46.51 45.99 45.86 45.99 46.23 46.41 46.44 46.29 46.01 45.74 45.61 45.71 46.02 46.41 46.73 46.83 46.67 46.29 45.85 45.51 45.47 45.86 46.72 48.06 49.74 51.59 53.38 54.88 55.94 56.45 56.38 55.76 54.62 53.08 51.30 49.49 47.86 46.60 45.87 45.78 46.30 47.30 48.49 49.52 50.13 50.19 49.82 49.28 48.87 48.81 49.14 49.72 50.31 50.64 50.55 50.01 49.18 48.31 47.69 47.51 47.82 48.55 49.48 50.36 50.95 51.06 50.62 49.71 48.53 47.39 46.55 46.17 46.24 46.65 47.23 47.85 48.45 48.98 49.44 49.77 49.96 49.95 49.73 49.29 48.67 47.90 47.12 46.49 46.21 46.47 47.32 48.67 50.21 51.56 52.35 52.42 51.86 50.97 50.14 49.65 49.59 49.86 50.25 50.54 50.55 50.23 49.63 48.90 48.24 47.87 47.93 48.42 49.24 50.21 51.15 51.94 52.53 52.90 53.05 52.98 52.66 52.06 51.20 50.13 48.95 47.86 47.06 46.70 46.83 47.38 48.20 49.08 49.82 50.33 50.57 50.63 50.61 50.59 50.64 50.74 50.84 50.83 50.62 50.16 49.50 48.73 47.92 47.12 46.34 45.59 44.96 44.57 44.56 44.97 45.74 46.75 47.89 49.07 50.26 51.43 52.56 53.55 54.30 54.72 54.76 54.49 54.05 53.64 53.41 53.44 53.69 54.09 54.53 54.90 55.10 55.02 54.55 53.68 52.46 51.06 49.71 48.60 47.89 47.61 47.71 48.06 48.50 48.88 49.29 51.13 63.00 
34.00 50.48 54.59 54.93 54.02 52.57 50.88 49.21 47.81 46.84 46.34 46.25 46.43 46.70 46.90 46.91 46.72 46.43 46.18 46.12 46.33 46.74 47.22 47.58 47.69 47.51 47.12 46.69 46.40 46.42 46.86 47.76 49.07 50.69 52.44 54.13 55.53 56.50 56.92 56.76 56.04 54.82 53.22 51.40 49.56 47.92 46.66 45.97 45.92 46.51 47.58 48.83 49.91 50.56 50.66 50.31 49.76 49.32 49.22 49.50 50.04 50.60 50.91 50.79 50.18 49.25 48.24 47.45 47.11 47.30 47.98 48.94 49.90 50.61 50.83 50.48 49.63 48.50 47.40 46.61 46.30 46.44 46.90 47.48 48.07 48.60 49.07 49.44 49.69 49.76 49.60 49.21 48.63 47.91 47.13 46.41 45.89 45.72 46.05 46.91 48.20 49.62 50.81 51.44 51.37 50.73 49.83 49.04 48.64 48.67 49.01 49.46 49.78 49.84 49.59 49.05 48.36 47.75 47.42 47.56 48.17 49.15 50.29 51.36 52.20 52.75 53.01 53.02 52.83 52.43 51.80 50.94 49.87 48.69 47.58 46.75 46.36 46.46 46.99 47.75 48.54 49.18 49.58 49.76 49.81 49.84 49.93 50.11 50.35 50.56 50.62 50.44 49.97 49.31 48.56 47.83 47.14 46.49 45.87 45.35 45.06 45.10 45.53 46.29 47.27 48.37 49.53 50.69 51.83 52.87 53.74 54.34 54.59 54.50 54.11 53.59 53.11 52.83 52.81 53.04 53.44 53.91 54.37 54.68 54.72 54.33 53.48 52.22 50.74 49.29 48.12 47.38 47.13 47.36 48.01 49.02 50.32 51.54 50.47 34.00 
30.00 49.64 54.32 54.83 53.95 52.49 50.81 49.19 47.87 47.01 46.63 46.65 46.91 47.24 47.46 47.48 47.29 47.01 46.80 46.83 47.13 47.64 48.18 48.56 48.66 48.46 48.07 47.66 47.42 47.49 47.96 48.83 50.08 51.58 53.21 54.77 56.09 57.00 57.40 57.23 56.50 55.28 53.67 51.86 50.04 48.42 47.20 46.52 46.49 47.05 48.05 49.19 50.17 50.72 50.75 50.37 49.82 49.39 49.29 49.57 50.13 50.71 51.04 50.92 50.30 49.30 48.18 47.24 46.76 46.83 47.43 48.37 49.38 50.18 50.54 50.33 49.62 48.62 47.62 46.90 46.62 46.76 47.18 47.72 48.24 48.71 49.10 49.39 49.54 49.48 49.17 48.63 47.92 47.15 46.41 45.82 45.47 45.49 45.95 46.85 48.07 49.35 50.35 50.80 50.61 49.91 49.04 48.34 48.03 48.15 48.56 49.04 49.40 49.52 49.34 48.89 48.29 47.72 47.42 47.57 48.22 49.26 50.45 51.55 52.35 52.78 52.86 52.68 52.32 51.82 51.17 50.33 49.31 48.19 47.13 46.33 45.96 46.06 46.54 47.20 47.85 48.32 48.58 48.68 48.72 48.81 49.01 49.32 49.71 50.05 50.21 50.10 49.71 49.14 48.53 47.99 47.52 47.06 46.60 46.17 45.90 45.90 46.23 46.88 47.76 48.79 49.91 51.06 52.16 53.13 53.88 54.33 54.43 54.20 53.71 53.12 52.57 52.22 52.13 52.29 52.65 53.13 53.64 54.04 54.16 53.85 53.02 51.73 50.18 48.66 47.42 46.66 46.44 46.80 47.75 49.39 51.95 56.19 65.28 94.00 
87.00 63.55 57.79 55.49 53.75 52.03 50.34 48.84 47.71 47.06 46.88 47.08 47.47 47.87 48.13 48.15 47.97 47.70 47.54 47.62 47.99 48.54 49.10 49.48 49.57 49.36 48.99 48.62 48.42 48.52 48.97 49.78 50.90 52.26 53.72 55.15 56.38 57.28 57.71 57.61 56.95 55.79 54.24 52.48 50.72 49.17 48.02 47.40 47.37 47.86 48.71 49.63 50.36 50.69 50.55 50.07 49.48 49.05 48.97 49.29 49.89 50.53 50.95 50.91 50.34 49.35 48.19 47.18 46.58 46.54 47.04 47.92 48.92 49.76 50.22 50.17 49.66 48.84 48.00 47.37 47.09 47.18 47.51 47.94 48.36 48.74 49.04 49.23 49.26 49.05 48.59 47.92 47.14 46.38 45.75 45.35 45.26 45.53 46.18 47.16 48.33 49.46 50.27 50.54 50.23 49.50 48.67 48.05 47.83 48.01 48.45 48.96 49.36 49.55 49.47 49.13 48.63 48.12 47.83 47.94 48.54 49.54 50.69 51.73 52.43 52.70 52.58 52.19 51.66 51.04 50.35 49.55 48.62 47.60 46.64 45.92 45.60 45.69 46.09 46.61 47.06 47.33 47.43 47.44 47.48 47.62 47.92 48.36 48.88 49.35 49.63 49.65 49.42 49.05 48.69 48.43 48.25 48.03 47.72 47.33 47.00 46.86 47.00 47.44 48.15 49.06 50.10 51.21 52.27 53.18 53.83 54.16 54.15 53.84 53.29 52.66 52.07 51.67 51.52 51.62 51.94 52.40 52.90 53.32 53.46 53.15 52.29 50.94 49.32 47.72 46.44 45.66 45.49 45.97 47.18 49.24 52.27 56.31 60.63 60.00 
58.00 59.69 57.58 55.26 53.17 51.29 49.64 48.33 47.46 47.09 47.17 47.56 48.09 48.58 48.89 48.93 48.75 48.50 48.35 48.45 48.82 49.36 49.90 50.24 50.31 50.11 49.77 49.45 49.28 49.37 49.76 50.45 51.41 52.56 53.84 55.12 56.29 57.20 57.71 57.72 57.19 56.14 54.69 53.03 51.38 49.95 48.93 48.41 48.42 48.84 49.50 50.16 50.57 50.60 50.22 49.58 48.90 48.43 48.34 48.68 49.34 50.08 50.63 50.75 50.32 49.44 48.33 47.32 46.68 46.55 46.94 47.69 48.60 49.41 49.91 49.99 49.68 49.09 48.43 47.91 47.64 47.64 47.84 48.13 48.42 48.67 48.83 48.88 48.75 48.39 47.80 47.05 46.27 45.60 45.15 45.01 45.23 45.79 46.66 47.75 48.89 49.88 50.49 50.59 50.17 49.42 48.63 48.07 47.90 48.11 48.57 49.10 49.56 49.84 49.89 49.70 49.31 48.87 48.57 48.62 49.11 49.99 51.03 51.96 52.54 52.66 52.36 51.78 51.08 50.35 49.63 48.86 48.01 47.11 46.27 45.66 45.39 45.47 45.78 46.13 46.36 46.42 46.36 46.29 46.31 46.51 46.88 47.42 48.03 48.61 49.03 49.21 49.18 49.07 49.01 49.08 49.19 49.21 49.03 48.65 48.21 47.87 47.76 47.94 48.43 49.16 50.08 51.09 52.07 52.91 53.50 53.78 53.75 53.43 52.89 52.26 51.67 51.25 51.08 51.15 51.44 51.87 52.32 52.67 52.71 52.29 51.31 49.86 48.15 46.50 45.20 44.45 44.34 44.96 46.39 48.77 52.23 56.69 61.22 62.00 
54.00 59.67 57.65 54.87 52.47 50.51 48.97 47.89 47.30 47.22 47.54 48.11 48.77 49.34 49.70 49.78 49.63 49.40 49.24 49.31 49.63 50.09 50.55 50.83 50.88 50.69 50.39 50.10 49.94 49.99 50.26 50.78 51.52 52.45 53.51 54.63 55.73 56.66 57.27 57.43 57.06 56.16 54.86 53.34 51.84 50.59 49.74 49.37 49.44 49.83 50.33 50.73 50.83 50.55 49.91 49.07 48.25 47.69 47.55 47.88 48.57 49.42 50.13 50.46 50.26 49.58 48.63 47.71 47.08 46.89 47.16 47.75 48.49 49.17 49.63 49.78 49.63 49.26 48.81 48.40 48.14 48.06 48.12 48.25 48.39 48.47 48.46 48.31 47.98 47.46 46.77 46.02 45.32 44.82 44.61 44.77 45.31 46.17 47.27 48.46 49.57 50.43 50.87 50.81 50.31 49.54 48.78 48.26 48.11 48.33 48.80 49.36 49.90 50.30 50.51 50.49 50.24 49.87 49.56 49.51 49.87 50.59 51.49 52.29 52.75 52.75 52.32 51.61 50.78 49.97 49.21 48.46 47.69 46.91 46.19 45.68 45.47 45.54 45.76 45.95 45.98 45.86 45.66 45.51 45.52 45.73 46.13 46.70 47.36 48.01 48.52 48.85 49.02 49.16 49.39 49.75 50.13 50.36 50.28 49.89 49.33 48.79 48.44 48.38 48.63 49.16 49.91 50.76 51.63 52.38 52.95 53.26 53.28 53.03 52.56 51.97 51.42 51.01 50.85 50.93 51.22 51.61 51.97 52.15 51.99 51.34 50.16 48.55 46.76 45.08 43.81 43.12 43.12 43.87 45.47 48.12 52.07 57.70 65.95 81.00 
91.00 67.50 58.78 54.50 51.81 49.91 48.55 47.71 47.39 47.52 48.01 48.71 49.45 50.09 50.52 50.67 50.59 50.38 50.22 50.23 50.44 50.78 51.12 51.32 51.33 51.15 50.87 50.58 50.39 50.33 50.46 50.76 51.25 51.92 52.74 53.70 54.71 55.66 56.37 56.68 56.49 55.79 54.67 53.33 52.03 50.97 50.31 50.10 50.25 50.63 51.03 51.24 51.11 50.58 49.72 48.70 47.73 47.04 46.80 47.05 47.73 48.65 49.52 50.08 50.16 49.76 49.05 48.29 47.73 47.52 47.65 48.05 48.57 49.05 49.39 49.54 49.49 49.30 49.03 48.74 48.51 48.36 48.30 48.29 48.27 48.17 47.95 47.57 47.02 46.33 45.58 44.87 44.32 44.04 44.12 44.59 45.43 46.56 47.84 49.11 50.19 50.93 51.22 51.05 50.50 49.74 49.01 48.51 48.35 48.56 49.03 49.64 50.28 50.84 51.22 51.37 51.27 50.98 50.67 50.54 50.74 51.29 52.04 52.73 53.11 53.04 52.55 51.77 50.88 50.01 49.22 48.48 47.76 47.07 46.47 46.07 45.93 46.01 46.17 46.24 46.14 45.87 45.56 45.34 45.30 45.48 45.86 46.39 47.03 47.67 48.22 48.63 48.94 49.27 49.72 50.31 50.90 51.27 51.26 50.87 50.22 49.54 49.02 48.77 48.83 49.16 49.70 50.37 51.08 51.76 52.33 52.71 52.85 52.72 52.34 51.82 51.31 50.94 50.80 50.92 51.23 51.58 51.82 51.78 51.33 50.37 48.93 47.14 45.27 43.60 42.40 41.82 41.93 42.79 44.48 47.18 51.18 56.84 64.32 71.00 
75.00 60.79 55.89 53.11 51.08 49.55 48.47 47.86 47.72 47.98 48.54 49.27 50.04 50.74 51.27 51.54 51.56 51.42 51.25 51.18 51.26 51.45 51.66 51.77 51.73 51.54 51.25 50.93 50.64 50.45 50.38 50.45 50.68 51.08 51.66 52.43 53.34 54.27 55.07 55.53 55.54 55.05 54.15 53.02 51.92 51.06 50.56 50.47 50.69 51.07 51.42 51.54 51.30 50.66 49.69 48.55 47.45 46.63 46.24 46.36 46.97 47.90 48.89 49.66 50.02 49.92 49.49 48.94 48.50 48.27 48.30 48.49 48.77 49.02 49.20 49.28 49.28 49.22 49.09 48.92 48.72 48.54 48.39 48.25 48.07 47.79 47.35 46.73 45.96 45.13 44.34 43.70 43.32 43.29 43.64 44.40 45.50 46.83 48.24 49.54 50.57 51.22 51.42 51.21 50.66 49.95 49.26 48.76 48.59 48.76 49.22 49.88 50.62 51.32 51.87 52.19 52.24 52.04 51.76 51.57 51.65 52.06 52.67 53.27 53.61 53.53 53.04 52.25 51.34 50.44 49.61 48.87 48.18 47.57 47.08 46.80 46.76 46.89 47.06 47.09 46.90 46.54 46.14 45.84 45.72 45.82 46.11 46.54 47.07 47.63 48.14 48.56 48.94 49.38 49.97 50.69 51.40 51.85 51.90 51.51 50.83 50.09 49.48 49.12 49.04 49.21 49.56 50.05 50.63 51.24 51.84 52.31 52.58 52.57 52.27 51.80 51.30 50.94 50.84 51.00 51.32 51.65 51.76 51.49 50.73 49.44 47.72 45.75 43.81 42.18 41.07 40.61 40.83 41.74 43.38 45.87 49.50 54.85 63.86 85.00 
10.00 44.95 51.28 51.51 50.54 49.50 48.70 48.25 48.18 48.45 48.98 49.68 50.46 51.22 51.86 52.29 52.46 52.41 52.26 52.11 52.06 52.10 52.17 52.21 52.12 51.90 51.57 51.16 50.74 50.37 50.10 49.95 49.94 50.09 50.44 51.01 51.78 52.67 53.50 54.09 54.29 54.02 53.36 52.47 51.57 50.86 50.47 50.43 50.67 51.04 51.38 51.51 51.30 50.70 49.76 48.61 47.47 46.53 45.98 45.93 46.40 47.27 48.31 49.23 49.82 50.00 49.84 49.52 49.19 48.98 48.90 48.93 48.98 49.02 49.04 49.04 49.06 49.08 49.07 48.99 48.83 48.62 48.39 48.14 47.83 47.38 46.73 45.90 44.94 43.98 43.15 42.59 42.37 42.56 43.17 44.16 45.46 46.92 48.38 49.66 50.64 51.23 51.41 51.23 50.77 50.15 49.51 49.02 48.80 48.92 49.35 50.02 50.82 51.63 52.32 52.78 52.97 52.89 52.66 52.47 52.49 52.80 53.32 53.86 54.19 54.14 53.69 52.94 52.03 51.11 50.26 49.49 48.82 48.27 47.89 47.75 47.85 48.10 48.33 48.38 48.17 47.76 47.28 46.89 46.68 46.65 46.79 47.07 47.44 47.85 48.25 48.61 48.99 49.47 50.13 50.92 51.67 52.17 52.23 51.87 51.20 50.46 49.84 49.44 49.29 49.34 49.56 49.91 50.40 50.98 51.61 52.17 52.53 52.59 52.33 51.84 51.30 50.91 50.80 50.98 51.33 51.64 51.66 51.20 50.17 48.59 46.63 44.51 42.53 40.94 39.92 39.56 39.84 40.71 42.15 44.15 46.74 49.72 51.55 43.00 
80.00 57.85 52.98 51.48 50.56 49.76 49.11 48.71 48.59 48.76 49.18 49.81 50.58 51.43 52.22 52.82 53.17 53.24 53.12 52.92 52.75 52.67 52.64 52.61 52.49 52.23 51.82 51.29 50.71 50.16 49.70 49.37 49.18 49.14 49.28 49.66 50.26 51.03 51.84 52.51 52.87 52.83 52.42 51.76 51.04 50.44 50.08 50.01 50.19 50.53 50.89 51.11 51.05 50.63 49.86 48.84 47.72 46.72 46.03 45.80 46.10 46.85 47.85 48.84 49.59 49.98 50.04 49.90 49.68 49.49 49.34 49.23 49.13 49.03 48.93 48.88 48.90 48.98 49.04 49.03 48.89 48.65 48.34 47.99 47.54 46.95 46.14 45.15 44.05 43.00 42.14 41.63 41.54 41.91 42.71 43.88 45.30 46.81 48.25 49.47 50.38 50.95 51.18 51.11 50.79 50.30 49.74 49.26 48.98 49.01 49.37 50.00 50.80 51.64 52.40 52.97 53.29 53.34 53.23 53.11 53.14 53.42 53.90 54.41 54.75 54.74 54.35 53.65 52.76 51.83 50.93 50.14 49.49 49.01 48.77 48.80 49.07 49.47 49.80 49.91 49.72 49.27 48.73 48.25 47.92 47.75 47.73 47.83 48.00 48.22 48.47 48.73 49.07 49.56 50.24 51.05 51.80 52.29 52.37 52.03 51.41 50.71 50.11 49.72 49.53 49.52 49.67 49.96 50.42 51.02 51.69 52.31 52.72 52.78 52.47 51.89 51.25 50.75 50.58 50.74 51.11 51.43 51.41 50.85 49.66 47.90 45.78 43.57 41.56 40.00 39.04 38.71 38.98 39.74 40.88 42.30 43.94 46.01 49.75 61.00 
66.00 53.43 51.32 50.93 50.59 50.08 49.53 49.06 48.79 48.77 49.04 49.59 50.37 51.31 52.27 53.08 53.61 53.81 53.75 53.53 53.30 53.13 53.04 52.96 52.82 52.51 52.00 51.32 50.56 49.84 49.24 48.80 48.52 48.38 48.38 48.57 48.97 49.57 50.28 50.95 51.42 51.57 51.39 50.95 50.39 49.85 49.47 49.31 49.38 49.64 50.02 50.36 50.53 50.40 49.91 49.11 48.12 47.13 46.36 45.98 46.10 46.70 47.60 48.58 49.39 49.90 50.10 50.08 49.93 49.74 49.55 49.37 49.19 49.02 48.89 48.82 48.85 48.96 49.06 49.07 48.93 48.64 48.24 47.77 47.20 46.49 45.59 44.51 43.34 42.24 41.38 40.91 40.91 41.39 42.33 43.61 45.08 46.58 47.94 49.05 49.89 50.45 50.77 50.86 50.72 50.37 49.89 49.40 49.06 48.99 49.23 49.75 50.47 51.27 52.03 52.66 53.09 53.30 53.36 53.39 53.51 53.82 54.30 54.81 55.15 55.19 54.85 54.20 53.33 52.39 51.47 50.67 50.06 49.68 49.59 49.80 50.26 50.81 51.26 51.43 51.25 50.79 50.19 49.62 49.18 48.89 48.71 48.62 48.60 48.63 48.71 48.86 49.15 49.63 50.30 51.09 51.82 52.30 52.38 52.07 51.51 50.87 50.32 49.93 49.73 49.69 49.83 50.14 50.64 51.30 52.03 52.68 53.08 53.09 52.67 51.93 51.11 50.45 50.15 50.26 50.63 50.98 51.01 50.46 49.25 47.45 45.28 43.05 41.04 39.48 38.50 38.13 38.30 38.88 39.67 40.41 40.79 40.63 40.44 44.00 
0.00 38.39 47.62 50.04 50.55 50.34 49.81 49.20 48.71 48.47 48.56 49.03 49.84 50.90 52.03 53.04 53.76 54.11 54.13 53.93 53.68 53.47 53.35 53.26 53.08 52.70 52.08 51.24 50.31 49.45 48.77 48.32 48.05 47.90 47.83 47.87 48.05 48.43 48.97 49.57 50.08 50.38 50.39 50.14 49.70 49.20 48.76 48.47 48.40 48.57 48.95 49.42 49.83 50.01 49.85 49.34 48.55 47.66 46.88 46.41 46.41 46.86 47.65 48.54 49.33 49.86 50.10 50.11 49.97 49.77 49.56 49.37 49.20 49.06 48.95 48.90 48.93 49.03 49.12 49.10 48.92 48.56 48.06 47.48 46.80 46.01 45.06 43.97 42.82 41.74 40.92 40.49 40.55 41.11 42.12 43.44 44.91 46.33 47.56 48.55 49.29 49.85 50.26 50.49 50.51 50.30 49.88 49.39 48.98 48.79 48.88 49.24 49.80 50.48 51.17 51.82 52.34 52.73 53.01 53.24 53.52 53.92 54.42 54.93 55.28 55.35 55.06 54.45 53.62 52.70 51.80 51.04 50.50 50.25 50.32 50.71 51.33 52.01 52.54 52.75 52.57 52.08 51.43 50.80 50.27 49.86 49.56 49.31 49.11 48.96 48.90 48.95 49.18 49.63 50.27 51.02 51.71 52.15 52.25 52.00 51.52 50.95 50.44 50.06 49.85 49.81 49.97 50.35 50.95 51.71 52.51 53.19 53.55 53.46 52.89 51.96 50.91 50.05 49.59 49.60 49.95 50.36 50.49 50.07 48.99 47.29 45.21 43.02 41.02 39.43 38.38 37.89 37.91 38.29 38.76 38.91 38.07 35.08 27.24 6.00 
65.00 52.17 50.21 50.40 50.64 50.47 49.90 49.13 48.41 47.93 47.86 48.26 49.10 50.27 51.56 52.75 53.64 54.14 54.27 54.14 53.91 53.72 53.60 53.49 53.27 52.82 52.06 51.06 49.97 49.00 48.30 47.92 47.76 47.70 47.65 47.58 47.57 47.70 48.02 48.48 48.97 49.34 49.50 49.38 49.05 48.57 48.07 47.67 47.47 47.55 47.91 48.48 49.09 49.56 49.71 49.49 48.94 48.21 47.51 47.05 46.99 47.35 48.02 48.81 49.50 49.96 50.15 50.11 49.92 49.67 49.45 49.29 49.21 49.16 49.12 49.10 49.11 49.15 49.17 49.09 48.83 48.40 47.81 47.13 46.38 45.55 44.61 43.57 42.51 41.53 40.78 40.42 40.53 41.14 42.17 43.48 44.88 46.18 47.26 48.11 48.76 49.29 49.74 50.06 50.19 50.06 49.68 49.18 48.71 48.40 48.33 48.50 48.85 49.35 49.93 50.54 51.15 51.71 52.23 52.70 53.17 53.68 54.22 54.73 55.08 55.18 54.94 54.41 53.65 52.80 51.98 51.32 50.89 50.78 51.01 51.54 52.27 53.01 53.57 53.78 53.57 53.05 52.36 51.66 51.06 50.57 50.16 49.79 49.46 49.19 49.02 49.00 49.17 49.55 50.13 50.79 51.41 51.82 51.94 51.77 51.40 50.93 50.47 50.10 49.86 49.81 50.01 50.48 51.21 52.09 52.98 53.69 54.01 53.83 53.11 51.98 50.72 49.64 48.99 48.88 49.18 49.64 49.91 49.69 48.84 47.38 45.49 43.43 41.48 39.85 38.69 38.06 37.92 38.13 38.43 38.37 37.26 34.06 27.22 16.00 
81.00 54.65 49.91 49.82 50.28 50.29 49.77 48.91 48.01 47.34 47.12 47.46 48.32 49.57 50.97 52.30 53.33 53.96 54.20 54.15 53.99 53.85 53.76 53.66 53.40 52.85 51.95 50.79 49.56 48.52 47.85 47.58 47.60 47.70 47.74 47.64 47.48 47.40 47.49 47.77 48.18 48.56 48.79 48.76 48.49 48.04 47.51 47.04 46.77 46.79 47.15 47.79 48.54 49.20 49.58 49.60 49.28 48.75 48.19 47.82 47.78 48.10 48.68 49.36 49.92 50.25 50.29 50.11 49.81 49.50 49.28 49.20 49.24 49.32 49.39 49.39 49.35 49.29 49.19 49.00 48.67 48.17 47.54 46.81 46.04 45.21 44.33 43.40 42.46 41.61 40.99 40.72 40.88 41.51 42.52 43.76 45.06 46.22 47.16 47.87 48.42 48.89 49.32 49.66 49.81 49.70 49.33 48.82 48.30 47.90 47.68 47.64 47.78 48.07 48.50 49.06 49.71 50.43 51.16 51.87 52.53 53.15 53.74 54.24 54.60 54.74 54.59 54.18 53.57 52.86 52.19 51.67 51.38 51.40 51.74 52.34 53.09 53.83 54.34 54.49 54.24 53.67 52.93 52.18 51.52 50.95 50.46 50.02 49.63 49.31 49.11 49.05 49.16 49.45 49.90 50.43 50.93 51.29 51.44 51.37 51.13 50.78 50.39 50.02 49.75 49.68 49.90 50.46 51.30 52.32 53.31 54.07 54.38 54.13 53.30 52.02 50.58 49.30 48.46 48.19 48.41 48.87 49.26 49.27 48.72 47.58 45.99 44.14 42.28 40.66 39.42 38.66 38.39 38.51 38.79 38.85 38.24 36.34 31.31 13.00 
3.00 35.06 44.12 47.66 49.29 49.78 49.46 48.63 47.65 46.87 46.55 46.82 47.67 48.93 50.37 51.75 52.86 53.57 53.89 53.94 53.87 53.81 53.79 53.72 53.44 52.81 51.79 50.48 49.14 48.05 47.42 47.28 47.49 47.79 47.97 47.92 47.69 47.45 47.34 47.45 47.74 48.07 48.30 48.32 48.08 47.65 47.14 46.68 46.42 46.46 46.85 47.53 48.35 49.10 49.61 49.79 49.64 49.28 48.89 48.65 48.68 49.00 49.53 50.09 50.49 50.62 50.46 50.08 49.62 49.24 49.05 49.07 49.27 49.52 49.69 49.72 49.61 49.41 49.17 48.88 48.50 47.99 47.37 46.68 45.94 45.17 44.37 43.54 42.75 42.05 41.56 41.39 41.60 42.22 43.17 44.32 45.48 46.51 47.32 47.92 48.37 48.76 49.12 49.39 49.49 49.33 48.95 48.42 47.88 47.41 47.07 46.86 46.79 46.89 47.16 47.64 48.30 49.12 50.02 50.91 51.72 52.44 53.05 53.56 53.95 54.17 54.17 53.96 53.56 53.07 52.59 52.23 52.07 52.17 52.53 53.11 53.80 54.43 54.84 54.88 54.55 53.92 53.13 52.34 51.61 50.98 50.44 49.98 49.61 49.35 49.20 49.17 49.25 49.43 49.71 50.05 50.40 50.68 50.85 50.88 50.77 50.53 50.19 49.81 49.50 49.39 49.61 50.22 51.16 52.29 53.39 54.23 54.58 54.32 53.44 52.07 50.50 49.06 48.04 47.59 47.68 48.08 48.53 48.73 48.48 47.72 46.48 44.93 43.28 41.73 40.49 39.68 39.34 39.41 39.71 40.01 40.26 41.37 48.41 85.00 
32.00 38.06 43.04 46.38 48.33 49.15 49.06 48.38 47.46 46.68 46.32 46.52 47.28 48.46 49.84 51.18 52.26 52.98 53.33 53.44 53.47 53.53 53.61 53.62 53.36 52.69 51.58 50.17 48.74 47.62 47.02 46.99 47.36 47.85 48.20 48.26 48.06 47.75 47.51 47.47 47.63 47.87 48.05 48.05 47.83 47.44 46.99 46.62 46.47 46.61 47.08 47.81 48.65 49.40 49.93 50.15 50.09 49.86 49.61 49.48 49.58 49.91 50.37 50.80 51.02 50.91 50.50 49.89 49.28 48.84 48.70 48.87 49.25 49.68 49.96 50.01 49.84 49.53 49.17 48.81 48.42 47.98 47.46 46.87 46.23 45.55 44.84 44.12 43.43 42.87 42.50 42.41 42.66 43.25 44.12 45.15 46.18 47.08 47.78 48.29 48.65 48.95 49.19 49.34 49.33 49.10 48.67 48.13 47.58 47.08 46.65 46.31 46.09 46.02 46.17 46.55 47.20 48.05 49.03 50.01 50.89 51.64 52.27 52.80 53.26 53.62 53.83 53.87 53.75 53.52 53.25 53.04 52.96 53.05 53.34 53.79 54.31 54.76 54.99 54.89 54.46 53.76 52.93 52.09 51.31 50.62 50.06 49.64 49.39 49.29 49.31 49.39 49.50 49.60 49.71 49.85 50.03 50.21 50.37 50.45 50.41 50.24 49.92 49.51 49.14 48.97 49.17 49.79 50.79 52.01 53.21 54.13 54.56 54.35 53.49 52.11 50.48 48.94 47.77 47.14 47.03 47.30 47.72 48.03 48.06 47.66 46.83 45.66 44.30 42.95 41.81 41.02 40.67 40.71 40.99 41.23 41.12 40.08 35.71 14.00 
53.00 41.81 42.95 45.59 47.55 48.54 48.69 48.24 47.52 46.85 46.50 46.63 47.25 48.24 49.43 50.59 51.54 52.18 52.51 52.66 52.79 52.98 53.22 53.35 53.16 52.49 51.34 49.88 48.40 47.26 46.68 46.71 47.18 47.82 48.34 48.55 48.44 48.16 47.88 47.74 47.78 47.92 48.03 47.99 47.76 47.42 47.07 46.84 46.86 47.17 47.76 48.54 49.37 50.08 50.54 50.73 50.69 50.51 50.33 50.26 50.37 50.66 51.02 51.28 51.27 50.90 50.22 49.40 48.66 48.22 48.18 48.54 49.15 49.77 50.18 50.27 50.06 49.68 49.26 48.88 48.55 48.22 47.86 47.44 46.95 46.39 45.76 45.12 44.53 44.05 43.78 43.76 44.03 44.58 45.35 46.24 47.12 47.90 48.51 48.94 49.23 49.42 49.54 49.56 49.42 49.10 48.63 48.08 47.52 47.01 46.54 46.13 45.81 45.64 45.69 46.00 46.58 47.40 48.34 49.29 50.15 50.87 51.48 52.05 52.61 53.15 53.62 53.96 54.13 54.16 54.08 53.97 53.89 53.90 54.03 54.25 54.52 54.71 54.73 54.47 53.92 53.16 52.29 51.40 50.57 49.85 49.30 48.97 48.90 49.06 49.36 49.67 49.89 49.99 50.00 49.98 50.01 50.09 50.19 50.26 50.21 50.02 49.65 49.18 48.73 48.49 48.65 49.26 50.29 51.55 52.82 53.82 54.34 54.21 53.43 52.12 50.52 48.95 47.68 46.86 46.52 46.58 46.88 47.22 47.44 47.38 46.97 46.23 45.24 44.19 43.24 42.56 42.25 42.27 42.51 42.72 42.58 41.75 40.07 40.00 
13.00 33.04 40.97 44.87 47.01 48.11 48.46 48.29 47.85 47.39 47.12 47.17 47.58 48.28 49.15 50.02 50.74 51.21 51.47 51.64 51.87 52.22 52.63 52.91 52.83 52.22 51.09 49.62 48.14 46.99 46.40 46.44 46.95 47.68 48.33 48.70 48.75 48.57 48.32 48.15 48.12 48.18 48.22 48.13 47.90 47.59 47.34 47.27 47.46 47.95 48.68 49.52 50.34 50.97 51.35 51.46 51.38 51.19 51.01 50.92 50.97 51.13 51.32 51.34 51.07 50.43 49.51 48.52 47.72 47.35 47.49 48.09 48.95 49.78 50.34 50.50 50.30 49.89 49.46 49.12 48.89 48.72 48.55 48.32 47.99 47.56 47.03 46.46 45.93 45.52 45.31 45.35 45.62 46.12 46.77 47.51 48.25 48.90 49.41 49.76 49.97 50.07 50.08 49.98 49.74 49.35 48.85 48.29 47.74 47.23 46.76 46.33 45.98 45.78 45.77 46.02 46.52 47.22 48.03 48.85 49.57 50.19 50.76 51.35 52.03 52.76 53.49 54.12 54.57 54.81 54.87 54.79 54.65 54.50 54.40 54.35 54.33 54.27 54.05 53.63 52.98 52.16 51.25 50.32 49.45 48.70 48.17 47.97 48.13 48.61 49.25 49.88 50.32 50.53 50.55 50.48 50.41 50.41 50.43 50.41 50.27 49.97 49.49 48.91 48.38 48.08 48.19 48.78 49.79 51.05 52.33 53.38 53.96 53.95 53.29 52.12 50.64 49.12 47.79 46.82 46.24 46.04 46.14 46.42 46.73 46.93 46.91 46.60 46.03 45.33 44.64 44.12 43.86 43.87 44.08 44.31 44.35 43.85 42.56 42.00 
18.00 36.33 42.88 45.68 47.17 48.04 48.48 48.58 48.46 48.26 48.09 48.06 48.21 48.54 49.00 49.49 49.89 50.15 50.32 50.50 50.82 51.34 51.93 52.37 52.42 51.91 50.84 49.42 47.97 46.83 46.22 46.22 46.71 47.46 48.20 48.72 48.95 48.92 48.78 48.66 48.63 48.66 48.65 48.53 48.28 47.99 47.79 47.82 48.15 48.77 49.59 50.48 51.27 51.84 52.14 52.18 52.04 51.81 51.57 51.40 51.31 51.28 51.21 50.96 50.39 49.49 48.37 47.28 46.51 46.28 46.67 47.55 48.68 49.74 50.45 50.69 50.53 50.14 49.73 49.46 49.35 49.35 49.36 49.32 49.16 48.86 48.43 47.93 47.46 47.11 46.96 47.02 47.28 47.70 48.23 48.80 49.38 49.90 50.30 50.57 50.70 50.73 50.66 50.49 50.19 49.77 49.26 48.72 48.19 47.71 47.26 46.85 46.53 46.34 46.34 46.54 46.94 47.48 48.09 48.68 49.20 49.66 50.14 50.74 51.50 52.40 53.34 54.19 54.84 55.23 55.35 55.25 55.00 54.68 54.35 54.05 53.78 53.48 53.09 52.54 51.81 50.93 49.97 49.00 48.07 47.29 46.79 46.72 47.11 47.91 48.92 49.89 50.64 51.08 51.24 51.23 51.18 51.13 51.06 50.91 50.61 50.14 49.51 48.82 48.20 47.86 47.93 48.48 49.43 50.64 51.87 52.90 53.52 53.61 53.12 52.15 50.86 49.47 48.16 47.07 46.28 45.80 45.65 45.77 46.08 46.44 46.71 46.77 46.60 46.25 45.84 45.48 45.28 45.27 45.46 45.81 46.24 46.37 44.09 29.00 
59.00 51.50 48.68 47.89 47.95 48.34 48.77 49.11 49.30 49.36 49.30 49.18 49.04 48.96 48.95 49.00 49.06 49.08 49.14 49.32 49.75 50.41 51.18 51.78 51.97 51.58 50.63 49.31 47.93 46.82 46.20 46.14 46.56 47.28 48.05 48.69 49.08 49.24 49.26 49.26 49.31 49.37 49.37 49.23 48.95 48.63 48.41 48.45 48.81 49.46 50.31 51.19 51.95 52.48 52.72 52.72 52.54 52.26 51.95 51.67 51.41 51.15 50.81 50.25 49.39 48.25 46.98 45.86 45.18 45.16 45.81 46.98 48.37 49.63 50.48 50.81 50.70 50.35 49.99 49.79 49.79 49.93 50.10 50.21 50.21 50.04 49.72 49.31 48.91 48.62 48.51 48.58 48.80 49.11 49.47 49.87 50.28 50.66 50.96 51.15 51.23 51.21 51.10 50.90 50.59 50.18 49.70 49.20 48.72 48.29 47.89 47.55 47.30 47.17 47.20 47.38 47.69 48.06 48.43 48.76 49.04 49.31 49.67 50.22 51.01 51.99 53.04 54.01 54.76 55.21 55.34 55.19 54.84 54.36 53.86 53.38 52.96 52.55 52.07 51.46 50.68 49.75 48.73 47.67 46.66 45.83 45.36 45.39 45.98 47.05 48.37 49.68 50.75 51.49 51.90 52.08 52.13 52.09 51.95 51.66 51.20 50.55 49.78 48.99 48.31 47.93 47.97 48.46 49.32 50.40 51.51 52.46 53.09 53.27 52.96 52.23 51.20 50.00 48.79 47.65 46.68 45.95 45.52 45.43 45.63 46.01 46.44 46.77 46.91 46.87 46.71 46.51 46.35 46.31 46.45 46.93 48.12 51.02 58.26 77.00 
92.00 62.19 52.76 49.59 48.72 48.79 49.25 49.80 50.27 50.55 50.58 50.35 49.93 49.43 48.96 48.57 48.28 48.08 48.02 48.21 48.72 49.51 50.42 51.18 51.52 51.29 50.49 49.32 48.06 47.02 46.40 46.29 46.63 47.29 48.06 48.76 49.29 49.62 49.82 50.00 50.19 50.35 50.40 50.26 49.94 49.54 49.22 49.15 49.42 49.99 50.77 51.60 52.31 52.80 53.02 52.99 52.79 52.48 52.13 51.75 51.35 50.88 50.28 49.45 48.34 47.00 45.63 44.52 43.96 44.13 45.01 46.42 48.02 49.44 50.41 50.81 50.74 50.43 50.12 49.99 50.07 50.32 50.61 50.86 50.98 50.94 50.73 50.42 50.10 49.87 49.78 49.83 49.94 50.10 50.28 50.49 50.74 50.99 51.22 51.37 51.42 51.38 51.26 51.04 50.74 50.36 49.95 49.53 49.15 48.80 48.50 48.25 48.09 48.05 48.15 48.35 48.59 48.81 48.97 49.05 49.08 49.14 49.35 49.81 50.53 51.48 52.52 53.49 54.24 54.69 54.79 54.60 54.17 53.60 53.02 52.49 52.05 51.65 51.21 50.62 49.85 48.88 47.77 46.60 45.49 44.61 44.14 44.24 44.97 46.20 47.73 49.29 50.64 51.69 52.41 52.85 53.08 53.11 52.94 52.56 51.97 51.20 50.33 49.46 48.75 48.35 48.34 48.74 49.45 50.36 51.29 52.11 52.70 52.96 52.85 52.39 51.64 50.69 49.61 48.49 47.41 46.48 45.79 45.45 45.45 45.75 46.20 46.65 46.99 47.17 47.21 47.15 47.03 46.92 46.91 47.19 48.19 51.22 60.90 96.00 
47.00 52.75 50.98 49.47 48.97 49.18 49.80 50.55 51.24 51.68 51.74 51.40 50.71 49.85 48.97 48.20 47.60 47.19 47.04 47.21 47.77 48.66 49.69 50.60 51.11 51.08 50.49 49.52 48.42 47.48 46.90 46.76 47.04 47.64 48.37 49.09 49.69 50.16 50.55 50.91 51.28 51.58 51.72 51.60 51.22 50.69 50.20 49.93 50.00 50.40 51.04 51.76 52.41 52.86 53.07 53.04 52.84 52.52 52.14 51.71 51.22 50.63 49.86 48.84 47.55 46.08 44.65 43.55 43.06 43.35 44.37 45.91 47.63 49.14 50.17 50.62 50.59 50.32 50.06 49.99 50.16 50.49 50.87 51.22 51.44 51.50 51.40 51.18 50.93 50.74 50.64 50.60 50.57 50.53 50.50 50.53 50.65 50.83 51.03 51.18 51.25 51.21 51.07 50.83 50.53 50.18 49.85 49.55 49.30 49.09 48.92 48.79 48.75 48.83 49.01 49.26 49.47 49.59 49.58 49.45 49.28 49.16 49.20 49.50 50.08 50.89 51.80 52.66 53.34 53.74 53.82 53.59 53.14 52.57 52.00 51.53 51.19 50.93 50.63 50.16 49.44 48.46 47.27 45.99 44.79 43.85 43.37 43.51 44.29 45.59 47.19 48.86 50.40 51.70 52.72 53.45 53.89 54.05 53.92 53.52 52.87 52.04 51.13 50.24 49.50 49.06 48.98 49.25 49.79 50.48 51.19 51.85 52.38 52.71 52.77 52.56 52.09 51.38 50.48 49.43 48.32 47.25 46.38 45.80 45.59 45.71 46.06 46.50 46.92 47.24 47.42 47.48 47.42 47.25 47.01 46.73 46.28 44.86 38.15 4.00 
57.00 51.02 49.33 48.79 48.89 49.45 50.29 51.22 52.05 52.57 52.62 52.16 51.27 50.13 48.95 47.89 47.06 46.49 46.24 46.39 46.96 47.90 49.03 50.07 50.78 50.98 50.64 49.91 49.01 48.21 47.70 47.58 47.85 48.40 49.09 49.78 50.40 50.94 51.46 52.00 52.53 52.98 53.20 53.09 52.64 51.97 51.27 50.76 50.59 50.77 51.23 51.83 52.40 52.82 53.02 52.99 52.78 52.46 52.08 51.64 51.15 50.52 49.70 48.60 47.24 45.71 44.24 43.13 42.64 42.92 43.94 45.48 47.19 48.71 49.76 50.25 50.27 50.06 49.87 49.87 50.11 50.52 50.98 51.39 51.67 51.80 51.76 51.60 51.39 51.19 51.01 50.83 50.62 50.37 50.16 50.06 50.10 50.28 50.52 50.73 50.84 50.80 50.63 50.34 49.99 49.66 49.39 49.22 49.14 49.10 49.08 49.10 49.19 49.38 49.67 49.97 50.20 50.26 50.14 49.88 49.55 49.28 49.17 49.29 49.68 50.27 50.97 51.66 52.22 52.55 52.62 52.41 51.98 51.45 50.97 50.62 50.46 50.40 50.31 50.01 49.40 48.45 47.24 45.90 44.64 43.67 43.21 43.35 44.11 45.35 46.88 48.52 50.11 51.57 52.82 53.82 54.51 54.84 54.81 54.46 53.83 53.02 52.12 51.22 50.47 49.97 49.79 49.91 50.24 50.68 51.16 51.65 52.10 52.46 52.66 52.66 52.41 51.91 51.17 50.23 49.16 48.07 47.11 46.39 46.00 45.93 46.12 46.47 46.86 47.23 47.50 47.66 47.67 47.51 47.16 46.54 45.51 43.92 42.92 54.00 
41.00 45.14 46.76 47.75 48.62 49.57 50.62 51.67 52.56 53.10 53.11 52.56 51.53 50.23 48.88 47.68 46.71 46.04 45.73 45.83 46.38 47.33 48.52 49.68 50.57 51.00 50.93 50.44 49.76 49.12 48.72 48.67 48.97 49.52 50.17 50.80 51.38 51.93 52.51 53.16 53.81 54.36 54.64 54.53 54.01 53.20 52.31 51.58 51.16 51.13 51.42 51.91 52.42 52.82 53.02 52.98 52.75 52.41 52.02 51.61 51.16 50.60 49.84 48.80 47.47 45.96 44.48 43.32 42.74 42.88 43.74 45.13 46.72 48.16 49.20 49.72 49.82 49.71 49.63 49.74 50.07 50.54 51.05 51.49 51.80 51.93 51.90 51.73 51.49 51.22 50.91 50.56 50.15 49.73 49.40 49.25 49.33 49.60 49.95 50.26 50.42 50.38 50.15 49.76 49.33 48.96 48.73 48.66 48.73 48.86 49.00 49.16 49.38 49.68 50.05 50.41 50.65 50.69 50.51 50.18 49.78 49.41 49.19 49.16 49.34 49.70 50.16 50.65 51.08 51.36 51.42 51.26 50.90 50.45 50.07 49.87 49.88 50.02 50.13 50.02 49.56 48.70 47.53 46.22 44.99 44.07 43.63 43.77 44.45 45.54 46.88 48.34 49.86 51.36 52.77 53.98 54.89 55.42 55.55 55.31 54.78 54.03 53.16 52.28 51.49 50.93 50.63 50.58 50.69 50.89 51.14 51.44 51.79 52.14 52.41 52.53 52.43 52.08 51.48 50.67 49.71 48.72 47.80 47.08 46.60 46.40 46.44 46.65 46.95 47.28 47.58 47.82 47.93 47.85 47.52 46.80 45.38 42.47 35.64 16.00 
40.00 41.82 44.91 46.93 48.33 49.55 50.72 51.82 52.71 53.21 53.17 52.56 51.49 50.17 48.81 47.59 46.62 45.93 45.59 45.64 46.15 47.06 48.25 49.48 50.50 51.13 51.28 51.02 50.54 50.07 49.81 49.87 50.24 50.81 51.43 52.00 52.51 53.02 53.59 54.26 54.95 55.53 55.81 55.67 55.10 54.20 53.17 52.27 51.67 51.48 51.64 52.04 52.52 52.91 53.10 53.05 52.78 52.39 51.98 51.60 51.24 50.82 50.23 49.36 48.17 46.76 45.30 44.06 43.29 43.19 43.76 44.86 46.23 47.53 48.52 49.09 49.30 49.35 49.43 49.68 50.12 50.66 51.21 51.64 51.91 51.99 51.90 51.66 51.33 50.91 50.43 49.89 49.32 48.80 48.45 48.38 48.61 49.06 49.59 50.03 50.25 50.20 49.88 49.37 48.81 48.35 48.09 48.06 48.22 48.47 48.75 49.02 49.33 49.71 50.13 50.51 50.75 50.77 50.57 50.23 49.82 49.45 49.18 49.05 49.08 49.24 49.49 49.80 50.11 50.34 50.43 50.32 50.04 49.69 49.40 49.31 49.44 49.72 49.99 50.03 49.72 49.01 47.97 46.80 45.70 44.89 44.52 44.65 45.20 46.08 47.15 48.36 49.70 51.13 52.60 53.95 55.04 55.75 56.05 55.96 55.55 54.90 54.09 53.22 52.41 51.78 51.37 51.17 51.08 51.06 51.08 51.18 51.38 51.66 51.93 52.09 52.06 51.80 51.31 50.64 49.85 49.05 48.31 47.72 47.30 47.07 47.00 47.07 47.23 47.47 47.73 48.00 48.20 48.26 48.09 47.58 46.59 44.84 41.10 29.00 
12.00 37.18 44.07 46.62 48.13 49.39 50.58 51.66 52.52 52.96 52.88 52.27 51.25 50.01 48.78 47.69 46.82 46.20 45.88 45.91 46.34 47.18 48.29 49.50 50.56 51.30 51.60 51.53 51.23 50.92 50.80 50.97 51.42 52.02 52.62 53.14 53.57 54.01 54.53 55.15 55.80 56.31 56.54 56.36 55.75 54.81 53.74 52.75 52.06 51.75 51.83 52.17 52.63 53.01 53.19 53.10 52.78 52.32 51.87 51.53 51.29 51.08 50.75 50.14 49.19 47.92 46.50 45.16 44.18 43.74 43.94 44.67 45.73 46.83 47.75 48.37 48.73 48.98 49.26 49.69 50.26 50.87 51.43 51.83 52.03 52.03 51.83 51.47 50.98 50.39 49.72 49.02 48.34 47.82 47.58 47.70 48.16 48.85 49.59 50.17 50.46 50.39 49.99 49.35 48.64 48.04 47.68 47.61 47.76 48.06 48.40 48.74 49.11 49.51 49.93 50.28 50.48 50.47 50.27 49.95 49.61 49.30 49.08 48.94 48.89 48.92 49.02 49.19 49.40 49.59 49.70 49.66 49.46 49.20 49.00 48.96 49.15 49.49 49.82 49.97 49.79 49.25 48.42 47.47 46.58 45.94 45.66 45.77 46.19 46.83 47.61 48.54 49.65 50.94 52.36 53.75 54.94 55.79 56.23 56.29 56.00 55.45 54.70 53.86 53.05 52.39 51.92 51.61 51.37 51.14 50.94 50.82 50.85 50.99 51.19 51.33 51.32 51.12 50.73 50.20 49.61 49.06 48.58 48.22 47.96 47.78 47.68 47.63 47.66 47.76 47.93 48.17 48.42 48.60 48.60 48.40 48.15 48.84 54.71 86.00 
62.00 50.70 47.35 47.12 47.94 49.06 50.22 51.28 52.09 52.49 52.40 51.83 50.93 49.88 48.86 48.00 47.32 46.85 46.60 46.62 46.98 47.68 48.64 49.72 50.72 51.45 51.83 51.88 51.72 51.55 51.55 51.82 52.32 52.93 53.50 53.96 54.34 54.72 55.18 55.72 56.26 56.66 56.78 56.54 55.93 55.02 53.98 53.00 52.27 51.90 51.90 52.19 52.60 52.96 53.10 52.95 52.55 52.02 51.55 51.27 51.21 51.26 51.25 50.97 50.30 49.22 47.86 46.44 45.22 44.44 44.22 44.54 45.23 46.08 46.89 47.55 48.08 48.55 49.07 49.69 50.39 51.07 51.63 51.98 52.11 52.02 51.71 51.22 50.57 49.81 48.98 48.15 47.46 47.02 46.96 47.33 48.08 49.03 49.97 50.69 51.04 50.97 50.50 49.75 48.89 48.13 47.61 47.40 47.46 47.70 48.03 48.39 48.76 49.16 49.54 49.82 49.94 49.87 49.66 49.40 49.16 48.98 48.87 48.80 48.75 48.72 48.73 48.80 48.94 49.10 49.23 49.25 49.14 48.96 48.81 48.81 48.99 49.32 49.65 49.85 49.79 49.43 48.83 48.12 47.47 47.02 46.84 46.92 47.22 47.65 48.18 48.85 49.73 50.83 52.11 53.43 54.60 55.49 56.01 56.16 55.98 55.51 54.84 54.06 53.31 52.68 52.21 51.85 51.51 51.13 50.72 50.39 50.21 50.19 50.29 50.39 50.39 50.24 49.94 49.55 49.15 48.83 48.62 48.50 48.44 48.38 48.29 48.17 48.08 48.04 48.11 48.28 48.52 48.73 48.79 48.59 48.10 47.08 42.58 13.00 
96.00 56.05 47.16 46.19 47.15 48.44 49.69 50.77 51.57 51.97 51.91 51.44 50.70 49.87 49.12 48.52 48.07 47.78 47.63 47.67 47.95 48.48 49.24 50.11 50.94 51.59 51.97 52.07 52.01 51.95 52.04 52.35 52.84 53.39 53.91 54.33 54.68 55.05 55.47 55.92 56.33 56.58 56.58 56.28 55.70 54.87 53.93 53.01 52.29 51.87 51.78 51.97 52.29 52.57 52.63 52.41 51.92 51.35 50.89 50.71 50.87 51.24 51.60 51.68 51.32 50.45 49.18 47.71 46.30 45.20 44.57 44.45 44.74 45.30 45.97 46.64 47.31 48.00 48.75 49.56 50.38 51.11 51.66 51.98 52.05 51.90 51.53 50.95 50.19 49.30 48.36 47.49 46.84 46.55 46.71 47.35 48.35 49.52 50.62 51.45 51.86 51.80 51.30 50.48 49.50 48.58 47.87 47.46 47.36 47.48 47.74 48.06 48.42 48.78 49.09 49.28 49.30 49.15 48.92 48.71 48.58 48.54 48.57 48.61 48.63 48.60 48.57 48.58 48.67 48.82 48.96 49.03 48.99 48.88 48.78 48.78 48.94 49.22 49.53 49.75 49.78 49.58 49.20 48.74 48.30 48.00 47.88 47.95 48.14 48.42 48.78 49.26 49.93 50.82 51.88 53.01 54.03 54.83 55.34 55.53 55.41 55.03 54.45 53.77 53.13 52.60 52.21 51.88 51.50 51.02 50.46 49.94 49.57 49.40 49.41 49.49 49.52 49.44 49.22 48.94 48.68 48.51 48.47 48.54 48.64 48.69 48.63 48.49 48.32 48.19 48.16 48.27 48.46 48.64 48.63 48.30 47.76 48.13 55.12 97.00 
3.00 30.00 38.55 42.81 45.57 47.57 49.09 50.27 51.10 51.54 51.55 51.21 50.66 50.07 49.56 49.19 48.96 48.83 48.80 48.87 49.07 49.44 49.97 50.60 51.22 51.73 52.04 52.17 52.17 52.17 52.29 52.56 52.96 53.41 53.83 54.20 54.57 54.97 55.39 55.78 56.07 56.16 56.03 55.69 55.15 54.44 53.64 52.82 52.11 51.62 51.41 51.45 51.63 51.77 51.73 51.41 50.87 50.28 49.87 49.86 50.27 50.98 51.71 52.16 52.10 51.46 50.30 48.83 47.30 45.96 44.98 44.45 44.34 44.58 45.05 45.69 46.45 47.31 48.24 49.21 50.12 50.88 51.42 51.71 51.78 51.63 51.26 50.67 49.87 48.93 47.97 47.13 46.58 46.46 46.84 47.69 48.89 50.21 51.42 52.32 52.77 52.73 52.23 51.38 50.33 49.28 48.39 47.78 47.49 47.46 47.62 47.89 48.22 48.54 48.78 48.88 48.79 48.55 48.27 48.07 48.01 48.09 48.24 48.39 48.48 48.49 48.47 48.47 48.53 48.67 48.83 48.93 48.94 48.88 48.80 48.80 48.93 49.17 49.46 49.70 49.82 49.77 49.58 49.30 49.02 48.82 48.73 48.75 48.88 49.07 49.34 49.70 50.21 50.89 51.68 52.52 53.28 53.87 54.26 54.41 54.32 54.02 53.55 53.01 52.51 52.15 51.90 51.67 51.34 50.84 50.21 49.57 49.08 48.82 48.78 48.87 48.95 48.95 48.81 48.59 48.36 48.23 48.23 48.34 48.49 48.59 48.57 48.44 48.26 48.11 48.06 48.13 48.29 48.40 48.22 47.47 45.68 41.86 32.40 2.00 
2.00 21.97 33.56 40.20 44.21 46.78 48.56 49.86 50.75 51.26 51.38 51.19 50.83 50.44 50.12 49.92 49.82 49.81 49.86 49.96 50.12 50.37 50.71 51.12 51.53 51.88 52.11 52.22 52.24 52.27 52.37 52.55 52.81 53.08 53.38 53.70 54.10 54.56 55.02 55.38 55.55 55.49 55.23 54.84 54.36 53.80 53.14 52.43 51.73 51.15 50.79 50.65 50.65 50.64 50.48 50.09 49.52 48.96 48.66 48.83 49.51 50.52 51.58 52.34 52.54 52.11 51.11 49.72 48.17 46.69 45.47 44.60 44.12 44.03 44.28 44.82 45.60 46.54 47.59 48.65 49.60 50.36 50.89 51.18 51.26 51.17 50.87 50.34 49.60 48.71 47.80 47.05 46.64 46.70 47.27 48.29 49.62 51.02 52.27 53.18 53.65 53.63 53.15 52.30 51.23 50.09 49.08 48.31 47.86 47.70 47.77 47.99 48.28 48.57 48.76 48.78 48.59 48.25 47.90 47.66 47.60 47.71 47.93 48.14 48.30 48.36 48.38 48.40 48.48 48.63 48.81 48.93 48.96 48.90 48.82 48.80 48.89 49.11 49.40 49.69 49.90 49.99 49.96 49.82 49.63 49.46 49.34 49.32 49.40 49.55 49.79 50.11 50.51 50.99 51.50 52.00 52.42 52.73 52.92 52.97 52.87 52.62 52.25 51.86 51.54 51.36 51.29 51.23 51.02 50.61 50.02 49.40 48.90 48.63 48.60 48.72 48.87 48.92 48.83 48.60 48.31 48.08 47.96 47.97 48.04 48.11 48.10 48.00 47.88 47.79 47.80 47.93 48.11 48.18 47.91 46.99 44.94 40.61 30.26 0.00 
3.00 21.81 32.69 39.37 43.58 46.32 48.21 49.57 50.53 51.12 51.36 51.33 51.14 50.90 50.69 50.55 50.50 50.52 50.60 50.72 50.88 51.08 51.31 51.57 51.83 52.04 52.18 52.25 52.28 52.31 52.36 52.43 52.51 52.61 52.76 53.03 53.45 53.97 54.47 54.80 54.85 54.64 54.26 53.83 53.40 52.96 52.45 51.83 51.15 50.51 50.00 49.69 49.52 49.36 49.10 48.66 48.11 47.64 47.49 47.84 48.73 49.97 51.24 52.20 52.60 52.35 51.53 50.30 48.85 47.38 46.03 44.94 44.18 43.80 43.82 44.21 44.92 45.86 46.92 47.99 48.93 49.66 50.15 50.43 50.56 50.54 50.35 49.95 49.33 48.56 47.78 47.17 46.92 47.14 47.87 49.03 50.44 51.87 53.13 54.03 54.47 54.45 53.98 53.15 52.07 50.91 49.83 48.98 48.44 48.21 48.22 48.41 48.68 48.95 49.11 49.06 48.79 48.36 47.90 47.56 47.42 47.48 47.67 47.90 48.08 48.20 48.28 48.37 48.51 48.70 48.89 49.02 49.03 48.93 48.81 48.73 48.78 48.98 49.29 49.64 49.96 50.17 50.26 50.22 50.09 49.91 49.76 49.68 49.72 49.87 50.12 50.43 50.77 51.09 51.35 51.53 51.60 51.61 51.55 51.45 51.28 51.03 50.74 50.47 50.31 50.32 50.44 50.56 50.55 50.33 49.93 49.47 49.10 48.92 48.96 49.13 49.31 49.38 49.26 48.96 48.53 48.10 47.75 47.53 47.43 47.39 47.35 47.31 47.28 47.34 47.51 47.77 48.03 48.13 47.88 47.12 45.89 44.92 47.75 70.00 
25.00 29.03 35.13 40.07 43.64 46.16 48.00 49.37 50.38 51.05 51.40 51.50 51.44 51.29 51.11 50.96 50.85 50.82 50.88 51.02 51.21 51.43 51.66 51.86 52.04 52.17 52.24 52.28 52.30 52.33 52.33 52.31 52.24 52.16 52.18 52.39 52.82 53.37 53.88 54.14 54.07 53.70 53.19 52.69 52.29 51.96 51.58 51.08 50.45 49.77 49.18 48.74 48.43 48.15 47.82 47.37 46.88 46.53 46.52 47.02 48.03 49.37 50.71 51.73 52.23 52.13 51.51 50.51 49.28 47.95 46.66 45.49 44.57 43.98 43.79 44.00 44.57 45.41 46.40 47.39 48.27 48.93 49.37 49.63 49.78 49.84 49.77 49.51 49.04 48.42 47.79 47.33 47.24 47.62 48.49 49.76 51.24 52.71 53.96 54.82 55.22 55.16 54.67 53.84 52.78 51.63 50.56 49.70 49.16 48.92 48.94 49.12 49.39 49.64 49.77 49.68 49.34 48.80 48.21 47.72 47.44 47.38 47.49 47.68 47.88 48.05 48.22 48.41 48.63 48.88 49.08 49.19 49.15 48.98 48.76 48.60 48.59 48.77 49.10 49.50 49.90 50.22 50.41 50.45 50.34 50.16 49.97 49.85 49.87 50.03 50.32 50.65 50.97 51.19 51.27 51.19 50.98 50.69 50.39 50.09 49.80 49.50 49.21 49.01 48.97 49.12 49.41 49.73 49.97 50.05 49.97 49.82 49.71 49.71 49.84 50.04 50.20 50.22 50.01 49.56 48.95 48.27 47.65 47.16 46.84 46.66 46.58 46.59 46.71 46.97 47.34 47.78 48.15 48.29 48.04 47.30 46.17 45.10 45.65 53.00 
24.00 33.64 37.87 41.18 43.92 46.11 47.82 49.18 50.21 50.94 51.37 51.57 51.58 51.47 51.28 51.05 50.84 50.71 50.71 50.84 51.09 51.38 51.68 51.92 52.10 52.20 52.26 52.29 52.33 52.37 52.36 52.28 52.10 51.90 51.81 51.95 52.34 52.87 53.33 53.49 53.27 52.74 52.09 51.53 51.14 50.89 50.64 50.26 49.72 49.08 48.46 47.95 47.54 47.16 46.76 46.31 45.90 45.67 45.80 46.40 47.44 48.73 49.99 50.95 51.45 51.45 51.05 50.34 49.42 48.38 47.28 46.21 45.27 44.58 44.23 44.26 44.65 45.32 46.15 47.02 47.78 48.35 48.72 48.95 49.10 49.20 49.21 49.06 48.72 48.23 47.73 47.41 47.45 47.96 48.96 50.33 51.90 53.41 54.66 55.49 55.83 55.69 55.14 54.29 53.25 52.15 51.14 50.36 49.88 49.70 49.76 49.97 50.24 50.47 50.57 50.44 50.03 49.39 48.67 48.02 47.57 47.37 47.37 47.52 47.73 47.98 48.24 48.53 48.85 49.15 49.37 49.43 49.31 49.04 48.71 48.45 48.37 48.50 48.82 49.25 49.69 50.06 50.31 50.40 50.34 50.16 49.96 49.84 49.87 50.08 50.42 50.81 51.15 51.34 51.33 51.09 50.67 50.16 49.64 49.13 48.67 48.25 47.91 47.70 47.70 47.93 48.35 48.86 49.37 49.81 50.15 50.42 50.65 50.88 51.11 51.29 51.37 51.25 50.88 50.26 49.45 48.55 47.69 46.98 46.46 46.16 46.06 46.15 46.44 46.91 47.50 48.11 48.57 48.70 48.39 47.55 46.10 43.46 36.67 13.00 
59.00 43.19 40.72 41.99 44.01 45.93 47.55 48.88 49.94 50.70 51.19 51.44 51.49 51.39 51.15 50.83 50.51 50.27 50.20 50.32 50.61 51.00 51.40 51.74 51.98 52.13 52.22 52.30 52.40 52.48 52.50 52.39 52.15 51.87 51.69 51.74 52.06 52.51 52.86 52.90 52.53 51.86 51.10 50.47 50.08 49.89 49.75 49.50 49.09 48.55 47.96 47.42 46.92 46.43 45.95 45.48 45.13 45.01 45.25 45.89 46.88 48.02 49.09 49.89 50.34 50.43 50.25 49.87 49.33 48.66 47.88 47.03 46.21 45.53 45.09 44.96 45.14 45.60 46.23 46.93 47.56 48.03 48.34 48.52 48.66 48.76 48.79 48.67 48.38 47.96 47.54 47.32 47.45 48.06 49.15 50.61 52.24 53.81 55.07 55.86 56.13 55.91 55.30 54.42 53.40 52.37 51.46 50.79 50.42 50.34 50.47 50.71 50.98 51.19 51.25 51.06 50.59 49.87 49.02 48.24 47.66 47.35 47.30 47.44 47.70 48.02 48.38 48.77 49.15 49.48 49.69 49.71 49.51 49.13 48.70 48.34 48.17 48.24 48.51 48.89 49.30 49.66 49.92 50.04 50.02 49.89 49.73 49.65 49.74 50.03 50.47 50.97 51.39 51.62 51.59 51.29 50.77 50.11 49.40 48.70 48.05 47.48 47.03 46.76 46.74 46.99 47.47 48.13 48.90 49.70 50.48 51.19 51.79 52.25 52.55 52.67 52.60 52.29 51.73 50.93 49.95 48.90 47.88 47.02 46.40 46.04 45.97 46.19 46.66 47.35 48.13 48.84 49.30 49.37 48.96 48.12 47.02 45.88 44.55 40.00 
46.00 38.98 39.17 41.29 43.55 45.51 47.12 48.45 49.51 50.30 50.83 51.11 51.18 51.06 50.78 50.39 49.98 49.67 49.54 49.65 49.98 50.44 50.94 51.38 51.72 51.96 52.15 52.33 52.51 52.67 52.73 52.63 52.37 52.03 51.77 51.72 51.92 52.24 52.46 52.38 51.90 51.14 50.31 49.64 49.25 49.10 49.04 48.92 48.65 48.23 47.71 47.14 46.54 45.92 45.32 44.80 44.47 44.44 44.77 45.42 46.30 47.24 48.08 48.70 49.08 49.26 49.32 49.28 49.14 48.88 48.47 47.92 47.30 46.71 46.23 45.96 45.94 46.17 46.59 47.11 47.61 47.99 48.25 48.40 48.50 48.57 48.54 48.38 48.05 47.63 47.24 47.06 47.25 47.90 49.03 50.52 52.18 53.76 55.01 55.78 55.99 55.70 55.03 54.13 53.15 52.20 51.41 50.87 50.62 50.63 50.82 51.08 51.34 51.52 51.53 51.30 50.78 49.99 49.08 48.23 47.60 47.27 47.24 47.44 47.78 48.19 48.63 49.07 49.48 49.81 49.99 49.96 49.71 49.27 48.77 48.33 48.08 48.06 48.21 48.48 48.76 49.03 49.25 49.38 49.40 49.35 49.28 49.31 49.52 49.94 50.53 51.18 51.74 52.08 52.11 51.83 51.27 50.52 49.68 48.83 48.01 47.29 46.73 46.39 46.31 46.53 47.02 47.76 48.71 49.80 50.95 52.03 52.93 53.57 53.91 53.94 53.70 53.19 52.45 51.50 50.42 49.27 48.19 47.29 46.64 46.33 46.36 46.75 47.44 48.32 49.21 49.93 50.30 50.19 49.60 48.69 47.87 48.47 55.67 92.00 
11.00 27.21 35.15 39.83 42.89 45.03 46.64 47.93 48.97 49.77 50.32 50.62 50.69 50.55 50.24 49.82 49.38 49.04 48.90 49.01 49.36 49.87 50.43 50.96 51.39 51.75 52.06 52.37 52.66 52.91 53.01 52.93 52.65 52.26 51.93 51.77 51.83 52.00 52.09 51.91 51.39 50.62 49.80 49.13 48.75 48.62 48.62 48.59 48.44 48.11 47.64 47.03 46.33 45.56 44.82 44.22 43.91 43.94 44.33 44.99 45.76 46.51 47.12 47.57 47.91 48.21 48.51 48.81 49.05 49.17 49.11 48.88 48.48 48.00 47.51 47.12 46.90 46.91 47.12 47.47 47.84 48.16 48.38 48.51 48.58 48.58 48.47 48.19 47.76 47.27 46.86 46.69 46.90 47.56 48.67 50.11 51.72 53.23 54.43 55.14 55.30 54.98 54.30 53.41 52.48 51.62 50.94 50.51 50.35 50.43 50.65 50.91 51.14 51.27 51.25 50.99 50.44 49.66 48.75 47.92 47.34 47.08 47.16 47.48 47.93 48.43 48.92 49.37 49.76 50.05 50.19 50.14 49.89 49.45 48.93 48.46 48.13 47.98 47.98 48.05 48.15 48.26 48.37 48.48 48.56 48.62 48.69 48.88 49.26 49.86 50.65 51.50 52.24 52.73 52.87 52.65 52.10 51.31 50.40 49.44 48.52 47.71 47.08 46.67 46.54 46.69 47.14 47.88 48.90 50.15 51.51 52.81 53.90 54.63 54.97 54.91 54.52 53.87 53.01 51.99 50.86 49.69 48.60 47.70 47.10 46.88 47.09 47.71 48.62 49.66 50.60 51.23 51.40 51.04 50.19 48.94 47.25 44.54 37.75 13.00 
1.00 23.43 33.92 39.53 42.79 44.85 46.31 47.46 48.42 49.19 49.74 50.04 50.10 49.93 49.59 49.16 48.74 48.44 48.35 48.51 48.90 49.43 50.03 50.60 51.11 51.56 51.99 52.41 52.80 53.10 53.23 53.15 52.86 52.44 52.03 51.77 51.69 51.72 51.70 51.48 50.98 50.29 49.55 48.94 48.58 48.45 48.47 48.49 48.40 48.13 47.66 47.01 46.20 45.30 44.45 43.81 43.51 43.61 44.07 44.72 45.40 45.98 46.41 46.75 47.08 47.51 48.04 48.64 49.21 49.65 49.90 49.92 49.72 49.33 48.83 48.32 47.92 47.71 47.72 47.89 48.15 48.40 48.59 48.72 48.77 48.71 48.49 48.08 47.52 46.94 46.49 46.33 46.54 47.18 48.20 49.52 50.96 52.32 53.39 54.01 54.14 53.81 53.15 52.32 51.46 50.68 50.08 49.72 49.62 49.71 49.92 50.14 50.32 50.41 50.36 50.10 49.59 48.86 48.05 47.34 46.89 46.79 47.03 47.50 48.08 48.66 49.17 49.59 49.91 50.14 50.25 50.22 50.02 49.65 49.17 48.70 48.30 48.02 47.82 47.67 47.54 47.44 47.42 47.49 47.63 47.82 48.07 48.46 49.05 49.87 50.88 51.93 52.86 53.51 53.77 53.62 53.10 52.32 51.37 50.39 49.45 48.63 48.00 47.58 47.41 47.49 47.85 48.52 49.49 50.74 52.12 53.47 54.58 55.30 55.60 55.48 55.04 54.34 53.47 52.45 51.33 50.16 49.06 48.16 47.61 47.52 47.93 48.78 49.91 51.08 52.01 52.50 52.43 51.83 50.81 49.47 47.72 44.85 37.91 15.00 
26.00 31.31 37.18 41.19 43.68 45.22 46.31 47.20 48.00 48.68 49.18 49.45 49.45 49.23 48.85 48.42 48.05 47.86 47.89 48.15 48.61 49.19 49.80 50.39 50.93 51.44 51.93 52.40 52.83 53.15 53.29 53.20 52.90 52.45 52.00 51.65 51.45 51.36 51.27 51.05 50.65 50.09 49.50 48.99 48.67 48.54 48.54 48.54 48.45 48.17 47.67 46.97 46.09 45.14 44.26 43.64 43.42 43.62 44.14 44.79 45.39 45.83 46.12 46.38 46.74 47.29 48.02 48.87 49.69 50.39 50.86 51.06 50.99 50.67 50.14 49.52 48.95 48.54 48.35 48.35 48.47 48.63 48.79 48.91 48.96 48.87 48.56 48.04 47.37 46.71 46.24 46.09 46.30 46.89 47.79 48.91 50.11 51.23 52.10 52.59 52.67 52.36 51.76 51.01 50.23 49.52 48.97 48.64 48.53 48.58 48.72 48.88 48.99 49.05 48.98 48.75 48.32 47.72 47.08 46.55 46.29 46.38 46.79 47.41 48.10 48.74 49.25 49.62 49.88 50.06 50.16 50.17 50.06 49.80 49.42 48.97 48.52 48.11 47.72 47.34 46.97 46.68 46.53 46.55 46.75 47.08 47.55 48.17 48.99 50.03 51.23 52.45 53.52 54.28 54.62 54.53 54.05 53.29 52.38 51.44 50.57 49.84 49.29 48.93 48.76 48.78 49.04 49.58 50.41 51.51 52.76 53.97 54.95 55.58 55.81 55.68 55.27 54.65 53.87 52.94 51.87 50.70 49.55 48.60 48.05 48.05 48.63 49.69 51.01 52.26 53.15 53.48 53.21 52.46 51.44 50.38 49.49 49.45 54.21 87.00 
32.00 38.38 41.88 44.03 45.33 46.11 46.67 47.21 47.78 48.31 48.70 48.86 48.76 48.43 47.98 47.55 47.27 47.22 47.44 47.88 48.46 49.11 49.75 50.34 50.88 51.38 51.86 52.32 52.72 53.01 53.12 53.02 52.72 52.28 51.81 51.40 51.12 50.94 50.81 50.63 50.36 49.98 49.55 49.17 48.90 48.76 48.71 48.66 48.50 48.16 47.62 46.88 46.00 45.09 44.31 43.83 43.76 44.09 44.68 45.33 45.85 46.17 46.34 46.53 46.90 47.53 48.42 49.44 50.45 51.32 51.94 52.26 52.26 51.96 51.41 50.71 50.01 49.43 49.05 48.86 48.82 48.87 48.95 49.05 49.10 48.99 48.65 48.06 47.32 46.62 46.15 46.02 46.25 46.79 47.56 48.47 49.39 50.23 50.85 51.17 51.17 50.87 50.34 49.68 48.98 48.33 47.81 47.46 47.29 47.25 47.29 47.34 47.38 47.39 47.33 47.15 46.83 46.40 45.96 45.66 45.60 45.86 46.41 47.14 47.91 48.59 49.10 49.44 49.65 49.79 49.89 49.96 49.95 49.81 49.53 49.13 48.66 48.14 47.59 47.02 46.48 46.03 45.77 45.76 46.02 46.51 47.19 48.05 49.09 50.31 51.64 52.94 54.05 54.83 55.18 55.11 54.66 53.97 53.16 52.36 51.66 51.11 50.72 50.47 50.34 50.34 50.51 50.90 51.54 52.41 53.41 54.36 55.11 55.56 55.71 55.60 55.31 54.87 54.27 53.48 52.46 51.25 50.00 48.94 48.32 48.33 49.01 50.22 51.65 52.95 53.78 53.98 53.58 52.80 51.92 51.23 50.74 49.58 42.68 3.00 
48.00 48.02 47.47 47.33 47.29 47.25 47.27 47.43 47.72 48.05 48.28 48.29 48.03 47.56 47.02 46.58 46.40 46.55 47.00 47.67 48.43 49.19 49.87 50.45 50.94 51.37 51.77 52.13 52.44 52.65 52.72 52.62 52.35 51.95 51.50 51.08 50.75 50.52 50.38 50.25 50.10 49.89 49.64 49.38 49.16 49.01 48.90 48.76 48.51 48.10 47.51 46.77 45.97 45.22 44.65 44.41 44.56 45.05 45.72 46.34 46.77 46.97 47.03 47.14 47.48 48.14 49.10 50.23 51.36 52.33 53.03 53.40 53.44 53.16 52.61 51.88 51.12 50.43 49.89 49.52 49.29 49.17 49.13 49.17 49.20 49.09 48.74 48.13 47.36 46.65 46.20 46.12 46.39 46.91 47.58 48.30 48.97 49.52 49.89 50.02 49.91 49.58 49.10 48.52 47.90 47.31 46.79 46.40 46.13 45.97 45.87 45.81 45.76 45.72 45.66 45.53 45.34 45.08 44.85 44.74 44.85 45.24 45.87 46.66 47.47 48.18 48.72 49.05 49.24 49.36 49.45 49.55 49.61 49.57 49.39 49.05 48.57 47.99 47.35 46.67 46.02 45.48 45.17 45.16 45.49 46.12 47.00 48.07 49.30 50.64 52.00 53.26 54.28 54.95 55.23 55.12 54.71 54.12 53.49 52.93 52.49 52.21 52.04 51.96 51.92 51.94 52.06 52.32 52.78 53.39 54.08 54.70 55.16 55.40 55.45 55.37 55.23 55.00 54.61 53.97 52.99 51.72 50.32 49.09 48.34 48.30 49.00 50.27 51.75 53.03 53.81 53.93 53.49 52.78 52.20 52.14 53.07 55.85 64.19 98.00 
78.00 57.92 52.16 50.06 48.99 48.29 47.86 47.68 47.72 47.84 47.89 47.72 47.28 46.67 46.05 45.64 45.59 45.95 46.67 47.58 48.54 49.42 50.15 50.70 51.12 51.43 51.67 51.87 52.02 52.12 52.14 52.05 51.85 51.53 51.13 50.73 50.40 50.15 50.01 49.95 49.90 49.83 49.72 49.56 49.39 49.23 49.06 48.83 48.50 48.02 47.41 46.72 46.06 45.54 45.28 45.35 45.75 46.40 47.11 47.69 48.01 48.08 48.03 48.06 48.34 48.97 49.93 51.08 52.25 53.26 53.99 54.37 54.42 54.16 53.65 52.98 52.24 51.52 50.89 50.36 49.92 49.58 49.37 49.29 49.26 49.15 48.81 48.20 47.43 46.74 46.34 46.32 46.65 47.20 47.83 48.43 48.91 49.23 49.36 49.29 49.05 48.67 48.20 47.67 47.12 46.58 46.07 45.62 45.26 44.96 44.73 44.54 44.39 44.29 44.21 44.13 44.03 43.92 43.85 43.89 44.11 44.54 45.20 46.00 46.83 47.59 48.17 48.53 48.73 48.81 48.87 48.94 49.01 49.02 48.91 48.63 48.18 47.60 46.94 46.24 45.58 45.04 44.72 44.73 45.11 45.86 46.89 48.14 49.50 50.88 52.17 53.27 54.07 54.53 54.64 54.45 54.08 53.64 53.26 53.02 52.94 52.98 53.10 53.22 53.32 53.40 53.51 53.70 53.99 54.36 54.74 55.02 55.16 55.17 55.11 55.05 55.04 55.00 54.80 54.26 53.29 51.93 50.38 48.98 48.09 47.96 48.62 49.86 51.31 52.54 53.25 53.33 52.93 52.36 52.06 52.48 54.04 57.03 60.47 55.00 
46.00 53.18 52.69 51.28 49.99 48.96 48.23 47.81 47.65 47.60 47.48 47.16 46.61 45.91 45.28 44.94 45.04 45.63 46.59 47.74 48.88 49.86 50.62 51.14 51.45 51.60 51.63 51.60 51.54 51.50 51.46 51.41 51.29 51.08 50.78 50.44 50.12 49.89 49.77 49.75 49.78 49.81 49.80 49.72 49.58 49.41 49.20 48.92 48.53 48.01 47.41 46.81 46.33 46.09 46.14 46.52 47.15 47.92 48.63 49.14 49.35 49.30 49.15 49.10 49.30 49.86 50.76 51.88 53.02 54.00 54.70 55.06 55.10 54.87 54.45 53.90 53.28 52.64 51.98 51.33 50.68 50.10 49.67 49.41 49.28 49.13 48.78 48.19 47.45 46.79 46.44 46.51 46.93 47.55 48.20 48.76 49.14 49.30 49.24 48.99 48.60 48.14 47.64 47.15 46.67 46.18 45.70 45.23 44.79 44.38 44.03 43.73 43.49 43.32 43.20 43.11 43.06 43.03 43.06 43.18 43.44 43.88 44.51 45.30 46.15 46.96 47.60 48.02 48.22 48.26 48.23 48.21 48.21 48.21 48.13 47.91 47.53 47.00 46.39 45.75 45.15 44.67 44.40 44.44 44.86 45.66 46.79 48.14 49.56 50.91 52.05 52.90 53.41 53.59 53.49 53.20 52.86 52.60 52.51 52.63 52.93 53.34 53.76 54.12 54.38 54.56 54.71 54.86 55.04 55.21 55.30 55.27 55.11 54.88 54.70 54.65 54.72 54.80 54.71 54.22 53.22 51.76 50.08 48.56 47.56 47.35 47.94 49.10 50.45 51.59 52.24 52.31 51.97 51.54 51.45 52.14 54.13 58.18 65.89 82.00 
61.00 55.84 53.69 51.94 50.42 49.19 48.30 47.75 47.46 47.29 47.08 46.70 46.12 45.45 44.90 44.69 44.98 45.77 46.93 48.25 49.52 50.57 51.33 51.78 51.96 51.92 51.71 51.41 51.12 50.91 50.82 50.80 50.78 50.69 50.50 50.24 49.97 49.77 49.67 49.68 49.76 49.86 49.90 49.88 49.78 49.62 49.40 49.09 48.68 48.16 47.60 47.11 46.81 46.81 47.14 47.76 48.55 49.36 50.03 50.43 50.53 50.40 50.19 50.08 50.22 50.70 51.50 52.52 53.57 54.47 55.09 55.38 55.39 55.21 54.91 54.55 54.13 53.63 53.03 52.29 51.46 50.63 49.95 49.48 49.22 48.99 48.62 48.04 47.33 46.72 46.43 46.58 47.10 47.82 48.54 49.11 49.44 49.51 49.33 48.94 48.43 47.88 47.36 46.90 46.49 46.09 45.67 45.22 44.75 44.29 43.85 43.47 43.15 42.89 42.70 42.56 42.49 42.49 42.55 42.70 42.95 43.36 43.96 44.73 45.61 46.48 47.21 47.68 47.87 47.83 47.65 47.47 47.34 47.27 47.19 47.03 46.74 46.30 45.79 45.25 44.77 44.39 44.19 44.26 44.68 45.48 46.63 48.00 49.42 50.68 51.64 52.22 52.43 52.32 52.00 51.61 51.30 51.20 51.38 51.85 52.52 53.26 53.97 54.54 54.97 55.28 55.49 55.66 55.76 55.76 55.62 55.33 54.91 54.49 54.20 54.11 54.21 54.35 54.28 53.79 52.74 51.21 49.46 47.88 46.84 46.58 47.08 48.13 49.35 50.37 50.95 51.02 50.75 50.43 50.39 50.98 52.60 56.02 63.10 78.00 
51.00 55.28 53.97 52.06 50.38 49.07 48.12 47.52 47.18 46.97 46.75 46.41 45.93 45.41 45.03 45.01 45.48 46.43 47.72 49.13 50.44 51.50 52.22 52.60 52.65 52.41 51.95 51.39 50.86 50.48 50.31 50.33 50.41 50.45 50.37 50.19 49.97 49.79 49.71 49.73 49.84 49.98 50.08 50.10 50.05 49.91 49.70 49.41 49.00 48.51 48.01 47.61 47.47 47.65 48.16 48.91 49.75 50.52 51.08 51.37 51.37 51.19 50.97 50.85 50.95 51.35 52.05 52.94 53.86 54.62 55.11 55.30 55.27 55.14 54.98 54.84 54.68 54.39 53.89 53.13 52.14 51.09 50.17 49.49 49.07 48.75 48.34 47.75 47.06 46.49 46.26 46.48 47.07 47.86 48.64 49.24 49.58 49.61 49.37 48.91 48.34 47.76 47.25 46.84 46.53 46.24 45.93 45.55 45.10 44.63 44.16 43.73 43.33 42.98 42.67 42.44 42.30 42.27 42.34 42.48 42.73 43.12 43.69 44.47 45.38 46.31 47.10 47.61 47.77 47.60 47.25 46.85 46.55 46.38 46.29 46.18 45.98 45.65 45.25 44.84 44.49 44.22 44.10 44.19 44.57 45.32 46.41 47.74 49.09 50.24 51.02 51.37 51.32 50.97 50.48 50.00 49.71 49.73 50.11 50.83 51.77 52.76 53.68 54.43 55.01 55.43 55.74 55.94 56.00 55.90 55.59 55.09 54.49 53.93 53.55 53.42 53.51 53.64 53.56 53.03 51.95 50.40 48.66 47.10 46.07 45.78 46.20 47.12 48.19 49.08 49.58 49.66 49.46 49.19 49.05 49.17 49.57 50.40 52.59 61.00 
76.00 60.23 54.72 51.86 49.99 48.70 47.81 47.25 46.93 46.74 46.58 46.36 46.07 45.79 45.65 45.85 46.47 47.51 48.83 50.24 51.52 52.52 53.18 53.47 53.41 53.01 52.34 51.55 50.80 50.26 50.03 50.06 50.23 50.38 50.41 50.31 50.13 49.95 49.86 49.88 49.99 50.16 50.31 50.40 50.41 50.33 50.15 49.88 49.51 49.05 48.59 48.27 48.20 48.47 49.05 49.81 50.60 51.26 51.69 51.86 51.80 51.61 51.41 51.31 51.40 51.74 52.33 53.07 53.82 54.41 54.74 54.82 54.74 54.66 54.66 54.76 54.88 54.84 54.49 53.74 52.67 51.45 50.33 49.48 48.91 48.49 48.02 47.41 46.71 46.15 45.93 46.16 46.77 47.58 48.38 49.01 49.36 49.40 49.17 48.73 48.19 47.66 47.22 46.91 46.71 46.56 46.38 46.09 45.72 45.28 44.82 44.37 43.91 43.44 42.99 42.63 42.40 42.32 42.38 42.54 42.80 43.20 43.79 44.57 45.51 46.47 47.29 47.79 47.89 47.59 47.04 46.44 45.96 45.68 45.56 45.50 45.38 45.16 44.87 44.57 44.34 44.18 44.13 44.22 44.56 45.21 46.20 47.41 48.65 49.68 50.31 50.49 50.27 49.77 49.16 48.63 48.33 48.41 48.90 49.75 50.81 51.92 52.94 53.80 54.47 55.00 55.39 55.64 55.70 55.53 55.11 54.50 53.79 53.14 52.71 52.55 52.62 52.73 52.63 52.10 51.05 49.56 47.90 46.41 45.43 45.11 45.45 46.22 47.13 47.90 48.34 48.44 48.29 48.05 47.77 47.31 46.24 43.43 35.83 13.00 
52.00 54.95 52.89 50.82 49.28 48.22 47.52 47.08 46.83 46.69 46.61 46.55 46.49 46.47 46.59 46.98 47.70 48.76 50.03 51.34 52.51 53.41 53.98 54.21 54.06 53.57 52.78 51.83 50.92 50.27 49.97 50.02 50.25 50.50 50.63 50.59 50.43 50.23 50.09 50.07 50.17 50.36 50.58 50.76 50.86 50.85 50.72 50.48 50.13 49.69 49.25 48.95 48.89 49.16 49.70 50.39 51.05 51.57 51.86 51.92 51.82 51.64 51.48 51.42 51.51 51.79 52.25 52.83 53.39 53.80 53.96 53.92 53.81 53.79 53.96 54.32 54.73 54.96 54.79 54.13 53.04 51.74 50.50 49.53 48.84 48.31 47.76 47.09 46.36 45.76 45.50 45.68 46.23 47.00 47.77 48.38 48.74 48.83 48.67 48.34 47.93 47.53 47.23 47.06 47.01 46.99 46.92 46.74 46.44 46.07 45.64 45.18 44.66 44.08 43.50 42.99 42.66 42.54 42.60 42.81 43.14 43.59 44.20 44.99 45.92 46.86 47.64 48.09 48.11 47.69 46.99 46.22 45.60 45.23 45.08 45.05 44.99 44.85 44.65 44.45 44.32 44.27 44.30 44.41 44.69 45.24 46.08 47.14 48.23 49.11 49.61 49.68 49.37 48.81 48.15 47.59 47.29 47.38 47.88 48.73 49.78 50.87 51.88 52.75 53.47 54.06 54.51 54.81 54.88 54.68 54.21 53.54 52.78 52.11 51.66 51.50 51.57 51.69 51.63 51.17 50.24 48.91 47.40 46.02 45.08 44.73 44.95 45.57 46.32 46.97 47.38 47.50 47.43 47.24 46.90 46.17 44.53 41.08 34.17 21.00 
67.00 54.84 51.41 49.65 48.54 47.85 47.42 47.15 46.97 46.88 46.86 46.92 47.05 47.26 47.59 48.11 48.87 49.87 51.01 52.16 53.17 53.94 54.42 54.60 54.44 53.94 53.12 52.12 51.16 50.44 50.11 50.16 50.44 50.76 50.97 50.98 50.84 50.60 50.39 50.29 50.36 50.57 50.87 51.15 51.36 51.43 51.35 51.12 50.76 50.31 49.85 49.51 49.42 49.61 50.05 50.61 51.13 51.51 51.68 51.67 51.54 51.38 51.24 51.19 51.24 51.44 51.76 52.16 52.52 52.73 52.74 52.60 52.49 52.56 52.92 53.54 54.24 54.75 54.81 54.30 53.27 51.98 50.71 49.66 48.89 48.26 47.62 46.87 46.06 45.38 45.03 45.10 45.54 46.20 46.90 47.48 47.85 48.00 47.95 47.78 47.57 47.37 47.26 47.25 47.33 47.41 47.43 47.33 47.10 46.78 46.40 45.94 45.38 44.71 44.01 43.39 42.98 42.83 42.92 43.20 43.61 44.12 44.76 45.54 46.40 47.26 47.95 48.31 48.24 47.74 46.95 46.10 45.41 44.99 44.83 44.81 44.79 44.69 44.55 44.45 44.43 44.49 44.61 44.77 45.03 45.47 46.16 47.02 47.91 48.62 49.00 48.99 48.65 48.08 47.44 46.88 46.58 46.64 47.08 47.84 48.78 49.75 50.66 51.47 52.19 52.80 53.30 53.62 53.70 53.48 52.98 52.27 51.50 50.83 50.40 50.26 50.38 50.58 50.64 50.37 49.67 48.58 47.28 46.04 45.13 44.70 44.78 45.22 45.83 46.39 46.77 46.95 46.97 46.87 46.57 45.86 44.38 41.85 38.52 36.00 
27.00 46.30 48.77 48.46 48.00 47.75 47.64 47.55 47.44 47.34 47.32 47.41 47.62 47.95 48.39 48.95 49.68 50.56 51.53 52.49 53.31 53.94 54.35 54.52 54.42 54.00 53.27 52.34 51.40 50.69 50.36 50.41 50.71 51.09 51.36 51.44 51.32 51.05 50.76 50.57 50.58 50.80 51.17 51.57 51.87 52.01 51.95 51.70 51.29 50.78 50.26 49.87 49.70 49.80 50.13 50.56 50.96 51.23 51.33 51.29 51.15 50.98 50.82 50.71 50.67 50.72 50.86 51.04 51.18 51.19 51.06 50.87 50.79 50.98 51.55 52.43 53.41 54.20 54.50 54.19 53.32 52.12 50.89 49.83 48.98 48.27 47.54 46.70 45.81 45.03 44.55 44.47 44.76 45.29 45.90 46.43 46.80 47.01 47.09 47.10 47.09 47.11 47.19 47.33 47.51 47.66 47.73 47.67 47.49 47.21 46.86 46.42 45.84 45.13 44.37 43.68 43.23 43.07 43.19 43.52 43.99 44.55 45.20 45.92 46.68 47.40 47.95 48.20 48.07 47.55 46.78 45.96 45.29 44.89 44.73 44.70 44.68 44.61 44.53 44.51 44.62 44.83 45.07 45.32 45.60 45.97 46.50 47.15 47.80 48.30 48.52 48.43 48.08 47.54 46.94 46.42 46.11 46.12 46.47 47.09 47.85 48.66 49.44 50.17 50.86 51.49 52.01 52.33 52.38 52.11 51.56 50.81 50.02 49.35 48.96 48.89 49.10 49.45 49.73 49.75 49.38 48.61 47.56 46.47 45.57 45.04 44.94 45.20 45.65 46.13 46.52 46.77 46.89 46.90 46.72 46.14 44.91 43.02 41.80 49.00 
80.00 55.01 49.57 48.20 47.93 48.04 48.23 48.32 48.25 48.09 47.96 47.96 48.11 48.41 48.82 49.33 49.94 50.66 51.44 52.21 52.87 53.40 53.78 54.00 54.02 53.76 53.21 52.43 51.60 50.95 50.62 50.67 50.98 51.39 51.74 51.90 51.84 51.57 51.23 50.96 50.91 51.12 51.54 52.02 52.40 52.57 52.49 52.17 51.66 51.06 50.47 50.01 49.78 49.81 50.06 50.40 50.73 50.95 51.03 50.98 50.83 50.61 50.37 50.12 49.89 49.71 49.57 49.47 49.35 49.16 48.91 48.69 48.68 49.02 49.79 50.89 52.11 53.15 53.71 53.64 52.98 51.95 50.82 49.78 48.90 48.12 47.31 46.40 45.43 44.56 43.95 43.72 43.85 44.25 44.75 45.22 45.60 45.86 46.04 46.19 46.35 46.54 46.76 47.02 47.27 47.47 47.57 47.53 47.37 47.11 46.78 46.36 45.81 45.13 44.38 43.70 43.24 43.07 43.19 43.52 44.00 44.55 45.17 45.81 46.43 46.99 47.39 47.54 47.38 46.93 46.28 45.61 45.07 44.75 44.64 44.63 44.60 44.55 44.52 44.61 44.86 45.25 45.67 46.06 46.40 46.74 47.14 47.57 47.96 48.21 48.25 48.06 47.68 47.17 46.61 46.12 45.80 45.74 45.98 46.44 47.03 47.68 48.35 49.03 49.72 50.37 50.89 51.19 51.17 50.80 50.14 49.31 48.47 47.80 47.44 47.45 47.80 48.36 48.93 49.30 49.30 48.89 48.13 47.19 46.30 45.66 45.37 45.42 45.72 46.13 46.52 46.85 47.09 47.24 47.21 46.81 45.68 43.11 36.38 12.00 
31.00 44.62 47.07 47.66 48.12 48.68 49.18 49.43 49.38 49.11 48.78 48.56 48.50 48.60 48.84 49.17 49.61 50.14 50.75 51.36 51.93 52.42 52.84 53.18 53.37 53.33 53.00 52.41 51.73 51.15 50.84 50.86 51.16 51.59 52.02 52.30 52.33 52.12 51.77 51.46 51.36 51.56 52.01 52.54 52.96 53.13 52.99 52.57 51.94 51.22 50.55 50.04 49.78 49.78 50.00 50.32 50.63 50.86 50.97 50.93 50.76 50.47 50.07 49.59 49.05 48.50 47.96 47.46 47.00 46.56 46.19 45.96 46.03 46.52 47.44 48.71 50.10 51.32 52.10 52.28 51.87 51.06 50.08 49.11 48.23 47.40 46.54 45.59 44.59 43.66 42.96 42.59 42.57 42.83 43.23 43.64 43.99 44.27 44.50 44.72 44.97 45.25 45.57 45.90 46.21 46.47 46.60 46.58 46.42 46.17 45.85 45.47 44.99 44.39 43.74 43.14 42.72 42.54 42.60 42.86 43.26 43.74 44.27 44.80 45.30 45.70 45.96 46.05 45.92 45.60 45.16 44.74 44.45 44.35 44.39 44.45 44.47 44.46 44.51 44.73 45.16 45.74 46.37 46.94 47.40 47.76 48.06 48.29 48.43 48.42 48.26 47.95 47.52 47.01 46.46 45.96 45.60 45.47 45.57 45.88 46.32 46.85 47.46 48.15 48.89 49.59 50.13 50.38 50.26 49.75 48.93 47.97 47.04 46.34 46.00 46.09 46.58 47.36 48.21 48.92 49.31 49.25 48.76 47.98 47.12 46.38 45.92 45.77 45.91 46.24 46.63 47.02 47.39 47.71 47.92 47.89 47.49 46.94 48.37 64.00 
46.00 45.91 47.23 48.06 48.82 49.64 50.36 50.75 50.71 50.31 49.75 49.21 48.82 48.60 48.54 48.61 48.81 49.15 49.60 50.13 50.67 51.21 51.75 52.26 52.67 52.87 52.76 52.37 51.82 51.30 50.99 50.97 51.23 51.67 52.17 52.56 52.72 52.61 52.31 52.01 51.90 52.11 52.58 53.14 53.58 53.73 53.52 52.98 52.23 51.41 50.66 50.12 49.85 49.87 50.10 50.44 50.78 51.07 51.23 51.24 51.05 50.66 50.04 49.23 48.24 47.13 45.99 44.90 43.96 43.21 42.67 42.43 42.55 43.13 44.14 45.48 46.94 48.25 49.18 49.58 49.43 48.86 48.06 47.20 46.36 45.54 44.67 43.74 42.75 41.81 41.05 40.58 40.44 40.57 40.86 41.19 41.50 41.75 41.97 42.20 42.45 42.75 43.10 43.47 43.85 44.16 44.34 44.35 44.21 43.95 43.65 43.32 42.94 42.49 42.00 41.53 41.18 40.98 40.96 41.08 41.33 41.67 42.08 42.50 42.88 43.16 43.33 43.37 43.31 43.15 42.99 42.92 43.04 43.34 43.71 44.03 44.22 44.33 44.51 44.87 45.48 46.28 47.13 47.90 48.52 48.96 49.22 49.31 49.23 48.99 48.62 48.16 47.65 47.09 46.51 45.97 45.55 45.30 45.27 45.43 45.74 46.21 46.82 47.58 48.41 49.20 49.77 49.98 49.73 49.05 48.05 46.93 45.90 45.15 44.81 44.95 45.55 46.48 47.55 48.53 49.21 49.44 49.21 48.59 47.78 46.98 46.38 46.08 46.08 46.32 46.70 47.15 47.63 48.14 48.63 49.00 49.06 48.46 45.95 36.00 
36.00 46.32 48.70 49.34 49.94 50.78 51.61 52.10 52.08 51.58 50.78 49.92 49.15 48.53 48.10 47.85 47.78 47.93 48.27 48.76 49.36 50.02 50.73 51.46 52.10 52.52 52.62 52.39 51.94 51.45 51.11 51.02 51.22 51.65 52.19 52.67 52.94 52.93 52.72 52.48 52.42 52.67 53.19 53.81 54.27 54.41 54.14 53.52 52.66 51.75 50.95 50.38 50.12 50.15 50.40 50.77 51.17 51.52 51.77 51.84 51.65 51.15 50.28 49.03 47.42 45.51 43.45 41.49 39.88 38.71 37.97 37.67 37.81 38.40 39.39 40.68 42.09 43.38 44.36 44.90 44.96 44.62 44.03 43.32 42.58 41.81 41.00 40.12 39.21 38.32 37.57 37.06 36.83 36.85 37.03 37.27 37.50 37.70 37.87 38.04 38.24 38.50 38.83 39.23 39.65 40.01 40.25 40.29 40.16 39.92 39.65 39.38 39.12 38.85 38.55 38.24 37.97 37.77 37.65 37.63 37.70 37.89 38.16 38.47 38.74 38.93 39.04 39.08 39.08 39.11 39.25 39.62 40.32 41.31 42.34 43.18 43.75 44.13 44.51 45.04 45.83 46.82 47.89 48.88 49.69 50.25 50.55 50.56 50.32 49.88 49.31 48.68 48.04 47.39 46.74 46.14 45.64 45.29 45.13 45.15 45.37 45.80 46.45 47.30 48.25 49.14 49.75 49.92 49.57 48.73 47.56 46.29 45.16 44.36 44.00 44.15 44.78 45.76 46.92 48.03 48.88 49.30 49.25 48.78 48.04 47.26 46.60 46.21 46.11 46.28 46.64 47.14 47.74 48.44 49.24 50.09 50.95 51.59 50.83 43.00 
60.00 55.24 52.79 51.49 51.28 51.85 52.67 53.24 53.27 52.73 51.78 50.65 49.53 48.54 47.73 47.14 46.82 46.79 47.04 47.53 48.20 49.01 49.91 50.85 51.71 52.33 52.59 52.49 52.12 51.64 51.26 51.10 51.22 51.60 52.12 52.62 52.94 53.01 52.88 52.73 52.79 53.15 53.78 54.49 55.02 55.19 54.91 54.23 53.31 52.33 51.48 50.89 50.61 50.62 50.85 51.22 51.64 52.04 52.37 52.52 52.36 51.76 50.62 48.86 46.43 43.38 39.96 36.69 34.20 32.56 31.61 31.23 31.32 31.85 32.72 33.84 35.05 36.20 37.11 37.69 37.88 37.73 37.34 36.80 36.19 35.54 34.85 34.10 33.32 32.55 31.89 31.40 31.14 31.08 31.16 31.31 31.46 31.59 31.69 31.79 31.91 32.11 32.39 32.76 33.18 33.57 33.82 33.89 33.79 33.58 33.35 33.16 33.02 32.91 32.78 32.62 32.45 32.26 32.09 31.95 31.89 31.94 32.09 32.29 32.47 32.60 32.67 32.70 32.77 32.95 33.38 34.26 35.76 37.88 40.04 41.80 43.03 43.85 44.51 45.24 46.19 47.35 48.60 49.81 50.82 51.54 51.90 51.90 51.55 50.94 50.18 49.37 48.57 47.81 47.09 46.44 45.89 45.47 45.22 45.15 45.30 45.70 46.38 47.30 48.34 49.30 49.94 50.09 49.65 48.69 47.39 46.03 44.83 43.99 43.61 43.72 44.29 45.21 46.32 47.41 48.28 48.78 48.83 48.47 47.85 47.13 46.50 46.10 45.97 46.10 46.46 46.98 47.67 48.53 49.60 50.96 52.83 55.93 62.66 82.00 
68.00 62.44 56.70 53.46 52.35 52.57 53.33 53.97 54.09 53.59 52.59 51.31 49.95 48.66 47.55 46.68 46.14 45.96 46.13 46.61 47.33 48.25 49.30 50.40 51.43 52.21 52.62 52.63 52.34 51.89 51.49 51.27 51.32 51.60 52.04 52.47 52.76 52.83 52.76 52.74 52.94 53.47 54.27 55.12 55.78 56.03 55.78 55.11 54.16 53.14 52.24 51.59 51.25 51.18 51.31 51.59 51.96 52.37 52.75 52.97 52.86 52.21 50.80 48.45 45.01 40.44 35.04 29.74 26.27 24.28 23.23 22.81 22.85 23.23 23.88 24.72 25.62 26.49 27.21 27.70 27.92 27.89 27.66 27.30 26.88 26.40 25.88 25.32 24.74 24.17 23.66 23.27 23.03 22.95 22.97 23.04 23.13 23.19 23.23 23.27 23.33 23.45 23.67 23.97 24.32 24.65 24.87 24.95 24.87 24.71 24.55 24.44 24.39 24.37 24.36 24.31 24.22 24.07 23.90 23.72 23.60 23.57 23.64 23.75 23.86 23.94 23.98 24.02 24.12 24.38 25.00 26.30 28.78 32.77 36.73 39.89 42.08 43.51 44.53 45.48 46.57 47.85 49.26 50.63 51.82 52.68 53.12 53.10 52.66 51.90 50.97 49.98 49.04 48.19 47.43 46.79 46.26 45.87 45.60 45.49 45.59 45.95 46.61 47.54 48.60 49.57 50.22 50.34 49.84 48.81 47.45 46.04 44.82 43.97 43.56 43.61 44.07 44.85 45.81 46.76 47.55 48.01 48.09 47.80 47.28 46.68 46.15 45.81 45.71 45.85 46.20 46.74 47.46 48.40 49.62 51.21 53.36 56.53 61.84 72.00 
97.00 70.46 59.17 54.32 52.66 52.70 53.43 54.14 54.38 53.99 53.06 51.76 50.29 48.84 47.54 46.50 45.81 45.51 45.61 46.05 46.77 47.70 48.81 50.00 51.13 52.03 52.58 52.73 52.55 52.19 51.82 51.59 51.57 51.75 52.04 52.32 52.49 52.50 52.46 52.53 52.89 53.61 54.60 55.64 56.46 56.84 56.69 56.07 55.14 54.10 53.15 52.42 51.96 51.72 51.66 51.75 51.96 52.29 52.66 52.94 52.88 52.20 50.56 47.62 43.04 36.60 28.37 19.46 15.45 13.66 12.85 12.54 12.53 12.74 13.10 13.56 14.06 14.55 14.96 15.25 15.40 15.41 15.31 15.13 14.90 14.64 14.35 14.04 13.71 13.40 13.11 12.88 12.74 12.68 12.68 12.70 12.74 12.76 12.77 12.78 12.80 12.86 12.98 13.15 13.36 13.56 13.70 13.75 13.71 13.62 13.53 13.48 13.47 13.49 13.51 13.51 13.47 13.39 13.28 13.16 13.07 13.03 13.04 13.09 13.15 13.19 13.21 13.23 13.31 13.53 14.07 15.37 18.56 26.01 32.68 37.67 41.04 43.19 44.62 45.78 46.99 48.36 49.85 51.33 52.63 53.56 54.02 53.95 53.41 52.52 51.44 50.33 49.30 48.42 47.71 47.16 46.76 46.46 46.26 46.16 46.22 46.52 47.11 47.96 48.96 49.89 50.50 50.59 50.07 49.01 47.63 46.21 45.00 44.16 43.75 43.75 44.11 44.73 45.49 46.26 46.89 47.26 47.30 47.05 46.60 46.11 45.70 45.47 45.44 45.61 45.96 46.48 47.20 48.14 49.37 50.94 52.88 55.02 56.16 51.00 
86.00 63.91 56.31 53.08 52.00 52.20 52.98 53.75 54.10 53.86 53.06 51.85 50.41 48.94 47.58 46.48 45.73 45.38 45.42 45.80 46.44 47.31 48.37 49.55 50.72 51.72 52.39 52.70 52.68 52.47 52.22 52.03 51.98 52.06 52.18 52.27 52.26 52.17 52.10 52.24 52.72 53.59 54.75 55.96 56.95 57.49 57.49 56.98 56.11 55.09 54.11 53.29 52.66 52.19 51.85 51.64 51.60 51.74 52.03 52.30 52.28 51.59 49.77 46.33 40.74 32.44 20.65 3.10 1.43 1.17 1.09 1.06 1.06 1.08 1.11 1.15 1.19 1.23 1.27 1.29 1.31 1.31 1.30 1.28 1.27 1.24 1.22 1.19 1.16 1.14 1.11 1.09 1.08 1.08 1.08 1.08 1.08 1.08 1.08 1.08 1.08 1.09 1.10 1.11 1.13 1.15 1.16 1.17 1.16 1.16 1.15 1.14 1.14 1.15 1.15 1.15 1.15 1.14 1.13 1.12 1.11 1.11 1.11 1.11 1.12 1.12 1.12 1.12 1.13 1.15 1.20 1.41 2.87 18.55 28.72 35.63 40.18 43.04 44.86 46.22 47.51 48.92 50.43 51.92 53.21 54.10 54.48 54.30 53.63 52.63 51.47 50.33 49.32 48.52 47.95 47.59 47.37 47.24 47.13 47.07 47.09 47.31 47.77 48.50 49.38 50.22 50.78 50.84 50.30 49.23 47.84 46.44 45.26 44.46 44.08 44.08 44.37 44.88 45.49 46.09 46.56 46.80 46.77 46.49 46.07 45.65 45.34 45.21 45.26 45.47 45.83 46.33 47.00 47.88 49.03 50.49 52.35 54.61 56.85 56.00 
8.00 43.49 50.11 50.77 50.84 51.33 52.15 52.92 53.33 53.20 52.55 51.49 50.17 48.79 47.50 46.45 45.75 45.43 45.45 45.75 46.29 47.03 47.97 49.08 50.23 51.27 52.07 52.54 52.73 52.71 52.61 52.52 52.48 52.48 52.45 52.35 52.17 51.95 51.83 51.97 52.50 53.43 54.65 55.96 57.08 57.79 57.97 57.64 56.92 55.98 55.01 54.10 53.28 52.54 51.88 51.33 50.96 50.84 50.96 51.16 51.12 50.42 48.50 44.75 38.58 29.49 17.15 1.57 0.23 0.11 0.09 0.09 0.09 0.09 0.09 0.10 0.10 0.10 0.11 0.11 0.11 0.11 0.11 0.11 0.11 0.11 0.10 0.10 0.10 0.10 0.09 0.09 0.09 0.09 0.09 0.09 0.09 0.09 0.09 0.09 0.09 0.09 0.09 0.09 0.10 0.10 0.10 0.10 0.10 0.10 0.10 0.10 0.10 0.10 0.10 0.10 0.10 0.10 0.10 0.10 0.09 0.09 0.09 0.09 0.09 0.09 0.10 0.10 0.10 0.10 0.11 0.22 1.42 15.46 26.43 34.39 39.77 43.19 45.34 46.86 48.20 49.58 51.03 52.42 53.57 54.29 54.48 54.12 53.33 52.27 51.14 50.09 49.25 48.65 48.31 48.17 48.14 48.15 48.12 48.06 48.03 48.13 48.45 49.03 49.77 50.52 51.02 51.06 50.51 49.44 48.06 46.67 45.53 44.80 44.48 44.53 44.84 45.31 45.84 46.32 46.67 46.79 46.65 46.30 45.86 45.45 45.19 45.11 45.23 45.49 45.88 46.37 47.00 47.78 48.75 49.98 51.64 54.37 60.68 81.00 
59.00 52.43 50.72 50.01 49.95 50.43 51.17 51.85 52.23 52.16 51.61 50.68 49.51 48.28 47.15 46.27 45.72 45.50 45.56 45.83 46.27 46.89 47.69 48.68 49.76 50.81 51.68 52.31 52.67 52.85 52.91 52.94 52.94 52.90 52.78 52.54 52.22 51.90 51.70 51.79 52.25 53.10 54.25 55.53 56.71 57.57 57.97 57.89 57.39 56.61 55.70 54.74 53.76 52.77 51.80 50.91 50.21 49.81 49.70 49.76 49.65 48.90 46.91 43.03 36.67 27.46 15.43 1.32 0.12 0.02 0.01 0.01 0.01 0.01 0.01 0.01 0.01 0.01 0.01 0.01 0.01 0.01 0.01 0.01 0.01 0.01 0.01 0.01 0.01 0.01 0.01 0.01 0.01 0.01 0.01 0.01 0.01 0.01 0.01 0.01 0.01 0.01 0.01 0.01 0.01 0.01 0.01 0.01 0.01 0.01 0.01 0.01 0.01 0.01 0.01 0.01 0.01 0.01 0.01 0.01 0.01 0.01 0.01 0.01 0.01 0.01 0.01 0.01 0.01 0.01 0.02 0.11 1.23 14.33 25.44 33.94 39.85 43.67 46.07 47.71 49.06 50.37 51.67 52.86 53.76 54.22 54.14 53.58 52.68 51.65 50.65 49.84 49.28 48.98 48.90 48.96 49.08 49.15 49.12 49.00 48.86 48.83 49.00 49.44 50.07 50.73 51.19 51.21 50.66 49.59 48.23 46.87 45.78 45.12 44.90 45.05 45.44 45.95 46.46 46.89 47.15 47.16 46.92 46.48 45.97 45.53 45.26 45.23 45.41 45.75 46.20 46.73 47.32 47.96 48.65 49.37 50.09 50.69 50.57 46.00 
75.00 56.85 50.88 49.21 49.07 49.53 50.17 50.72 50.99 50.87 50.36 49.52 48.49 47.43 46.53 45.88 45.55 45.51 45.69 45.99 46.40 46.92 47.61 48.47 49.45 50.44 51.33 52.03 52.52 52.84 53.04 53.17 53.23 53.20 53.05 52.75 52.36 51.97 51.70 51.66 51.95 52.58 53.52 54.65 55.79 56.75 57.38 57.59 57.39 56.85 56.07 55.12 54.04 52.87 51.65 50.50 49.54 48.88 48.56 48.43 48.18 47.33 45.27 41.35 35.00 25.95 14.40 1.22 0.10 0.01 0.00 0.00 0.00 0.00 0.00 0.00 0.00 0.00 0.00 0.00 0.00 0.00 0.00 0.00 0.00 0.00 0.00 0.00 0.00 0.00 0.00 0.00 0.00 0.00 0.00 0.00 0.00 0.00 0.00 0.00 0.00 0.00 0.00 0.00 0.00 0.00 0.00 0.00 0.00 0.00 0.00 0.00 0.00 0.00 0.00 0.00 0.00 0.00 0.00 0.00 0.00 0.00 0.00 0.00 0.00 0.00 0.00 0.00 0.00 0.00 0.01 0.10 1.19 13.99 25.19 33.99 40.25 44.36 46.97 48.70 50.05 51.25 52.35 53.27 53.86 54.00 53.66 52.92 51.98 51.04 50.27 49.78 49.56 49.58 49.75 49.97 50.14 50.18 50.05 49.78 49.49 49.30 49.34 49.65 50.19 50.78 51.19 51.18 50.63 49.59 48.27 46.96 45.95 45.39 45.29 45.57 46.07 46.66 47.21 47.62 47.81 47.74 47.41 46.89 46.31 45.82 45.56 45.57 45.84 46.30 46.87 47.48 48.04 48.52 48.87 49.01 48.77 47.75 44.89 37.00 
62.00 49.18 46.96 47.14 47.83 48.57 49.20 49.61 49.74 49.51 48.96 48.14 47.21 46.34 45.68 45.32 45.27 45.46 45.80 46.22 46.66 47.16 47.76 48.50 49.34 50.21 51.02 51.70 52.22 52.61 52.90 53.10 53.23 53.25 53.13 52.87 52.50 52.09 51.74 51.55 51.59 51.90 52.50 53.37 54.38 55.39 56.23 56.75 56.90 56.65 56.07 55.20 54.10 52.83 51.48 50.18 49.07 48.25 47.75 47.43 47.00 46.00 43.84 39.89 33.61 24.79 13.69 1.16 0.10 0.01 0.00 0.00 0.00 0.00 0.00 0.00 0.00 0.00 0.00 0.00 0.00 0.00 0.00 0.00 0.00 0.00 0.00 0.00 0.00 0.00 0.00 0.00 0.00 0.00 0.00 0.00 0.00 0.00 0.00 0.00 0.00 0.00 0.00 0.00 0.00 0.00 0.00 0.00 0.00 0.00 0.00 0.00 0.00 0.00 0.00 0.00 0.00 0.00 0.00 0.00 0.00 0.00 0.00 0.00 0.00 0.00 0.00 0.00 0.00 0.00 0.01 0.10 1.18 13.92 25.21 34.21 40.73 45.08 47.87 49.70 51.03 52.11 53.00 53.64 53.93 53.79 53.23 52.38 51.46 50.66 50.16 49.98 50.10 50.40 50.77 51.08 51.22 51.15 50.85 50.40 49.92 49.57 49.47 49.66 50.09 50.59 50.91 50.85 50.30 49.31 48.09 46.90 46.02 45.58 45.61 46.02 46.64 47.30 47.89 48.29 48.44 48.31 47.92 47.35 46.75 46.26 46.04 46.15 46.56 47.20 47.93 48.62 49.16 49.45 49.43 49.04 48.15 46.54 44.16 44.00 
1.00 30.82 40.49 44.42 46.44 47.62 48.30 48.60 48.56 48.19 47.54 46.71 45.85 45.16 44.75 44.69 44.93 45.38 45.93 46.49 47.02 47.54 48.08 48.69 49.36 50.04 50.69 51.25 51.72 52.10 52.41 52.66 52.85 52.96 52.95 52.79 52.51 52.15 51.76 51.41 51.16 51.10 51.32 51.86 52.69 53.69 54.69 55.50 55.98 56.06 55.72 55.00 53.96 52.69 51.32 49.99 48.85 47.98 47.37 46.91 46.29 45.10 42.79 38.78 32.55 23.93 13.18 1.12 0.09 0.01 0.00 0.00 0.00 0.00 0.00 0.00 0.00 0.00 0.00 0.00 0.00 0.00 0.00 0.00 0.00 0.00 0.00 0.00 0.00 0.00 0.00 0.00 0.00 0.00 0.00 0.00 0.00 0.00 0.00 0.00 0.00 0.00 0.00 0.00 0.00 0.00 0.00 0.00 0.00 0.00 0.00 0.00 0.00 0.00 0.00 0.00 0.00 0.00 0.00 0.00 0.00 0.00 0.00 0.00 0.00 0.00 0.00 0.00 0.00 0.00 0.01 0.10 1.18 13.88 25.21 34.33 41.04 45.60 48.57 50.51 51.85 52.83 53.53 53.94 53.99 53.66 52.98 52.11 51.26 50.63 50.33 50.41 50.76 51.26 51.75 52.08 52.16 51.96 51.49 50.86 50.20 49.69 49.45 49.51 49.80 50.15 50.34 50.20 49.64 48.74 47.67 46.68 45.99 45.71 45.87 46.38 47.07 47.78 48.37 48.76 48.87 48.71 48.30 47.74 47.17 46.77 46.67 46.94 47.56 48.40 49.29 50.05 50.52 50.58 50.19 49.34 47.97 45.83 41.07 22.00 
16.00 32.37 39.35 43.14 45.43 46.79 47.48 47.67 47.46 46.94 46.18 45.33 44.55 44.03 43.89 44.12 44.66 45.36 46.11 46.81 47.43 47.97 48.45 48.91 49.36 49.81 50.23 50.63 50.98 51.30 51.59 51.86 52.12 52.33 52.45 52.47 52.34 52.08 51.69 51.21 50.70 50.30 50.15 50.38 51.00 51.94 53.03 54.06 54.83 55.21 55.13 54.60 53.68 52.50 51.20 49.95 48.87 48.04 47.41 46.84 46.07 44.69 42.21 38.09 31.87 23.36 12.84 1.09 0.09 0.01 0.00 0.00 0.00 0.00 0.00 0.00 0.00 0.00 0.00 0.00 0.00 0.00 0.00 0.00 0.00 0.00 0.00 0.00 0.00 0.00 0.00 0.00 0.00 0.00 0.00 0.00 0.00 0.00 0.00 0.00 0.00 0.00 0.00 0.00 0.00 0.00 0.00 0.00 0.00 0.00 0.00 0.00 0.00 0.00 0.00 0.00 0.00 0.00 0.00 0.00 0.00 0.00 0.00 0.00 0.00 0.00 0.00 0.00 0.00 0.00 0.01 0.10 1.17 13.75 25.02 34.19 41.02 45.76 48.91 50.98 52.35 53.27 53.85 54.11 54.02 53.61 52.93 52.12 51.38 50.87 50.71 50.91 51.37 51.94 52.47 52.79 52.81 52.51 51.93 51.16 50.37 49.73 49.34 49.25 49.37 49.53 49.54 49.29 48.73 47.95 47.11 46.38 45.93 45.83 46.11 46.68 47.38 48.08 48.64 48.98 49.06 48.88 48.48 47.98 47.52 47.27 47.36 47.85 48.70 49.74 50.77 51.54 51.88 51.68 50.91 49.65 48.14 47.40 52.10 84.00 
65.00 42.96 40.79 42.63 44.64 46.02 46.69 46.78 46.44 45.80 44.97 44.12 43.45 43.13 43.25 43.77 44.58 45.51 46.42 47.23 47.89 48.40 48.77 49.05 49.26 49.45 49.64 49.86 50.09 50.33 50.58 50.85 51.14 51.44 51.70 51.89 51.95 51.82 51.49 50.94 50.26 49.60 49.18 49.15 49.59 50.45 51.56 52.70 53.66 54.27 54.42 54.09 53.34 52.31 51.16 50.05 49.10 48.35 47.75 47.13 46.23 44.69 42.04 37.80 31.52 23.05 12.66 1.07 0.09 0.01 0.00 0.00 0.00 0.00 0.00 0.00 0.00 0.00 0.00 0.00 0.00 0.00 0.00 0.00 0.00 0.00 0.00 0.00 0.00 0.00 0.00 0.00 0.00 0.00 0.00 0.00 0.00 0.00 0.00 0.00 0.00 0.00 0.00 0.00 0.00 0.00 0.00 0.00 0.00 0.00 0.00 0.00 0.00 0.00 0.00 0.00 0.00 0.00 0.00 0.00 0.00 0.00 0.00 0.00 0.00 0.00 0.00 0.00 0.00 0.00 0.01 0.10 1.15 13.51 24.62 33.73 40.61 45.48 48.79 50.98 52.42 53.34 53.86 54.06 53.96 53.58 52.99 52.31 51.68 51.26 51.14 51.34 51.78 52.32 52.80 53.08 53.07 52.74 52.10 51.28 50.42 49.68 49.18 48.94 48.88 48.83 48.67 48.30 47.76 47.14 46.56 46.14 45.96 46.05 46.42 46.98 47.64 48.25 48.72 48.98 49.02 48.84 48.49 48.07 47.75 47.68 48.00 48.72 49.78 50.98 52.08 52.81 52.98 52.50 51.37 49.59 47.05 43.19 35.75 15.00 
28.00 33.26 37.50 41.05 43.63 45.19 45.89 45.93 45.52 44.82 43.99 43.21 42.68 42.58 42.96 43.76 44.80 45.91 46.93 47.77 48.40 48.81 49.02 49.08 49.06 49.03 49.04 49.12 49.25 49.42 49.62 49.85 50.13 50.45 50.79 51.12 51.34 51.37 51.13 50.59 49.85 49.09 48.52 48.35 48.67 49.43 50.49 51.64 52.67 53.40 53.72 53.58 53.03 52.18 51.22 50.28 49.48 48.85 48.29 47.64 46.65 44.98 42.18 37.81 31.46 22.97 12.60 1.07 0.09 0.01 0.00 0.00 0.00 0.00 0.00 0.00 0.00 0.00 0.00 0.00 0.00 0.00 0.00 0.00 0.00 0.00 0.00 0.00 0.00 0.00 0.00 0.00 0.00 0.00 0.00 0.00 0.00 0.00 0.00 0.00 0.00 0.00 0.00 0.00 0.00 0.00 0.00 0.00 0.00 0.00 0.00 0.00 0.00 0.00 0.00 0.00 0.00 0.00 0.00 0.00 0.00 0.00 0.00 0.00 0.00 0.00 0.00 0.00 0.00 0.00 0.01 0.09 1.12 13.19 24.07 33.04 39.89 44.81 48.22 50.51 52.02 52.97 53.53 53.77 53.74 53.48 53.04 52.51 51.99 51.62 51.48 51.60 51.93 52.36 52.74 52.96 52.92 52.58 51.97 51.15 50.28 49.51 48.95 48.61 48.41 48.21 47.90 47.47 46.98 46.53 46.23 46.11 46.18 46.43 46.84 47.34 47.86 48.32 48.65 48.83 48.83 48.66 48.36 48.05 47.87 47.97 48.47 49.38 50.59 51.87 52.96 53.59 53.60 52.93 51.59 49.62 46.82 42.28 32.58 6.00 
1.00 24.14 34.16 39.54 42.71 44.46 45.20 45.24 44.81 44.12 43.35 42.71 42.37 42.51 43.14 44.16 45.39 46.61 47.68 48.49 49.01 49.26 49.28 49.14 48.92 48.74 48.64 48.64 48.72 48.83 48.95 49.08 49.26 49.51 49.84 50.22 50.55 50.73 50.62 50.19 49.52 48.79 48.24 48.06 48.33 49.01 49.96 51.01 51.99 52.74 53.15 53.16 52.80 52.16 51.39 50.64 49.99 49.45 48.93 48.27 47.20 45.42 42.51 38.03 31.59 23.04 12.63 1.07 0.09 0.01 0.00 0.00 0.00 0.00 0.00 0.00 0.00 0.00 0.00 0.00 0.00 0.00 0.00 0.00 0.00 0.00 0.00 0.00 0.00 0.00 0.00 0.00 0.00 0.00 0.00 0.00 0.00 0.00 0.00 0.00 0.00 0.00 0.00 0.00 0.00 0.00 0.00 0.00 0.00 0.00 0.00 0.00 0.00 0.00 0.00 0.00 0.00 0.00 0.00 0.00 0.00 0.00 0.00 0.00 0.00 0.00 0.00 0.00 0.00 0.00 0.01 0.09 1.09 12.87 23.50 32.29 39.03 43.92 47.34 49.68 51.24 52.26 52.89 53.22 53.32 53.22 52.95 52.57 52.16 51.83 51.66 51.69 51.88 52.16 52.41 52.52 52.43 52.09 51.50 50.73 49.91 49.18 48.63 48.29 48.04 47.78 47.42 46.99 46.59 46.33 46.27 46.39 46.65 46.98 47.34 47.70 48.02 48.28 48.46 48.56 48.54 48.41 48.20 47.98 47.90 48.12 48.73 49.73 50.99 52.26 53.27 53.78 53.65 52.88 51.56 49.84 47.94 46.32 46.22 51.00 
16.00 27.71 34.73 39.39 42.39 44.10 44.83 44.86 44.45 43.82 43.17 42.70 42.58 42.94 43.78 44.97 46.32 47.59 48.63 49.36 49.76 49.83 49.67 49.36 49.03 48.77 48.64 48.62 48.66 48.70 48.70 48.67 48.65 48.72 48.93 49.27 49.66 49.96 50.01 49.77 49.28 48.72 48.32 48.24 48.53 49.15 49.97 50.87 51.71 52.39 52.82 52.93 52.73 52.29 51.71 51.13 50.60 50.13 49.62 48.93 47.80 45.93 42.93 38.36 31.84 23.21 12.71 1.08 0.09 0.01 0.00 0.00 0.00 0.00 0.00 0.00 0.00 0.00 0.00 0.00 0.00 0.00 0.00 0.00 0.00 0.00 0.00 0.00 0.00 0.00 0.00 0.00 0.00 0.00 0.00 0.00 0.00 0.00 0.00 0.00 0.00 0.00 0.00 0.00 0.00 0.00 0.00 0.00 0.00 0.00 0.00 0.00 0.00 0.00 0.00 0.00 0.00 0.00 0.00 0.00 0.00 0.00 0.00 0.00 0.00 0.00 0.00 0.00 0.00 0.00 0.01 0.09 1.07 12.62 23.04 31.64 38.24 43.03 46.39 48.71 50.29 51.36 52.07 52.52 52.75 52.80 52.67 52.41 52.10 51.83 51.67 51.64 51.73 51.86 51.95 51.92 51.73 51.34 50.76 50.04 49.31 48.68 48.24 47.98 47.81 47.61 47.32 46.99 46.71 46.61 46.72 46.99 47.31 47.61 47.83 47.97 48.05 48.10 48.15 48.21 48.23 48.19 48.08 47.95 47.95 48.20 48.83 49.82 51.01 52.18 53.04 53.40 53.17 52.37 51.15 49.72 48.49 48.69 54.95 86.00 
48.00 35.60 37.00 40.13 42.68 44.24 44.92 44.94 44.56 44.00 43.47 43.17 43.26 43.81 44.80 46.08 47.46 48.73 49.72 50.36 50.63 50.58 50.28 49.88 49.50 49.22 49.10 49.07 49.07 49.00 48.83 48.57 48.30 48.12 48.14 48.38 48.77 49.17 49.41 49.39 49.15 48.86 48.68 48.76 49.13 49.72 50.42 51.15 51.84 52.41 52.81 52.98 52.91 52.63 52.21 51.76 51.31 50.86 50.33 49.58 48.38 46.43 43.36 38.72 32.12 23.41 12.82 1.09 0.09 0.01 0.00 0.00 0.00 0.00 0.00 0.00 0.00 0.00 0.00 0.00 0.00 0.00 0.00 0.00 0.00 0.00 0.00 0.00 0.00 0.00 0.00 0.00 0.00 0.00 0.00 0.00 0.00 0.00 0.00 0.00 0.00 0.00 0.00 0.00 0.00 0.00 0.00 0.00 0.00 0.00 0.00 0.00 0.00 0.00 0.00 0.00 0.00 0.00 0.00 0.00 0.00 0.00 0.00 0.00 0.00 0.00 0.00 0.00 0.00 0.00 0.01 0.09 1.06 12.50 22.79 31.26 37.72 42.38 45.63 47.87 49.41 50.48 51.25 51.78 52.11 52.24 52.20 52.03 51.82 51.64 51.55 51.55 51.59 51.61 51.54 51.33 50.97 50.47 49.85 49.17 48.53 48.05 47.79 47.72 47.73 47.71 47.60 47.44 47.32 47.35 47.52 47.79 48.04 48.17 48.16 48.04 47.87 47.75 47.72 47.81 47.96 48.07 48.11 48.09 48.13 48.37 48.92 49.79 50.82 51.79 52.46 52.65 52.32 51.53 50.40 49.06 47.44 44.95 38.86 18.00 
1.00 29.33 36.90 40.73 43.29 44.83 45.50 45.51 45.12 44.59 44.15 43.99 44.22 44.90 45.97 47.29 48.65 49.86 50.80 51.37 51.58 51.47 51.14 50.71 50.31 50.04 49.90 49.83 49.74 49.52 49.15 48.65 48.12 47.70 47.51 47.63 48.01 48.50 48.92 49.14 49.18 49.15 49.22 49.48 49.93 50.52 51.15 51.76 52.32 52.81 53.18 53.38 53.39 53.21 52.90 52.50 52.07 51.59 51.00 50.16 48.88 46.85 43.71 39.01 32.36 23.58 12.92 1.10 0.09 0.01 0.00 0.00 0.00 0.00 0.00 0.00 0.00 0.00 0.00 0.00 0.00 0.00 0.00 0.00 0.00 0.00 0.00 0.00 0.00 0.00 0.00 0.00 0.00 0.00 0.00 0.00 0.00 0.00 0.00 0.00 0.00 0.00 0.00 0.00 0.00 0.00 0.00 0.00 0.00 0.00 0.00 0.00 0.00 0.00 0.00 0.00 0.00 0.00 0.00 0.00 0.00 0.00 0.00 0.00 0.00 0.00 0.00 0.00 0.00 0.00 0.01 0.09 1.06 12.51 22.80 31.23 37.61 42.16 45.27 47.37 48.81 49.84 50.59 51.13 51.47 51.62 51.59 51.48 51.36 51.32 51.38 51.48 51.56 51.52 51.29 50.87 50.29 49.61 48.90 48.23 47.70 47.39 47.34 47.51 47.77 48.01 48.16 48.22 48.26 48.35 48.50 48.64 48.67 48.54 48.23 47.84 47.46 47.23 47.22 47.44 47.79 48.13 48.37 48.48 48.56 48.75 49.18 49.85 50.66 51.38 51.81 51.82 51.39 50.61 49.63 48.55 47.25 44.85 37.59 11.00 
76.00 43.42 39.87 41.82 44.16 45.74 46.43 46.42 45.99 45.43 45.01 44.91 45.23 45.97 47.06 48.35 49.65 50.81 51.71 52.28 52.52 52.45 52.14 51.73 51.33 51.02 50.81 50.63 50.39 50.01 49.44 48.75 48.02 47.42 47.09 47.12 47.50 48.06 48.63 49.07 49.35 49.56 49.82 50.21 50.74 51.35 51.95 52.52 53.03 53.48 53.85 54.08 54.13 53.99 53.70 53.29 52.81 52.24 51.54 50.59 49.21 47.11 43.91 39.17 32.49 23.68 12.98 1.10 0.09 0.01 0.00 0.00 0.00 0.00 0.00 0.00 0.00 0.00 0.00 0.00 0.00 0.00 0.00 0.00 0.00 0.00 0.00 0.00 0.00 0.00 0.00 0.00 0.00 0.00 0.00 0.00 0.00 0.00 0.00 0.00 0.00 0.00 0.00 0.00 0.00 0.00 0.00 0.00 0.00 0.00 0.00 0.00 0.00 0.00 0.00 0.00 0.00 0.00 0.00 0.00 0.00 0.00 0.00 0.00 0.00 0.00 0.00 0.00 0.00 0.00 0.01 0.09 1.07 12.67 23.07 31.56 37.93 42.39 45.36 47.31 48.60 49.51 50.17 50.64 50.91 50.98 50.92 50.82 50.81 50.95 51.21 51.50 51.68 51.61 51.25 50.61 49.78 48.88 48.04 47.36 46.94 46.80 46.97 47.37 47.89 48.40 48.81 49.10 49.29 49.40 49.43 49.34 49.08 48.62 48.02 47.39 46.88 46.63 46.74 47.16 47.79 48.42 48.90 49.16 49.29 49.43 49.71 50.17 50.71 51.17 51.37 51.19 50.65 49.88 49.06 48.44 48.39 49.79 55.74 79.00 
5.00 28.08 36.56 41.56 44.83 46.72 47.49 47.45 46.94 46.31 45.84 45.73 46.06 46.80 47.85 49.06 50.29 51.41 52.33 52.98 53.33 53.37 53.15 52.77 52.33 51.92 51.56 51.20 50.77 50.21 49.51 48.71 47.90 47.24 46.86 46.88 47.26 47.88 48.56 49.14 49.59 49.96 50.34 50.81 51.37 51.99 52.62 53.20 53.75 54.25 54.65 54.91 54.98 54.83 54.49 53.99 53.39 52.69 51.85 50.78 49.30 47.13 43.90 39.15 32.47 23.67 12.97 1.10 0.09 0.01 0.00 0.00 0.00 0.00 0.00 0.00 0.00 0.00 0.00 0.00 0.00 0.00 0.00 0.00 0.00 0.00 0.00 0.00 0.00 0.00 0.00 0.00 0.00 0.00 0.00 0.00 0.00 0.00 0.00 0.00 0.00 0.00 0.00 0.00 0.00 0.00 0.00 0.00 0.00 0.00 0.00 0.00 0.00 0.00 0.00 0.00 0.00 0.00 0.00 0.00 0.00 0.00 0.00 0.00 0.00 0.00 0.00 0.00 0.00 0.00 0.01 0.09 1.10 12.92 23.53 32.16 38.59 43.01 45.86 47.64 48.75 49.48 49.98 50.30 50.42 50.36 50.21 50.12 50.22 50.57 51.09 51.61 51.94 51.89 51.41 50.54 49.46 48.34 47.37 46.69 46.36 46.38 46.73 47.31 48.02 48.74 49.37 49.85 50.14 50.22 50.10 49.75 49.18 48.42 47.58 46.80 46.26 46.09 46.38 47.08 48.01 48.95 49.69 50.13 50.32 50.41 50.55 50.80 51.10 51.32 51.31 50.97 50.33 49.50 48.70 48.21 48.50 50.50 56.78 76.00 
17.00 26.85 35.88 41.92 45.67 47.73 48.51 48.40 47.79 47.05 46.50 46.32 46.59 47.27 48.23 49.34 50.50 51.60 52.59 53.38 53.90 54.11 53.99 53.62 53.10 52.53 51.96 51.37 50.73 50.03 49.25 48.44 47.68 47.07 46.76 46.81 47.22 47.87 48.60 49.26 49.79 50.22 50.64 51.12 51.67 52.30 52.96 53.62 54.25 54.84 55.32 55.63 55.70 55.50 55.07 54.44 53.69 52.84 51.87 50.69 49.13 46.92 43.67 38.94 32.30 23.56 12.92 1.09 0.09 0.01 0.00 0.00 0.00 0.00 0.00 0.00 0.00 0.00 0.00 0.00 0.00 0.00 0.00 0.00 0.00 0.00 0.00 0.00 0.00 0.00 0.00 0.00 0.00 0.00 0.00 0.00 0.00 0.00 0.00 0.00 0.00 0.00 0.00 0.00 0.00 0.00 0.00 0.00 0.00 0.00 0.00 0.00 0.00 0.00 0.00 0.00 0.00 0.00 0.00 0.00 0.00 0.00 0.00 0.00 0.00 0.00 0.00 0.00 0.00 0.00 0.01 0.10 1.12 13.24 24.10 32.92 39.44 43.85 46.61 48.22 49.14 49.67 49.97 50.08 50.00 49.78 49.53 49.44 49.66 50.23 51.02 51.79 52.28 52.27 51.70 50.65 49.33 48.02 46.96 46.29 46.05 46.19 46.64 47.31 48.10 48.92 49.67 50.25 50.59 50.64 50.36 49.79 48.96 47.99 47.01 46.20 45.73 45.73 46.25 47.24 48.48 49.71 50.70 51.30 51.56 51.61 51.62 51.69 51.81 51.86 51.71 51.26 50.52 49.57 48.60 47.82 47.46 47.39 45.10 24.00 
0.00 25.98 37.28 43.36 46.88 48.73 49.37 49.14 48.42 47.59 46.94 46.67 46.84 47.40 48.22 49.21 50.29 51.41 52.50 53.46 54.19 54.56 54.53 54.14 53.50 52.72 51.90 51.07 50.26 49.45 48.66 47.92 47.29 46.84 46.66 46.80 47.25 47.91 48.64 49.30 49.82 50.24 50.62 51.03 51.54 52.15 52.84 53.58 54.33 55.04 55.61 55.97 56.04 55.80 55.27 54.52 53.63 52.66 51.59 50.35 48.76 46.55 43.33 38.65 32.08 23.41 12.84 1.09 0.09 0.01 0.00 0.00 0.00 0.00 0.00 0.00 0.00 0.00 0.00 0.00 0.00 0.00 0.00 0.00 0.00 0.00 0.00 0.00 0.00 0.00 0.00 0.00 0.00 0.00 0.00 0.00 0.00 0.00 0.00 0.00 0.00 0.00 0.00 0.00 0.00 0.00 0.00 0.00 0.00 0.00 0.00 0.00 0.00 0.00 0.00 0.00 0.00 0.00 0.00 0.00 0.00 0.00 0.00 0.00 0.00 0.00 0.00 0.00 0.00 0.00 0.01 0.10 1.15 13.57 24.70 33.72 40.34 44.75 47.42 48.88 49.62 49.95 50.03 49.93 49.65 49.26 48.92 48.85 49.19 49.97 51.00 52.00 52.63 52.67 52.04 50.85 49.38 47.94 46.83 46.19 46.02 46.23 46.71 47.35 48.10 48.88 49.63 50.23 50.57 50.56 50.18 49.45 48.47 47.41 46.42 45.69 45.38 45.60 46.39 47.65 49.17 50.66 51.84 52.57 52.87 52.88 52.79 52.73 52.72 52.70 52.50 52.02 51.20 50.10 48.85 47.61 46.67 46.90 52.46 85.00 
39.00 39.36 43.03 46.20 48.40 49.63 49.96 49.60 48.81 47.93 47.21 46.85 46.90 47.30 47.97 48.82 49.83 50.96 52.14 53.27 54.16 54.65 54.67 54.22 53.43 52.45 51.40 50.38 49.42 48.56 47.81 47.20 46.74 46.47 46.45 46.70 47.20 47.86 48.55 49.16 49.61 49.94 50.21 50.52 50.95 51.52 52.22 53.03 53.88 54.70 55.36 55.78 55.87 55.59 55.00 54.17 53.21 52.19 51.12 49.90 48.35 46.20 43.05 38.45 31.95 23.33 12.80 1.09 0.09 0.01 0.00 0.00 0.00 0.00 0.00 0.00 0.00 0.00 0.00 0.00 0.00 0.00 0.00 0.00 0.00 0.00 0.00 0.00 0.00 0.00 0.00 0.00 0.00 0.00 0.00 0.00 0.00 0.00 0.00 0.00 0.00 0.00 0.00 0.00 0.00 0.00 0.00 0.00 0.00 0.00 0.00 0.00 0.00 0.00 0.00 0.00 0.00 0.00 0.00 0.00 0.00 0.00 0.00 0.00 0.00 0.00 0.00 0.00 0.00 0.00 0.01 0.10 1.18 13.88 25.24 34.42 41.12 45.52 48.11 49.46 50.05 50.21 50.12 49.83 49.38 48.86 48.46 48.42 48.87 49.81 51.02 52.16 52.90 52.97 52.32 51.08 49.54 48.07 46.96 46.36 46.24 46.46 46.87 47.40 47.99 48.63 49.27 49.80 50.11 50.06 49.62 48.83 47.81 46.76 45.86 45.31 45.23 45.72 46.77 48.28 50.02 51.68 53.00 53.81 54.11 54.06 53.88 53.74 53.70 53.68 53.53 53.08 52.24 51.00 49.41 47.49 45.07 41.34 33.00 5.00 
49.00 49.03 48.54 48.94 49.66 50.16 50.18 49.72 48.94 48.07 47.35 46.93 46.87 47.13 47.64 48.38 49.31 50.44 51.68 52.89 53.86 54.38 54.36 53.82 52.88 51.73 50.53 49.38 48.37 47.52 46.86 46.38 46.09 46.00 46.13 46.49 47.04 47.69 48.32 48.83 49.15 49.33 49.45 49.62 49.94 50.45 51.15 52.00 52.92 53.81 54.55 55.03 55.14 54.88 54.28 53.45 52.51 51.56 50.58 49.49 48.08 46.05 43.02 38.51 32.05 23.44 12.87 1.09 0.09 0.01 0.00 0.00 0.00 0.00 0.00 0.00 0.00 0.00 0.00 0.00 0.00 0.00 0.00 0.00 0.00 0.00 0.00 0.00 0.00 0.00 0.00 0.00 0.00 0.00 0.00 0.00 0.00 0.00 0.00 0.00 0.00 0.00 0.00 0.00 0.00 0.00 0.00 0.00 0.00 0.00 0.00 0.00 0.00 0.00 0.00 0.00 0.00 0.00 0.00 0.00 0.00 0.00 0.00 0.00 0.00 0.00 0.00 0.00 0.00 0.00 0.01 0.10 1.20 14.13 25.67 34.96 41.68 46.05 48.57 49.83 50.33 50.39 50.19 49.79 49.24 48.66 48.25 48.23 48.75 49.76 51.04 52.23 53.00 53.10 52.46 51.24 49.74 48.32 47.27 46.72 46.60 46.77 47.07 47.41 47.80 48.24 48.72 49.14 49.38 49.30 48.85 48.07 47.09 46.13 45.40 45.06 45.24 46.00 47.30 49.01 50.90 52.67 54.05 54.87 55.14 55.03 54.78 54.61 54.59 54.65 54.61 54.25 53.43 52.10 50.26 47.91 44.84 40.44 33.23 20.00 
75.00 58.91 52.54 50.49 50.08 50.06 49.90 49.45 48.76 48.00 47.35 46.95 46.84 47.02 47.44 48.08 48.96 50.05 51.27 52.45 53.36 53.79 53.65 52.96 51.90 50.65 49.39 48.23 47.25 46.49 45.95 45.62 45.48 45.53 45.78 46.22 46.80 47.42 47.97 48.35 48.51 48.50 48.44 48.46 48.66 49.10 49.77 50.63 51.59 52.53 53.32 53.85 54.01 53.78 53.23 52.48 51.67 50.89 50.12 49.25 48.05 46.23 43.35 38.91 32.47 23.78 13.07 1.11 0.09 0.01 0.00 0.00 0.00 0.00 0.00 0.00 0.00 0.00 0.00 0.00 0.00 0.00 0.00 0.00 0.00 0.00 0.00 0.00 0.00 0.00 0.00 0.00 0.00 0.00 0.00 0.00 0.00 0.00 0.00 0.00 0.00 0.00 0.00 0.00 0.00 0.00 0.00 0.00 0.00 0.00 0.00 0.00 0.00 0.00 0.00 0.00 0.00 0.00 0.00 0.00 0.00 0.00 0.00 0.00 0.00 0.00 0.00 0.00 0.00 0.00 0.01 0.10 1.21 14.30 25.95 35.27 41.97 46.27 48.72 49.93 50.40 50.45 50.24 49.83 49.27 48.69 48.29 48.29 48.81 49.79 51.01 52.15 52.87 52.96 52.38 51.25 49.88 48.60 47.66 47.15 47.02 47.09 47.25 47.41 47.60 47.84 48.14 48.43 48.60 48.50 48.07 47.34 46.44 45.61 45.04 44.93 45.36 46.35 47.86 49.71 51.69 53.49 54.86 55.64 55.86 55.70 55.41 55.24 55.28 55.45 55.54 55.29 54.52 53.15 51.21 48.72 45.70 42.21 39.38 45.00 
83.00 58.85 51.79 49.76 49.29 49.21 49.08 48.75 48.26 47.70 47.21 46.92 46.87 47.07 47.49 48.11 48.94 49.96 51.06 52.08 52.78 52.98 52.62 51.77 50.61 49.33 48.11 47.06 46.22 45.62 45.25 45.06 45.04 45.18 45.48 45.94 46.50 47.07 47.52 47.75 47.74 47.55 47.32 47.20 47.30 47.67 48.31 49.16 50.12 51.08 51.90 52.47 52.68 52.52 52.06 51.45 50.83 50.29 49.80 49.22 48.30 46.70 43.98 39.63 33.15 24.32 13.38 1.13 0.10 0.01 0.00 0.00 0.00 0.00 0.00 0.00 0.00 0.00 0.00 0.00 0.00 0.00 0.00 0.00 0.00 0.00 0.00 0.00 0.00 0.00 0.00 0.00 0.00 0.00 0.00 0.00 0.00 0.00 0.00 0.00 0.00 0.00 0.00 0.00 0.00 0.00 0.00 0.00 0.00 0.00 0.00 0.00 0.00 0.00 0.00 0.00 0.00 0.00 0.00 0.00 0.00 0.00 0.00 0.00 0.00 0.00 0.00 0.00 0.00 0.00 0.01 0.10 1.22 14.39 26.08 35.38 42.00 46.22 48.61 49.81 50.31 50.42 50.28 49.94 49.45 48.92 48.55 48.52 48.96 49.81 50.87 51.85 52.47 52.55 52.03 51.07 49.90 48.81 48.01 47.56 47.39 47.38 47.40 47.42 47.45 47.54 47.69 47.87 47.96 47.84 47.44 46.76 45.95 45.23 44.81 44.88 45.51 46.70 48.35 50.29 52.28 54.05 55.37 56.09 56.26 56.05 55.75 55.60 55.70 55.96 56.15 55.99 55.27 53.92 51.97 49.52 46.63 43.03 36.94 19.00 
26.00 41.56 45.78 47.06 47.56 47.79 47.83 47.71 47.47 47.19 46.96 46.89 47.02 47.35 47.86 48.53 49.33 50.22 51.12 51.85 52.22 52.09 51.45 50.42 49.18 47.95 46.86 45.99 45.37 45.00 44.82 44.78 44.84 45.00 45.28 45.68 46.16 46.63 46.95 47.04 46.87 46.55 46.21 46.01 46.05 46.39 47.01 47.83 48.78 49.74 50.57 51.16 51.40 51.30 50.94 50.49 50.10 49.84 49.65 49.37 48.72 47.34 44.77 40.47 33.94 24.94 13.74 1.17 0.10 0.01 0.00 0.00 0.00 0.00 0.00 0.00 0.00 0.00 0.00 0.00 0.00 0.00 0.00 0.00 0.00 0.00 0.00 0.00 0.00 0.00 0.00 0.00 0.00 0.00 0.00 0.00 0.00 0.00 0.00 0.00 0.00 0.00 0.00 0.00 0.00 0.00 0.00 0.00 0.00 0.00 0.00 0.00 0.00 0.00 0.00 0.00 0.00 0.00 0.00 0.00 0.00 0.00 0.00 0.00 0.00 0.00 0.00 0.00 0.00 0.00 0.01 0.10 1.22 14.40 26.07 35.31 41.85 46.00 48.36 49.57 50.14 50.35 50.32 50.09 49.69 49.23 48.86 48.76 49.05 49.69 50.51 51.29 51.79 51.85 51.44 50.68 49.76 48.90 48.26 47.87 47.69 47.60 47.53 47.46 47.40 47.40 47.45 47.52 47.54 47.39 47.01 46.38 45.65 45.02 44.71 44.91 45.68 46.99 48.73 50.68 52.63 54.33 55.56 56.22 56.34 56.11 55.80 55.65 55.78 56.08 56.31 56.19 55.52 54.21 52.33 50.10 47.82 46.07 46.20 52.00 
13.00 35.60 42.62 44.99 45.87 46.24 46.41 46.49 46.53 46.58 46.70 46.94 47.34 47.90 48.56 49.30 50.07 50.80 51.42 51.78 51.75 51.26 50.33 49.12 47.85 46.69 45.78 45.15 44.79 44.66 44.67 44.75 44.85 44.97 45.14 45.40 45.73 46.05 46.23 46.19 45.94 45.56 45.20 45.01 45.08 45.44 46.06 46.88 47.81 48.75 49.57 50.14 50.38 50.31 50.04 49.74 49.56 49.55 49.63 49.59 49.15 47.94 45.48 41.22 34.63 25.49 14.05 1.19 0.10 0.01 0.00 0.00 0.00 0.00 0.00 0.00 0.00 0.00 0.00 0.00 0.00 0.00 0.00 0.00 0.00 0.00 0.00 0.00 0.00 0.00 0.00 0.00 0.00 0.00 0.00 0.00 0.00 0.00 0.00 0.00 0.00 0.00 0.00 0.00 0.00 0.00 0.00 0.00 0.00 0.00 0.00 0.00 0.00 0.00 0.00 0.00 0.00 0.00 0.00 0.00 0.00 0.00 0.00 0.00 0.00 0.00 0.00 0.00 0.00 0.00 0.01 0.10 1.22 14.36 25.98 35.16 41.64 45.75 48.13 49.41 50.06 50.36 50.41 50.25 49.89 49.44 49.04 48.83 48.92 49.32 49.89 50.47 50.85 50.93 50.66 50.13 49.49 48.87 48.40 48.08 47.88 47.75 47.63 47.52 47.43 47.37 47.35 47.33 47.28 47.10 46.73 46.16 45.51 44.96 44.73 45.01 45.86 47.23 48.98 50.91 52.78 54.38 55.52 56.10 56.17 55.91 55.58 55.42 55.51 55.76 55.97 55.84 55.19 53.94 52.18 50.11 48.10 47.01 49.72 68.00 
58.00 45.26 44.20 44.50 44.75 44.91 45.08 45.31 45.62 46.03 46.54 47.16 47.89 48.69 49.52 50.31 51.00 51.54 51.84 51.82 51.40 50.57 49.40 48.07 46.79 45.74 45.02 44.62 44.51 44.60 44.77 44.92 45.00 45.00 44.99 45.05 45.18 45.32 45.36 45.25 44.97 44.62 44.35 44.28 44.46 44.91 45.58 46.41 47.33 48.24 49.02 49.54 49.74 49.66 49.44 49.25 49.23 49.41 49.65 49.76 49.43 48.30 45.90 41.66 35.05 25.82 14.24 1.21 0.10 0.01 0.00 0.00 0.00 0.00 0.00 0.00 0.00 0.00 0.00 0.00 0.00 0.00 0.00 0.00 0.00 0.00 0.00 0.00 0.00 0.00 0.00 0.00 0.00 0.00 0.00 0.00 0.00 0.00 0.00 0.00 0.00 0.00 0.00 0.00 0.00 0.00 0.00 0.00 0.00 0.00 0.00 0.00 0.00 0.00 0.00 0.00 0.00 0.00 0.00 0.00 0.00 0.00 0.00 0.00 0.00 0.00 0.00 0.00 0.00 0.00 0.01 0.10 1.21 14.29 25.84 34.98 41.46 45.63 48.09 49.47 50.21 50.55 50.60 50.39 49.98 49.46 48.96 48.60 48.50 48.65 49.01 49.42 49.74 49.87 49.78 49.51 49.14 48.76 48.44 48.18 47.98 47.81 47.66 47.53 47.43 47.35 47.26 47.17 47.04 46.82 46.47 45.98 45.43 44.98 44.84 45.18 46.06 47.44 49.17 51.03 52.80 54.29 55.33 55.83 55.85 55.55 55.18 54.94 54.92 55.07 55.18 55.00 54.37 53.21 51.58 49.59 47.25 44.06 37.67 18.00 
28.00 43.35 44.62 44.33 44.04 43.93 44.03 44.37 44.94 45.71 46.61 47.61 48.64 49.65 50.57 51.35 51.91 52.20 52.19 51.83 51.10 50.03 48.72 47.35 46.13 45.21 44.66 44.48 44.56 44.81 45.07 45.23 45.21 45.04 44.81 44.63 44.54 44.52 44.47 44.31 44.07 43.83 43.71 43.82 44.18 44.76 45.52 46.39 47.32 48.20 48.92 49.36 49.49 49.36 49.15 49.02 49.10 49.36 49.67 49.81 49.49 48.37 45.98 41.75 35.14 25.90 14.29 1.21 0.10 0.01 0.00 0.00 0.00 0.00 0.00 0.00 0.00 0.00 0.00 0.00 0.00 0.00 0.00 0.00 0.00 0.00 0.00 0.00 0.00 0.00 0.00 0.00 0.00 0.00 0.00 0.00 0.00 0.00 0.00 0.00 0.00 0.00 0.00 0.00 0.00 0.00 0.00 0.00 0.00 0.00 0.00 0.00 0.00 0.00 0.00 0.00 0.00 0.00 0.00 0.00 0.00 0.00 0.00 0.00 0.00 0.00 0.00 0.00 0.00 0.00 0.01 0.10 1.20 14.18 25.68 34.81 41.37 45.68 48.31 49.83 50.63 50.95 50.89 50.52 49.95 49.27 48.62 48.10 47.81 47.78 47.96 48.27 48.59 48.83 48.94 48.92 48.80 48.63 48.42 48.20 47.98 47.77 47.60 47.45 47.34 47.22 47.07 46.88 46.66 46.41 46.10 45.72 45.33 45.04 45.02 45.42 46.32 47.67 49.33 51.11 52.78 54.17 55.11 55.54 55.50 55.14 54.68 54.32 54.16 54.14 54.10 53.85 53.23 52.20 50.82 49.17 47.19 44.39 38.96 26.00 
96.00 55.68 46.94 44.61 43.73 43.36 43.38 43.81 44.61 45.69 46.94 48.24 49.49 50.61 51.53 52.19 52.54 52.57 52.28 51.66 50.74 49.57 48.25 46.95 45.86 45.10 44.73 44.71 44.94 45.26 45.53 45.62 45.46 45.09 44.63 44.24 43.98 43.83 43.72 43.58 43.41 43.30 43.34 43.63 44.16 44.89 45.75 46.68 47.63 48.50 49.17 49.53 49.56 49.37 49.12 49.00 49.10 49.37 49.66 49.75 49.37 48.20 45.79 41.56 34.98 25.78 14.23 1.21 0.10 0.01 0.00 0.00 0.00 0.00 0.00 0.00 0.00 0.00 0.00 0.00 0.00 0.00 0.00 0.00 0.00 0.00 0.00 0.00 0.00 0.00 0.00 0.00 0.00 0.00 0.00 0.00 0.00 0.00 0.00 0.00 0.00 0.00 0.00 0.00 0.00 0.00 0.00 0.00 0.00 0.00 0.00 0.00 0.00 0.00 0.00 0.00 0.00 0.00 0.00 0.00 0.00 0.00 0.00 0.00 0.00 0.00 0.00 0.00 0.00 0.00 0.01 0.10 1.19 14.06 25.49 34.66 41.35 45.85 48.70 50.38 51.25 51.49 51.24 50.64 49.82 48.94 48.12 47.46 47.03 46.87 46.95 47.22 47.58 47.95 48.26 48.47 48.56 48.54 48.40 48.18 47.92 47.66 47.45 47.28 47.14 46.96 46.71 46.40 46.08 45.78 45.52 45.30 45.12 45.05 45.20 45.70 46.62 47.94 49.53 51.22 52.80 54.10 54.97 55.33 55.22 54.78 54.21 53.71 53.37 53.15 52.95 52.60 52.00 51.13 50.09 49.02 48.09 47.49 47.92 54.00 
5.00 36.63 43.25 44.05 43.64 43.25 43.24 43.72 44.68 45.98 47.47 48.95 50.29 51.39 52.18 52.62 52.72 52.49 51.97 51.20 50.22 49.09 47.90 46.79 45.90 45.34 45.14 45.25 45.56 45.90 46.11 46.08 45.75 45.20 44.57 44.02 43.66 43.46 43.35 43.24 43.14 43.12 43.28 43.68 44.33 45.15 46.09 47.08 48.06 48.93 49.56 49.85 49.81 49.55 49.26 49.11 49.19 49.43 49.66 49.67 49.22 47.99 45.54 41.31 34.76 25.61 14.13 1.20 0.10 0.01 0.00 0.00 0.00 0.00 0.00 0.00 0.00 0.00 0.00 0.00 0.00 0.00 0.00 0.00 0.00 0.00 0.00 0.00 0.00 0.00 0.00 0.00 0.00 0.00 0.00 0.00 0.00 0.00 0.00 0.00 0.00 0.00 0.00 0.00 0.00 0.00 0.00 0.00 0.00 0.00 0.00 0.00 0.00 0.00 0.00 0.00 0.00 0.00 0.00 0.00 0.00 0.00 0.00 0.00 0.00 0.00 0.00 0.00 0.00 0.00 0.01 0.10 1.18 13.90 25.26 34.45 41.27 45.99 49.06 50.91 51.82 51.98 51.55 50.70 49.65 48.58 47.62 46.86 46.36 46.13 46.18 46.45 46.88 47.38 47.86 48.25 48.50 48.56 48.44 48.18 47.86 47.55 47.30 47.10 46.90 46.63 46.25 45.78 45.31 44.95 44.74 44.69 44.76 44.95 45.32 45.96 46.93 48.23 49.76 51.38 52.90 54.13 54.94 55.24 55.07 54.56 53.89 53.24 52.71 52.30 51.92 51.47 50.87 50.14 49.41 48.91 48.93 49.80 51.36 48.00 
26.00 42.84 45.84 45.40 44.44 43.77 43.64 44.11 45.12 46.51 48.08 49.59 50.87 51.81 52.37 52.55 52.38 51.91 51.22 50.39 49.47 48.50 47.55 46.70 46.08 45.75 45.72 45.95 46.29 46.60 46.73 46.57 46.10 45.42 44.70 44.10 43.72 43.54 43.46 43.41 43.35 43.37 43.54 43.95 44.59 45.42 46.38 47.39 48.39 49.26 49.88 50.14 50.07 49.77 49.45 49.29 49.35 49.55 49.75 49.72 49.23 47.96 45.48 41.23 34.67 25.53 14.08 1.19 0.10 0.01 0.00 0.00 0.00 0.00 0.00 0.00 0.00 0.00 0.00 0.00 0.00 0.00 0.00 0.00 0.00 0.00 0.00 0.00 0.00 0.00 0.00 0.00 0.00 0.00 0.00 0.00 0.00 0.00 0.00 0.00 0.00 0.00 0.00 0.00 0.00 0.00 0.00 0.00 0.00 0.00 0.00 0.00 0.00 0.00 0.00 0.00 0.00 0.00 0.00 0.00 0.00 0.00 0.00 0.00 0.00 0.00 0.00 0.00 0.00 0.00 0.01 0.10 1.16 13.70 24.93 34.11 41.01 45.89 49.14 51.13 52.10 52.22 51.67 50.66 49.46 48.27 47.25 46.47 45.97 45.75 45.81 46.11 46.61 47.20 47.80 48.31 48.63 48.72 48.58 48.28 47.90 47.55 47.26 47.02 46.76 46.37 45.82 45.15 44.50 44.04 43.86 43.95 44.26 44.72 45.32 46.13 47.18 48.49 50.00 51.58 53.05 54.24 55.01 55.26 55.05 54.47 53.71 52.93 52.24 51.66 51.12 50.56 49.93 49.28 48.76 48.63 49.29 51.73 59.92 94.00 
96.00 63.13 52.35 47.99 45.85 44.79 44.50 44.89 45.84 47.18 48.65 50.01 51.10 51.79 52.07 51.97 51.53 50.87 50.08 49.26 48.47 47.73 47.08 46.57 46.25 46.16 46.31 46.61 46.97 47.23 47.27 47.02 46.48 45.76 45.04 44.48 44.16 44.05 44.04 44.03 43.99 43.98 44.08 44.37 44.89 45.62 46.49 47.46 48.44 49.31 49.95 50.23 50.18 49.91 49.62 49.48 49.56 49.79 50.00 50.00 49.53 48.27 45.78 41.50 34.88 25.67 14.15 1.20 0.10 0.01 0.00 0.00 0.00 0.00 0.00 0.00 0.00 0.00 0.00 0.00 0.00 0.00 0.00 0.00 0.00 0.00 0.00 0.00 0.00 0.00 0.00 0.00 0.00 0.00 0.00 0.00 0.00 0.00 0.00 0.00 0.00 0.00 0.00 0.00 0.00 0.00 0.00 0.00 0.00 0.00 0.00 0.00 0.00 0.00 0.00 0.00 0.00 0.00 0.00 0.00 0.00 0.00 0.00 0.00 0.00 0.00 0.00 0.00 0.00 0.00 0.01 0.10 1.14 13.44 24.49 33.57 40.48 45.42 48.77 50.86 51.90 52.06 51.50 50.48 49.26 48.08 47.09 46.37 45.94 45.78 45.89 46.23 46.76 47.39 48.04 48.58 48.93 49.02 48.86 48.52 48.11 47.74 47.45 47.18 46.85 46.33 45.59 44.70 43.85 43.26 43.05 43.22 43.70 44.37 45.17 46.13 47.28 48.65 50.18 51.76 53.21 54.37 55.09 55.30 55.04 54.41 53.59 52.72 51.91 51.20 50.54 49.88 49.20 48.55 48.08 48.00 48.34 48.25 42.78 7.00 
84.00 61.56 52.88 48.99 46.99 45.95 45.63 45.92 46.73 47.86 49.09 50.18 50.96 51.35 51.33 50.96 50.33 49.53 48.70 47.94 47.31 46.83 46.50 46.32 46.31 46.47 46.75 47.11 47.44 47.65 47.63 47.34 46.80 46.13 45.50 45.05 44.84 44.82 44.88 44.92 44.89 44.83 44.81 44.92 45.22 45.73 46.42 47.26 48.16 49.01 49.67 50.04 50.08 49.92 49.73 49.67 49.83 50.14 50.45 50.54 50.16 48.96 46.49 42.15 35.42 26.06 14.36 1.22 0.10 0.01 0.00 0.00 0.00 0.00 0.00 0.00 0.00 0.00 0.00 0.00 0.00 0.00 0.00 0.00 0.00 0.00 0.00 0.00 0.00 0.00 0.00 0.00 0.00 0.00 0.00 0.00 0.00 0.00 0.00 0.00 0.00 0.00 0.00 0.00 0.00 0.00 0.00 0.00 0.00 0.00 0.00 0.00 0.00 0.00 0.00 0.00 0.00 0.00 0.00 0.00 0.00 0.00 0.00 0.00 0.00 0.00 0.00 0.00 0.00 0.00 0.01 0.09 1.11 13.14 23.96 32.86 39.66 44.57 47.94 50.09 51.23 51.50 51.08 50.19 49.09 48.03 47.16 46.57 46.25 46.20 46.38 46.75 47.27 47.87 48.48 49.00 49.33 49.41 49.25 48.93 48.55 48.21 47.93 47.67 47.27 46.63 45.71 44.60 43.54 42.79 42.50 42.68 43.23 44.00 44.93 46.00 47.25 48.69 50.27 51.87 53.31 54.43 55.08 55.23 54.91 54.24 53.37 52.45 51.58 50.80 50.07 49.34 48.61 47.92 47.45 47.46 48.29 50.55 56.14 74.00 
31.00 46.38 48.91 48.55 47.73 47.10 46.84 47.04 47.64 48.50 49.40 50.13 50.56 50.61 50.31 49.73 48.94 48.08 47.27 46.60 46.14 45.90 45.87 46.01 46.28 46.64 47.02 47.38 47.66 47.80 47.74 47.46 46.98 46.42 45.92 45.61 45.51 45.59 45.73 45.84 45.85 45.77 45.65 45.57 45.60 45.81 46.23 46.84 47.60 48.40 49.09 49.57 49.78 49.80 49.78 49.87 50.16 50.61 51.05 51.28 51.02 49.91 47.46 43.07 36.21 26.64 14.68 1.25 0.11 0.01 0.00 0.00 0.00 0.00 0.00 0.00 0.00 0.00 0.00 0.00 0.00 0.00 0.00 0.00 0.00 0.00 0.00 0.00 0.00 0.00 0.00 0.00 0.00 0.00 0.00 0.00 0.00 0.00 0.00 0.00 0.00 0.00 0.00 0.00 0.00 0.00 0.00 0.00 0.00 0.00 0.00 0.00 0.00 0.00 0.00 0.00 0.00 0.00 0.00 0.00 0.00 0.00 0.00 0.00 0.00 0.00 0.00 0.00 0.00 0.00 0.01 0.09 1.09 12.82 23.38 32.06 38.68 43.46 46.78 48.97 50.23 50.71 50.54 49.90 49.03 48.16 47.47 47.03 46.86 46.92 47.17 47.54 48.01 48.52 49.02 49.46 49.75 49.85 49.74 49.49 49.21 48.95 48.74 48.50 48.07 47.33 46.24 44.95 43.70 42.79 42.38 42.50 43.02 43.79 44.74 45.85 47.15 48.66 50.29 51.91 53.32 54.36 54.90 54.94 54.53 53.80 52.90 51.97 51.10 50.31 49.58 48.84 48.07 47.33 46.75 46.60 47.31 49.91 57.44 79.00 
31.00 44.09 47.92 48.72 48.56 48.21 48.00 48.09 48.47 49.04 49.59 49.97 50.04 49.78 49.23 48.48 47.61 46.74 45.97 45.42 45.12 45.11 45.33 45.74 46.23 46.72 47.15 47.47 47.66 47.72 47.62 47.36 46.97 46.53 46.16 45.95 45.94 46.10 46.33 46.54 46.67 46.66 46.52 46.29 46.08 45.97 46.05 46.38 46.94 47.64 48.36 48.96 49.37 49.63 49.83 50.12 50.56 51.14 51.72 52.07 51.92 50.90 48.47 44.04 37.05 27.27 15.02 1.27 0.11 0.01 0.00 0.00 0.00 0.00 0.00 0.00 0.00 0.00 0.00 0.00 0.00 0.00 0.00 0.00 0.00 0.00 0.00 0.00 0.00 0.00 0.00 0.00 0.00 0.00 0.00 0.00 0.00 0.00 0.00 0.00 0.00 0.00 0.00 0.00 0.00 0.00 0.00 0.00 0.00 0.00 0.00 0.00 0.00 0.00 0.00 0.00 0.00 0.00 0.00 0.00 0.00 0.00 0.00 0.00 0.00 0.00 0.00 0.00 0.00 0.00 0.01 0.09 1.06 12.54 22.85 31.29 37.71 42.32 45.55 47.76 49.17 49.90 50.04 49.73 49.14 48.50 47.98 47.69 47.65 47.81 48.12 48.48 48.85 49.23 49.59 49.91 50.17 50.30 50.30 50.20 50.07 49.95 49.84 49.64 49.20 48.38 47.18 45.74 44.34 43.28 42.76 42.77 43.21 43.91 44.79 45.86 47.16 48.67 50.31 51.90 53.24 54.15 54.53 54.39 53.85 53.03 52.10 51.19 50.36 49.64 48.97 48.29 47.54 46.74 45.96 45.32 44.88 44.69 44.91 46.00 
60.00 50.97 49.85 49.74 49.52 49.21 48.98 48.95 49.15 49.47 49.74 49.82 49.60 49.08 48.33 47.45 46.53 45.69 45.00 44.56 44.42 44.58 45.01 45.61 46.25 46.81 47.21 47.44 47.52 47.49 47.36 47.13 46.80 46.44 46.14 45.99 46.02 46.22 46.55 46.93 47.24 47.40 47.34 47.06 46.66 46.26 46.03 46.06 46.39 46.97 47.69 48.40 49.01 49.50 49.93 50.41 51.00 51.67 52.32 52.73 52.64 51.66 49.26 44.79 37.71 27.76 15.30 1.30 0.11 0.01 0.00 0.00 0.00 0.00 0.00 0.00 0.00 0.00 0.00 0.00 0.00 0.00 0.00 0.00 0.00 0.00 0.00 0.00 0.00 0.00 0.00 0.00 0.00 0.00 0.00 0.00 0.00 0.00 0.00 0.00 0.00 0.00 0.00 0.00 0.00 0.00 0.00 0.00 0.00 0.00 0.00 0.00 0.00 0.00 0.00 0.00 0.00 0.00 0.00 0.00 0.00 0.00 0.00 0.00 0.00 0.00 0.00 0.00 0.00 0.00 0.01 0.09 1.05 12.34 22.45 30.69 36.90 41.34 44.47 46.69 48.24 49.24 49.72 49.74 49.45 49.02 48.66 48.48 48.53 48.77 49.10 49.43 49.71 49.93 50.13 50.34 50.55 50.74 50.89 50.98 51.05 51.11 51.11 50.97 50.53 49.67 48.38 46.83 45.33 44.17 43.56 43.49 43.83 44.43 45.22 46.19 47.41 48.86 50.43 51.92 53.12 53.83 53.99 53.65 52.93 52.00 51.03 50.14 49.38 48.77 48.22 47.65 46.98 46.19 45.29 44.20 42.57 39.35 31.66 11.00 
47.00 49.76 50.49 50.52 50.26 49.92 49.64 49.54 49.62 49.80 49.90 49.79 49.38 48.69 47.79 46.82 45.88 45.06 44.45 44.12 44.09 44.39 44.95 45.65 46.35 46.90 47.25 47.38 47.37 47.26 47.10 46.87 46.57 46.24 45.95 45.78 45.80 46.04 46.48 47.04 47.60 47.99 48.08 47.84 47.33 46.73 46.23 46.00 46.12 46.57 47.26 48.05 48.82 49.50 50.12 50.73 51.39 52.08 52.71 53.09 52.98 51.98 49.58 45.10 37.98 27.97 15.42 1.31 0.11 0.01 0.00 0.00 0.00 0.00 0.00 0.00 0.00 0.00 0.00 0.00 0.00 0.00 0.00 0.00 0.00 0.00 0.00 0.00 0.00 0.00 0.00 0.00 0.00 0.00 0.00 0.00 0.00 0.00 0.00 0.00 0.00 0.00 0.00 0.00 0.00 0.00 0.00 0.00 0.00 0.00 0.00 0.00 0.00 0.00 0.00 0.00 0.00 0.00 0.00 0.00 0.00 0.00 0.00 0.00 0.00 0.00 0.00 0.00 0.00 0.00 0.01 0.09 1.04 12.24 22.25 30.34 36.38 40.66 43.67 45.88 47.57 48.81 49.60 49.95 49.92 49.68 49.43 49.31 49.40 49.66 49.99 50.29 50.48 50.56 50.61 50.70 50.87 51.12 51.42 51.73 52.01 52.25 52.38 52.29 51.85 50.94 49.58 47.97 46.40 45.21 44.57 44.47 44.78 45.32 46.02 46.88 47.97 49.28 50.69 52.02 53.00 53.48 53.40 52.83 51.92 50.88 49.86 48.98 48.30 47.80 47.38 46.95 46.42 45.76 44.95 43.89 42.17 38.74 31.52 18.00 
39.00 50.34 51.46 51.10 50.63 50.22 49.93 49.82 49.88 50.03 50.10 49.94 49.46 48.68 47.71 46.68 45.72 44.92 44.35 44.07 44.12 44.47 45.08 45.79 46.46 46.96 47.24 47.31 47.25 47.12 46.95 46.72 46.43 46.08 45.76 45.54 45.53 45.79 46.33 47.08 47.88 48.49 48.74 48.55 48.00 47.28 46.62 46.22 46.18 46.53 47.17 47.98 48.83 49.61 50.32 50.99 51.63 52.23 52.73 52.99 52.77 51.72 49.29 44.84 37.76 27.81 15.33 1.30 0.11 0.01 0.00 0.00 0.00 0.00 0.00 0.00 0.00 0.00 0.00 0.00 0.00 0.00 0.00 0.00 0.00 0.00 0.00 0.00 0.00 0.00 0.00 0.00 0.00 0.00 0.00 0.00 0.00 0.00 0.00 0.00 0.00 0.00 0.00 0.00 0.00 0.00 0.00 0.00 0.00 0.00 0.00 0.00 0.00 0.00 0.00 0.00 0.00 0.00 0.00 0.00 0.00 0.00 0.00 0.00 0.00 0.00 0.00 0.00 0.00 0.00 0.01 0.09 1.04 12.26 22.25 30.27 36.18 40.31 43.21 45.39 47.16 48.60 49.66 50.28 50.47 50.38 50.18 50.07 50.14 50.38 50.69 50.95 51.07 51.04 50.96 50.93 51.05 51.33 51.76 52.25 52.74 53.15 53.39 53.34 52.88 51.91 50.50 48.84 47.27 46.10 45.52 45.48 45.84 46.41 47.07 47.85 48.79 49.91 51.11 52.20 52.93 53.16 52.84 52.06 51.00 49.85 48.79 47.92 47.30 46.89 46.59 46.29 45.92 45.48 45.00 44.49 43.75 42.15 37.80 24.00 
92.00 60.92 53.50 51.32 50.49 50.08 49.86 49.83 49.98 50.20 50.34 50.24 49.79 49.03 48.05 46.99 46.01 45.19 44.61 44.32 44.35 44.67 45.22 45.86 46.44 46.87 47.10 47.18 47.17 47.10 46.99 46.80 46.53 46.18 45.82 45.56 45.52 45.79 46.41 47.29 48.24 48.99 49.32 49.15 48.57 47.79 47.07 46.59 46.49 46.76 47.35 48.13 48.96 49.75 50.45 51.06 51.57 52.00 52.29 52.35 51.97 50.83 48.39 43.99 37.04 27.29 15.05 1.28 0.11 0.01 0.00 0.00 0.00 0.00 0.00 0.00 0.00 0.00 0.00 0.00 0.00 0.00 0.00 0.00 0.00 0.00 0.00 0.00 0.00 0.00 0.00 0.00 0.00 0.00 0.00 0.00 0.00 0.00 0.00 0.00 0.00 0.00 0.00 0.00 0.00 0.00 0.00 0.00 0.00 0.00 0.00 0.00 0.00 0.00 0.00 0.00 0.00 0.00 0.00 0.00 0.00 0.00 0.00 0.00 0.00 0.00 0.00 0.00 0.00 0.00 0.01 0.09 1.05 12.38 22.43 30.44 36.27 40.28 43.07 45.20 47.00 48.57 49.82 50.64 51.00 50.99 50.81 50.65 50.66 50.84 51.13 51.36 51.43 51.33 51.12 50.96 50.98 51.24 51.72 52.35 52.99 53.55 53.88 53.86 53.37 52.34 50.88 49.22 47.70 46.63 46.18 46.30 46.79 47.46 48.18 48.93 49.76 50.68 51.63 52.44 52.90 52.88 52.36 51.44 50.28 49.08 48.00 47.15 46.57 46.22 45.99 45.78 45.55 45.36 45.33 45.64 46.54 48.59 53.68 69.00 
24.00 47.64 49.94 49.76 49.58 49.51 49.53 49.69 49.99 50.35 50.63 50.64 50.29 49.60 48.67 47.62 46.61 45.74 45.08 44.70 44.61 44.80 45.20 45.69 46.15 46.50 46.76 46.94 47.08 47.18 47.22 47.16 46.97 46.67 46.34 46.08 46.03 46.31 46.95 47.87 48.83 49.55 49.82 49.57 48.93 48.12 47.40 46.95 46.85 47.09 47.62 48.33 49.08 49.79 50.38 50.83 51.14 51.33 51.36 51.19 50.65 49.42 46.99 42.69 35.95 26.48 14.60 1.24 0.11 0.01 0.00 0.00 0.00 0.00 0.00 0.00 0.00 0.00 0.00 0.00 0.00 0.00 0.00 0.00 0.00 0.00 0.00 0.00 0.00 0.00 0.00 0.00 0.00 0.00 0.00 0.00 0.00 0.00 0.00 0.00 0.00 0.00 0.00 0.00 0.00 0.00 0.00 0.00 0.00 0.00 0.00 0.00 0.00 0.00 0.00 0.00 0.00 0.00 0.00 0.00 0.00 0.00 0.00 0.00 0.00 0.00 0.00 0.00 0.00 0.00 0.01 0.09 1.07 12.56 22.73 30.79 36.59 40.52 43.20 45.26 47.05 48.67 50.03 50.97 51.43 51.46 51.24 51.01 50.92 51.04 51.29 51.52 51.57 51.41 51.09 50.78 50.65 50.80 51.25 51.92 52.66 53.32 53.72 53.71 53.18 52.11 50.64 49.03 47.62 46.73 46.47 46.79 47.48 48.32 49.16 49.94 50.71 51.47 52.16 52.67 52.85 52.60 51.93 50.93 49.76 48.59 47.56 46.77 46.25 45.94 45.74 45.56 45.42 45.42 45.75 46.70 48.67 52.41 59.53 73.00 
94.00 55.51 48.54 47.88 48.30 48.76 49.14 49.54 50.04 50.56 50.96 51.10 50.87 50.28 49.42 48.41 47.37 46.42 45.63 45.07 44.78 44.76 44.93 45.21 45.53 45.85 46.19 46.55 46.93 47.30 47.59 47.74 47.73 47.58 47.36 47.16 47.14 47.41 48.02 48.86 49.68 50.22 50.27 49.82 49.05 48.19 47.50 47.11 47.05 47.31 47.78 48.39 49.03 49.59 50.01 50.26 50.33 50.26 50.05 49.67 48.99 47.72 45.33 41.18 34.68 25.55 14.09 1.20 0.10 0.01 0.00 0.00 0.00 0.00 0.00 0.00 0.00 0.00 0.00 0.00 0.00 0.00 0.00 0.00 0.00 0.00 0.00 0.00 0.00 0.00 0.00 0.00 0.00 0.00 0.00 0.00 0.00 0.00 0.00 0.00 0.00 0.00 0.00 0.00 0.00 0.00 0.00 0.00 0.00 0.00 0.00 0.00 0.00 0.00 0.00 0.00 0.00 0.00 0.00 0.00 0.00 0.00 0.00 0.00 0.00 0.00 0.00 0.00 0.00 0.00 0.01 0.09 1.08 12.76 23.08 31.22 37.04 40.93 43.54 45.52 47.25 48.86 50.24 51.23 51.72 51.74 51.48 51.15 50.98 51.04 51.27 51.51 51.58 51.37 50.95 50.46 50.12 50.08 50.41 51.03 51.78 52.48 52.91 52.91 52.36 51.29 49.86 48.37 47.14 46.46 46.43 46.96 47.86 48.88 49.87 50.74 51.50 52.12 52.59 52.81 52.72 52.26 51.48 50.48 49.39 48.34 47.45 46.80 46.38 46.12 45.94 45.76 45.65 45.74 46.27 47.51 49.73 53.35 59.32 72.00 
4.00 31.67 40.54 44.58 46.78 48.06 48.88 49.56 50.23 50.87 51.37 51.59 51.44 50.95 50.18 49.22 48.17 47.12 46.17 45.40 44.86 44.56 44.46 44.52 44.70 45.01 45.46 46.04 46.71 47.39 47.98 48.42 48.68 48.77 48.72 48.65 48.68 48.94 49.46 50.12 50.70 50.93 50.66 49.93 48.95 48.01 47.33 46.99 46.98 47.24 47.67 48.18 48.68 49.10 49.34 49.40 49.25 48.96 48.55 48.03 47.29 46.02 43.72 39.73 33.47 24.67 13.61 1.15 0.10 0.01 0.00 0.00 0.00 0.00 0.00 0.00 0.00 0.00 0.00 0.00 0.00 0.00 0.00 0.00 0.00 0.00 0.00 0.00 0.00 0.00 0.00 0.00 0.00 0.00 0.00 0.00 0.00 0.00 0.00 0.00 0.00 0.00 0.00 0.00 0.00 0.00 0.00 0.00 0.00 0.00 0.00 0.00 0.00 0.00 0.00 0.00 0.00 0.00 0.00 0.00 0.00 0.00 0.00 0.00 0.00 0.00 0.00 0.00 0.00 0.00 0.01 0.09 1.10 12.93 23.38 31.63 37.51 41.41 43.99 45.90 47.57 49.10 50.44 51.40 51.88 51.88 51.58 51.19 50.95 50.97 51.21 51.48 51.57 51.34 50.80 50.13 49.55 49.27 49.39 49.88 50.57 51.25 51.68 51.67 51.13 50.11 48.79 47.47 46.47 46.02 46.19 46.89 47.93 49.10 50.23 51.22 52.00 52.53 52.80 52.77 52.42 51.79 50.95 50.00 49.06 48.23 47.57 47.13 46.88 46.73 46.59 46.43 46.31 46.43 47.01 48.25 50.24 52.57 52.73 38.00 
7.00 26.39 36.99 42.73 45.92 47.76 48.93 49.82 50.62 51.33 51.86 52.09 51.99 51.56 50.87 49.97 48.93 47.82 46.72 45.73 44.93 44.35 43.99 43.84 43.89 44.19 44.74 45.52 46.45 47.40 48.29 49.04 49.60 49.96 50.14 50.21 50.30 50.53 50.92 51.38 51.67 51.56 50.95 49.92 48.73 47.66 46.94 46.61 46.62 46.86 47.23 47.65 48.06 48.35 48.48 48.39 48.10 47.67 47.15 46.58 45.84 44.63 42.45 38.62 32.56 24.02 13.25 1.12 0.10 0.01 0.00 0.00 0.00 0.00 0.00 0.00 0.00 0.00 0.00 0.00 0.00 0.00 0.00 0.00 0.00 0.00 0.00 0.00 0.00 0.00 0.00 0.00 0.00 0.00 0.00 0.00 0.00 0.00 0.00 0.00 0.00 0.00 0.00 0.00 0.00 0.00 0.00 0.00 0.00 0.00 0.00 0.00 0.00 0.00 0.00 0.00 0.00 0.00 0.00 0.00 0.00 0.00 0.00 0.00 0.00 0.00 0.00 0.00 0.00 0.00 0.01 0.09 1.11 13.03 23.57 31.91 37.89 41.85 44.46 46.34 47.91 49.34 50.57 51.48 51.93 51.95 51.65 51.26 51.01 51.02 51.27 51.56 51.66 51.40 50.77 49.91 49.10 48.56 48.45 48.76 49.33 49.93 50.32 50.30 49.81 48.88 47.73 46.63 45.85 45.58 45.88 46.65 47.75 48.99 50.21 51.28 52.10 52.59 52.72 52.49 51.94 51.18 50.32 49.47 48.74 48.17 47.81 47.64 47.61 47.62 47.58 47.48 47.39 47.51 48.06 49.24 51.24 54.59 61.37 80.00 
19.00 29.64 37.85 42.92 46.00 47.94 49.26 50.28 51.16 51.89 52.39 52.59 52.48 52.08 51.46 50.63 49.63 48.50 47.30 46.16 45.16 44.35 43.77 43.43 43.37 43.63 44.22 45.12 46.20 47.35 48.46 49.46 50.29 50.89 51.27 51.46 51.59 51.77 52.04 52.31 52.35 51.96 51.08 49.81 48.43 47.24 46.43 46.06 46.02 46.22 46.53 46.90 47.25 47.50 47.58 47.43 47.09 46.61 46.08 45.54 44.87 43.77 41.71 38.01 32.09 23.68 13.07 1.11 0.09 0.01 0.00 0.00 0.00 0.00 0.00 0.00 0.00 0.00 0.00 0.00 0.00 0.00 0.00 0.00 0.00 0.00 0.00 0.00 0.00 0.00 0.00 0.00 0.00 0.00 0.00 0.00 0.00 0.00 0.00 0.00 0.00 0.00 0.00 0.00 0.00 0.00 0.00 0.00 0.00 0.00 0.00 0.00 0.00 0.00 0.00 0.00 0.00 0.00 0.00 0.00 0.00 0.00 0.00 0.00 0.00 0.00 0.00 0.00 0.00 0.00 0.01 0.09 1.11 13.04 23.61 32.03 38.11 42.18 44.85 46.71 48.20 49.50 50.61 51.45 51.91 51.98 51.78 51.47 51.27 51.31 51.56 51.84 51.92 51.60 50.87 49.86 48.85 48.09 47.76 47.87 48.29 48.79 49.12 49.11 48.68 47.90 46.95 46.07 45.47 45.31 45.62 46.34 47.37 48.57 49.80 50.91 51.76 52.24 52.30 51.96 51.31 50.49 49.66 48.95 48.43 48.14 48.06 48.18 48.39 48.61 48.73 48.74 48.73 48.86 49.32 50.21 51.56 53.67 58.38 75.00 
13.00 34.99 41.30 44.51 46.72 48.39 49.71 50.81 51.74 52.46 52.91 53.04 52.88 52.49 51.91 51.17 50.24 49.15 47.96 46.76 45.66 44.72 43.99 43.50 43.32 43.50 44.06 44.94 46.05 47.26 48.48 49.63 50.63 51.39 51.89 52.14 52.27 52.40 52.56 52.68 52.57 52.02 50.99 49.59 48.10 46.80 45.91 45.44 45.33 45.46 45.73 46.08 46.43 46.72 46.83 46.72 46.41 45.96 45.49 45.03 44.48 43.50 41.55 37.94 32.08 23.69 13.08 1.11 0.09 0.01 0.00 0.00 0.00 0.00 0.00 0.00 0.00 0.00 0.00 0.00 0.00 0.00 0.00 0.00 0.00 0.00 0.00 0.00 0.00 0.00 0.00 0.00 0.00 0.00 0.00 0.00 0.00 0.00 0.00 0.00 0.00 0.00 0.00 0.00 0.00 0.00 0.00 0.00 0.00 0.00 0.00 0.00 0.00 0.00 0.00 0.00 0.00 0.00 0.00 0.00 0.00 0.00 0.00 0.00 0.00 0.00 0.00 0.00 0.00 0.00 0.01 0.09 1.10 12.97 23.52 31.99 38.17 42.35 45.09 46.95 48.35 49.51 50.49 51.27 51.79 52.01 52.00 51.88 51.80 51.88 52.10 52.32 52.31 51.90 51.07 49.94 48.79 47.86 47.36 47.30 47.58 47.97 48.25 48.26 47.94 47.35 46.62 45.94 45.46 45.30 45.51 46.06 46.90 47.95 49.09 50.16 51.02 51.52 51.60 51.26 50.62 49.84 49.10 48.53 48.20 48.13 48.30 48.65 49.09 49.52 49.83 50.00 50.11 50.29 50.66 51.18 51.50 50.38 43.61 15.00 
95.00 55.75 47.37 46.48 47.44 48.76 50.06 51.23 52.21 52.94 53.33 53.39 53.17 52.76 52.22 51.55 50.72 49.74 48.64 47.51 46.43 45.48 44.69 44.11 43.82 43.87 44.30 45.06 46.06 47.21 48.42 49.60 50.65 51.46 51.98 52.23 52.32 52.37 52.44 52.47 52.29 51.70 50.66 49.25 47.74 46.39 45.41 44.86 44.66 44.73 44.98 45.35 45.77 46.15 46.36 46.36 46.13 45.77 45.40 45.05 44.61 43.76 41.90 38.33 32.44 23.98 13.24 1.12 0.10 0.01 0.00 0.00 0.00 0.00 0.00 0.00 0.00 0.00 0.00 0.00 0.00 0.00 0.00 0.00 0.00 0.00 0.00 0.00 0.00 0.00 0.00 0.00 0.00 0.00 0.00 0.00 0.00 0.00 0.00 0.00 0.00 0.00 0.00 0.00 0.00 0.00 0.00 0.00 0.00 0.00 0.00 0.00 0.00 0.00 0.00 0.00 0.00 0.00 0.00 0.00 0.00 0.00 0.00 0.00 0.00 0.00 0.00 0.00 0.00 0.00 0.01 0.09 1.09 12.86 23.36 31.85 38.10 42.37 45.16 47.00 48.28 49.29 50.16 50.92 51.54 52.00 52.27 52.42 52.54 52.68 52.85 52.93 52.77 52.23 51.29 50.09 48.86 47.84 47.21 47.03 47.19 47.50 47.75 47.82 47.64 47.26 46.76 46.25 45.84 45.61 45.63 45.92 46.48 47.28 48.24 49.21 50.04 50.57 50.72 50.50 50.00 49.36 48.75 48.32 48.13 48.20 48.52 49.02 49.63 50.23 50.72 51.06 51.31 51.58 51.96 52.46 52.90 52.73 50.65 44.00 
39.00 45.44 45.59 46.15 47.32 48.72 50.13 51.42 52.48 53.23 53.60 53.60 53.33 52.89 52.35 51.73 51.01 50.17 49.24 48.28 47.35 46.50 45.75 45.15 44.77 44.68 44.92 45.47 46.29 47.28 48.38 49.49 50.50 51.27 51.74 51.91 51.91 51.87 51.86 51.83 51.63 51.10 50.14 48.83 47.38 46.04 45.01 44.38 44.12 44.16 44.42 44.84 45.35 45.85 46.21 46.33 46.23 45.99 45.72 45.47 45.14 44.37 42.55 38.98 33.01 24.41 13.49 1.14 0.10 0.01 0.00 0.00 0.00 0.00 0.00 0.00 0.00 0.00 0.00 0.00 0.00 0.00 0.00 0.00 0.00 0.00 0.00 0.00 0.00 0.00 0.00 0.00 0.00 0.00 0.00 0.00 0.00 0.00 0.00 0.00 0.00 0.00 0.00 0.00 0.00 0.00 0.00 0.00 0.00 0.00 0.00 0.00 0.00 0.00 0.00 0.00 0.00 0.00 0.00 0.00 0.00 0.00 0.00 0.00 0.00 0.00 0.00 0.00 0.00 0.00 0.01 0.09 1.08 12.75 23.19 31.67 37.96 42.26 45.05 46.81 47.96 48.81 49.57 50.33 51.11 51.85 52.49 52.99 53.34 53.56 53.65 53.57 53.22 52.53 51.51 50.27 49.01 47.94 47.25 46.98 47.04 47.29 47.55 47.70 47.70 47.55 47.27 46.92 46.55 46.22 46.01 46.01 46.26 46.76 47.47 48.27 49.01 49.57 49.84 49.80 49.51 49.09 48.66 48.35 48.24 48.37 48.73 49.30 49.98 50.68 51.29 51.77 52.13 52.47 52.92 53.58 54.66 56.78 62.14 78.00 
41.00 41.34 43.26 45.01 46.70 48.37 49.94 51.35 52.49 53.27 53.65 53.64 53.34 52.86 52.30 51.70 51.05 50.35 49.63 48.90 48.21 47.54 46.92 46.38 45.96 45.76 45.81 46.14 46.72 47.51 48.45 49.43 50.34 51.02 51.39 51.47 51.36 51.21 51.10 51.02 50.83 50.38 49.57 48.41 47.08 45.79 44.76 44.09 43.79 43.82 44.09 44.57 45.17 45.79 46.28 46.56 46.60 46.48 46.31 46.16 45.89 45.16 43.34 39.70 33.63 24.87 13.74 1.17 0.10 0.01 0.00 0.00 0.00 0.00 0.00 0.00 0.00 0.00 0.00 0.00 0.00 0.00 0.00 0.00 0.00 0.00 0.00 0.00 0.00 0.00 0.00 0.00 0.00 0.00 0.00 0.00 0.00 0.00 0.00 0.00 0.00 0.00 0.00 0.00 0.00 0.00 0.00 0.00 0.00 0.00 0.00 0.00 0.00 0.00 0.00 0.00 0.00 0.00 0.00 0.00 0.00 0.00 0.00 0.00 0.00 0.00 0.00 0.00 0.00 0.00 0.01 0.09 1.07 12.68 23.08 31.53 37.80 42.07 44.77 46.39 47.38 48.08 48.75 49.54 50.49 51.53 52.56 53.42 54.02 54.34 54.37 54.12 53.58 52.76 51.69 50.45 49.21 48.15 47.42 47.07 47.07 47.29 47.58 47.83 48.01 48.07 48.01 47.80 47.45 47.04 46.65 46.40 46.36 46.57 47.00 47.56 48.17 48.70 49.06 49.22 49.18 48.99 48.75 48.55 48.49 48.61 48.95 49.49 50.17 50.89 51.54 52.06 52.46 52.83 53.28 53.96 55.09 57.35 63.00 80.00 
19.00 35.72 41.16 43.96 46.07 47.93 49.62 51.08 52.25 53.05 53.45 53.46 53.17 52.67 52.08 51.45 50.83 50.24 49.71 49.22 48.78 48.36 47.94 47.52 47.15 46.89 46.82 46.95 47.32 47.90 48.66 49.50 50.28 50.87 51.15 51.14 50.92 50.65 50.43 50.28 50.10 49.74 49.08 48.11 46.93 45.74 44.74 44.06 43.73 43.74 44.02 44.52 45.17 45.87 46.48 46.90 47.09 47.11 47.05 46.97 46.73 45.98 44.10 40.37 34.16 25.25 13.95 1.18 0.10 0.01 0.00 0.00 0.00 0.00 0.00 0.00 0.00 0.00 0.00 0.00 0.00 0.00 0.00 0.00 0.00 0.00 0.00 0.00 0.00 0.00 0.00 0.00 0.00 0.00 0.00 0.00 0.00 0.00 0.00 0.00 0.00 0.00 0.00 0.00 0.00 0.00 0.00 0.00 0.00 0.00 0.00 0.00 0.00 0.00 0.00 0.00 0.00 0.00 0.00 0.00 0.00 0.00 0.00 0.00 0.00 0.00 0.00 0.00 0.00 0.00 0.01 0.09 1.07 12.66 23.05 31.47 37.67 41.83 44.37 45.81 46.61 47.16 47.77 48.60 49.72 51.05 52.41 53.61 54.46 54.87 54.85 54.46 53.78 52.88 51.81 50.64 49.47 48.45 47.70 47.31 47.27 47.47 47.81 48.18 48.51 48.75 48.84 48.74 48.45 48.00 47.51 47.09 46.83 46.78 46.92 47.22 47.62 48.06 48.45 48.75 48.91 48.93 48.87 48.78 48.75 48.86 49.15 49.62 50.24 50.90 51.51 52.00 52.37 52.71 53.11 53.65 54.25 54.43 52.46 43.00 
50.00 41.54 41.95 43.83 45.81 47.65 49.30 50.70 51.81 52.59 53.01 53.07 52.82 52.34 51.72 51.05 50.42 49.88 49.47 49.17 48.96 48.77 48.57 48.33 48.09 47.87 47.75 47.77 47.97 48.37 48.96 49.66 50.34 50.86 51.08 51.00 50.70 50.32 50.00 49.77 49.58 49.31 48.80 48.02 47.00 45.93 44.99 44.32 43.97 43.93 44.17 44.63 45.27 46.00 46.70 47.25 47.59 47.76 47.82 47.80 47.58 46.77 44.78 40.90 34.56 25.50 14.07 1.19 0.10 0.01 0.00 0.00 0.00 0.00 0.00 0.00 0.00 0.00 0.00 0.00 0.00 0.00 0.00 0.00 0.00 0.00 0.00 0.00 0.00 0.00 0.00 0.00 0.00 0.00 0.00 0.00 0.00 0.00 0.00 0.00 0.00 0.00 0.00 0.00 0.00 0.00 0.00 0.00 0.00 0.00 0.00 0.00 0.00 0.00 0.00 0.00 0.00 0.00 0.00 0.00 0.00 0.00 0.00 0.00 0.00 0.00 0.00 0.00 0.00 0.00 0.01 0.09 1.08 12.71 23.10 31.47 37.56 41.55 43.89 45.13 45.76 46.21 46.79 47.67 48.92 50.47 52.10 53.54 54.56 55.04 54.99 54.51 53.75 52.84 51.84 50.80 49.75 48.81 48.09 47.70 47.66 47.89 48.30 48.77 49.20 49.54 49.72 49.70 49.45 49.03 48.53 48.04 47.64 47.37 47.24 47.26 47.40 47.66 47.99 48.32 48.60 48.78 48.86 48.89 48.92 49.04 49.30 49.72 50.26 50.84 51.36 51.76 52.06 52.36 52.76 53.34 53.97 53.80 49.49 28.00 
34.00 38.68 41.62 43.95 45.93 47.64 49.10 50.32 51.27 51.97 52.38 52.50 52.33 51.91 51.30 50.61 49.94 49.39 49.01 48.80 48.72 48.71 48.71 48.68 48.61 48.53 48.45 48.44 48.55 48.82 49.27 49.87 50.48 50.96 51.17 51.07 50.72 50.26 49.84 49.53 49.33 49.12 48.74 48.12 47.28 46.34 45.48 44.84 44.46 44.35 44.49 44.86 45.43 46.14 46.88 47.53 48.02 48.34 48.53 48.59 48.36 47.46 45.33 41.30 34.80 25.63 14.13 1.20 0.10 0.01 0.00 0.00 0.00 0.00 0.00 0.00 0.00 0.00 0.00 0.00 0.00 0.00 0.00 0.00 0.00 0.00 0.00 0.00 0.00 0.00 0.00 0.00 0.00 0.00 0.00 0.00 0.00 0.00 0.00 0.00 0.00 0.00 0.00 0.00 0.00 0.00 0.00 0.00 0.00 0.00 0.00 0.00 0.00 0.00 0.00 0.00 0.00 0.00 0.00 0.00 0.00 0.00 0.00 0.00 0.00 0.00 0.00 0.00 0.00 0.00 0.01 0.09 1.08 12.78 23.19 31.50 37.45 41.25 43.39 44.47 44.99 45.40 45.97 46.91 48.25 49.91 51.68 53.25 54.36 54.86 54.77 54.23 53.47 52.62 51.76 50.89 50.02 49.21 48.58 48.25 48.26 48.58 49.08 49.62 50.11 50.47 50.66 50.65 50.45 50.09 49.64 49.16 48.69 48.25 47.88 47.60 47.46 47.48 47.65 47.92 48.22 48.48 48.67 48.80 48.93 49.11 49.40 49.82 50.32 50.82 51.25 51.55 51.77 52.04 52.52 53.40 54.93 57.69 63.92 83.00 
28.00 37.80 42.28 44.81 46.58 47.99 49.13 50.05 50.76 51.30 51.68 51.85 51.78 51.46 50.90 50.20 49.49 48.89 48.46 48.24 48.20 48.27 48.40 48.55 48.67 48.76 48.80 48.84 48.93 49.14 49.53 50.07 50.66 51.15 51.39 51.31 50.94 50.43 49.93 49.56 49.32 49.13 48.84 48.34 47.65 46.85 46.10 45.49 45.09 44.90 44.92 45.16 45.61 46.26 47.00 47.71 48.32 48.78 49.10 49.23 48.99 48.01 45.73 41.52 34.88 25.63 14.11 1.20 0.10 0.01 0.00 0.00 0.00 0.00 0.00 0.00 0.00 0.00 0.00 0.00 0.00 0.00 0.00 0.00 0.00 0.00 0.00 0.00 0.00 0.00 0.00 0.00 0.00 0.00 0.00 0.00 0.00 0.00 0.00 0.00 0.00 0.00 0.00 0.00 0.00 0.00 0.00 0.00 0.00 0.00 0.00 0.00 0.00 0.00 0.00 0.00 0.00 0.00 0.00 0.00 0.00 0.00 0.00 0.00 0.00 0.00 0.00 0.00 0.00 0.00 0.01 0.09 1.09 12.85 23.26 31.51 37.33 40.97 42.97 43.96 44.46 44.88 45.49 46.45 47.80 49.48 51.26 52.84 53.93 54.40 54.26 53.71 52.98 52.25 51.57 50.92 50.26 49.63 49.14 48.92 49.06 49.49 50.09 50.70 51.18 51.49 51.62 51.58 51.41 51.12 50.76 50.32 49.82 49.26 48.68 48.13 47.71 47.48 47.45 47.58 47.81 48.08 48.33 48.56 48.79 49.09 49.47 49.94 50.47 50.95 51.31 51.53 51.69 51.91 52.43 53.46 55.33 58.68 65.80 87.00 
35.00 42.48 45.29 46.81 47.88 48.76 49.46 49.99 50.40 50.74 51.03 51.22 51.23 51.01 50.54 49.88 49.15 48.48 47.97 47.66 47.56 47.61 47.79 48.04 48.31 48.56 48.76 48.92 49.07 49.31 49.70 50.26 50.88 51.43 51.73 51.70 51.36 50.82 50.26 49.81 49.51 49.28 49.00 48.57 47.99 47.31 46.66 46.11 45.70 45.43 45.33 45.43 45.78 46.35 47.06 47.79 48.46 49.02 49.42 49.61 49.36 48.30 45.90 41.56 34.83 25.53 14.03 1.19 0.10 0.01 0.00 0.00 0.00 0.00 0.00 0.00 0.00 0.00 0.00 0.00 0.00 0.00 0.00 0.00 0.00 0.00 0.00 0.00 0.00 0.00 0.00 0.00 0.00 0.00 0.00 0.00 0.00 0.00 0.00 0.00 0.00 0.00 0.00 0.00 0.00 0.00 0.00 0.00 0.00 0.00 0.00 0.00 0.00 0.00 0.00 0.00 0.00 0.00 0.00 0.00 0.00 0.00 0.00 0.00 0.00 0.00 0.00 0.00 0.00 0.00 0.01 0.09 1.09 12.89 23.30 31.49 37.22 40.77 42.74 43.74 44.29 44.77 45.41 46.35 47.64 49.21 50.89 52.37 53.39 53.79 53.61 53.07 52.41 51.82 51.34 50.91 50.46 50.03 49.71 49.66 49.95 50.52 51.21 51.83 52.26 52.48 52.51 52.42 52.25 52.03 51.75 51.36 50.85 50.21 49.46 48.72 48.09 47.65 47.43 47.40 47.51 47.71 47.95 48.23 48.56 48.97 49.48 50.07 50.68 51.20 51.56 51.75 51.84 52.01 52.48 53.46 55.02 56.50 53.96 28.00 
64.00 52.10 50.04 49.65 49.68 49.87 50.06 50.18 50.26 50.36 50.51 50.66 50.71 50.57 50.19 49.60 48.90 48.20 47.62 47.21 46.98 46.95 47.07 47.33 47.67 48.04 48.39 48.69 48.98 49.33 49.82 50.47 51.18 51.81 52.20 52.24 51.93 51.39 50.78 50.24 49.83 49.51 49.18 48.75 48.21 47.61 47.04 46.54 46.12 45.79 45.60 45.61 45.88 46.38 47.04 47.74 48.41 48.97 49.40 49.60 49.34 48.24 45.79 41.40 34.63 25.36 13.93 1.18 0.10 0.01 0.00 0.00 0.00 0.00 0.00 0.00 0.00 0.00 0.00 0.00 0.00 0.00 0.00 0.00 0.00 0.00 0.00 0.00 0.00 0.00 0.00 0.00 0.00 0.00 0.00 0.00 0.00 0.00 0.00 0.00 0.00 0.00 0.00 0.00 0.00 0.00 0.00 0.00 0.00 0.00 0.00 0.00 0.00 0.00 0.00 0.00 0.00 0.00 0.00 0.00 0.00 0.00 0.00 0.00 0.00 0.00 0.00 0.00 0.00 0.00 0.01 0.09 1.10 12.93 23.35 31.52 37.23 40.80 42.83 43.94 44.61 45.15 45.77 46.60 47.73 49.11 50.60 51.92 52.82 53.15 52.95 52.45 51.89 51.45 51.14 50.90 50.64 50.38 50.24 50.35 50.78 51.46 52.20 52.80 53.15 53.24 53.17 53.01 52.85 52.67 52.45 52.11 51.59 50.89 50.07 49.23 48.50 47.95 47.61 47.44 47.42 47.49 47.64 47.89 48.24 48.74 49.38 50.11 50.85 51.47 51.89 52.09 52.15 52.25 52.65 53.62 55.51 58.97 65.89 84.00 
34.00 52.18 53.58 52.51 51.62 51.12 50.82 50.56 50.33 50.18 50.14 50.18 50.19 50.07 49.77 49.28 48.67 48.02 47.43 46.95 46.61 46.44 46.44 46.62 46.95 47.37 47.83 48.28 48.74 49.26 49.92 50.70 51.54 52.28 52.75 52.86 52.59 52.05 51.40 50.77 50.25 49.80 49.36 48.87 48.32 47.75 47.21 46.72 46.29 45.92 45.68 45.66 45.89 46.35 46.95 47.57 48.13 48.61 48.98 49.15 48.89 47.81 45.38 41.05 34.35 25.16 13.82 1.17 0.10 0.01 0.00 0.00 0.00 0.00 0.00 0.00 0.00 0.00 0.00 0.00 0.00 0.00 0.00 0.00 0.00 0.00 0.00 0.00 0.00 0.00 0.00 0.00 0.00 0.00 0.00 0.00 0.00 0.00 0.00 0.00 0.00 0.00 0.00 0.00 0.00 0.00 0.00 0.00 0.00 0.00 0.00 0.00 0.00 0.00 0.00 0.00 0.00 0.00 0.00 0.00 0.00 0.00 0.00 0.00 0.00 0.00 0.00 0.00 0.00 0.00 0.01 0.09 1.11 13.01 23.50 31.74 37.53 41.21 43.39 44.65 45.43 45.99 46.52 47.17 48.03 49.15 50.38 51.51 52.28 52.55 52.37 51.94 51.49 51.17 51.01 50.90 50.77 50.65 50.64 50.88 51.41 52.14 52.86 53.39 53.63 53.61 53.43 53.23 53.06 52.91 52.72 52.39 51.87 51.16 50.34 49.53 48.83 48.31 47.94 47.70 47.53 47.43 47.41 47.53 47.83 48.35 49.09 49.96 50.85 51.61 52.13 52.38 52.43 52.47 52.73 53.49 55.16 58.59 66.98 95.00 
92.00 69.35 60.09 55.64 53.42 52.27 51.57 51.00 50.51 50.12 49.86 49.73 49.62 49.48 49.22 48.86 48.40 47.90 47.39 46.90 46.49 46.19 46.04 46.09 46.34 46.75 47.27 47.85 48.47 49.18 50.00 50.93 51.89 52.72 53.27 53.43 53.21 52.68 52.00 51.30 50.67 50.11 49.56 49.00 48.41 47.81 47.25 46.73 46.25 45.86 45.63 45.63 45.89 46.33 46.84 47.31 47.69 47.98 48.21 48.30 48.04 47.04 44.75 40.58 34.05 24.99 13.74 1.17 0.10 0.01 0.00 0.00 0.00 0.00 0.00 0.00 0.00 0.00 0.00 0.00 0.00 0.00 0.00 0.00 0.00 0.00 0.00 0.00 0.00 0.00 0.00 0.00 0.00 0.00 0.00 0.00 0.00 0.00 0.00 0.00 0.00 0.00 0.00 0.00 0.00 0.00 0.00 0.00 0.00 0.00 0.00 0.00 0.00 0.00 0.00 0.00 0.00 0.00 0.00 0.00 0.00 0.00 0.00 0.00 0.00 0.00 0.00 0.00 0.00 0.00 0.01 0.10 1.12 13.20 23.86 32.25 38.21 42.07 44.43 45.85 46.69 47.21 47.57 47.94 48.49 49.29 50.25 51.16 51.80 52.03 51.87 51.52 51.19 50.99 50.91 50.88 50.83 50.79 50.87 51.18 51.74 52.44 53.09 53.50 53.61 53.48 53.24 53.01 52.83 52.69 52.49 52.16 51.64 50.96 50.21 49.53 48.99 48.61 48.32 48.05 47.76 47.46 47.21 47.12 47.29 47.77 48.56 49.54 50.57 51.48 52.13 52.47 52.56 52.55 52.65 53.03 53.70 53.86 48.81 14.00 
99.00 73.46 62.25 56.95 54.34 52.97 52.09 51.35 50.67 50.08 49.61 49.26 49.00 48.78 48.57 48.34 48.09 47.80 47.45 47.04 46.61 46.22 45.95 45.87 46.02 46.40 46.94 47.59 48.32 49.14 50.06 51.08 52.10 52.98 53.58 53.80 53.62 53.12 52.44 51.71 51.01 50.38 49.77 49.16 48.53 47.90 47.27 46.68 46.15 45.76 45.58 45.67 45.99 46.43 46.83 47.08 47.19 47.21 47.22 47.20 46.96 46.09 44.02 40.10 33.79 24.89 13.72 1.16 0.10 0.01 0.00 0.00 0.00 0.00 0.00 0.00 0.00 0.00 0.00 0.00 0.00 0.00 0.00 0.00 0.00 0.00 0.00 0.00 0.00 0.00 0.00 0.00 0.00 0.00 0.00 0.00 0.00 0.00 0.00 0.00 0.00 0.00 0.00 0.00 0.00 0.00 0.00 0.00 0.00 0.00 0.00 0.00 0.00 0.00 0.00 0.00 0.00 0.00 0.00 0.00 0.00 0.00 0.00 0.00 0.00 0.00 0.00 0.00 0.00 0.00 0.01 0.10 1.15 13.51 24.44 33.08 39.26 43.32 45.84 47.35 48.19 48.60 48.74 48.82 49.04 49.50 50.18 50.88 51.38 51.56 51.44 51.17 50.94 50.82 50.81 50.81 50.80 50.80 50.92 51.25 51.78 52.38 52.89 53.15 53.13 52.91 52.63 52.38 52.20 52.05 51.82 51.46 50.94 50.32 49.72 49.24 48.93 48.76 48.61 48.37 47.98 47.48 46.98 46.65 46.64 47.04 47.83 48.89 50.03 51.06 51.83 52.27 52.44 52.46 52.49 52.74 53.38 54.93 60.79 93.00 
68.00 63.51 58.89 55.85 54.09 53.03 52.25 51.51 50.74 50.00 49.34 48.79 48.37 48.06 47.88 47.79 47.77 47.72 47.57 47.30 46.91 46.51 46.18 46.05 46.15 46.49 47.01 47.65 48.38 49.19 50.09 51.07 52.06 52.93 53.55 53.81 53.69 53.24 52.59 51.86 51.16 50.51 49.91 49.32 48.69 48.03 47.35 46.69 46.14 45.78 45.71 45.93 46.35 46.77 47.02 47.02 46.80 46.50 46.26 46.11 45.88 45.16 43.34 39.70 33.63 24.88 13.76 1.17 0.10 0.01 0.00 0.00 0.00 0.00 0.00 0.00 0.00 0.00 0.00 0.00 0.00 0.00 0.00 0.00 0.00 0.00 0.00 0.00 0.00 0.00 0.00 0.00 0.00 0.00 0.00 0.00 0.00 0.00 0.00 0.00 0.00 0.00 0.00 0.00 0.00 0.00 0.00 0.00 0.00 0.00 0.00 0.00 0.00 0.00 0.00 0.00 0.00 0.00 0.00 0.00 0.00 0.00 0.00 0.00 0.00 0.00 0.00 0.00 0.00 0.00 0.01 0.10 1.18 13.92 25.18 34.12 40.52 44.74 47.34 48.86 49.64 49.91 49.83 49.65 49.57 49.75 50.16 50.65 51.01 51.14 51.04 50.85 50.70 50.66 50.69 50.71 50.71 50.73 50.85 51.15 51.60 52.06 52.40 52.50 52.37 52.08 51.77 51.51 51.32 51.13 50.86 50.47 49.96 49.42 48.98 48.74 48.69 48.75 48.76 48.57 48.11 47.44 46.72 46.17 45.98 46.27 47.02 48.10 49.30 50.40 51.25 51.79 52.06 52.15 52.23 52.42 52.71 52.27 46.76 15.00 
50.00 53.89 54.20 53.61 53.03 52.56 52.05 51.43 50.68 49.87 49.08 48.37 47.80 47.42 47.26 47.30 47.48 47.65 47.71 47.59 47.32 46.99 46.73 46.64 46.76 47.09 47.56 48.10 48.69 49.32 50.04 50.85 51.71 52.51 53.12 53.42 53.38 53.00 52.39 51.69 51.01 50.41 49.88 49.36 48.80 48.16 47.46 46.79 46.26 46.01 46.10 46.49 47.01 47.41 47.51 47.24 46.68 46.06 45.56 45.27 45.04 44.45 42.85 39.46 33.60 24.96 13.83 1.17 0.10 0.01 0.00 0.00 0.00 0.00 0.00 0.00 0.00 0.00 0.00 0.00 0.00 0.00 0.00 0.00 0.00 0.00 0.00 0.00 0.00 0.00 0.00 0.00 0.00 0.00 0.00 0.00 0.00 0.00 0.00 0.00 0.00 0.00 0.00 0.00 0.00 0.00 0.00 0.00 0.00 0.00 0.00 0.00 0.00 0.00 0.00 0.00 0.00 0.00 0.00 0.00 0.00 0.00 0.00 0.00 0.00 0.00 0.00 0.00 0.00 0.00 0.01 0.10 1.22 14.34 25.95 35.15 41.72 46.01 48.61 50.07 50.75 50.87 50.64 50.27 49.99 49.96 50.16 50.46 50.70 50.76 50.69 50.56 50.50 50.52 50.59 50.63 50.64 50.66 50.76 50.99 51.32 51.63 51.80 51.76 51.53 51.20 50.87 50.61 50.38 50.14 49.81 49.38 48.90 48.46 48.20 48.18 48.36 48.62 48.77 48.64 48.15 47.37 46.49 45.76 45.42 45.59 46.27 47.32 48.49 49.59 50.45 51.05 51.40 51.60 51.82 52.25 53.21 55.14 59.29 71.00 
39.00 47.95 50.51 51.32 51.64 51.71 51.55 51.14 50.50 49.71 48.86 48.04 47.36 46.92 46.77 46.91 47.23 47.58 47.81 47.86 47.76 47.61 47.53 47.59 47.80 48.13 48.50 48.85 49.17 49.51 49.91 50.45 51.09 51.77 52.35 52.70 52.73 52.42 51.87 51.20 50.55 50.01 49.58 49.18 48.73 48.17 47.53 46.92 46.49 46.39 46.68 47.26 47.89 48.29 48.26 47.75 46.92 46.02 45.31 44.89 44.62 44.10 42.63 39.40 33.66 25.07 13.92 1.18 0.10 0.01 0.00 0.00 0.00 0.00 0.00 0.00 0.00 0.00 0.00 0.00 0.00 0.00 0.00 0.00 0.00 0.00 0.00 0.00 0.00 0.00 0.00 0.00 0.00 0.00 0.00 0.00 0.00 0.00 0.00 0.00 0.00 0.00 0.00 0.00 0.00 0.00 0.00 0.00 0.00 0.00 0.00 0.00 0.00 0.00 0.00 0.00 0.00 0.00 0.00 0.00 0.00 0.00 0.00 0.00 0.00 0.00 0.00 0.00 0.00 0.00 0.01 0.11 1.25 14.70 26.58 35.96 42.62 46.89 49.40 50.74 51.29 51.32 51.01 50.57 50.21 50.06 50.12 50.28 50.42 50.45 50.39 50.34 50.37 50.47 50.58 50.65 50.66 50.66 50.70 50.84 51.03 51.20 51.23 51.10 50.82 50.47 50.14 49.86 49.60 49.29 48.89 48.43 47.97 47.64 47.54 47.71 48.08 48.49 48.74 48.66 48.18 47.36 46.39 45.55 45.09 45.15 45.72 46.65 47.72 48.72 49.52 50.10 50.48 50.76 51.08 51.69 53.02 56.17 64.48 91.00 
53.00 48.43 48.51 49.36 50.14 50.65 50.84 50.69 50.25 49.55 48.70 47.82 47.06 46.56 46.41 46.60 47.01 47.47 47.85 48.08 48.20 48.30 48.47 48.74 49.08 49.41 49.64 49.73 49.71 49.67 49.71 49.92 50.33 50.88 51.42 51.81 51.90 51.65 51.12 50.46 49.82 49.33 48.99 48.72 48.41 47.99 47.47 46.99 46.71 46.80 47.30 48.07 48.81 49.23 49.12 48.47 47.47 46.40 45.54 45.01 44.67 44.12 42.67 39.46 33.75 25.16 13.98 1.19 0.10 0.01 0.00 0.00 0.00 0.00 0.00 0.00 0.00 0.00 0.00 0.00 0.00 0.00 0.00 0.00 0.00 0.00 0.00 0.00 0.00 0.00 0.00 0.00 0.00 0.00 0.00 0.00 0.00 0.00 0.00 0.00 0.00 0.00 0.00 0.00 0.00 0.00 0.00 0.00 0.00 0.00 0.00 0.00 0.00 0.00 0.00 0.00 0.00 0.00 0.00 0.00 0.00 0.00 0.00 0.00 0.00 0.00 0.00 0.00 0.00 0.00 0.01 0.11 1.27 14.93 26.97 36.44 43.08 47.25 49.62 50.80 51.25 51.23 50.93 50.53 50.20 50.03 50.02 50.10 50.16 50.18 50.17 50.22 50.35 50.55 50.72 50.82 50.81 50.75 50.70 50.72 50.78 50.82 50.78 50.61 50.34 50.02 49.72 49.43 49.13 48.75 48.28 47.78 47.35 47.11 47.14 47.45 47.94 48.45 48.76 48.73 48.29 47.49 46.51 45.61 45.06 45.00 45.42 46.18 47.06 47.89 48.55 49.04 49.39 49.68 49.98 50.44 51.23 52.26 51.62 37.00 
44.00 44.19 45.62 47.22 48.53 49.45 49.99 50.15 49.94 49.39 48.59 47.69 46.87 46.32 46.15 46.34 46.79 47.33 47.82 48.23 48.58 48.95 49.39 49.88 50.33 50.63 50.69 50.51 50.16 49.76 49.46 49.40 49.61 50.05 50.56 50.97 51.10 50.88 50.34 49.64 48.98 48.49 48.21 48.05 47.88 47.62 47.27 46.95 46.85 47.12 47.80 48.73 49.58 50.05 49.94 49.26 48.21 47.09 46.16 45.53 45.09 44.42 42.86 39.58 33.81 25.18 13.99 1.19 0.10 0.01 0.00 0.00 0.00 0.00 0.00 0.00 0.00 0.00 0.00 0.00 0.00 0.00 0.00 0.00 0.00 0.00 0.00 0.00 0.00 0.00 0.00 0.00 0.00 0.00 0.00 0.00 0.00 0.00 0.00 0.00 0.00 0.00 0.00 0.00 0.00 0.00 0.00 0.00 0.00 0.00 0.00 0.00 0.00 0.00 0.00 0.00 0.00 0.00 0.00 0.00 0.00 0.00 0.00 0.00 0.00 0.00 0.00 0.00 0.00 0.00 0.01 0.11 1.28 15.01 27.10 36.55 43.10 47.13 49.32 50.36 50.73 50.72 50.52 50.25 50.02 49.90 49.88 49.90 49.92 49.95 50.02 50.18 50.44 50.75 50.99 51.11 51.06 50.91 50.74 50.62 50.56 50.53 50.46 50.33 50.12 49.89 49.65 49.39 49.06 48.62 48.09 47.55 47.14 46.98 47.11 47.50 48.06 48.60 48.95 48.97 48.58 47.83 46.88 45.96 45.33 45.13 45.37 45.91 46.57 47.18 47.67 48.03 48.29 48.51 48.71 48.95 49.34 50.21 52.88 64.00 
36.00 38.64 42.40 45.11 46.98 48.27 49.12 49.56 49.58 49.20 48.48 47.58 46.73 46.14 45.93 46.10 46.56 47.14 47.73 48.29 48.85 49.46 50.13 50.78 51.28 51.52 51.42 51.02 50.41 49.77 49.26 49.03 49.12 49.50 50.00 50.42 50.56 50.32 49.73 48.96 48.22 47.69 47.41 47.32 47.27 47.16 46.98 46.83 46.88 47.31 48.12 49.15 50.10 50.64 50.59 49.98 49.00 47.92 46.98 46.28 45.70 44.86 43.11 39.66 33.79 25.12 13.94 1.18 0.10 0.01 0.00 0.00 0.00 0.00 0.00 0.00 0.00 0.00 0.00 0.00 0.00 0.00 0.00 0.00 0.00 0.00 0.00 0.00 0.00 0.00 0.00 0.00 0.00 0.00 0.00 0.00 0.00 0.00 0.00 0.00 0.00 0.00 0.00 0.00 0.00 0.00 0.00 0.00 0.00 0.00 0.00 0.00 0.00 0.00 0.00 0.00 0.00 0.00 0.00 0.00 0.00 0.00 0.00 0.00 0.00 0.00 0.00 0.00 0.00 0.00 0.01 0.11 1.27 14.98 27.02 36.37 42.79 46.65 48.69 49.61 49.95 50.02 49.97 49.88 49.82 49.79 49.77 49.76 49.75 49.78 49.92 50.20 50.60 51.02 51.34 51.46 51.37 51.11 50.80 50.53 50.37 50.29 50.26 50.21 50.13 50.02 49.90 49.71 49.40 48.94 48.37 47.81 47.42 47.29 47.47 47.90 48.46 48.99 49.35 49.40 49.07 48.39 47.48 46.55 45.84 45.49 45.53 45.85 46.28 46.68 46.99 47.21 47.37 47.49 47.54 47.46 47.15 46.49 45.77 48.00 
3.00 31.87 40.05 43.63 45.79 47.29 48.34 48.98 49.19 48.94 48.31 47.44 46.58 45.97 45.74 45.90 46.35 46.95 47.60 48.26 48.96 49.73 50.52 51.24 51.74 51.89 51.68 51.14 50.44 49.72 49.17 48.90 48.98 49.36 49.87 50.29 50.43 50.15 49.49 48.62 47.78 47.15 46.82 46.72 46.73 46.73 46.68 46.67 46.87 47.40 48.29 49.39 50.39 51.01 51.06 50.58 49.72 48.74 47.84 47.09 46.37 45.33 43.36 39.73 33.73 25.03 13.87 1.18 0.10 0.01 0.00 0.00 0.00 0.00 0.00 0.00 0.00 0.00 0.00 0.00 0.00 0.00 0.00 0.00 0.00 0.00 0.00 0.00 0.00 0.00 0.00 0.00 0.00 0.00 0.00 0.00 0.00 0.00 0.00 0.00 0.00 0.00 0.00 0.00 0.00 0.00 0.00 0.00 0.00 0.00 0.00 0.00 0.00 0.00 0.00 0.00 0.00 0.00 0.00 0.00 0.00 0.00 0.00 0.00 0.00 0.00 0.00 0.00 0.00 0.00 0.01 0.11 1.27 14.90 26.83 36.05 42.32 46.04 47.96 48.82 49.19 49.37 49.51 49.63 49.74 49.80 49.81 49.75 49.69 49.72 49.90 50.27 50.78 51.30 51.69 51.82 51.67 51.30 50.85 50.46 50.20 50.11 50.12 50.18 50.25 50.32 50.35 50.28 50.05 49.63 49.07 48.52 48.14 48.04 48.21 48.62 49.14 49.63 49.97 50.03 49.75 49.12 48.24 47.30 46.50 46.00 45.85 45.97 46.21 46.45 46.63 46.74 46.81 46.82 46.75 46.43 45.50 42.96 35.78 12.00 
77.00 45.71 42.14 43.42 45.16 46.62 47.73 48.47 48.78 48.62 48.04 47.22 46.40 45.81 45.59 45.74 46.19 46.79 47.45 48.15 48.89 49.69 50.49 51.17 51.60 51.69 51.43 50.91 50.26 49.64 49.19 49.02 49.18 49.60 50.15 50.60 50.73 50.43 49.71 48.75 47.79 47.04 46.59 46.40 46.37 46.40 46.43 46.54 46.84 47.46 48.40 49.53 50.56 51.24 51.40 51.05 50.34 49.48 48.63 47.85 47.02 45.81 43.65 39.87 33.78 25.05 13.89 1.18 0.10 0.01 0.00 0.00 0.00 0.00 0.00 0.00 0.00 0.00 0.00 0.00 0.00 0.00 0.00 0.00 0.00 0.00 0.00 0.00 0.00 0.00 0.00 0.00 0.00 0.00 0.00 0.00 0.00 0.00 0.00 0.00 0.00 0.00 0.00 0.00 0.00 0.00 0.00 0.00 0.00 0.00 0.00 0.00 0.00 0.00 0.00 0.00 0.00 0.00 0.00 0.00 0.00 0.00 0.00 0.00 0.00 0.00 0.00 0.00 0.00 0.00 0.01 0.11 1.26 14.84 26.68 35.77 41.91 45.53 47.39 48.24 48.67 48.99 49.30 49.62 49.89 50.04 50.05 49.95 49.83 49.81 49.99 50.40 50.97 51.56 52.00 52.14 51.95 51.50 50.94 50.43 50.10 49.98 50.02 50.17 50.38 50.61 50.82 50.93 50.84 50.53 50.05 49.57 49.22 49.11 49.25 49.59 50.02 50.44 50.72 50.77 50.49 49.89 49.03 48.08 47.21 46.60 46.30 46.28 46.40 46.55 46.65 46.69 46.68 46.64 46.55 46.31 45.67 44.24 42.48 49.00 
5.00 31.72 39.27 42.66 44.77 46.27 47.36 48.08 48.38 48.23 47.70 46.94 46.19 45.66 45.50 45.68 46.13 46.70 47.32 47.96 48.63 49.33 50.02 50.60 50.94 50.99 50.76 50.36 49.91 49.51 49.27 49.26 49.54 50.05 50.66 51.16 51.34 51.06 50.34 49.35 48.30 47.41 46.78 46.42 46.25 46.21 46.25 46.43 46.83 47.53 48.52 49.66 50.71 51.42 51.67 51.43 50.86 50.11 49.34 48.57 47.69 46.38 44.12 40.25 34.12 25.37 14.11 1.20 0.10 0.01 0.00 0.00 0.00 0.00 0.00 0.00 0.00 0.00 0.00 0.00 0.00 0.00 0.00 0.00 0.00 0.00 0.00 0.00 0.00 0.00 0.00 0.00 0.00 0.00 0.00 0.00 0.00 0.00 0.00 0.00 0.00 0.00 0.00 0.00 0.00 0.00 0.00 0.00 0.00 0.00 0.00 0.00 0.00 0.00 0.00 0.00 0.00 0.00 0.00 0.00 0.00 0.00 0.00 0.00 0.00 0.00 0.00 0.00 0.00 0.00 0.01 0.11 1.27 14.97 26.78 35.76 41.78 45.33 47.17 48.07 48.58 49.00 49.46 49.91 50.29 50.50 50.52 50.37 50.18 50.08 50.21 50.60 51.18 51.80 52.28 52.44 52.25 51.75 51.11 50.52 50.11 49.93 49.95 50.13 50.42 50.79 51.18 51.49 51.59 51.46 51.14 50.76 50.47 50.36 50.44 50.67 50.98 51.28 51.48 51.47 51.18 50.58 49.74 48.79 47.90 47.23 46.87 46.77 46.85 46.96 47.03 47.03 46.97 46.92 46.90 46.94 46.91 46.08 41.00 15.00 
35.00 36.82 40.44 43.11 44.98 46.31 47.25 47.83 48.03 47.84 47.32 46.64 45.99 45.58 45.50 45.73 46.18 46.70 47.22 47.72 48.22 48.74 49.25 49.66 49.91 49.95 49.83 49.63 49.42 49.28 49.26 49.42 49.81 50.40 51.09 51.69 51.97 51.80 51.17 50.22 49.14 48.14 47.32 46.72 46.34 46.14 46.13 46.35 46.83 47.62 48.66 49.81 50.85 51.58 51.87 51.75 51.30 50.69 50.02 49.32 48.47 47.16 44.90 41.06 35.00 26.26 14.80 1.27 0.12 0.02 0.01 0.01 0.01 0.01 0.01 0.01 0.01 0.01 0.01 0.01 0.01 0.01 0.01 0.01 0.01 0.01 0.01 0.01 0.01 0.01 0.01 0.01 0.01 0.01 0.01 0.01 0.01 0.01 0.01 0.01 0.01 0.01 0.01 0.01 0.01 0.01 0.01 0.01 0.01 0.01 0.01 0.01 0.01 0.01 0.01 0.01 0.01 0.01 0.01 0.01 0.01 0.01 0.01 0.01 0.01 0.01 0.01 0.01 0.01 0.01 0.02 0.12 1.33 15.54 27.44 36.29 42.16 45.63 47.48 48.42 48.98 49.46 49.96 50.46 50.88 51.11 51.13 50.95 50.69 50.52 50.56 50.88 51.43 52.05 52.55 52.76 52.59 52.09 51.42 50.76 50.27 50.00 49.95 50.08 50.38 50.83 51.36 51.85 52.19 52.29 52.17 51.95 51.73 51.61 51.60 51.71 51.87 52.04 52.12 52.02 51.68 51.07 50.25 49.34 48.49 47.86 47.51 47.42 47.50 47.61 47.67 47.65 47.57 47.50 47.58 48.05 49.34 52.48 60.61 85.00 
36.00 40.05 42.42 44.29 45.68 46.68 47.36 47.73 47.78 47.52 47.02 46.43 45.92 45.64 45.66 45.92 46.34 46.78 47.15 47.46 47.74 48.04 48.34 48.59 48.76 48.82 48.83 48.83 48.85 48.92 49.06 49.32 49.76 50.40 51.16 51.87 52.31 52.32 51.87 51.06 50.04 48.98 48.01 47.19 46.57 46.19 46.08 46.29 46.83 47.69 48.77 49.91 50.93 51.65 52.00 51.98 51.69 51.24 50.73 50.17 49.44 48.24 46.11 42.46 36.65 28.11 16.43 1.51 0.23 0.12 0.11 0.10 0.10 0.10 0.10 0.10 0.10 0.10 0.10 0.10 0.10 0.10 0.10 0.10 0.10 0.10 0.10 0.10 0.10 0.10 0.09 0.10 0.10 0.10 0.10 0.10 0.10 0.10 0.10 0.10 0.10 0.10 0.10 0.10 0.11 0.11 0.11 0.11 0.11 0.11 0.11 0.10 0.10 0.10 0.10 0.10 0.10 0.10 0.10 0.10 0.10 0.10 0.10 0.10 0.10 0.10 0.10 0.10 0.10 0.11 0.12 0.24 1.58 17.09 29.09 37.63 43.22 46.55 48.37 49.33 49.89 50.33 50.76 51.19 51.56 51.77 51.78 51.59 51.29 51.04 50.99 51.22 51.70 52.31 52.83 53.09 52.98 52.53 51.87 51.19 50.63 50.26 50.09 50.12 50.35 50.80 51.41 52.06 52.61 52.95 53.05 52.99 52.85 52.72 52.62 52.59 52.59 52.60 52.54 52.34 51.92 51.29 50.50 49.67 48.94 48.42 48.16 48.12 48.22 48.34 48.41 48.38 48.27 48.18 48.26 48.81 50.40 54.31 64.19 93.00 
55.00 44.86 44.77 45.80 46.67 47.27 47.63 47.76 47.66 47.36 46.92 46.46 46.09 45.93 46.01 46.26 46.60 46.89 47.09 47.19 47.26 47.35 47.48 47.61 47.73 47.83 47.95 48.11 48.29 48.48 48.67 48.93 49.34 49.96 50.74 51.53 52.12 52.34 52.13 51.52 50.65 49.64 48.62 47.66 46.86 46.32 46.11 46.29 46.86 47.74 48.81 49.91 50.88 51.59 51.99 52.10 51.99 51.76 51.47 51.12 50.59 49.60 47.74 44.47 39.23 31.43 20.21 3.12 1.52 1.28 1.23 1.22 1.22 1.21 1.20 1.18 1.15 1.13 1.13 1.13 1.15 1.17 1.19 1.20 1.20 1.19 1.18 1.15 1.13 1.12 1.12 1.12 1.14 1.16 1.17 1.17 1.17 1.16 1.16 1.15 1.16 1.17 1.20 1.22 1.24 1.25 1.26 1.26 1.25 1.25 1.24 1.24 1.23 1.22 1.20 1.18 1.16 1.15 1.14 1.14 1.15 1.16 1.17 1.18 1.19 1.19 1.20 1.20 1.22 1.25 1.33 1.58 3.24 20.91 32.31 40.01 45.02 48.07 49.79 50.70 51.20 51.51 51.77 52.02 52.26 52.40 52.39 52.19 51.87 51.56 51.42 51.56 51.97 52.54 53.09 53.41 53.38 53.02 52.42 51.77 51.19 50.74 50.46 50.36 50.48 50.86 51.48 52.22 52.93 53.46 53.76 53.84 53.76 53.59 53.40 53.22 53.07 52.92 52.72 52.39 51.89 51.23 50.49 49.77 49.19 48.82 48.68 48.72 48.84 48.97 49.04 49.03 48.93 48.79 48.74 48.97 49.66 50.61 49.11 29.00 
8.00 39.50 45.83 47.27 47.72 47.91 47.96 47.89 47.70 47.43 47.11 46.81 46.60 46.52 46.58 46.73 46.90 47.00 47.00 46.92 46.83 46.79 46.82 46.90 47.01 47.15 47.35 47.59 47.84 48.04 48.20 48.37 48.67 49.18 49.90 50.70 51.38 51.77 51.77 51.40 50.74 49.89 48.95 48.00 47.16 46.55 46.28 46.42 46.95 47.79 48.79 49.81 50.69 51.37 51.82 52.07 52.17 52.18 52.15 52.06 51.80 51.10 49.61 46.92 42.64 36.54 28.70 20.19 16.48 15.00 14.48 14.35 14.34 14.29 14.13 13.87 13.59 13.38 13.30 13.38 13.57 13.81 14.02 14.14 14.15 14.05 13.86 13.61 13.38 13.22 13.17 13.26 13.43 13.63 13.78 13.85 13.82 13.73 13.64 13.61 13.68 13.85 14.10 14.37 14.60 14.76 14.83 14.83 14.78 14.70 14.63 14.56 14.48 14.34 14.15 13.92 13.69 13.51 13.42 13.43 13.51 13.64 13.78 13.90 13.99 14.04 14.09 14.16 14.34 14.71 15.49 17.18 21.02 29.67 37.42 43.30 47.36 49.97 51.52 52.35 52.73 52.86 52.88 52.89 52.94 52.97 52.91 52.70 52.36 52.00 51.79 51.83 52.16 52.69 53.24 53.61 53.68 53.43 52.96 52.41 51.88 51.43 51.09 50.88 50.88 51.15 51.70 52.44 53.22 53.87 54.29 54.45 54.38 54.16 53.86 53.55 53.26 52.98 52.66 52.21 51.63 50.93 50.22 49.62 49.20 48.99 48.97 49.07 49.20 49.33 49.42 49.45 49.39 49.25 49.07 48.96 49.09 49.80 52.90 70.00 
90.00 59.18 51.58 49.44 48.75 48.46 48.26 48.08 47.91 47.76 47.64 47.53 47.45 47.38 47.34 47.30 47.21 47.06 46.85 46.62 46.46 46.40 46.44 46.54 46.68 46.86 47.09 47.36 47.60 47.75 47.80 47.84 47.99 48.35 48.93 49.64 50.29 50.73 50.86 50.69 50.26 49.65 48.92 48.14 47.41 46.85 46.59 46.70 47.17 47.92 48.79 49.66 50.42 51.03 51.50 51.86 52.14 52.39 52.62 52.81 52.84 52.48 51.44 49.40 46.15 41.71 36.46 31.39 28.25 26.69 26.09 25.96 25.96 25.86 25.58 25.15 24.69 24.37 24.28 24.45 24.81 25.23 25.59 25.78 25.77 25.56 25.21 24.77 24.36 24.08 24.00 24.15 24.46 24.80 25.07 25.19 25.14 24.98 24.83 24.78 24.90 25.21 25.64 26.10 26.50 26.76 26.88 26.87 26.77 26.65 26.53 26.41 26.25 26.02 25.68 25.27 24.86 24.56 24.42 24.45 24.61 24.84 25.08 25.27 25.39 25.46 25.53 25.65 25.93 26.48 27.52 29.39 32.64 37.60 42.56 46.67 49.75 51.88 53.25 54.00 54.28 54.22 54.00 53.77 53.61 53.50 53.37 53.12 52.76 52.35 52.05 51.99 52.22 52.68 53.20 53.60 53.76 53.66 53.37 53.00 52.62 52.27 51.95 51.70 51.60 51.74 52.16 52.80 53.53 54.18 54.62 54.78 54.68 54.38 53.98 53.56 53.17 52.79 52.36 51.83 51.16 50.43 49.75 49.24 48.96 48.89 48.96 49.10 49.24 49.36 49.48 49.58 49.62 49.52 49.26 48.85 48.23 46.91 42.89 28.00 
62.00 55.50 51.57 49.83 49.07 48.66 48.41 48.27 48.25 48.32 48.45 48.55 48.56 48.44 48.21 47.88 47.47 47.04 46.63 46.33 46.19 46.20 46.34 46.53 46.73 46.95 47.18 47.41 47.58 47.65 47.61 47.53 47.54 47.74 48.14 48.65 49.15 49.51 49.65 49.59 49.37 49.03 48.60 48.10 47.60 47.21 47.03 47.15 47.57 48.20 48.91 49.59 50.18 50.66 51.08 51.46 51.85 52.27 52.72 53.16 53.49 53.49 52.90 51.48 49.14 46.00 42.46 39.19 36.93 35.70 35.24 35.16 35.16 35.01 34.65 34.14 33.62 33.29 33.28 33.58 34.09 34.64 35.06 35.25 35.18 34.86 34.36 33.78 33.25 32.90 32.82 33.03 33.43 33.88 34.21 34.35 34.28 34.09 33.91 33.85 34.02 34.42 34.97 35.55 36.03 36.34 36.46 36.42 36.29 36.12 35.97 35.82 35.61 35.30 34.86 34.34 33.84 33.49 33.35 33.43 33.66 33.95 34.22 34.41 34.51 34.55 34.60 34.74 35.07 35.68 36.69 38.27 40.58 43.58 46.66 49.41 51.66 53.40 54.64 55.37 55.61 55.45 55.06 54.63 54.28 54.03 53.80 53.49 53.07 52.60 52.21 52.03 52.13 52.46 52.90 53.29 53.52 53.58 53.53 53.43 53.31 53.17 52.98 52.76 52.59 52.59 52.83 53.29 53.87 54.39 54.73 54.81 54.63 54.24 53.76 53.26 52.80 52.35 51.86 51.26 50.54 49.78 49.12 48.68 48.50 48.53 48.68 48.84 48.99 49.12 49.29 49.47 49.60 49.59 49.35 48.89 48.17 46.93 43.91 34.00 
50.00 49.07 49.05 48.88 48.67 48.48 48.37 48.42 48.64 49.01 49.41 49.70 49.76 49.55 49.07 48.40 47.66 46.95 46.39 46.07 46.02 46.19 46.49 46.81 47.09 47.32 47.51 47.67 47.76 47.75 47.65 47.52 47.45 47.52 47.73 48.02 48.28 48.43 48.47 48.43 48.35 48.26 48.14 47.97 47.77 47.61 47.58 47.76 48.14 48.66 49.21 49.69 50.07 50.36 50.62 50.92 51.29 51.76 52.33 52.98 53.58 53.92 53.75 52.89 51.28 49.08 46.65 44.45 42.88 42.02 41.71 41.66 41.64 41.46 41.06 40.55 40.09 39.86 39.98 40.42 41.04 41.64 42.05 42.17 41.99 41.56 40.97 40.32 39.75 39.39 39.34 39.59 40.05 40.54 40.91 41.06 40.99 40.80 40.62 40.59 40.79 41.23 41.82 42.43 42.92 43.21 43.29 43.21 43.02 42.81 42.61 42.43 42.19 41.84 41.35 40.79 40.30 39.99 39.93 40.09 40.38 40.70 40.94 41.05 41.05 40.99 40.97 41.09 41.44 42.05 42.95 44.15 45.67 47.46 49.32 51.10 52.75 54.22 55.42 56.22 56.54 56.41 55.97 55.43 54.94 54.55 54.20 53.81 53.32 52.77 52.28 51.96 51.90 52.06 52.35 52.67 52.95 53.18 53.40 53.62 53.84 53.99 54.01 53.89 53.70 53.58 53.62 53.84 54.17 54.48 54.63 54.56 54.26 53.78 53.22 52.68 52.18 51.70 51.18 50.53 49.78 49.02 48.39 48.01 47.90 48.02 48.23 48.44 48.61 48.77 48.97 49.22 49.44 49.50 49.34 49.00 48.67 48.87 51.95 70.00 
19.00 41.52 46.34 47.56 47.91 48.03 48.18 48.49 49.03 49.71 50.37 50.82 50.90 50.54 49.80 48.82 47.77 46.83 46.18 45.90 46.00 46.37 46.87 47.34 47.68 47.89 48.00 48.04 48.03 47.97 47.86 47.75 47.69 47.71 47.78 47.85 47.84 47.75 47.61 47.51 47.51 47.60 47.75 47.88 47.97 48.04 48.18 48.44 48.82 49.26 49.67 49.96 50.11 50.16 50.19 50.28 50.50 50.90 51.49 52.26 53.07 53.71 53.92 53.52 52.48 50.95 49.24 47.71 46.61 46.01 45.79 45.74 45.67 45.45 45.07 44.63 44.28 44.20 44.47 45.02 45.68 46.25 46.58 46.58 46.28 45.78 45.16 44.53 44.01 43.70 43.69 43.97 44.45 44.95 45.33 45.50 45.46 45.31 45.19 45.20 45.44 45.88 46.45 47.02 47.44 47.66 47.66 47.49 47.22 46.94 46.68 46.44 46.16 45.78 45.31 44.81 44.42 44.25 44.34 44.63 44.99 45.29 45.44 45.40 45.21 44.99 44.85 44.93 45.27 45.86 46.64 47.53 48.48 49.47 50.50 51.63 52.87 54.19 55.45 56.43 56.95 56.99 56.64 56.09 55.51 55.00 54.52 54.03 53.46 52.85 52.27 51.82 51.57 51.51 51.61 51.81 52.09 52.47 52.95 53.52 54.10 54.57 54.84 54.86 54.70 54.49 54.35 54.34 54.40 54.44 54.37 54.11 53.67 53.10 52.49 51.91 51.39 50.90 50.35 49.69 48.94 48.21 47.63 47.32 47.30 47.51 47.80 48.08 48.31 48.51 48.74 49.01 49.24 49.33 49.23 48.99 48.69 48.10 45.16 28.00 
82.00 51.44 46.85 46.70 47.08 47.45 47.87 48.49 49.35 50.32 51.21 51.76 51.81 51.32 50.35 49.10 47.82 46.75 46.07 45.89 46.17 46.77 47.47 48.06 48.43 48.57 48.54 48.43 48.31 48.19 48.12 48.09 48.12 48.16 48.18 48.09 47.87 47.55 47.23 47.04 47.05 47.26 47.59 47.94 48.24 48.49 48.76 49.08 49.47 49.85 50.14 50.26 50.20 50.01 49.78 49.60 49.59 49.83 50.36 51.16 52.10 52.96 53.47 53.45 52.84 51.79 50.57 49.46 48.66 48.22 48.03 47.95 47.84 47.60 47.25 46.89 46.68 46.73 47.09 47.68 48.31 48.79 48.97 48.84 48.47 47.95 47.39 46.86 46.46 46.24 46.28 46.57 47.02 47.50 47.88 48.09 48.14 48.10 48.08 48.18 48.46 48.89 49.41 49.87 50.18 50.27 50.15 49.86 49.48 49.09 48.73 48.40 48.06 47.67 47.24 46.87 46.67 46.73 47.04 47.49 47.94 48.22 48.25 48.01 47.59 47.13 46.83 46.81 47.11 47.67 48.35 48.99 49.53 49.99 50.48 51.15 52.13 53.39 54.77 55.99 56.83 57.14 56.99 56.52 55.91 55.28 54.68 54.08 53.45 52.80 52.17 51.61 51.18 50.89 50.75 50.78 51.01 51.48 52.19 53.07 53.98 54.76 55.26 55.43 55.33 55.09 54.84 54.64 54.48 54.28 53.99 53.56 53.00 52.35 51.70 51.10 50.57 50.06 49.49 48.83 48.11 47.44 46.96 46.76 46.85 47.16 47.57 47.95 48.26 48.51 48.74 48.97 49.15 49.21 49.14 49.05 49.18 49.94 52.78 67.00 
2.00 35.14 42.54 44.92 46.03 46.77 47.50 48.42 49.57 50.79 51.84 52.45 52.46 51.83 50.69 49.27 47.86 46.74 46.11 46.08 46.57 47.38 48.25 48.92 49.25 49.26 49.05 48.75 48.49 48.34 48.32 48.41 48.56 48.71 48.74 48.59 48.24 47.77 47.33 47.07 47.07 47.33 47.75 48.19 48.59 48.92 49.23 49.55 49.90 50.21 50.40 50.41 50.20 49.83 49.38 48.96 48.72 48.76 49.16 49.91 50.90 51.89 52.61 52.87 52.59 51.90 51.02 50.20 49.59 49.24 49.06 48.95 48.80 48.55 48.24 47.96 47.82 47.93 48.30 48.84 49.35 49.68 49.72 49.49 49.09 48.64 48.23 47.90 47.66 47.55 47.62 47.86 48.24 48.66 49.04 49.33 49.52 49.66 49.81 50.03 50.37 50.79 51.23 51.57 51.73 51.67 51.40 50.97 50.46 49.94 49.45 49.00 48.57 48.16 47.79 47.58 47.61 47.95 48.52 49.18 49.74 50.02 49.94 49.51 48.84 48.14 47.63 47.46 47.67 48.15 48.72 49.16 49.41 49.51 49.64 50.03 50.84 52.08 53.59 55.07 56.23 56.87 56.97 56.64 56.04 55.33 54.61 53.92 53.25 52.59 51.95 51.33 50.75 50.23 49.85 49.67 49.80 50.30 51.16 52.26 53.41 54.41 55.09 55.39 55.37 55.16 54.89 54.61 54.32 53.98 53.55 53.01 52.38 51.71 51.04 50.42 49.87 49.32 48.74 48.08 47.42 46.85 46.49 46.43 46.66 47.10 47.65 48.15 48.56 48.85 49.05 49.19 49.26 49.21 49.10 49.07 49.37 50.05 49.25 34.00 
67.00 44.34 42.89 44.10 45.21 46.14 47.13 48.31 49.70 51.10 52.25 52.88 52.84 52.11 50.86 49.36 47.92 46.83 46.32 46.46 47.15 48.15 49.13 49.81 50.05 49.87 49.43 48.92 48.53 48.33 48.37 48.58 48.88 49.14 49.25 49.12 48.75 48.24 47.77 47.50 47.51 47.77 48.19 48.63 48.99 49.26 49.49 49.71 49.94 50.15 50.27 50.21 49.95 49.52 48.97 48.43 48.02 47.89 48.15 48.81 49.76 50.79 51.63 52.07 52.03 51.60 50.97 50.35 49.89 49.60 49.44 49.31 49.15 48.91 48.62 48.36 48.22 48.29 48.56 48.94 49.27 49.41 49.31 49.04 48.71 48.44 48.26 48.18 48.13 48.13 48.18 48.32 48.56 48.88 49.26 49.65 50.02 50.38 50.74 51.12 51.53 51.95 52.31 52.52 52.53 52.31 51.89 51.33 50.69 50.04 49.42 48.85 48.32 47.87 47.55 47.47 47.73 48.34 49.19 50.08 50.79 51.12 51.00 50.44 49.58 48.65 47.92 47.55 47.60 47.95 48.36 48.63 48.67 48.54 48.46 48.68 49.39 50.62 52.21 53.88 55.31 56.25 56.61 56.43 55.87 55.11 54.29 53.53 52.84 52.21 51.60 50.96 50.28 49.58 48.97 48.59 48.58 49.04 49.94 51.14 52.41 53.50 54.26 54.64 54.70 54.58 54.37 54.13 53.84 53.48 53.04 52.51 51.91 51.27 50.63 50.02 49.43 48.84 48.22 47.58 46.98 46.52 46.32 46.41 46.79 47.37 48.04 48.66 49.14 49.45 49.60 49.63 49.53 49.33 49.08 48.98 49.52 51.99 60.38 90.00 
2.00 32.16 40.34 43.15 44.55 45.63 46.79 48.19 49.74 51.27 52.47 53.09 53.00 52.22 50.93 49.42 48.03 47.04 46.68 46.99 47.84 48.96 49.98 50.60 50.68 50.27 49.58 48.87 48.35 48.13 48.21 48.52 48.93 49.31 49.51 49.45 49.16 48.74 48.36 48.16 48.21 48.47 48.82 49.14 49.35 49.44 49.46 49.47 49.53 49.60 49.65 49.60 49.41 49.06 48.58 48.06 47.61 47.39 47.53 48.08 48.94 49.93 50.79 51.32 51.43 51.18 50.73 50.27 49.91 49.70 49.58 49.47 49.32 49.09 48.80 48.50 48.27 48.19 48.26 48.39 48.48 48.43 48.23 47.97 47.80 47.78 47.92 48.12 48.28 48.35 48.33 48.31 48.37 48.56 48.92 49.42 49.99 50.57 51.14 51.68 52.17 52.58 52.86 52.95 52.83 52.47 51.94 51.28 50.56 49.83 49.12 48.44 47.82 47.29 46.97 46.98 47.41 48.25 49.35 50.47 51.35 51.81 51.74 51.15 50.20 49.12 48.19 47.60 47.43 47.56 47.78 47.89 47.78 47.55 47.38 47.53 48.18 49.36 50.95 52.69 54.27 55.41 55.97 55.96 55.46 54.68 53.81 52.98 52.28 51.68 51.12 50.50 49.78 48.97 48.20 47.64 47.50 47.86 48.71 49.87 51.09 52.14 52.86 53.23 53.35 53.33 53.26 53.16 53.00 52.77 52.46 52.07 51.61 51.09 50.53 49.93 49.31 48.67 48.00 47.36 46.82 46.49 46.43 46.68 47.19 47.89 48.65 49.34 49.86 50.15 50.23 50.12 49.86 49.45 48.93 48.36 47.93 48.18 50.42 57.00 
36.00 41.86 43.00 43.58 44.30 45.26 46.52 48.05 49.72 51.30 52.51 53.12 53.00 52.21 50.95 49.51 48.22 47.36 47.14 47.58 48.52 49.67 50.64 51.12 51.00 50.35 49.45 48.57 47.96 47.71 47.82 48.19 48.67 49.11 49.39 49.45 49.31 49.09 48.91 48.88 49.01 49.26 49.50 49.63 49.60 49.42 49.15 48.89 48.71 48.64 48.65 48.69 48.67 48.54 48.27 47.91 47.55 47.34 47.42 47.86 48.60 49.49 50.30 50.83 50.99 50.83 50.49 50.14 49.89 49.76 49.72 49.69 49.58 49.36 49.03 48.63 48.24 47.93 47.71 47.55 47.36 47.11 46.83 46.65 46.69 46.99 47.47 47.97 48.34 48.47 48.37 48.17 48.02 48.07 48.40 48.98 49.71 50.49 51.23 51.88 52.40 52.78 52.97 52.96 52.73 52.30 51.70 51.01 50.28 49.54 48.80 48.07 47.36 46.76 46.39 46.42 46.93 47.91 49.18 50.48 51.56 52.20 52.29 51.82 50.91 49.78 48.69 47.89 47.45 47.32 47.31 47.26 47.08 46.84 46.71 46.87 47.48 48.57 50.06 51.72 53.29 54.51 55.20 55.31 54.90 54.14 53.23 52.36 51.63 51.04 50.52 49.95 49.26 48.43 47.59 46.94 46.67 46.91 47.62 48.62 49.66 50.52 51.09 51.38 51.50 51.57 51.65 51.75 51.82 51.83 51.78 51.65 51.43 51.09 50.64 50.07 49.41 48.70 47.98 47.33 46.85 46.63 46.72 47.09 47.71 48.47 49.27 49.97 50.47 50.71 50.69 50.45 50.03 49.43 48.61 47.42 45.55 42.32 36.07 23.00 
97.00 56.24 46.21 43.97 44.02 44.92 46.28 47.91 49.64 51.22 52.40 52.98 52.86 52.12 50.95 49.64 48.50 47.79 47.68 48.18 49.12 50.18 51.01 51.30 50.95 50.11 49.03 48.05 47.39 47.14 47.25 47.62 48.09 48.54 48.88 49.06 49.14 49.19 49.29 49.49 49.74 49.98 50.09 50.00 49.71 49.23 48.67 48.14 47.74 47.54 47.55 47.71 47.93 48.09 48.13 48.03 47.85 47.73 47.80 48.17 48.80 49.55 50.24 50.69 50.82 50.67 50.38 50.09 49.93 49.92 49.99 50.05 50.01 49.80 49.41 48.89 48.29 47.71 47.17 46.67 46.19 45.75 45.42 45.35 45.63 46.24 47.07 47.87 48.43 48.63 48.47 48.11 47.78 47.70 47.99 48.62 49.46 50.35 51.17 51.84 52.33 52.63 52.72 52.62 52.32 51.87 51.30 50.66 49.99 49.31 48.61 47.87 47.12 46.43 45.99 45.96 46.46 47.46 48.80 50.23 51.48 52.35 52.68 52.43 51.68 50.61 49.45 48.45 47.75 47.32 47.08 46.90 46.71 46.57 46.56 46.80 47.39 48.36 49.64 51.09 52.50 53.66 54.39 54.58 54.26 53.55 52.62 51.70 50.91 50.29 49.79 49.28 48.66 47.91 47.11 46.45 46.11 46.22 46.74 47.49 48.25 48.83 49.15 49.28 49.34 49.46 49.69 50.00 50.34 50.66 50.94 51.14 51.20 51.08 50.75 50.20 49.48 48.69 47.91 47.26 46.84 46.73 46.93 47.40 48.07 48.83 49.60 50.25 50.69 50.84 50.72 50.36 49.83 49.12 48.14 46.65 44.07 39.08 28.34 3.00 
24.00 39.92 41.72 42.26 43.17 44.47 46.04 47.78 49.51 51.04 52.15 52.68 52.58 51.94 50.93 49.82 48.87 48.31 48.27 48.75 49.58 50.47 51.07 51.13 50.60 49.61 48.46 47.44 46.77 46.50 46.59 46.91 47.32 47.72 48.07 48.37 48.68 49.03 49.45 49.89 50.27 50.49 50.47 50.19 49.67 48.97 48.18 47.45 46.90 46.63 46.67 46.98 47.43 47.89 48.23 48.40 48.43 48.45 48.57 48.90 49.42 50.04 50.57 50.89 50.92 50.72 50.41 50.17 50.10 50.19 50.38 50.55 50.57 50.38 49.94 49.29 48.49 47.63 46.76 45.94 45.19 44.57 44.21 44.25 44.75 45.67 46.80 47.87 48.62 48.89 48.71 48.26 47.82 47.65 47.89 48.51 49.37 50.27 51.06 51.66 52.04 52.22 52.20 52.02 51.71 51.30 50.82 50.29 49.74 49.18 48.56 47.86 47.10 46.36 45.82 45.69 46.09 47.01 48.31 49.77 51.15 52.22 52.82 52.87 52.37 51.44 50.29 49.16 48.22 47.54 47.09 46.82 46.69 46.70 46.88 47.25 47.83 48.64 49.65 50.80 51.94 52.93 53.61 53.84 53.58 52.91 51.98 50.98 50.10 49.39 48.85 48.37 47.84 47.22 46.54 45.95 45.60 45.59 45.89 46.34 46.78 47.04 47.10 47.04 47.01 47.14 47.47 47.97 48.56 49.20 49.81 50.33 50.68 50.75 50.50 49.94 49.17 48.30 47.47 46.83 46.47 46.44 46.73 47.25 47.92 48.63 49.31 49.86 50.19 50.25 50.03 49.59 49.00 48.28 47.38 46.12 44.18 40.95 34.84 20.00 
46.00 37.79 38.63 40.42 42.24 44.05 45.87 47.68 49.37 50.78 51.77 52.23 52.17 51.67 50.89 50.04 49.31 48.89 48.88 49.27 49.91 50.55 50.90 50.75 50.08 49.03 47.89 46.90 46.25 45.98 46.00 46.22 46.51 46.83 47.16 47.55 48.06 48.68 49.37 50.02 50.49 50.69 50.57 50.16 49.52 48.71 47.85 47.05 46.46 46.19 46.30 46.73 47.36 48.03 48.60 48.98 49.20 49.34 49.53 49.86 50.31 50.79 51.16 51.32 51.21 50.92 50.59 50.36 50.35 50.53 50.82 51.07 51.16 50.99 50.53 49.79 48.82 47.71 46.56 45.45 44.46 43.71 43.34 43.49 44.18 45.33 46.70 47.98 48.89 49.26 49.11 48.65 48.16 47.93 48.11 48.67 49.46 50.27 50.93 51.39 51.61 51.63 51.50 51.28 51.00 50.68 50.33 49.95 49.55 49.12 48.61 47.99 47.24 46.48 45.87 45.62 45.87 46.62 47.79 49.18 50.59 51.82 52.67 53.01 52.79 52.06 50.99 49.80 48.70 47.83 47.23 46.93 46.89 47.10 47.49 48.00 48.58 49.23 49.95 50.75 51.57 52.32 52.87 53.08 52.86 52.21 51.26 50.16 49.11 48.22 47.53 46.98 46.50 45.99 45.47 44.99 44.66 44.55 44.64 44.81 44.92 44.89 44.72 44.50 44.39 44.51 44.89 45.52 46.32 47.20 48.09 48.88 49.43 49.63 49.43 48.84 48.01 47.08 46.23 45.62 45.32 45.37 45.70 46.23 46.84 47.45 48.00 48.42 48.63 48.59 48.29 47.80 47.21 46.57 45.88 45.13 44.47 44.79 49.57 72.00 
3.00 26.70 34.70 38.75 41.54 43.83 45.85 47.67 49.24 50.47 51.28 51.66 51.64 51.31 50.79 50.22 49.73 49.45 49.44 49.70 50.11 50.49 50.60 50.30 49.58 48.58 47.52 46.63 46.02 45.73 45.68 45.77 45.92 46.12 46.41 46.84 47.46 48.25 49.09 49.83 50.33 50.50 50.33 49.90 49.28 48.54 47.76 47.06 46.56 46.36 46.53 47.04 47.75 48.51 49.18 49.67 49.99 50.22 50.47 50.81 51.21 51.58 51.80 51.80 51.56 51.18 50.81 50.60 50.62 50.85 51.19 51.49 51.63 51.51 51.07 50.29 49.21 47.93 46.56 45.23 44.07 43.23 42.88 43.13 43.98 45.29 46.81 48.22 49.23 49.68 49.60 49.16 48.67 48.40 48.50 48.95 49.60 50.24 50.73 51.00 51.05 50.94 50.73 50.50 50.29 50.09 49.89 49.67 49.42 49.12 48.72 48.18 47.50 46.76 46.12 45.76 45.83 46.38 47.33 48.56 49.91 51.19 52.21 52.80 52.84 52.33 51.39 50.22 49.06 48.08 47.41 47.11 47.18 47.57 48.14 48.77 49.36 49.86 50.33 50.80 51.30 51.79 52.17 52.31 52.09 51.45 50.43 49.18 47.86 46.63 45.59 44.78 44.17 43.70 43.29 42.92 42.63 42.45 42.35 42.28 42.14 41.89 41.57 41.26 41.11 41.21 41.62 42.31 43.21 44.25 45.30 46.24 46.90 47.16 46.95 46.34 45.47 44.54 43.72 43.15 42.92 43.00 43.34 43.82 44.34 44.82 45.22 45.49 45.58 45.46 45.12 44.64 44.09 43.55 43.05 42.61 42.42 43.06 46.01 54.00 
37.00 31.34 34.81 38.47 41.47 43.94 46.02 47.75 49.13 50.12 50.73 50.99 51.00 50.83 50.57 50.28 50.03 49.86 49.83 49.96 50.18 50.36 50.31 49.95 49.28 48.41 47.50 46.74 46.20 45.89 45.76 45.74 45.76 45.84 46.05 46.45 47.07 47.85 48.68 49.37 49.81 49.94 49.79 49.45 48.99 48.48 47.96 47.48 47.16 47.10 47.33 47.84 48.54 49.26 49.89 50.36 50.68 50.93 51.20 51.54 51.90 52.19 52.29 52.16 51.81 51.37 50.97 50.76 50.79 51.02 51.36 51.68 51.87 51.82 51.44 50.70 49.60 48.23 46.73 45.25 44.00 43.15 42.85 43.19 44.14 45.54 47.11 48.54 49.58 50.07 50.04 49.65 49.17 48.86 48.86 49.15 49.60 50.05 50.35 50.45 50.37 50.17 49.95 49.77 49.65 49.58 49.53 49.46 49.34 49.16 48.87 48.44 47.86 47.19 46.56 46.14 46.05 46.36 47.05 48.05 49.24 50.47 51.56 52.30 52.55 52.25 51.48 50.40 49.25 48.24 47.55 47.27 47.43 47.93 48.63 49.33 49.92 50.32 50.59 50.80 51.04 51.30 51.53 51.59 51.33 50.65 49.52 48.02 46.28 44.46 42.74 41.32 40.34 39.73 39.34 39.04 38.78 38.55 38.33 38.09 37.80 37.44 37.06 36.74 36.59 36.69 37.09 37.77 38.68 39.74 40.82 41.78 42.44 42.69 42.47 41.86 41.02 40.14 39.39 38.90 38.72 38.82 39.12 39.52 39.91 40.24 40.49 40.64 40.64 40.47 40.13 39.69 39.22 38.79 38.42 38.12 37.89 37.71 36.67 29.00 
0.00 26.86 34.72 38.84 41.89 44.35 46.35 47.91 49.05 49.77 50.14 50.27 50.27 50.23 50.18 50.13 50.07 50.00 49.97 50.02 50.13 50.21 50.13 49.82 49.28 48.59 47.87 47.26 46.80 46.51 46.34 46.24 46.17 46.16 46.27 46.55 47.03 47.64 48.26 48.77 49.07 49.15 49.07 48.90 48.72 48.54 48.37 48.21 48.14 48.22 48.51 48.98 49.57 50.15 50.64 50.98 51.20 51.39 51.63 51.94 52.25 52.47 52.48 52.25 51.83 51.35 50.94 50.72 50.72 50.91 51.22 51.55 51.79 51.84 51.60 50.97 49.93 48.57 47.03 45.52 44.25 43.44 43.20 43.62 44.61 46.00 47.53 48.89 49.87 50.34 50.32 49.97 49.50 49.14 49.01 49.12 49.37 49.62 49.76 49.74 49.60 49.40 49.23 49.14 49.15 49.21 49.29 49.35 49.35 49.29 49.13 48.83 48.38 47.83 47.27 46.82 46.60 46.68 47.09 47.80 48.75 49.84 50.88 51.69 52.08 51.95 51.35 50.39 49.31 48.32 47.63 47.36 47.53 48.07 48.80 49.54 50.12 50.47 50.64 50.70 50.77 50.89 51.00 50.99 50.68 49.92 48.61 46.74 44.34 41.56 38.66 36.12 34.45 33.53 33.06 32.78 32.55 32.31 32.04 31.73 31.38 31.01 30.66 30.40 30.29 30.39 30.75 31.35 32.16 33.10 34.07 34.92 35.50 35.69 35.48 34.92 34.18 33.43 32.81 32.42 32.28 32.37 32.60 32.89 33.15 33.36 33.49 33.53 33.48 33.30 33.01 32.65 32.29 31.98 31.73 31.55 31.49 31.77 33.17 40.00 
70.00 41.33 38.26 40.16 42.71 44.97 46.79 48.12 48.99 49.43 49.56 49.54 49.50 49.53 49.62 49.73 49.79 49.81 49.81 49.86 49.96 50.07 50.08 49.92 49.56 49.07 48.55 48.08 47.73 47.49 47.35 47.25 47.16 47.10 47.10 47.21 47.42 47.71 47.99 48.19 48.28 48.29 48.30 48.36 48.49 48.69 48.89 49.08 49.28 49.52 49.84 50.25 50.69 51.08 51.36 51.50 51.55 51.61 51.75 51.98 52.23 52.38 52.33 52.05 51.59 51.08 50.65 50.40 50.35 50.47 50.73 51.06 51.38 51.58 51.52 51.07 50.19 48.94 47.47 46.01 44.80 44.04 43.87 44.31 45.28 46.59 47.97 49.18 50.02 50.42 50.39 50.06 49.60 49.19 48.93 48.86 48.92 49.01 49.04 48.98 48.84 48.70 48.64 48.67 48.81 49.01 49.21 49.39 49.53 49.60 49.59 49.46 49.18 48.78 48.31 47.87 47.55 47.42 47.54 47.93 48.59 49.45 50.37 51.15 51.61 51.62 51.16 50.33 49.34 48.38 47.68 47.36 47.47 47.95 48.64 49.37 49.96 50.33 50.49 50.54 50.56 50.62 50.67 50.61 50.23 49.36 47.80 45.41 42.10 37.90 33.11 28.59 26.00 24.75 24.19 23.92 23.73 23.53 23.29 23.01 22.70 22.41 22.15 21.97 21.91 22.00 22.27 22.73 23.34 24.05 24.78 25.41 25.83 25.96 25.78 25.36 24.80 24.25 23.81 23.53 23.43 23.49 23.64 23.82 23.98 24.08 24.13 24.13 24.06 23.91 23.70 23.45 23.21 23.02 22.88 22.82 22.90 23.24 23.46 19.00 
12.00 30.09 36.62 40.58 43.48 45.66 47.27 48.35 48.95 49.14 49.06 48.88 48.77 48.79 48.94 49.12 49.25 49.32 49.37 49.49 49.70 49.95 50.14 50.17 50.01 49.71 49.36 49.03 48.80 48.66 48.61 48.60 48.58 48.52 48.44 48.34 48.24 48.11 47.96 47.79 47.63 47.55 47.62 47.88 48.31 48.84 49.39 49.90 50.35 50.74 51.10 51.44 51.74 51.93 52.00 51.92 51.77 51.64 51.62 51.74 51.91 52.02 51.95 51.65 51.18 50.64 50.18 49.86 49.72 49.75 49.95 50.30 50.72 51.10 51.26 51.06 50.41 49.35 48.03 46.69 45.57 44.87 44.72 45.13 46.01 47.16 48.34 49.33 50.00 50.29 50.24 49.94 49.52 49.08 48.73 48.53 48.44 48.42 48.38 48.31 48.23 48.19 48.25 48.41 48.67 48.97 49.29 49.60 49.88 50.13 50.30 50.36 50.27 50.02 49.67 49.26 48.86 48.55 48.40 48.48 48.83 49.42 50.14 50.83 51.29 51.38 51.03 50.32 49.40 48.47 47.71 47.29 47.27 47.62 48.22 48.91 49.53 49.99 50.26 50.39 50.48 50.55 50.59 50.48 50.03 49.01 47.15 44.16 39.74 33.68 26.00 17.76 14.64 13.45 12.99 12.80 12.68 12.56 12.42 12.25 12.07 11.91 11.77 11.68 11.66 11.71 11.87 12.11 12.44 12.83 13.23 13.57 13.79 13.85 13.75 13.52 13.22 12.92 12.69 12.54 12.49 12.51 12.59 12.67 12.74 12.78 12.80 12.78 12.74 12.65 12.54 12.42 12.30 12.21 12.16 12.20 12.49 13.64 17.76 32.00 
22.00 30.24 37.29 41.70 44.53 46.46 47.77 48.58 48.94 48.91 48.65 48.34 48.14 48.11 48.23 48.40 48.54 48.64 48.76 48.99 49.35 49.79 50.19 50.43 50.46 50.32 50.10 49.91 49.81 49.83 49.94 50.08 50.18 50.18 50.04 49.76 49.33 48.80 48.21 47.65 47.22 47.02 47.10 47.48 48.11 48.89 49.72 50.49 51.15 51.68 52.09 52.38 52.56 52.61 52.49 52.23 51.88 51.55 51.37 51.36 51.47 51.57 51.51 51.24 50.77 50.20 49.66 49.23 48.97 48.90 49.05 49.43 49.97 50.54 50.94 51.00 50.62 49.80 48.69 47.49 46.46 45.79 45.62 45.94 46.67 47.61 48.54 49.29 49.77 49.96 49.92 49.68 49.34 48.94 48.58 48.31 48.13 48.04 47.98 47.93 47.91 47.95 48.11 48.37 48.70 49.09 49.50 49.93 50.38 50.82 51.19 51.44 51.53 51.43 51.18 50.81 50.37 49.93 49.57 49.38 49.43 49.72 50.21 50.75 51.16 51.28 51.02 50.41 49.55 48.62 47.78 47.22 47.03 47.22 47.70 48.36 49.03 49.61 50.04 50.35 50.55 50.68 50.72 50.54 49.98 48.80 46.64 43.08 37.59 29.60 18.21 0.84 0.36 0.32 0.31 0.31 0.30 0.30 0.30 0.29 0.29 0.28 0.28 0.28 0.28 0.28 0.28 0.29 0.30 0.31 0.32 0.32 0.33 0.33 0.33 0.32 0.32 0.31 0.30 0.30 0.30 0.30 0.30 0.30 0.30 0.31 0.31 0.31 0.30 0.30 0.30 0.30 0.29 0.29 0.29 0.29 0.30 0.35 1.56 49.00 
3.00 31.42 40.27 43.98 46.03 47.36 48.25 48.77 48.91 48.74 48.36 47.96 47.67 47.57 47.62 47.72 47.82 47.92 48.09 48.41 48.92 49.54 50.13 50.55 50.74 50.74 50.65 50.60 50.67 50.86 51.15 51.46 51.71 51.78 51.62 51.18 50.48 49.60 48.65 47.76 47.08 46.72 46.75 47.14 47.85 48.76 49.75 50.70 51.52 52.16 52.62 52.90 53.03 52.99 52.76 52.37 51.86 51.38 51.05 50.96 51.05 51.19 51.21 50.99 50.53 49.92 49.27 48.70 48.30 48.12 48.23 48.65 49.31 50.06 50.68 50.98 50.84 50.25 49.33 48.27 47.31 46.65 46.41 46.62 47.16 47.86 48.54 49.05 49.35 49.48 49.46 49.34 49.14 48.87 48.57 48.32 48.14 48.03 47.96 47.93 47.93 48.02 48.21 48.50 48.86 49.28 49.75 50.28 50.86 51.47 52.03 52.45 52.69 52.72 52.57 52.26 51.84 51.36 50.87 50.48 50.26 50.26 50.48 50.82 51.13 51.25 51.07 50.56 49.77 48.85 47.95 47.26 46.91 46.93 47.30 47.90 48.61 49.31 49.91 50.38 50.70 50.88 50.87 50.60 49.92 48.57 46.18 42.21 36.07 27.21 15.27 0.38 0.02 0.01 0.01 0.01 0.01 0.01 0.01 0.01 0.01 0.01 0.01 0.01 0.01 0.01 0.01 0.01 0.01 0.01 0.01 0.01 0.01 0.01 0.01 0.01 0.01 0.01 0.01 0.01 0.01 0.01 0.01 0.01 0.01 0.01 0.01 0.01 0.01 0.01 0.01 0.01 0.01 0.01 0.01 0.01 0.01 0.04 1.39 59.00 
70.00 51.98 48.09 47.53 47.80 48.23 48.62 48.85 48.83 48.58 48.16 47.73 47.40 47.22 47.18 47.19 47.21 47.26 47.44 47.82 48.43 49.17 49.90 50.47 50.80 50.94 51.00 51.11 51.35 51.72 52.17 52.62 52.96 53.07 52.87 52.31 51.43 50.32 49.13 48.02 47.16 46.66 46.57 46.87 47.52 48.42 49.45 50.47 51.38 52.09 52.60 52.91 53.05 53.00 52.74 52.29 51.70 51.12 50.71 50.59 50.72 50.97 51.11 50.99 50.56 49.89 49.12 48.40 47.85 47.58 47.66 48.13 48.90 49.79 50.58 51.05 51.07 50.64 49.85 48.89 47.98 47.31 47.01 47.09 47.46 47.94 48.37 48.67 48.83 48.89 48.93 48.96 48.94 48.85 48.72 48.57 48.45 48.37 48.32 48.28 48.27 48.33 48.48 48.72 49.04 49.42 49.88 50.45 51.12 51.84 52.52 53.07 53.42 53.57 53.53 53.34 53.03 52.62 52.13 51.61 51.17 50.88 50.80 50.89 51.06 51.15 51.05 50.65 49.98 49.12 48.23 47.48 47.02 46.92 47.17 47.70 48.39 49.14 49.84 50.40 50.77 50.93 50.84 50.44 49.61 48.13 45.58 41.41 34.98 25.87 14.06 0.34 0.01 0.00 0.00 0.00 0.00 0.00 0.00 0.00 0.00 0.00 0.00 0.00 0.00 0.00 0.00 0.00 0.00 0.00 0.00 0.00 0.00 0.00 0.00 0.00 0.00 0.00 0.00 0.00 0.00 0.00 0.00 0.00 0.00 0.00 0.00 0.00 0.00 0.00 0.00 0.00 0.00 0.00 0.00 0.00 0.00 0.01 0.35 13.00 
72.00 58.31 52.35 49.97 49.08 48.80 48.76 48.76 48.65 48.40 48.02 47.62 47.30 47.09 46.96 46.86 46.78 46.77 46.92 47.31 47.95 48.75 49.56 50.23 50.70 50.99 51.23 51.53 51.93 52.44 52.99 53.49 53.82 53.88 53.60 52.94 51.96 50.77 49.51 48.34 47.41 46.81 46.58 46.72 47.20 47.95 48.89 49.87 50.77 51.51 52.05 52.41 52.61 52.62 52.41 51.97 51.35 50.73 50.30 50.22 50.46 50.86 51.17 51.18 50.79 50.08 49.21 48.36 47.69 47.35 47.43 47.95 48.81 49.80 50.68 51.22 51.30 50.93 50.19 49.27 48.38 47.71 47.38 47.38 47.61 47.91 48.16 48.28 48.31 48.33 48.41 48.56 48.73 48.86 48.93 48.95 48.96 48.95 48.92 48.86 48.79 48.76 48.79 48.91 49.10 49.37 49.76 50.28 50.94 51.68 52.41 53.03 53.48 53.75 53.88 53.91 53.82 53.59 53.20 52.65 52.03 51.45 51.03 50.83 50.80 50.84 50.80 50.56 50.07 49.38 48.59 47.90 47.42 47.26 47.41 47.83 48.42 49.10 49.75 50.28 50.61 50.68 50.46 49.91 48.95 47.36 44.74 40.52 34.07 24.99 13.45 0.32 0.01 0.00 0.00 0.00 0.00 0.00 0.00 0.00 0.00 0.00 0.00 0.00 0.00 0.00 0.00 0.00 0.00 0.00 0.00 0.00 0.00 0.00 0.00 0.00 0.00 0.00 0.00 0.00 0.00 0.00 0.00 0.00 0.00 0.00 0.00 0.00 0.00 0.00 0.00 0.00 0.00 0.00 0.00 0.00 0.00 0.02 0.82 34.00 
66.00 56.87 52.96 50.84 49.62 48.96 48.65 48.50 48.38 48.19 47.92 47.63 47.37 47.16 46.98 46.78 46.60 46.51 46.61 46.98 47.61 48.42 49.26 50.00 50.59 51.05 51.47 51.95 52.50 53.09 53.64 54.06 54.25 54.16 53.73 52.99 51.99 50.85 49.69 48.64 47.78 47.16 46.82 46.76 46.99 47.50 48.22 49.05 49.87 50.57 51.12 51.54 51.83 51.94 51.82 51.42 50.82 50.19 49.79 49.78 50.16 50.75 51.26 51.41 51.11 50.40 49.47 48.54 47.79 47.42 47.52 48.10 49.03 50.08 50.96 51.48 51.52 51.11 50.35 49.43 48.56 47.91 47.59 47.57 47.73 47.93 48.03 48.02 47.95 47.92 48.01 48.24 48.54 48.85 49.12 49.33 49.49 49.58 49.57 49.46 49.29 49.12 48.98 48.92 48.92 49.02 49.25 49.65 50.22 50.90 51.60 52.25 52.79 53.23 53.61 53.94 54.18 54.25 54.04 53.52 52.75 51.89 51.11 50.57 50.30 50.25 50.26 50.20 49.95 49.51 48.96 48.44 48.06 47.91 47.99 48.26 48.66 49.14 49.60 49.97 50.15 50.08 49.71 49.03 47.96 46.31 43.69 39.52 33.18 24.28 13.02 0.31 0.01 0.00 0.00 0.00 0.00 0.00 0.00 0.00 0.00 0.00 0.00 0.00 0.00 0.00 0.00 0.00 0.00 0.00 0.00 0.00 0.00 0.00 0.00 0.00 0.00 0.00 0.00 0.00 0.00 0.00 0.00 0.00 0.00 0.00 0.00 0.00 0.00 0.00 0.00 0.00 0.00 0.00 0.00 0.00 0.00 0.04 1.60 68.00 
38.00 50.27 51.89 50.93 49.74 48.87 48.38 48.16 48.07 47.99 47.89 47.76 47.61 47.44 47.23 46.97 46.71 46.56 46.61 46.96 47.57 48.36 49.20 49.97 50.63 51.23 51.82 52.44 53.08 53.67 54.12 54.35 54.31 53.98 53.37 52.54 51.59 50.61 49.71 48.91 48.25 47.71 47.30 47.04 46.99 47.19 47.63 48.23 48.89 49.50 50.03 50.50 50.88 51.09 51.06 50.71 50.12 49.51 49.14 49.22 49.75 50.53 51.23 51.56 51.38 50.74 49.82 48.87 48.12 47.76 47.90 48.54 49.51 50.56 51.39 51.81 51.73 51.21 50.38 49.45 48.61 48.04 47.78 47.80 47.96 48.11 48.14 48.05 47.91 47.81 47.86 48.08 48.44 48.86 49.27 49.64 49.92 50.07 50.06 49.89 49.61 49.28 48.95 48.67 48.45 48.33 48.35 48.57 48.98 49.55 50.20 50.87 51.52 52.18 52.86 53.57 54.21 54.63 54.65 54.19 53.31 52.19 51.07 50.18 49.65 49.47 49.51 49.61 49.62 49.49 49.25 48.99 48.80 48.72 48.76 48.88 49.04 49.23 49.40 49.50 49.46 49.21 48.71 47.93 46.79 45.13 42.56 38.50 32.31 23.64 12.67 0.30 0.01 0.00 0.00 0.00 0.00 0.00 0.00 0.00 0.00 0.00 0.00 0.00 0.00 0.00 0.00 0.00 0.00 0.00 0.00 0.00 0.00 0.00 0.00 0.00 0.00 0.00 0.00 0.00 0.00 0.00 0.00 0.00 0.00 0.00 0.00 0.00 0.00 0.00 0.00 0.00 0.00 0.00 0.00 0.00 0.00 0.04 1.66 71.00 
48.00 54.47 53.64 51.61 49.89 48.75 48.12 47.85 47.80 47.85 47.92 47.97 47.97 47.89 47.69 47.40 47.10 46.92 46.97 47.32 47.93 48.70 49.50 50.26 50.95 51.61 52.29 52.98 53.63 54.14 54.43 54.42 54.10 53.51 52.73 51.85 51.00 50.27 49.68 49.23 48.84 48.44 48.00 47.57 47.25 47.13 47.26 47.59 48.04 48.53 49.02 49.50 49.93 50.22 50.23 49.90 49.32 48.71 48.37 48.52 49.18 50.13 51.02 51.54 51.52 51.02 50.21 49.33 48.64 48.34 48.54 49.21 50.19 51.18 51.91 52.18 51.93 51.27 50.36 49.43 48.66 48.20 48.06 48.16 48.36 48.53 48.55 48.44 48.24 48.08 48.05 48.20 48.52 48.96 49.43 49.86 50.19 50.34 50.29 50.04 49.64 49.16 48.65 48.15 47.70 47.35 47.15 47.17 47.42 47.87 48.48 49.18 49.97 50.87 51.89 53.00 54.05 54.80 55.05 54.67 53.72 52.39 50.99 49.82 49.05 48.72 48.75 48.97 49.19 49.34 49.40 49.42 49.45 49.49 49.53 49.52 49.46 49.35 49.19 48.99 48.69 48.26 47.64 46.78 45.63 44.00 41.50 37.55 31.53 23.08 12.37 0.30 0.01 0.00 0.00 0.00 0.00 0.00 0.00 0.00 0.00 0.00 0.00 0.00 0.00 0.00 0.00 0.00 0.00 0.00 0.00 0.00 0.00 0.00 0.00 0.00 0.00 0.00 0.00 0.00 0.00 0.00 0.00 0.00 0.00 0.00 0.00 0.00 0.00 0.00 0.00 0.00 0.00 0.00 0.00 0.00 0.00 0.01 0.20 5.00 
88.00 66.16 56.93 52.42 49.99 48.64 47.94 47.65 47.64 47.78 48.00 48.22 48.37 48.39 48.24 47.97 47.69 47.53 47.64 48.04 48.67 49.43 50.18 50.87 51.51 52.14 52.79 53.44 54.01 54.40 54.50 54.28 53.75 52.98 52.10 51.24 50.54 50.06 49.81 49.69 49.57 49.31 48.87 48.30 47.73 47.32 47.16 47.23 47.47 47.82 48.23 48.68 49.12 49.40 49.40 49.06 48.45 47.84 47.53 47.75 48.51 49.60 50.66 51.36 51.55 51.25 50.62 49.91 49.35 49.15 49.41 50.09 51.02 51.90 52.45 52.52 52.10 51.30 50.34 49.44 48.79 48.47 48.47 48.68 48.95 49.16 49.21 49.11 48.91 48.70 48.59 48.64 48.88 49.25 49.68 50.08 50.34 50.41 50.24 49.88 49.37 48.76 48.11 47.44 46.79 46.23 45.84 45.69 45.81 46.18 46.76 47.53 48.47 49.62 50.96 52.43 53.81 54.84 55.27 54.96 53.98 52.55 51.00 49.65 48.73 48.29 48.27 48.52 48.86 49.18 49.44 49.66 49.85 50.01 50.08 50.03 49.81 49.46 49.02 48.52 47.98 47.37 46.64 45.74 44.60 43.02 40.61 36.78 30.90 22.63 12.14 0.29 0.01 0.00 0.00 0.00 0.00 0.00 0.00 0.00 0.00 0.00 0.00 0.00 0.00 0.00 0.00 0.00 0.00 0.00 0.00 0.00 0.00 0.00 0.00 0.00 0.00 0.00 0.00 0.00 0.00 0.00 0.00 0.00 0.00 0.00 0.00 0.00 0.00 0.00 0.00 0.00 0.00 0.00 0.00 0.00 0.00 0.05 2.12 91.00 
90.00 65.39 55.79 51.58 49.53 48.43 47.84 47.59 47.59 47.77 48.07 48.40 48.68 48.81 48.75 48.54 48.32 48.25 48.46 48.95 49.65 50.40 51.08 51.67 52.18 52.67 53.17 53.67 54.09 54.32 54.29 53.95 53.34 52.55 51.70 50.95 50.43 50.20 50.22 50.35 50.42 50.26 49.80 49.12 48.36 47.71 47.30 47.14 47.19 47.39 47.69 48.07 48.45 48.68 48.62 48.22 47.59 46.98 46.71 46.99 47.84 49.03 50.22 51.10 51.50 51.43 51.05 50.57 50.20 50.13 50.45 51.10 51.92 52.62 52.95 52.80 52.18 51.27 50.29 49.47 48.97 48.82 48.98 49.30 49.63 49.87 49.97 49.91 49.74 49.54 49.39 49.36 49.50 49.77 50.09 50.35 50.45 50.32 49.98 49.47 48.85 48.17 47.43 46.66 45.89 45.19 44.67 44.41 44.45 44.78 45.37 46.22 47.31 48.66 50.26 51.98 53.59 54.78 55.31 55.06 54.10 52.70 51.16 49.80 48.83 48.33 48.25 48.45 48.76 49.09 49.39 49.68 49.94 50.17 50.30 50.25 49.98 49.50 48.86 48.14 47.39 46.61 45.79 44.88 43.78 42.27 39.95 36.22 30.46 22.31 11.97 0.29 0.01 0.00 0.00 0.00 0.00 0.00 0.00 0.00 0.00 0.00 0.00 0.00 0.00 0.00 0.00 0.00 0.00 0.00 0.00 0.00 0.00 0.00 0.00 0.00 0.00 0.00 0.00 0.00 0.00 0.00 0.00 0.00 0.00 0.00 0.00 0.00 0.00 0.00 0.00 0.00 0.00 0.00 0.00 0.00 0.00 0.05 2.07 88.00 
46.00 49.68 49.38 48.82 48.41 48.08 47.81 47.64 47.61 47.75 48.04 48.43 48.79 49.02 49.05 48.94 48.83 48.89 49.23 49.85 50.62 51.37 51.98 52.41 52.73 52.99 53.25 53.52 53.74 53.83 53.75 53.44 52.93 52.28 51.61 51.06 50.75 50.71 50.90 51.17 51.33 51.20 50.71 49.94 49.04 48.22 47.61 47.26 47.12 47.16 47.35 47.63 47.91 48.05 47.91 47.46 46.81 46.23 46.02 46.36 47.26 48.51 49.79 50.81 51.40 51.57 51.45 51.23 51.08 51.16 51.53 52.13 52.78 53.25 53.32 52.92 52.13 51.13 50.17 49.47 49.14 49.18 49.48 49.87 50.23 50.48 50.60 50.60 50.50 50.36 50.24 50.20 50.28 50.46 50.64 50.70 50.56 50.19 49.61 48.93 48.21 47.48 46.73 45.94 45.15 44.42 43.87 43.58 43.59 43.91 44.53 45.43 46.62 48.11 49.85 51.69 53.38 54.61 55.16 54.94 54.08 52.80 51.42 50.20 49.31 48.82 48.67 48.75 48.93 49.12 49.30 49.50 49.73 49.97 50.14 50.16 49.93 49.42 48.70 47.84 46.93 46.04 45.16 44.25 43.21 41.80 39.58 35.94 30.25 22.18 11.90 0.28 0.01 0.00 0.00 0.00 0.00 0.00 0.00 0.00 0.00 0.00 0.00 0.00 0.00 0.00 0.00 0.00 0.00 0.00 0.00 0.00 0.00 0.00 0.00 0.00 0.00 0.00 0.00 0.00 0.00 0.00 0.00 0.00 0.00 0.00 0.00 0.00 0.00 0.00 0.00 0.00 0.00 0.00 0.00 0.00 0.00 0.02 0.95 38.00 
28.00 37.88 43.08 45.80 47.16 47.73 47.84 47.75 47.65 47.67 47.88 48.24 48.63 48.94 49.07 49.08 49.11 49.32 49.82 50.56 51.39 52.13 52.64 52.90 52.98 52.96 52.92 52.91 52.93 52.94 52.90 52.75 52.49 52.13 51.75 51.46 51.34 51.44 51.71 52.02 52.18 52.03 51.51 50.68 49.69 48.75 47.99 47.46 47.16 47.05 47.10 47.28 47.46 47.52 47.33 46.87 46.25 45.73 45.58 45.97 46.89 48.14 49.44 50.53 51.26 51.63 51.74 51.76 51.83 52.06 52.46 52.98 53.45 53.66 53.45 52.82 51.87 50.82 49.92 49.37 49.23 49.44 49.84 50.27 50.61 50.83 50.94 50.98 50.97 50.94 50.91 50.94 51.04 51.16 51.22 51.10 50.71 50.06 49.25 48.39 47.58 46.84 46.13 45.42 44.70 44.06 43.57 43.33 43.36 43.69 44.31 45.23 46.44 47.96 49.70 51.51 53.13 54.29 54.78 54.59 53.84 52.78 51.65 50.66 49.94 49.51 49.31 49.24 49.22 49.18 49.15 49.17 49.28 49.48 49.69 49.80 49.66 49.23 48.51 47.60 46.62 45.66 44.77 43.92 42.99 41.71 39.59 36.02 30.36 22.27 11.95 0.29 0.01 0.00 0.00 0.00 0.00 0.00 0.00 0.00 0.00 0.00 0.00 0.00 0.00 0.00 0.00 0.00 0.00 0.00 0.00 0.00 0.00 0.00 0.00 0.00 0.00 0.00 0.00 0.00 0.00 0.00 0.00 0.00 0.00 0.00 0.00 0.00 0.00 0.00 0.00 0.00 0.00 0.00 0.00 0.00 0.00 0.04 1.86 79.00 
16.00 30.51 38.86 43.66 46.29 47.55 47.95 47.90 47.68 47.54 47.60 47.88 48.26 48.62 48.86 49.00 49.18 49.55 50.18 51.02 51.88 52.58 52.97 53.05 52.86 52.54 52.20 51.92 51.77 51.75 51.83 51.93 52.00 52.00 51.96 51.92 51.97 52.14 52.42 52.69 52.82 52.66 52.13 51.28 50.25 49.22 48.33 47.66 47.20 46.97 46.92 47.02 47.16 47.19 47.01 46.58 46.04 45.60 45.49 45.88 46.75 47.92 49.17 50.25 51.04 51.54 51.84 52.05 52.30 52.65 53.08 53.50 53.77 53.72 53.26 52.42 51.36 50.31 49.51 49.13 49.17 49.52 49.99 50.41 50.68 50.82 50.88 50.93 51.00 51.10 51.22 51.37 51.54 51.68 51.69 51.43 50.85 49.99 48.97 47.97 47.10 46.38 45.76 45.19 44.64 44.16 43.81 43.66 43.74 44.07 44.67 45.53 46.68 48.10 49.71 51.35 52.78 53.75 54.14 53.95 53.33 52.49 51.65 50.93 50.40 50.05 49.82 49.63 49.41 49.15 48.90 48.73 48.72 48.87 49.11 49.30 49.29 48.97 48.33 47.45 46.47 45.53 44.70 43.98 43.22 42.09 40.09 36.56 30.85 22.64 12.15 0.29 0.01 0.00 0.00 0.00 0.00 0.00 0.00 0.00 0.00 0.00 0.00 0.00 0.00 0.00 0.00 0.00 0.00 0.00 0.00 0.00 0.00 0.00 0.00 0.00 0.00 0.00 0.00 0.00 0.00 0.00 0.00 0.00 0.00 0.00 0.00 0.00 0.00 0.00 0.00 0.00 0.00 0.00 0.00 0.00 0.00 0.04 1.77 75.00 
17.00 28.92 37.57 42.93 46.03 47.61 48.15 48.08 47.74 47.43 47.33 47.49 47.84 48.23 48.57 48.85 49.18 49.69 50.43 51.32 52.17 52.79 53.04 52.90 52.46 51.85 51.22 50.72 50.45 50.45 50.68 51.05 51.45 51.79 52.03 52.20 52.35 52.55 52.79 53.03 53.14 53.00 52.51 51.70 50.66 49.57 48.58 47.78 47.22 46.91 46.84 46.93 47.09 47.16 47.04 46.70 46.24 45.86 45.76 46.06 46.78 47.79 48.89 49.89 50.68 51.25 51.66 52.02 52.40 52.83 53.26 53.58 53.67 53.39 52.72 51.73 50.62 49.62 48.95 48.74 48.95 49.41 49.92 50.28 50.44 50.45 50.42 50.44 50.56 50.77 51.04 51.33 51.63 51.86 51.89 51.61 50.95 49.98 48.85 47.77 46.88 46.21 45.71 45.30 44.94 44.66 44.48 44.44 44.57 44.90 45.43 46.19 47.19 48.39 49.75 51.10 52.24 52.98 53.22 53.00 52.49 51.86 51.26 50.78 50.43 50.17 49.94 49.67 49.32 48.92 48.52 48.23 48.14 48.27 48.54 48.81 48.92 48.73 48.20 47.42 46.53 45.69 45.02 44.50 43.96 43.01 41.11 37.56 31.72 23.28 12.49 0.30 0.01 0.00 0.00 0.00 0.00 0.00 0.00 0.00 0.00 0.00 0.00 0.00 0.00 0.00 0.00 0.00 0.00 0.00 0.00 0.00 0.00 0.00 0.00 0.00 0.00 0.00 0.00 0.00 0.00 0.00 0.00 0.00 0.00 0.00 0.00 0.00 0.00 0.00 0.00 0.00 0.00 0.00 0.00 0.00 0.00 0.02 0.80 32.00 
7.00 30.18 38.82 43.54 46.38 47.90 48.44 48.32 47.88 47.44 47.20 47.26 47.57 47.99 48.42 48.83 49.30 49.93 50.74 51.63 52.43 52.93 53.00 52.65 51.96 51.09 50.23 49.56 49.21 49.25 49.62 50.20 50.84 51.42 51.85 52.13 52.33 52.50 52.71 52.94 53.08 53.02 52.64 51.91 50.90 49.77 48.70 47.83 47.24 46.94 46.93 47.10 47.35 47.51 47.48 47.22 46.83 46.45 46.26 46.39 46.86 47.60 48.48 49.34 50.08 50.68 51.19 51.65 52.13 52.60 53.00 53.22 53.14 52.69 51.89 50.84 49.75 48.84 48.32 48.27 48.61 49.15 49.64 49.92 49.95 49.80 49.64 49.60 49.72 50.00 50.38 50.81 51.25 51.60 51.75 51.55 50.96 50.01 48.90 47.84 46.99 46.40 46.01 45.74 45.55 45.43 45.39 45.44 45.61 45.91 46.37 46.99 47.78 48.71 49.73 50.72 51.52 51.99 52.07 51.81 51.37 50.89 50.48 50.18 49.96 49.77 49.56 49.28 48.90 48.45 48.03 47.72 47.63 47.77 48.08 48.43 48.63 48.57 48.18 47.54 46.82 46.18 45.74 45.48 45.18 44.41 42.56 38.92 32.86 24.10 12.93 0.31 0.01 0.00 0.00 0.00 0.00 0.00 0.00 0.00 0.00 0.00 0.00 0.00 0.00 0.00 0.00 0.00 0.00 0.00 0.00 0.00 0.00 0.00 0.00 0.00 0.00 0.00 0.00 0.00 0.00 0.00 0.00 0.00 0.00 0.00 0.00 0.00 0.00 0.00 0.00 0.00 0.00 0.00 0.00 0.00 0.00 0.03 1.33 57.00 
70.00 45.57 43.21 45.09 47.09 48.34 48.80 48.64 48.17 47.66 47.34 47.34 47.63 48.09 48.60 49.14 49.73 50.45 51.28 52.14 52.82 53.16 53.04 52.46 51.54 50.47 49.44 48.66 48.27 48.33 48.77 49.45 50.21 50.88 51.37 51.68 51.86 52.00 52.18 52.44 52.67 52.75 52.51 51.90 50.95 49.82 48.73 47.86 47.32 47.14 47.26 47.58 47.94 48.19 48.23 48.02 47.63 47.18 46.82 46.67 46.81 47.22 47.82 48.50 49.18 49.81 50.40 50.97 51.52 52.02 52.39 52.52 52.33 51.78 50.94 49.92 48.92 48.14 47.75 47.81 48.22 48.77 49.22 49.39 49.27 48.97 48.68 48.54 48.63 48.92 49.36 49.88 50.43 50.93 51.24 51.22 50.80 50.02 49.06 48.13 47.40 46.91 46.62 46.45 46.35 46.30 46.32 46.41 46.59 46.86 47.25 47.73 48.30 48.94 49.61 50.24 50.71 50.92 50.85 50.54 50.13 49.75 49.46 49.27 49.14 49.00 48.82 48.56 48.22 47.83 47.47 47.25 47.23 47.42 47.78 48.17 48.45 48.48 48.24 47.79 47.29 46.92 46.78 46.80 46.73 46.08 44.21 40.41 34.06 24.93 13.35 0.32 0.01 0.00 0.00 0.00 0.00 0.00 0.00 0.00 0.00 0.00 0.00 0.00 0.00 0.00 0.00 0.00 0.00 0.00 0.00 0.00 0.00 0.00 0.00 0.00 0.00 0.00 0.00 0.00 0.00 0.00 0.00 0.00 0.00 0.00 0.00 0.00 0.00 0.00 0.00 0.00 0.00 0.00 0.00 0.00 0.00 0.01 0.54 22.00 
31.00 38.48 42.65 45.60 47.60 48.74 49.14 49.00 48.55 48.06 47.75 47.76 48.06 48.58 49.19 49.84 50.54 51.31 52.13 52.90 53.44 53.58 53.25 52.46 51.36 50.12 48.99 48.15 47.74 47.79 48.22 48.88 49.59 50.22 50.67 50.93 51.05 51.15 51.34 51.65 52.01 52.24 52.17 51.70 50.84 49.77 48.74 47.96 47.56 47.56 47.87 48.34 48.79 49.07 49.11 48.86 48.39 47.80 47.21 46.75 46.52 46.57 46.89 47.39 48.01 48.68 49.36 50.04 50.68 51.22 51.56 51.64 51.39 50.85 50.07 49.17 48.31 47.67 47.37 47.47 47.86 48.35 48.69 48.74 48.48 48.06 47.66 47.44 47.47 47.72 48.15 48.70 49.31 49.91 50.38 50.57 50.40 49.88 49.17 48.47 47.93 47.59 47.39 47.26 47.16 47.10 47.09 47.17 47.34 47.59 47.91 48.28 48.67 49.05 49.42 49.74 49.94 49.95 49.76 49.41 49.02 48.69 48.46 48.33 48.23 48.12 47.96 47.73 47.45 47.17 46.94 46.84 46.93 47.20 47.60 48.02 48.33 48.43 48.32 48.06 47.83 47.77 47.94 48.24 48.34 47.73 45.75 41.71 35.05 25.58 13.67 0.33 0.01 0.00 0.00 0.00 0.00 0.00 0.00 0.00 0.00 0.00 0.00 0.00 0.00 0.00 0.00 0.00 0.00 0.00 0.00 0.00 0.00 0.00 0.00 0.00 0.00 0.00 0.00 0.00 0.00 0.00 0.00 0.00 0.00 0.00 0.00 0.00 0.00 0.00 0.00 0.00 0.00 0.00 0.00 0.00 0.00 0.01 0.61 25.00 
8.00 34.32 42.62 46.20 48.09 49.04 49.36 49.24 48.88 48.50 48.29 48.37 48.75 49.37 50.10 50.87 51.66 52.46 53.23 53.86 54.21 54.15 53.60 52.63 51.38 50.05 48.87 48.03 47.61 47.62 47.97 48.51 49.09 49.58 49.91 50.07 50.13 50.21 50.42 50.79 51.25 51.62 51.69 51.35 50.62 49.69 48.81 48.22 48.04 48.26 48.73 49.29 49.74 49.96 49.88 49.51 48.89 48.12 47.30 46.54 45.99 45.72 45.78 46.13 46.70 47.41 48.20 49.00 49.73 50.32 50.67 50.75 50.54 50.09 49.46 48.74 48.05 47.52 47.26 47.30 47.59 47.93 48.13 48.05 47.69 47.19 46.72 46.45 46.41 46.60 46.96 47.44 48.02 48.65 49.21 49.58 49.65 49.43 49.04 48.64 48.35 48.18 48.07 47.95 47.79 47.65 47.59 47.63 47.78 48.02 48.31 48.60 48.86 49.06 49.22 49.33 49.35 49.24 48.98 48.62 48.24 47.93 47.72 47.60 47.50 47.37 47.19 46.98 46.76 46.57 46.48 46.52 46.72 47.07 47.49 47.90 48.20 48.34 48.32 48.26 48.28 48.53 48.99 49.50 49.69 49.02 46.85 42.53 35.58 25.86 13.79 0.33 0.01 0.00 0.00 0.00 0.00 0.00 0.00 0.00 0.00 0.00 0.00 0.00 0.00 0.00 0.00 0.00 0.00 0.00 0.00 0.00 0.00 0.00 0.00 0.00 0.00 0.00 0.00 0.00 0.00 0.00 0.00 0.00 0.00 0.00 0.00 0.00 0.00 0.00 0.00 0.00 0.00 0.00 0.00 0.00 0.00 0.03 1.37 58.00 
62.00 47.81 46.65 47.69 48.65 49.16 49.30 49.17 48.93 48.71 48.68 48.93 49.47 50.24 51.13 52.03 52.90 53.70 54.38 54.85 54.98 54.69 53.94 52.81 51.46 50.10 48.94 48.13 47.73 47.71 47.96 48.35 48.75 49.07 49.26 49.33 49.34 49.41 49.64 50.06 50.57 51.00 51.16 50.93 50.36 49.63 49.00 48.69 48.77 49.20 49.78 50.33 50.67 50.69 50.40 49.82 49.01 48.06 47.05 46.08 45.29 44.80 44.66 44.90 45.44 46.20 47.08 47.99 48.81 49.45 49.86 50.01 49.92 49.64 49.22 48.72 48.19 47.73 47.43 47.36 47.47 47.62 47.65 47.45 47.02 46.50 46.04 45.74 45.65 45.74 45.97 46.30 46.74 47.27 47.80 48.24 48.48 48.52 48.45 48.38 48.38 48.42 48.40 48.28 48.07 47.85 47.73 47.77 47.94 48.21 48.50 48.75 48.93 49.02 49.06 49.07 49.02 48.86 48.60 48.25 47.89 47.59 47.38 47.23 47.09 46.90 46.68 46.44 46.23 46.11 46.12 46.28 46.58 46.98 47.40 47.77 48.02 48.13 48.18 48.25 48.49 48.98 49.67 50.30 50.49 49.68 47.27 42.68 35.52 25.70 13.66 0.33 0.01 0.00 0.00 0.00 0.00 0.00 0.00 0.00 0.00 0.00 0.00 0.00 0.00 0.00 0.00 0.00 0.00 0.00 0.00 0.00 0.00 0.00 0.00 0.00 0.00 0.00 0.00 0.00 0.00 0.00 0.00 0.00 0.00 0.00 0.00 0.00 0.00 0.00 0.00 0.00 0.00 0.00 0.00 0.00 0.00 0.04 1.63 70.00 
54.00 47.93 47.88 48.51 48.86 48.91 48.79 48.61 48.47 48.46 48.67 49.16 49.94 50.92 52.01 53.06 54.00 54.78 55.34 55.61 55.52 55.00 54.06 52.80 51.40 50.06 48.97 48.23 47.88 47.86 48.05 48.33 48.60 48.79 48.87 48.88 48.87 48.96 49.21 49.63 50.12 50.52 50.68 50.52 50.11 49.64 49.33 49.35 49.71 50.31 50.93 51.37 51.48 51.23 50.64 49.80 48.80 47.69 46.55 45.46 44.55 43.95 43.73 43.91 44.45 45.25 46.20 47.17 48.04 48.74 49.22 49.49 49.58 49.54 49.37 49.08 48.69 48.26 47.90 47.68 47.59 47.54 47.41 47.12 46.68 46.18 45.75 45.47 45.33 45.31 45.36 45.46 45.65 45.94 46.30 46.66 46.95 47.16 47.35 47.58 47.86 48.11 48.21 48.11 47.88 47.63 47.52 47.61 47.87 48.22 48.56 48.81 48.95 48.99 48.99 48.96 48.90 48.78 48.56 48.27 47.96 47.69 47.47 47.27 47.05 46.78 46.46 46.16 45.92 45.82 45.89 46.12 46.49 46.91 47.31 47.60 47.77 47.82 47.86 48.00 48.37 49.00 49.78 50.44 50.53 49.53 46.89 42.11 34.85 25.11 13.31 0.32 0.01 0.00 0.00 0.00 0.00 0.00 0.00 0.00 0.00 0.00 0.00 0.00 0.00 0.00 0.00 0.00 0.00 0.00 0.00 0.00 0.00 0.00 0.00 0.00 0.00 0.00 0.00 0.00 0.00 0.00 0.00 0.00 0.00 0.00 0.00 0.00 0.00 0.00 0.00 0.00 0.00 0.00 0.00 0.00 0.00 0.01 0.34 13.00 
15.00 41.73 47.93 49.04 48.81 48.28 47.81 47.52 47.46 47.65 48.11 48.88 49.93 51.17 52.47 53.69 54.70 55.45 55.88 55.96 55.64 54.91 53.81 52.46 51.04 49.76 48.77 48.14 47.88 47.91 48.11 48.36 48.57 48.71 48.76 48.77 48.80 48.92 49.18 49.56 49.96 50.24 50.32 50.17 49.91 49.72 49.75 50.11 50.74 51.46 52.05 52.32 52.17 51.60 50.71 49.61 48.42 47.18 45.96 44.84 43.92 43.30 43.09 43.29 43.85 44.69 45.66 46.64 47.51 48.23 48.78 49.21 49.53 49.76 49.86 49.77 49.50 49.10 48.67 48.31 48.05 47.84 47.59 47.24 46.80 46.35 45.97 45.70 45.54 45.41 45.26 45.09 44.95 44.89 44.94 45.08 45.28 45.54 45.89 46.34 46.84 47.27 47.49 47.45 47.23 47.01 46.98 47.19 47.61 48.11 48.55 48.86 49.00 49.03 49.00 48.96 48.93 48.86 48.74 48.56 48.35 48.13 47.92 47.67 47.36 46.97 46.54 46.13 45.82 45.69 45.78 46.06 46.47 46.90 47.25 47.45 47.50 47.45 47.42 47.54 47.92 48.56 49.32 49.87 49.80 48.60 45.78 40.90 33.69 24.19 12.79 0.31 0.01 0.00 0.00 0.00 0.00 0.00 0.00 0.00 0.00 0.00 0.00 0.00 0.00 0.00 0.00 0.00 0.00 0.00 0.00 0.00 0.00 0.00 0.00 0.00 0.00 0.00 0.00 0.00 0.00 0.00 0.00 0.00 0.00 0.00 0.00 0.00 0.00 0.00 0.00 0.00 0.00 0.00 0.00 0.00 0.00 0.01 0.51 21.00 
65.00 55.91 52.82 50.67 48.88 47.47 46.53 46.06 46.02 46.36 47.06 48.09 49.39 50.87 52.37 53.73 54.81 55.53 55.86 55.77 55.27 54.37 53.16 51.76 50.37 49.17 48.29 47.79 47.64 47.76 48.02 48.31 48.56 48.74 48.86 48.95 49.06 49.24 49.50 49.80 50.05 50.16 50.09 49.92 49.78 49.83 50.19 50.86 51.71 52.52 53.05 53.14 52.73 51.89 50.74 49.43 48.08 46.74 45.48 44.36 43.47 42.92 42.77 43.04 43.66 44.53 45.49 46.42 47.23 47.93 48.54 49.12 49.69 50.21 50.57 50.70 50.56 50.20 49.73 49.29 48.91 48.60 48.27 47.88 47.44 47.01 46.66 46.43 46.24 46.02 45.70 45.27 44.78 44.34 44.01 43.84 43.84 44.02 44.41 44.96 45.60 46.13 46.42 46.42 46.24 46.08 46.16 46.55 47.18 47.89 48.50 48.91 49.10 49.13 49.08 49.03 49.00 48.99 48.99 48.96 48.90 48.79 48.62 48.34 47.94 47.44 46.88 46.35 45.95 45.76 45.84 46.14 46.56 46.97 47.27 47.38 47.30 47.13 46.98 47.00 47.28 47.80 48.39 48.75 48.45 47.06 44.12 39.25 32.22 23.07 12.18 0.29 0.01 0.00 0.00 0.00 0.00 0.00 0.00 0.00 0.00 0.00 0.00 0.00 0.00 0.00 0.00 0.00 0.00 0.00 0.00 0.00 0.00 0.00 0.00 0.00 0.00 0.00 0.00 0.00 0.00 0.00 0.00 0.00 0.00 0.00 0.00 0.00 0.00 0.00 0.00 0.00 0.00 0.00 0.00 0.00 0.00 0.02 1.00 43.00 
74.00 64.09 56.85 52.13 48.89 46.65 45.25 44.56 44.49 44.91 45.75 46.94 48.41 50.05 51.69 53.15 54.28 54.99 55.25 55.07 54.47 53.50 52.25 50.87 49.54 48.43 47.66 47.27 47.22 47.42 47.75 48.13 48.48 48.78 49.03 49.25 49.47 49.73 49.98 50.19 50.28 50.20 49.98 49.76 49.70 49.96 50.58 51.50 52.51 53.37 53.84 53.78 53.20 52.17 50.86 49.41 47.94 46.52 45.22 44.10 43.25 42.77 42.72 43.08 43.77 44.66 45.58 46.43 47.16 47.80 48.46 49.19 50.00 50.80 51.43 51.78 51.78 51.50 51.06 50.58 50.15 49.76 49.36 48.92 48.44 48.01 47.68 47.47 47.30 47.05 46.61 45.98 45.20 44.41 43.73 43.24 43.00 43.03 43.33 43.86 44.49 45.02 45.29 45.27 45.10 44.99 45.17 45.73 46.59 47.54 48.38 48.96 49.24 49.29 49.22 49.12 49.07 49.10 49.21 49.35 49.48 49.53 49.42 49.14 48.69 48.09 47.43 46.79 46.31 46.07 46.12 46.41 46.82 47.21 47.44 47.45 47.26 46.96 46.68 46.55 46.66 46.95 47.27 47.33 46.77 45.19 42.18 37.40 30.64 21.91 11.56 0.28 0.01 0.00 0.00 0.00 0.00 0.00 0.00 0.00 0.00 0.00 0.00 0.00 0.00 0.00 0.00 0.00 0.00 0.00 0.00 0.00 0.00 0.00 0.00 0.00 0.00 0.00 0.00 0.00 0.00 0.00 0.00 0.00 0.00 0.00 0.00 0.00 0.00 0.00 0.00 0.00 0.00 0.00 0.00 0.00 0.00 0.01 0.42 17.00 
99.00 69.81 58.77 52.76 48.77 46.03 44.30 43.43 43.28 43.69 44.54 45.75 47.25 48.91 50.58 52.07 53.21 53.92 54.17 53.99 53.41 52.50 51.32 50.04 48.82 47.82 47.14 46.81 46.79 47.02 47.39 47.83 48.28 48.72 49.12 49.50 49.86 50.18 50.43 50.56 50.50 50.26 49.93 49.67 49.68 50.08 50.88 51.95 53.05 53.93 54.35 54.21 53.53 52.43 51.06 49.55 48.03 46.57 45.23 44.08 43.25 42.81 42.83 43.27 44.01 44.91 45.80 46.57 47.22 47.83 48.53 49.41 50.44 51.49 52.37 52.92 53.09 52.91 52.52 52.05 51.58 51.12 50.63 50.09 49.55 49.09 48.77 48.61 48.49 48.26 47.80 47.06 46.11 45.10 44.17 43.44 42.99 42.84 43.00 43.38 43.85 44.23 44.37 44.25 44.01 43.88 44.12 44.80 45.85 47.04 48.13 48.92 49.34 49.45 49.35 49.20 49.12 49.17 49.37 49.68 49.99 50.19 50.19 49.94 49.47 48.83 48.11 47.43 46.90 46.62 46.65 46.92 47.31 47.64 47.79 47.71 47.42 47.02 46.63 46.35 46.25 46.26 46.24 45.95 45.08 43.30 40.25 35.59 29.11 20.80 10.97 0.26 0.01 0.00 0.00 0.00 0.00 0.00 0.00 0.00 0.00 0.00 0.00 0.00 0.00 0.00 0.00 0.00 0.00 0.00 0.00 0.00 0.00 0.00 0.00 0.00 0.00 0.00 0.00 0.00 0.00 0.00 0.00 0.00 0.00 0.00 0.00 0.00 0.00 0.00 0.00 0.00 0.00 0.00 0.00 0.00 0.00 0.01 0.25 10.00 
43.00 57.70 56.32 52.36 48.66 45.84 43.97 42.97 42.71 43.02 43.75 44.83 46.18 47.72 49.28 50.70 51.81 52.53 52.83 52.74 52.31 51.57 50.59 49.50 48.45 47.57 46.96 46.63 46.58 46.74 47.06 47.49 47.99 48.52 49.07 49.59 50.05 50.43 50.68 50.75 50.60 50.28 49.88 49.62 49.67 50.16 51.05 52.19 53.31 54.16 54.54 54.37 53.68 52.59 51.25 49.79 48.29 46.82 45.45 44.29 43.43 43.00 43.03 43.49 44.25 45.15 46.01 46.74 47.36 47.99 48.77 49.79 51.01 52.26 53.33 54.05 54.35 54.28 53.95 53.48 52.95 52.38 51.76 51.09 50.46 49.96 49.68 49.58 49.56 49.42 49.01 48.27 47.29 46.20 45.19 44.37 43.81 43.52 43.48 43.63 43.84 43.95 43.85 43.53 43.13 42.91 43.10 43.82 44.99 46.38 47.69 48.70 49.30 49.50 49.43 49.26 49.16 49.23 49.50 49.93 50.38 50.69 50.76 50.56 50.12 49.52 48.83 48.18 47.67 47.42 47.44 47.69 48.01 48.26 48.32 48.15 47.80 47.35 46.90 46.52 46.21 45.94 45.55 44.87 43.66 41.66 38.55 34.00 27.79 19.85 10.48 0.25 0.01 0.00 0.00 0.00 0.00 0.00 0.00 0.00 0.00 0.00 0.00 0.00 0.00 0.00 0.00 0.00 0.00 0.00 0.00 0.00 0.00 0.00 0.00 0.00 0.00 0.00 0.00 0.00 0.00 0.00 0.00 0.00 0.00 0.00 0.00 0.00 0.00 0.00 0.00 0.00 0.00 0.00 0.00 0.00 0.00 0.01 0.64 28.00 
68.00 62.05 57.21 52.77 49.07 46.26 44.37 43.31 42.93 43.06 43.58 44.39 45.47 46.74 48.08 49.34 50.37 51.08 51.46 51.53 51.33 50.87 50.19 49.38 48.55 47.82 47.27 46.91 46.74 46.75 46.91 47.22 47.67 48.23 48.85 49.45 49.99 50.41 50.66 50.71 50.53 50.18 49.79 49.55 49.65 50.17 51.08 52.20 53.28 54.07 54.40 54.21 53.55 52.54 51.30 49.95 48.55 47.15 45.82 44.66 43.78 43.31 43.30 43.71 44.43 45.29 46.14 46.89 47.56 48.28 49.19 50.35 51.71 53.08 54.26 55.08 55.46 55.45 55.14 54.64 54.00 53.28 52.48 51.68 50.96 50.45 50.21 50.22 50.32 50.30 50.00 49.36 48.46 47.46 46.53 45.76 45.20 44.83 44.62 44.51 44.40 44.17 43.75 43.15 42.53 42.14 42.22 42.89 44.08 45.56 47.04 48.24 49.02 49.36 49.38 49.27 49.21 49.32 49.65 50.13 50.62 50.97 51.07 50.92 50.55 50.04 49.47 48.94 48.54 48.36 48.41 48.62 48.87 49.01 48.97 48.75 48.38 47.95 47.51 47.08 46.64 46.11 45.36 44.29 42.72 40.47 37.27 32.80 26.78 19.14 10.10 0.24 0.01 0.00 0.00 0.00 0.00 0.00 0.00 0.00 0.00 0.00 0.00 0.00 0.00 0.00 0.00 0.00 0.00 0.00 0.00 0.00 0.00 0.00 0.00 0.00 0.00 0.00 0.00 0.00 0.00 0.00 0.00 0.00 0.00 0.00 0.00 0.00 0.00 0.00 0.00 0.00 0.00 0.00 0.00 0.00 0.00 0.00 0.10 3.00 
80.00 65.65 58.33 53.43 49.81 47.17 45.37 44.31 43.84 43.78 44.02 44.50 45.21 46.13 47.18 48.21 49.11 49.80 50.26 50.53 50.60 50.48 50.16 49.68 49.11 48.55 48.05 47.64 47.32 47.11 47.04 47.14 47.43 47.91 48.51 49.14 49.71 50.14 50.40 50.44 50.27 49.95 49.61 49.43 49.56 50.09 50.97 52.01 52.99 53.69 53.94 53.72 53.09 52.17 51.08 49.92 48.70 47.47 46.26 45.16 44.30 43.78 43.68 43.98 44.59 45.38 46.21 47.02 47.81 48.68 49.74 51.03 52.46 53.87 55.06 55.87 56.27 56.27 55.94 55.36 54.59 53.69 52.73 51.78 51.00 50.50 50.34 50.46 50.68 50.79 50.62 50.13 49.41 48.62 47.88 47.26 46.79 46.41 46.07 45.71 45.28 44.71 43.95 43.07 42.22 41.63 41.54 42.07 43.18 44.66 46.20 47.52 48.46 48.98 49.18 49.23 49.29 49.49 49.86 50.32 50.76 51.04 51.10 50.97 50.69 50.33 49.96 49.62 49.40 49.33 49.42 49.60 49.75 49.79 49.67 49.42 49.10 48.76 48.42 48.03 47.53 46.79 45.74 44.29 42.38 39.87 36.55 32.09 26.19 18.73 9.89 0.24 0.01 0.00 0.00 0.00 0.00 0.00 0.00 0.00 0.00 0.00 0.00 0.00 0.00 0.00 0.00 0.00 0.00 0.00 0.00 0.00 0.00 0.00 0.00 0.00 0.00 0.00 0.00 0.00 0.00 0.00 0.00 0.00 0.00 0.00 0.00 0.00 0.00 0.00 0.00 0.00 0.00 0.00 0.00 0.00 0.00 0.02 0.88 38.00 
64.00 62.42 57.50 53.44 50.41 48.19 46.66 45.70 45.17 44.93 44.89 45.03 45.36 45.91 46.64 47.43 48.19 48.85 49.40 49.85 50.19 50.40 50.43 50.28 49.98 49.59 49.15 48.68 48.21 47.77 47.42 47.26 47.32 47.63 48.13 48.71 49.26 49.69 49.94 49.99 49.85 49.59 49.33 49.22 49.40 49.92 50.73 51.67 52.51 53.07 53.21 52.92 52.30 51.48 50.57 49.64 48.70 47.73 46.74 45.80 44.99 44.44 44.23 44.36 44.81 45.48 46.28 47.15 48.07 49.11 50.32 51.69 53.12 54.47 55.57 56.31 56.67 56.64 56.29 55.63 54.75 53.69 52.57 51.52 50.69 50.21 50.11 50.31 50.62 50.84 50.82 50.52 50.03 49.48 48.99 48.57 48.21 47.85 47.41 46.87 46.18 45.31 44.29 43.17 42.11 41.35 41.08 41.44 42.39 43.75 45.26 46.63 47.70 48.42 48.86 49.14 49.41 49.74 50.15 50.55 50.84 50.97 50.93 50.77 50.58 50.39 50.23 50.12 50.09 50.16 50.30 50.44 50.51 50.45 50.28 50.06 49.86 49.69 49.52 49.26 48.76 47.91 46.61 44.85 42.64 39.90 36.45 31.95 26.08 18.66 9.86 0.24 0.01 0.00 0.00 0.00 0.00 0.00 0.00 0.00 0.00 0.00 0.00 0.00 0.00 0.00 0.00 0.00 0.00 0.00 0.00 0.00 0.00 0.00 0.00 0.00 0.00 0.00 0.00 0.00 0.00 0.00 0.00 0.00 0.00 0.00 0.00 0.00 0.00 0.00 0.00 0.00 0.00 0.00 0.00 0.00 0.00 0.01 0.58 24.00 
82.00 62.64 56.00 52.73 50.58 49.01 47.87 47.09 46.57 46.21 45.93 45.75 45.75 45.97 46.42 47.01 47.66 48.30 48.93 49.54 50.12 50.60 50.92 51.04 50.96 50.71 50.32 49.81 49.21 48.57 47.98 47.55 47.35 47.44 47.77 48.24 48.72 49.12 49.35 49.39 49.28 49.08 48.91 48.89 49.13 49.66 50.41 51.22 51.91 52.30 52.30 51.92 51.29 50.55 49.83 49.18 48.57 47.95 47.27 46.55 45.87 45.32 44.98 44.93 45.17 45.68 46.41 47.30 48.33 49.48 50.77 52.13 53.48 54.69 55.64 56.28 56.59 56.57 56.22 55.56 54.61 53.46 52.23 51.10 50.23 49.73 49.64 49.87 50.22 50.51 50.62 50.52 50.28 50.00 49.73 49.49 49.23 48.87 48.37 47.69 46.83 45.78 44.58 43.31 42.14 41.26 40.86 41.05 41.81 42.99 44.37 45.72 46.88 47.79 48.48 49.05 49.56 50.06 50.50 50.81 50.93 50.86 50.66 50.45 50.30 50.25 50.29 50.39 50.54 50.72 50.88 50.99 50.98 50.87 50.71 50.58 50.55 50.61 50.67 50.59 50.17 49.28 47.84 45.87 43.43 40.51 36.93 32.36 26.43 18.93 10.01 0.24 0.01 0.00 0.00 0.00 0.00 0.00 0.00 0.00 0.00 0.00 0.00 0.00 0.00 0.00 0.00 0.00 0.00 0.00 0.00 0.00 0.00 0.00 0.00 0.00 0.00 0.00 0.00 0.00 0.00 0.00 0.00 0.00 0.00 0.00 0.00 0.00 0.00 0.00 0.00 0.00 0.00 0.00 0.00 0.00 0.00 0.02 0.75 32.00 
48.00 50.14 51.12 50.92 50.22 49.43 48.75 48.21 47.74 47.29 46.83 46.41 46.15 46.13 46.37 46.84 47.44 48.12 48.83 49.58 50.33 51.00 51.51 51.80 51.85 51.67 51.31 50.77 50.10 49.33 48.57 47.91 47.47 47.31 47.43 47.74 48.11 48.43 48.61 48.63 48.54 48.41 48.34 48.45 48.78 49.33 50.03 50.74 51.27 51.48 51.32 50.83 50.17 49.52 49.00 48.65 48.40 48.16 47.83 47.38 46.86 46.33 45.90 45.66 45.68 46.00 46.60 47.46 48.50 49.68 50.94 52.21 53.39 54.40 55.19 55.75 56.06 56.11 55.86 55.27 54.35 53.18 51.90 50.70 49.76 49.20 49.05 49.21 49.53 49.87 50.10 50.20 50.21 50.17 50.09 49.97 49.75 49.38 48.83 48.08 47.14 46.01 44.74 43.44 42.25 41.35 40.88 40.94 41.52 42.50 43.71 44.99 46.19 47.25 48.17 49.00 49.75 50.41 50.89 51.12 51.07 50.80 50.44 50.14 49.99 50.01 50.18 50.42 50.69 50.93 51.09 51.15 51.09 50.97 50.88 50.90 51.08 51.38 51.69 51.80 51.52 50.68 49.20 47.14 44.58 41.54 37.87 33.20 27.15 19.47 10.31 0.25 0.01 0.00 0.00 0.00 0.00 0.00 0.00 0.00 0.00 0.00 0.00 0.00 0.00 0.00 0.00 0.00 0.00 0.00 0.00 0.00 0.00 0.00 0.00 0.00 0.00 0.00 0.00 0.00 0.00 0.00 0.00 0.00 0.00 0.00 0.00 0.00 0.00 0.00 0.00 0.00 0.00 0.00 0.00 0.00 0.00 0.01 0.36 13.00 
7.00 38.80 47.35 49.49 49.78 49.56 49.24 48.89 48.49 47.99 47.40 46.81 46.37 46.21 46.36 46.80 47.43 48.18 48.99 49.84 50.69 51.45 52.03 52.36 52.44 52.27 51.89 51.34 50.65 49.86 49.02 48.23 47.59 47.20 47.08 47.19 47.40 47.59 47.69 47.68 47.61 47.56 47.63 47.88 48.33 48.95 49.63 50.24 50.62 50.66 50.35 49.78 49.11 48.55 48.23 48.16 48.25 48.37 48.36 48.18 47.81 47.32 46.82 46.42 46.23 46.35 46.80 47.55 48.53 49.63 50.76 51.83 52.79 53.60 54.24 54.76 55.15 55.36 55.30 54.88 54.06 52.93 51.63 50.37 49.34 48.67 48.38 48.42 48.67 49.01 49.36 49.66 49.90 50.06 50.13 50.08 49.86 49.47 48.89 48.13 47.17 46.05 44.82 43.57 42.45 41.61 41.16 41.16 41.59 42.38 43.43 44.60 45.80 46.96 48.05 49.07 50.00 50.78 51.29 51.47 51.29 50.87 50.37 49.97 49.77 49.79 49.99 50.28 50.58 50.82 50.94 50.95 50.87 50.79 50.80 50.99 51.38 51.91 52.42 52.72 52.58 51.85 50.44 48.40 45.84 42.77 39.05 34.31 28.10 20.18 10.70 0.26 0.01 0.00 0.00 0.00 0.00 0.00 0.00 0.00 0.00 0.00 0.00 0.00 0.00 0.00 0.00 0.00 0.00 0.00 0.00 0.00 0.00 0.00 0.00 0.00 0.00 0.00 0.00 0.00 0.00 0.00 0.00 0.00 0.00 0.00 0.00 0.00 0.00 0.00 0.00 0.00 0.00 0.00 0.00 0.00 0.00 0.05 2.27 99.00 
57.00 50.71 50.03 49.88 49.71 49.54 49.36 49.14 48.78 48.24 47.57 46.89 46.36 46.14 46.30 46.79 47.50 48.35 49.24 50.15 51.00 51.73 52.26 52.54 52.55 52.32 51.91 51.38 50.75 50.03 49.22 48.39 47.63 47.04 46.69 46.57 46.59 46.63 46.63 46.58 46.54 46.59 46.82 47.24 47.84 48.54 49.23 49.76 50.01 49.92 49.50 48.88 48.24 47.79 47.65 47.81 48.17 48.55 48.79 48.79 48.54 48.09 47.54 47.01 46.66 46.61 46.90 47.52 48.37 49.31 50.24 51.08 51.79 52.39 52.92 53.45 53.97 54.39 54.58 54.37 53.71 52.66 51.37 50.07 48.94 48.14 47.69 47.58 47.73 48.07 48.52 49.01 49.46 49.81 49.99 49.98 49.76 49.36 48.78 48.05 47.15 46.10 44.95 43.81 42.82 42.09 41.70 41.67 42.01 42.65 43.55 44.63 45.81 47.01 48.19 49.32 50.35 51.20 51.74 51.89 51.66 51.15 50.55 50.05 49.77 49.73 49.87 50.11 50.35 50.52 50.56 50.52 50.44 50.42 50.57 50.92 51.48 52.16 52.81 53.23 53.22 52.61 51.34 49.43 46.97 43.98 40.27 35.47 29.13 20.96 11.12 0.27 0.01 0.00 0.00 0.00 0.00 0.00 0.00 0.00 0.00 0.00 0.00 0.00 0.00 0.00 0.00 0.00 0.00 0.00 0.00 0.00 0.00 0.00 0.00 0.00 0.00 0.00 0.00 0.00 0.00 0.00 0.00 0.00 0.00 0.00 0.00 0.00 0.00 0.00 0.00 0.00 0.00 0.00 0.00 0.00 0.00 0.01 0.29 10.00 
70.00 57.16 52.34 50.44 49.66 49.36 49.23 49.06 48.73 48.18 47.46 46.74 46.19 46.00 46.21 46.79 47.61 48.53 49.45 50.32 51.07 51.66 52.04 52.16 52.05 51.75 51.33 50.85 50.35 49.79 49.12 48.36 47.55 46.83 46.28 45.94 45.75 45.64 45.54 45.46 45.47 45.64 46.03 46.62 47.36 48.15 48.84 49.32 49.49 49.32 48.85 48.24 47.67 47.33 47.32 47.64 48.15 48.66 49.02 49.11 48.91 48.47 47.88 47.29 46.84 46.66 46.83 47.32 48.03 48.80 49.52 50.11 50.58 50.99 51.43 51.99 52.63 53.26 53.68 53.68 53.18 52.22 50.97 49.66 48.50 47.61 47.05 46.82 46.90 47.24 47.77 48.41 49.04 49.55 49.84 49.89 49.70 49.32 48.79 48.13 47.31 46.35 45.32 44.31 43.44 42.81 42.48 42.44 42.70 43.25 44.05 45.07 46.22 47.43 48.63 49.78 50.84 51.72 52.28 52.44 52.19 51.65 51.01 50.44 50.07 49.93 49.96 50.08 50.19 50.23 50.17 50.07 50.00 50.07 50.33 50.81 51.47 52.21 52.89 53.34 53.40 52.91 51.81 50.09 47.81 44.96 41.34 36.54 30.08 21.69 11.52 0.28 0.01 0.00 0.00 0.00 0.00 0.00 0.00 0.00 0.00 0.00 0.00 0.00 0.00 0.00 0.00 0.00 0.00 0.00 0.00 0.00 0.00 0.00 0.00 0.00 0.00 0.00 0.00 0.00 0.00 0.00 0.00 0.00 0.00 0.00 0.00 0.00 0.00 0.00 0.00 0.00 0.00 0.00 0.00 0.00 0.00 0.02 0.65 27.00 
65.00 55.84 52.12 50.27 49.39 49.05 48.95 48.84 48.54 48.00 47.30 46.59 46.09 45.95 46.24 46.91 47.78 48.71 49.56 50.26 50.79 51.13 51.26 51.20 50.96 50.60 50.21 49.85 49.54 49.21 48.76 48.14 47.39 46.61 45.93 45.41 45.05 44.80 44.62 44.53 44.60 44.88 45.40 46.13 46.97 47.81 48.52 48.98 49.12 48.93 48.49 47.95 47.47 47.24 47.32 47.69 48.22 48.73 49.07 49.12 48.89 48.42 47.82 47.20 46.70 46.47 46.57 46.98 47.58 48.21 48.75 49.13 49.39 49.63 49.98 50.53 51.25 52.02 52.59 52.76 52.39 51.53 50.36 49.12 48.00 47.14 46.57 46.31 46.37 46.72 47.32 48.08 48.84 49.48 49.88 50.01 49.89 49.59 49.14 48.56 47.84 46.99 46.06 45.17 44.39 43.82 43.48 43.40 43.58 44.04 44.78 45.77 46.91 48.11 49.29 50.43 51.47 52.34 52.91 53.09 52.87 52.35 51.71 51.12 50.69 50.45 50.35 50.32 50.27 50.15 49.99 49.83 49.77 49.90 50.24 50.78 51.45 52.16 52.77 53.16 53.21 52.80 51.85 50.35 48.30 45.64 42.16 37.41 30.89 22.33 11.88 0.28 0.01 0.00 0.00 0.00 0.00 0.00 0.00 0.00 0.00 0.00 0.00 0.00 0.00 0.00 0.00 0.00 0.00 0.00 0.00 0.00 0.00 0.00 0.00 0.00 0.00 0.00 0.00 0.00 0.00 0.00 0.00 0.00 0.00 0.00 0.00 0.00 0.00 0.00 0.00 0.00 0.00 0.00 0.00 0.00 0.00 0.03 1.17 50.00 
33.00 49.43 50.60 49.71 49.02 48.75 48.70 48.64 48.41 47.94 47.31 46.69 46.28 46.23 46.60 47.30 48.15 48.96 49.59 49.98 50.16 50.15 50.00 49.75 49.42 49.08 48.78 48.60 48.52 48.45 48.26 47.83 47.20 46.45 45.72 45.11 44.64 44.30 44.08 44.00 44.12 44.48 45.07 45.84 46.72 47.59 48.32 48.80 48.98 48.85 48.49 48.06 47.70 47.55 47.66 48.00 48.45 48.83 49.02 48.94 48.60 48.06 47.43 46.82 46.34 46.11 46.19 46.57 47.13 47.69 48.11 48.33 48.42 48.50 48.73 49.21 49.93 50.73 51.38 51.62 51.34 50.60 49.57 48.49 47.55 46.84 46.40 46.22 46.32 46.70 47.34 48.15 49.00 49.74 50.25 50.48 50.46 50.25 49.90 49.40 48.77 48.02 47.21 46.40 45.67 45.08 44.67 44.46 44.52 44.88 45.57 46.54 47.67 48.86 50.02 51.12 52.13 52.98 53.54 53.74 53.56 53.09 52.50 51.95 51.51 51.22 51.03 50.86 50.65 50.40 50.12 49.91 49.85 50.00 50.36 50.89 51.49 52.08 52.54 52.81 52.79 52.41 51.59 50.29 48.48 46.05 42.74 38.08 31.55 22.85 12.17 0.29 0.01 0.00 0.00 0.00 0.00 0.00 0.00 0.00 0.00 0.00 0.00 0.00 0.00 0.00 0.00 0.00 0.00 0.00 0.00 0.00 0.00 0.00 0.00 0.00 0.00 0.00 0.00 0.00 0.00 0.00 0.00 0.00 0.00 0.00 0.00 0.00 0.00 0.00 0.00 0.00 0.00 0.00 0.00 0.00 0.00 0.02 0.79 32.00 
90.00 58.67 51.82 49.67 48.82 48.56 48.56 48.58 48.44 48.11 47.64 47.18 46.92 46.99 47.41 48.07 48.78 49.33 49.60 49.57 49.29 48.89 48.47 48.08 47.74 47.50 47.37 47.41 47.57 47.74 47.77 47.53 47.04 46.37 45.68 45.07 44.58 44.23 44.02 43.97 44.12 44.49 45.06 45.80 46.64 47.49 48.25 48.80 49.07 49.07 48.86 48.56 48.32 48.23 48.33 48.58 48.87 49.05 49.01 48.72 48.21 47.57 46.91 46.32 45.88 45.70 45.82 46.23 46.79 47.33 47.69 47.81 47.76 47.68 47.76 48.13 48.76 49.52 50.14 50.41 50.20 49.58 48.75 47.93 47.28 46.85 46.64 46.62 46.81 47.24 47.89 48.71 49.59 50.39 50.98 51.32 51.40 51.28 50.98 50.55 49.99 49.33 48.61 47.89 47.19 46.53 45.96 45.56 45.43 45.65 46.26 47.19 48.30 49.46 50.58 51.64 52.60 53.42 53.97 54.18 54.03 53.63 53.12 52.65 52.29 52.03 51.81 51.56 51.24 50.87 50.51 50.25 50.18 50.31 50.63 51.07 51.55 51.97 52.26 52.37 52.26 51.88 51.17 50.06 48.48 46.29 43.18 38.63 32.11 23.30 12.43 0.30 0.01 0.00 0.00 0.00 0.00 0.00 0.00 0.00 0.00 0.00 0.00 0.00 0.00 0.00 0.00 0.00 0.00 0.00 0.00 0.00 0.00 0.00 0.00 0.00 0.00 0.00 0.00 0.00 0.00 0.00 0.00 0.00 0.00 0.00 0.00 0.00 0.00 0.00 0.00 0.00 0.00 0.00 0.00 0.00 0.00 0.04 1.58 68.00 
11.00 43.85 49.01 49.10 48.66 48.47 48.51 48.61 48.61 48.47 48.24 48.04 48.01 48.23 48.68 49.24 49.70 49.88 49.67 49.12 48.37 47.59 46.94 46.49 46.24 46.18 46.29 46.56 46.93 47.27 47.44 47.33 46.95 46.39 45.79 45.26 44.84 44.55 44.39 44.38 44.53 44.85 45.33 45.96 46.71 47.53 48.32 48.97 49.39 49.55 49.50 49.35 49.21 49.16 49.23 49.36 49.46 49.41 49.12 48.58 47.87 47.10 46.40 45.83 45.46 45.36 45.56 46.03 46.63 47.19 47.53 47.58 47.41 47.19 47.12 47.34 47.85 48.50 49.05 49.29 49.13 48.66 48.07 47.57 47.27 47.19 47.27 47.46 47.77 48.24 48.88 49.68 50.56 51.37 52.02 52.42 52.56 52.47 52.19 51.76 51.23 50.64 50.03 49.39 48.70 47.97 47.22 46.59 46.23 46.26 46.73 47.56 48.60 49.69 50.75 51.75 52.66 53.43 53.95 54.14 54.02 53.68 53.28 52.94 52.71 52.55 52.38 52.12 51.76 51.32 50.91 50.62 50.51 50.60 50.84 51.16 51.49 51.74 51.87 51.86 51.69 51.33 50.72 49.79 48.45 46.50 43.58 39.15 32.63 23.73 12.67 0.30 0.01 0.00 0.00 0.00 0.00 0.00 0.00 0.00 0.00 0.00 0.00 0.00 0.00 0.00 0.00 0.00 0.00 0.00 0.00 0.00 0.00 0.00 0.00 0.00 0.00 0.00 0.00 0.00 0.00 0.00 0.00 0.00 0.00 0.00 0.00 0.00 0.00 0.00 0.00 0.00 0.00 0.00 0.00 0.00 0.00 0.02 0.86 35.00 
74.00 57.12 51.90 49.76 48.79 48.45 48.46 48.60 48.73 48.83 48.91 49.05 49.32 49.74 50.23 50.66 50.82 50.55 49.83 48.75 47.55 46.46 45.67 45.26 45.18 45.37 45.74 46.22 46.74 47.15 47.35 47.27 46.93 46.45 45.97 45.57 45.29 45.12 45.05 45.07 45.19 45.42 45.76 46.25 46.89 47.66 48.49 49.25 49.83 50.15 50.26 50.23 50.17 50.15 50.18 50.21 50.15 49.87 49.32 48.54 47.62 46.73 45.98 45.44 45.15 45.15 45.45 46.00 46.67 47.26 47.59 47.58 47.31 46.96 46.75 46.83 47.22 47.75 48.21 48.42 48.30 47.97 47.61 47.43 47.48 47.73 48.10 48.51 48.96 49.48 50.12 50.89 51.74 52.55 53.20 53.61 53.74 53.60 53.25 52.75 52.20 51.64 51.11 50.57 49.94 49.16 48.28 47.44 46.84 46.65 46.93 47.60 48.50 49.47 50.42 51.32 52.15 52.84 53.30 53.46 53.35 53.07 52.77 52.58 52.51 52.50 52.43 52.22 51.86 51.42 50.99 50.69 50.55 50.59 50.74 50.94 51.14 51.27 51.32 51.27 51.11 50.82 50.35 49.62 48.51 46.80 44.06 39.73 33.20 24.17 12.91 0.31 0.01 0.00 0.00 0.00 0.00 0.00 0.00 0.00 0.00 0.00 0.00 0.00 0.00 0.00 0.00 0.00 0.00 0.00 0.00 0.00 0.00 0.00 0.00 0.00 0.00 0.00 0.00 0.00 0.00 0.00 0.00 0.00 0.00 0.00 0.00 0.00 0.00 0.00 0.00 0.00 0.00 0.00 0.00 0.00 0.00 0.03 1.27 54.00 
85.00 59.05 52.26 49.82 48.73 48.29 48.23 48.38 48.64 48.97 49.40 49.93 50.56 51.22 51.78 52.08 51.94 51.25 50.05 48.52 46.95 45.65 44.82 44.51 44.66 45.11 45.73 46.38 46.97 47.36 47.48 47.33 46.97 46.54 46.17 45.93 45.81 45.78 45.80 45.85 45.92 46.04 46.24 46.59 47.12 47.86 48.73 49.59 50.29 50.74 50.96 51.01 51.00 51.00 51.02 50.99 50.80 50.35 49.58 48.58 47.48 46.47 45.67 45.16 44.96 45.06 45.47 46.11 46.84 47.45 47.77 47.71 47.35 46.90 46.58 46.56 46.84 47.28 47.66 47.82 47.73 47.50 47.34 47.41 47.73 48.26 48.88 49.49 50.08 50.68 51.35 52.11 52.93 53.72 54.34 54.70 54.73 54.46 53.95 53.31 52.65 52.08 51.61 51.16 50.62 49.89 48.97 48.02 47.25 46.87 46.93 47.38 48.07 48.84 49.61 50.36 51.05 51.62 52.00 52.11 51.99 51.76 51.55 51.49 51.57 51.70 51.75 51.63 51.32 50.91 50.51 50.22 50.08 50.08 50.16 50.27 50.38 50.47 50.53 50.55 50.51 50.37 50.09 49.58 48.72 47.24 44.67 40.40 33.83 24.65 13.18 0.32 0.01 0.00 0.00 0.00 0.00 0.00 0.00 0.00 0.00 0.00 0.00 0.00 0.00 0.00 0.00 0.00 0.00 0.00 0.00 0.00 0.00 0.00 0.00 0.00 0.00 0.00 0.00 0.00 0.00 0.00 0.00 0.00 0.00 0.00 0.00 0.00 0.00 0.00 0.00 0.00 0.00 0.00 0.00 0.00 0.00 0.03 1.11 47.00 
4.00 42.13 48.74 49.03 48.38 47.91 47.76 47.87 48.20 48.75 49.50 50.42 51.42 52.35 53.02 53.26 52.89 51.87 50.30 48.43 46.63 45.22 44.41 44.25 44.61 45.29 46.11 46.88 47.46 47.77 47.76 47.49 47.06 46.66 46.39 46.29 46.33 46.43 46.52 46.57 46.59 46.61 46.71 46.95 47.42 48.13 49.01 49.92 50.68 51.19 51.44 51.52 51.54 51.58 51.63 51.61 51.37 50.80 49.87 48.68 47.43 46.32 45.48 44.99 44.85 45.04 45.53 46.25 47.02 47.65 47.94 47.82 47.39 46.87 46.48 46.40 46.62 46.99 47.30 47.42 47.33 47.18 47.14 47.36 47.86 48.57 49.36 50.14 50.88 51.59 52.34 53.14 53.96 54.72 55.28 55.53 55.40 54.93 54.19 53.33 52.51 51.86 51.40 51.05 50.65 50.05 49.23 48.32 47.51 47.00 46.88 47.09 47.51 48.01 48.54 49.05 49.54 49.95 50.21 50.25 50.11 49.91 49.77 49.80 49.99 50.24 50.40 50.37 50.14 49.79 49.45 49.19 49.07 49.04 49.07 49.12 49.20 49.32 49.49 49.68 49.86 49.97 49.94 49.68 49.07 47.81 45.38 41.15 34.50 25.16 13.44 0.32 0.01 0.00 0.00 0.00 0.00 0.00 0.00 0.00 0.00 0.00 0.00 0.00 0.00 0.00 0.00 0.00 0.00 0.00 0.00 0.00 0.00 0.00 0.00 0.00 0.00 0.00 0.00 0.00 0.00 0.00 0.00 0.00 0.00 0.00 0.00 0.00 0.00 0.00 0.00 0.00 0.00 0.00 0.00 0.00 0.00 0.01 0.39 15.00 
75.00 57.01 52.06 49.71 48.29 47.47 47.11 47.12 47.47 48.15 49.15 50.40 51.72 52.90 53.72 53.97 53.49 52.29 50.52 48.48 46.56 45.11 44.36 44.31 44.83 45.68 46.62 47.44 48.01 48.22 48.09 47.71 47.24 46.86 46.67 46.69 46.83 47.00 47.12 47.15 47.13 47.11 47.15 47.35 47.79 48.48 49.34 50.23 50.95 51.42 51.62 51.68 51.72 51.83 51.99 52.05 51.86 51.26 50.23 48.92 47.54 46.33 45.44 44.93 44.80 45.03 45.57 46.32 47.11 47.72 47.98 47.82 47.34 46.77 46.35 46.24 46.41 46.73 46.99 47.07 46.99 46.87 46.89 47.18 47.75 48.53 49.43 50.34 51.21 52.07 52.92 53.80 54.67 55.42 55.92 56.04 55.73 55.01 54.00 52.88 51.86 51.08 50.60 50.33 50.10 49.73 49.14 48.42 47.73 47.22 46.97 46.97 47.11 47.30 47.51 47.73 47.95 48.13 48.22 48.17 48.00 47.81 47.72 47.81 48.07 48.38 48.62 48.67 48.53 48.27 47.99 47.78 47.67 47.62 47.61 47.62 47.70 47.90 48.25 48.70 49.17 49.58 49.84 49.86 49.50 48.42 46.12 41.89 35.14 25.63 13.69 0.33 0.01 0.00 0.00 0.00 0.00 0.00 0.00 0.00 0.00 0.00 0.00 0.00 0.00 0.00 0.00 0.00 0.00 0.00 0.00 0.00 0.00 0.00 0.00 0.00 0.00 0.00 0.00 0.00 0.00 0.00 0.00 0.00 0.00 0.00 0.00 0.00 0.00 0.00 0.00 0.00 0.00 0.00 0.00 0.00 0.00 0.02 1.03 45.00 
73.00 59.21 53.35 50.12 48.17 47.03 46.47 46.35 46.64 47.36 48.49 49.91 51.44 52.83 53.79 54.12 53.67 52.46 50.65 48.58 46.65 45.22 44.51 44.52 45.11 46.02 47.00 47.84 48.38 48.55 48.36 47.95 47.49 47.17 47.05 47.13 47.30 47.47 47.57 47.59 47.56 47.54 47.61 47.84 48.28 48.95 49.75 50.53 51.13 51.45 51.54 51.54 51.61 51.84 52.16 52.41 52.36 51.82 50.78 49.39 47.91 46.60 45.61 45.01 44.82 45.00 45.52 46.26 47.03 47.61 47.83 47.65 47.15 46.56 46.13 45.99 46.12 46.38 46.58 46.64 46.56 46.48 46.54 46.84 47.41 48.19 49.12 50.09 51.07 52.04 53.02 54.01 54.95 55.73 56.20 56.21 55.73 54.78 53.51 52.14 50.91 49.99 49.47 49.28 49.23 49.13 48.88 48.49 48.05 47.67 47.41 47.26 47.14 47.01 46.87 46.74 46.63 46.53 46.40 46.22 45.99 45.81 45.75 45.88 46.17 46.54 46.83 46.95 46.88 46.69 46.47 46.30 46.18 46.11 46.04 46.02 46.11 46.41 46.95 47.69 48.48 49.21 49.76 50.04 49.90 48.98 46.75 42.52 35.68 26.01 13.89 0.33 0.01 0.00 0.00 0.00 0.00 0.00 0.00 0.00 0.00 0.00 0.00 0.00 0.00 0.00 0.00 0.00 0.00 0.00 0.00 0.00 0.00 0.00 0.00 0.00 0.00 0.00 0.00 0.00 0.00 0.00 0.00 0.00 0.00 0.00 0.00 0.00 0.00 0.00 0.00 0.00 0.00 0.00 0.00 0.00 0.00 0.00 0.12 3.00 
41.00 53.90 52.71 50.04 48.02 46.75 46.07 45.85 46.06 46.72 47.81 49.23 50.80 52.25 53.32 53.77 53.45 52.35 50.64 48.64 46.78 45.38 44.67 44.67 45.22 46.11 47.07 47.92 48.48 48.67 48.52 48.17 47.81 47.57 47.52 47.60 47.73 47.82 47.87 47.87 47.89 47.96 48.14 48.46 48.95 49.59 50.30 50.92 51.31 51.41 51.32 51.25 51.38 51.77 52.34 52.84 53.01 52.61 51.61 50.19 48.62 47.17 46.02 45.25 44.90 44.96 45.40 46.08 46.78 47.32 47.52 47.35 46.87 46.30 45.84 45.65 45.70 45.87 46.00 46.04 46.01 46.00 46.12 46.44 46.97 47.69 48.57 49.53 50.53 51.56 52.62 53.71 54.76 55.61 56.10 56.07 55.47 54.35 52.88 51.30 49.89 48.86 48.32 48.21 48.34 48.54 48.67 48.68 48.60 48.47 48.31 48.09 47.77 47.34 46.84 46.34 45.87 45.46 45.07 44.71 44.39 44.18 44.14 44.32 44.67 45.07 45.40 45.57 45.56 45.43 45.24 45.07 44.92 44.78 44.65 44.56 44.65 45.05 45.81 46.82 47.91 48.91 49.71 50.20 50.21 49.39 47.19 42.95 36.05 26.28 14.03 0.34 0.01 0.00 0.00 0.00 0.00 0.00 0.00 0.00 0.00 0.00 0.00 0.00 0.00 0.00 0.00 0.00 0.00 0.00 0.00 0.00 0.00 0.00 0.00 0.00 0.00 0.00 0.00 0.00 0.00 0.00 0.00 0.00 0.00 0.00 0.00 0.00 0.00 0.00 0.00 0.00 0.00 0.00 0.00 0.00 0.00 0.03 1.24 53.00 
90.00 63.14 54.31 50.24 48.03 46.80 46.18 45.97 46.13 46.65 47.54 48.75 50.15 51.51 52.58 53.14 52.99 52.06 50.48 48.60 46.82 45.45 44.70 44.61 45.06 45.84 46.75 47.62 48.27 48.58 48.55 48.34 48.13 48.03 48.05 48.09 48.09 48.04 48.00 48.01 48.15 48.42 48.80 49.28 49.85 50.50 51.12 51.55 51.67 51.49 51.21 51.07 51.29 51.89 52.73 53.52 53.95 53.72 52.79 51.35 49.67 48.05 46.66 45.62 45.03 44.93 45.28 45.88 46.50 46.95 47.14 47.03 46.64 46.09 45.59 45.29 45.20 45.23 45.26 45.29 45.36 45.51 45.77 46.12 46.59 47.20 47.96 48.83 49.74 50.70 51.77 52.94 54.10 55.06 55.62 55.60 54.96 53.75 52.15 50.43 48.90 47.84 47.34 47.34 47.67 48.15 48.67 49.13 49.48 49.68 49.71 49.51 49.06 48.35 47.50 46.65 45.87 45.13 44.45 43.86 43.39 43.10 43.07 43.32 43.77 44.25 44.61 44.79 44.80 44.68 44.50 44.28 44.06 43.84 43.62 43.46 43.55 44.06 45.03 46.29 47.61 48.79 49.74 50.36 50.42 49.61 47.43 43.21 36.31 26.48 14.14 0.34 0.01 0.00 0.00 0.00 0.00 0.00 0.00 0.00 0.00 0.00 0.00 0.00 0.00 0.00 0.00 0.00 0.00 0.00 0.00 0.00 0.00 0.00 0.00 0.00 0.00 0.00 0.00 0.00 0.00 0.00 0.00 0.00 0.00 0.00 0.00 0.00 0.00 0.00 0.00 0.00 0.00 0.00 0.00 0.00 0.00 0.03 1.38 59.00 
51.00 54.75 51.90 49.45 47.99 47.23 46.97 47.04 47.27 47.64 48.18 48.96 49.98 51.04 51.98 52.60 52.64 51.83 50.30 48.45 46.74 45.37 44.53 44.33 44.60 45.20 46.06 47.02 47.90 48.41 48.51 48.43 48.42 48.52 48.67 48.65 48.40 48.10 47.93 47.95 48.29 48.88 49.59 50.33 51.08 51.82 52.40 52.65 52.47 51.95 51.43 51.28 51.65 52.51 53.61 54.65 55.32 55.25 54.33 52.81 50.99 49.11 47.37 45.96 45.08 44.88 45.27 45.89 46.39 46.66 46.80 46.82 46.57 46.07 45.49 45.04 44.73 44.56 44.44 44.44 44.69 45.15 45.64 46.06 46.43 46.86 47.45 48.19 48.88 49.61 50.57 51.77 53.04 54.12 54.75 54.76 54.14 52.94 51.27 49.45 47.88 46.85 46.51 46.74 47.28 48.06 48.98 49.92 50.76 51.34 51.60 51.52 50.98 49.99 48.77 47.66 46.68 45.69 44.67 43.77 43.02 42.56 42.49 42.85 43.50 44.12 44.50 44.63 44.62 44.48 44.27 43.97 43.62 43.31 43.01 42.77 42.84 43.51 44.79 46.33 47.75 48.93 49.91 50.57 50.59 49.66 47.50 43.44 36.67 26.82 14.34 0.34 0.01 0.00 0.00 0.00 0.00 0.00 0.00 0.00 0.00 0.00 0.00 0.00 0.00 0.00 0.00 0.00 0.00 0.00 0.00 0.00 0.00 0.00 0.00 0.00 0.00 0.00 0.00 0.00 0.00 0.00 0.00 0.00 0.00 0.00 0.00 0.00 0.00 0.00 0.00 0.00 0.00 0.00 0.00 0.00 0.00 0.01 0.26 10.00 
67.00 53.31 49.65 48.40 48.04 48.05 48.57 49.32 49.89 50.18 50.22 50.30 50.74 51.28 51.90 52.59 52.89 52.09 50.28 48.24 46.62 45.20 44.17 43.91 43.94 44.24 45.02 46.19 47.58 48.38 48.48 48.43 48.67 49.07 49.55 49.46 48.68 47.93 47.55 47.50 48.13 49.25 50.46 51.63 52.66 53.66 54.37 54.48 53.97 52.94 52.11 52.07 52.74 53.94 55.24 56.38 57.31 57.30 56.20 54.47 52.42 50.20 47.95 46.00 44.78 44.65 45.50 46.41 46.73 46.51 46.48 46.79 46.79 46.37 45.59 45.00 44.41 44.04 43.64 43.51 44.06 45.10 45.98 46.45 46.58 46.71 47.12 47.84 48.21 48.42 49.14 50.32 51.70 52.85 53.51 53.44 52.88 51.81 50.10 48.13 46.54 45.57 45.60 46.30 47.08 48.17 49.60 51.10 52.54 53.56 54.01 54.13 53.56 52.15 50.40 49.21 48.33 47.23 45.77 44.44 43.21 42.37 42.13 42.64 43.73 44.66 44.98 44.89 44.88 44.65 44.43 44.02 43.43 43.09 42.77 42.38 42.38 43.31 45.18 47.14 48.49 49.37 50.24 50.98 50.85 49.54 47.47 43.96 37.60 27.71 14.82 0.35 0.01 0.00 0.00 0.00 0.00 0.00 0.00 0.00 0.00 0.00 0.00 0.00 0.00 0.00 0.00 0.00 0.00 0.00 0.00 0.00 0.00 0.00 0.00 0.00 0.00 0.00 0.00 0.00 0.00 0.00 0.00 0.00 0.00 0.00 0.00 0.00 0.00 0.00 0.00 0.00 0.00 0.00 0.00 0.00 0.00 0.00 0.05 1.00 
37.00 42.08 45.38 46.92 48.26 49.11 50.91 53.13 54.47 54.84 54.10 52.98 52.83 52.52 52.50 53.40 54.48 53.45 50.63 47.81 46.69 45.11 43.57 43.61 43.28 42.90 43.56 45.05 47.73 48.96 48.57 48.16 48.82 49.66 51.09 51.01 48.94 47.34 46.71 46.21 47.30 49.40 51.33 53.15 54.50 56.11 57.32 57.33 56.48 54.45 53.04 53.43 54.71 56.52 57.89 58.68 60.18 60.13 58.35 56.18 53.84 51.20 48.17 45.34 43.55 43.78 46.17 47.98 47.96 46.30 45.80 47.02 47.47 47.20 45.81 45.37 44.25 43.94 42.91 42.28 43.30 45.63 47.12 47.54 47.10 46.63 46.83 48.23 48.10 47.07 47.50 48.69 50.26 51.38 52.00 51.42 50.98 50.35 48.53 46.10 44.47 43.38 44.21 46.02 46.81 48.24 50.47 52.70 55.07 56.57 56.92 57.55 57.06 54.83 51.82 51.02 50.96 50.04 47.70 45.89 43.74 42.11 41.44 42.13 44.33 45.91 45.94 45.12 45.37 44.85 44.87 44.34 43.09 42.99 42.89 42.08 41.72 43.01 46.30 49.15 50.01 49.88 50.54 51.85 51.53 48.97 47.20 45.33 40.00 29.88 15.90 0.38 0.01 0.00 0.00 0.00 0.00 0.00 0.00 0.00 0.00 0.00 0.00 0.00 0.00 0.00 0.00 0.00 0.00 0.00 0.00 0.00 0.00 0.00 0.00 0.00 0.00 0.00 0.00 0.00 0.00 0.00 0.00 0.00 0.00 0.00 0.00 0.00 0.00 0.00 0.00 0.00 0.00 0.00 0.00 0.00 0.00 0.02 0.80 35.00 
7.00 32.71 43.06 45.90 49.29 49.72 53.65 59.02 61.54 62.37 60.17 56.44 56.63 54.78 53.22 54.79 58.72 56.99 51.30 46.02 47.69 45.51 41.94 44.17 43.04 40.74 41.37 42.74 49.36 51.20 48.73 46.89 48.92 49.80 54.30 54.63 48.77 45.71 45.60 43.09 45.17 49.39 52.07 55.10 56.19 59.21 61.79 61.41 60.65 56.05 53.17 55.16 57.48 60.75 61.99 60.66 64.60 64.43 60.54 57.71 55.26 52.29 47.91 43.46 40.31 41.00 47.83 51.81 51.18 45.11 43.39 47.96 48.81 49.23 45.33 46.76 43.73 45.03 42.23 39.86 41.66 47.37 49.68 49.80 47.90 46.20 45.68 50.56 49.37 44.76 45.50 46.85 49.08 49.82 50.74 48.13 48.12 49.09 46.79 42.72 41.55 39.08 41.71 46.71 45.95 47.69 51.61 54.54 58.83 61.02 59.74 62.21 62.39 58.41 51.30 52.55 55.13 55.07 49.92 48.42 44.29 41.25 39.57 40.10 45.47 48.54 47.56 44.06 46.43 44.36 45.77 45.30 41.55 42.91 43.86 41.66 39.92 41.33 48.46 53.62 52.78 49.63 50.03 54.03 53.85 46.70 45.75 48.62 45.64 34.60 17.78 0.43 0.01 0.05 0.04 0.00 0.01 0.04 0.03 0.05 0.05 0.05 0.04 0.04 0.05 0.02 0.00 0.01 0.01 0.02 0.04 0.01 0.05 0.05 0.05 0.03 0.05 0.01 0.00 0.05 0.05 0.05 0.00 0.03 0.04 0.03 0.01 0.02 0.03 0.04 0.02 0.04 0.03 0.03 0.04 0.04 0.02 0.04 0.17 4.00 
61.00 38.75 48.31 44.41 53.44 47.13 55.53 68.63 71.46 74.33 69.27 57.42 63.80 57.92 51.78 54.58 69.22 64.96 51.92 37.67 52.97 47.80 35.00 48.55 44.31 35.87 38.61 35.28 55.85 57.83 48.34 41.86 50.29 46.45 61.80 64.55 45.84 41.08 46.73 35.13 40.53 50.58 52.17 58.84 55.98 62.89 69.44 66.18 69.03 56.49 49.20 57.54 60.36 67.98 69.33 57.73 73.14 72.26 61.38 58.53 56.86 54.44 47.40 40.05 33.15 32.18 52.62 60.59 60.08 39.70 34.66 52.55 50.50 55.61 39.69 52.89 39.26 50.65 41.57 33.67 36.49 52.84 54.66 54.27 48.72 44.80 39.41 59.32 54.50 37.57 43.29 44.32 49.27 47.65 52.28 41.31 43.30 50.25 46.09 35.92 39.53 29.35 36.56 52.99 42.52 45.04 53.97 55.34 65.05 69.22 59.02 69.28 71.96 65.23 42.63 53.10 62.44 65.82 49.13 54.09 44.10 39.19 35.48 33.10 48.68 54.96 51.39 36.83 51.65 40.13 48.36 49.39 34.80 43.19 48.00 40.97 35.27 34.35 53.00 64.37 57.98 45.85 45.78 60.16 62.70 37.59 39.63 56.76 58.29 44.26 19.71 0.57 0.13 2.11 1.73 0.14 0.54 1.72 1.15 1.96 2.00 2.15 1.59 1.79 2.13 0.94 0.12 0.56 0.32 0.64 1.64 0.36 2.21 2.01 2.21 1.01 2.03 0.28 0.15 2.16 1.97 2.25 0.08 1.07 1.88 1.48 0.21 0.83 1.24 1.88 0.62 1.54 1.06 1.29 1.71 1.86 0.95 1.76 2.61 75.00 
25.00 13.00 67.00 30.00 73.00 30.00 53.00 89.00 82.00 95.00 86.00 41.00 84.00 62.00 42.00 43.00 99.00 82.00 54.00 0.00 79.00 58.00 2.00 71.00 50.00 20.00 42.00 4.00 81.00 76.00 45.00 22.00 64.00 24.00 82.00 96.00 29.00 26.00 65.00 10.00 31.00 60.00 47.00 72.00 46.00 67.00 87.00 65.00 93.00 52.00 30.00 66.00 59.00 82.00 90.00 28.00 98.00 90.00 54.00 58.00 59.00 61.00 47.00 36.00 20.00 2.00 70.00 78.00 89.00 19.00 3.00 77.00 45.00 83.00 5.00 86.00 10.00 77.00 40.00 17.00 18.00 73.00 62.00 64.00 48.00 45.00 8.00 93.00 72.00 8.00 46.00 38.00 56.00 39.00 69.00 21.00 33.00 62.00 51.00 15.00 51.00 2.00 22.00 86.00 26.00 36.00 64.00 48.00 77.00 92.00 38.00 84.00 91.00 88.00 1.00 55.00 76.00 97.00 27.00 75.00 39.00 36.00 30.00 8.00 61.00 71.00 66.00 0.00 83.00 16.00 58.00 69.00 5.00 47.00 64.00 39.00 26.00 8.00 65.00 93.00 69.00 30.00 27.00 78.00 99.00 1.00 18.00 80.00 86.00 64.00 16.00 5.00 3.00 91.00 74.00 4.00 22.00 74.00 47.00 83.00 84.00 91.00 66.00 75.00 91.00 39.00 4.00 24.00 13.00 26.00 71.00 12.00 95.00 84.00 94.00 40.00 88.00 10.00 4.00 93.00 82.00 97.00 0.00 45.00 80.00 63.00 7.00 35.00 52.00 81.00 24.00 66.00 44.00 54.00 72.00 79.00 38.00 74.00 38.00 19.00 

Lane 2
73.00 72.00 23.00 65.00 87.00 29.00 3.00 57.00 99.00 35.00 12.00 33.00 79.00 72.00 85.00 91.00 1.00 44.00 24.00 3.00 49.00 53.00 28.00 81.00 65.00 36.00 15.00 1.00 5.00 98.00 5.00 66.00 38.00 97.00 37.00 97.00 9.00 75.00 42.00 12.00 94.00 68.00 6.00 65.00 67.00 12.00 90.00 57.00 40.00 6.00 95.00 23.00 5.00 6.00 38.00 44.00 26.00 38.00 50.00 47.00 72.00 85.00 23.00 68.00 25.00 11.00 44.00 96.00 91.00 97.00 25.00 11.00 61.00 68.00 67.00 31.00 72.00 84.00 7.00 69.00 55.00 2.00 49.00 38.00 51.00 31.00 19.00 80.00 54.00 45.00 0.00 97.00 50.00 12.00 4.00 65.00 9.00 83.00 73.00 76.00 30.00 44.00 16.00 33.00 78.00 11.00 19.00 91.00 33.00 88.00 77.00 0.00 15.00 30.00 7.00 26.00 13.00 60.00 57.00 15.00 17.00 67.00 95.00 3.00 58.00 30.00 73.00 20.00 80.00 20.00 3.00 34.00 32.00 42.00 10.00 70.00 50.00 18.00 30.00 24.00 96.00 60.00 40.00 1.00 18.00 13.00 12.00 17.00 24.00 11.00 10.00 65.00 3.00 41.00 99.00 87.00 41.00 42.00 45.00 11.00 5.00 89.00 4.00 92.00 80.00 39.00 11.00 71.00 61.00 40.00 27.00 63.00 27.00 31.00 6.00 1.00 3.00 36.00 10.00 73.00 91.00 27.00 25.00 49.00 76.00 20.00 10.00 44.00 34.00 89.00 25.00 29.00 40.00 96.00 48.00 52.00 37.00 10.00 10.00 99.00 
93.00 70.41 51.88 58.06 60.40 43.10 35.50 50.93 61.95 45.53 37.03 44.94 60.85 64.52 67.45 62.24 36.62 38.64 32.47 28.67 41.32 45.74 44.02 56.51 52.06 39.67 28.86 23.89 30.37 53.59 39.39 52.35 52.67 66.05 56.00 63.80 44.92 54.82 47.14 42.14 60.92 54.96 39.96 51.81 52.96 43.18 59.34 52.47 43.83 36.76 53.45 35.88 26.03 26.25 36.07 39.93 37.52 41.71 47.13 50.27 58.28 59.69 44.55 49.05 38.07 35.54 49.72 69.24 72.69 68.92 46.48 39.88 52.93 58.38 57.70 50.44 59.47 60.08 42.23 52.14 47.20 33.95 42.84 43.14 45.59 41.12 41.14 56.38 52.04 46.09 38.01 58.47 47.49 33.48 31.44 46.08 41.19 60.83 63.30 60.92 47.03 44.64 37.73 42.90 52.35 38.08 41.50 59.90 52.68 63.27 56.17 32.19 29.28 30.69 25.87 29.99 31.51 44.74 44.92 34.59 36.98 53.07 59.48 38.96 47.09 44.13 52.15 42.51 51.06 34.93 27.40 34.00 36.04 38.48 34.88 49.20 45.64 36.92 39.18 43.63 61.97 53.77 41.38 26.53 25.70 23.57 23.02 24.79 26.88 25.35 29.01 42.99 34.80 48.62 67.79 65.81 51.04 45.49 41.43 31.31 32.48 52.38 41.15 61.26 59.72 45.92 38.13 51.64 50.76 43.79 39.92 45.71 36.28 31.88 22.81 19.67 22.54 33.31 35.59 55.38 61.52 45.26 41.95 48.57 53.16 37.92 33.24 41.93 45.10 56.84 42.74 41.77 48.46 62.49 52.24 47.83 39.65 30.66 34.36 63.00 
84.00 64.85 56.21 55.18 53.64 47.66 45.04 49.26 52.25 48.03 45.54 48.79 54.90 57.76 58.08 53.91 44.66 41.48 38.56 37.83 41.84 44.59 45.84 48.98 47.06 41.70 36.80 35.20 38.86 46.46 46.49 51.16 54.07 58.31 56.92 57.07 51.91 52.15 49.63 48.56 52.70 51.08 47.18 49.40 49.95 48.46 51.81 49.82 46.19 43.83 46.10 40.84 36.68 36.50 39.70 41.78 42.22 44.12 46.67 48.90 51.55 51.34 46.92 46.03 43.10 43.74 50.45 58.82 61.79 59.64 52.16 49.17 52.49 54.94 55.06 53.64 55.38 54.55 49.54 49.95 47.48 43.56 45.05 45.89 46.82 46.39 47.61 51.89 51.22 48.85 47.03 50.96 47.62 42.67 42.01 46.53 48.76 55.70 58.24 57.05 52.17 49.35 46.91 48.05 50.01 47.16 48.81 54.27 54.38 56.02 51.86 42.81 38.68 37.06 35.28 36.20 38.01 42.32 43.15 41.29 43.13 48.69 50.79 46.22 47.16 47.13 48.70 46.50 46.46 40.90 37.37 38.33 39.51 40.85 41.71 46.08 46.17 44.49 45.75 48.90 53.94 51.16 44.66 37.43 34.12 32.05 31.27 31.83 33.00 34.09 37.28 42.75 44.26 50.62 57.58 57.38 51.89 47.53 43.94 40.32 41.19 46.85 46.98 52.26 51.86 47.07 44.23 46.92 46.82 44.58 43.09 43.38 40.06 36.85 33.07 31.70 33.60 38.57 43.12 50.88 53.85 49.96 48.30 49.52 49.58 44.76 42.69 45.04 47.39 50.34 47.27 46.91 49.64 53.40 50.74 47.49 43.13 38.60 33.77 10.00 
17.00 48.92 53.21 53.14 51.69 49.13 47.88 48.86 49.65 48.63 48.12 49.60 52.11 53.51 53.23 50.75 46.68 44.09 42.44 42.16 43.54 44.91 45.80 46.54 45.53 43.24 41.27 41.03 43.14 46.62 48.67 51.44 53.79 55.78 55.86 55.28 53.25 52.11 50.66 49.91 50.44 49.71 48.52 48.86 49.13 49.06 49.74 48.96 47.44 46.33 46.15 44.32 42.74 42.61 43.69 44.61 45.05 45.76 46.68 47.57 48.31 47.99 46.51 45.78 45.27 46.51 50.10 54.23 56.32 55.82 53.41 52.17 52.96 53.87 54.04 53.70 53.81 53.03 51.15 50.23 48.82 47.37 47.55 48.14 48.85 49.34 50.26 51.58 51.40 50.39 49.64 50.07 48.78 47.08 47.05 49.06 51.39 54.69 56.48 56.30 54.52 52.86 51.63 51.53 51.75 51.16 51.90 53.71 54.24 54.16 51.80 47.68 44.60 42.59 41.15 40.90 41.56 43.06 43.80 44.00 45.32 47.59 48.66 47.86 48.03 48.26 48.59 47.79 46.76 44.27 42.36 42.09 42.57 43.53 44.84 46.96 48.03 48.51 49.71 51.43 52.84 51.32 47.66 43.46 40.42 38.41 37.48 37.61 38.53 40.06 42.57 45.76 48.24 51.55 54.29 54.17 51.67 48.91 46.53 44.85 45.06 46.84 47.71 49.12 48.68 46.68 45.27 45.49 45.38 44.76 44.33 44.14 42.92 41.37 39.81 39.36 40.58 43.32 46.55 50.24 52.04 51.39 50.70 50.56 49.89 48.00 46.98 47.58 48.63 49.55 48.97 48.96 49.93 50.91 49.97 48.37 46.78 46.80 52.10 75.00 
92.00 60.78 54.89 52.90 51.28 49.67 48.74 48.71 48.82 48.56 48.55 49.26 50.31 50.90 50.59 49.24 47.29 45.78 44.88 44.70 45.16 45.67 45.96 45.97 45.38 44.45 43.87 44.23 45.71 47.84 49.76 51.73 53.43 54.64 54.91 54.46 53.32 52.16 50.98 50.12 49.69 49.13 48.64 48.69 48.89 49.07 49.28 48.99 48.39 47.89 47.61 47.00 46.50 46.48 46.81 47.04 47.01 46.94 46.90 46.91 46.90 46.67 46.24 46.14 46.45 47.64 49.80 52.17 53.71 54.03 53.48 53.07 53.23 53.49 53.49 53.25 52.97 52.34 51.35 50.51 49.67 49.06 49.17 49.70 50.41 51.04 51.60 51.96 51.69 51.05 50.52 50.31 49.79 49.35 49.68 50.98 52.76 54.76 56.09 56.38 55.76 54.88 54.08 53.63 53.37 53.11 53.37 54.02 54.30 54.02 52.67 50.47 48.28 46.40 44.90 44.04 43.86 44.25 44.75 45.32 46.29 47.49 48.25 48.41 48.68 48.96 49.09 48.67 47.81 46.42 45.23 44.77 44.98 45.76 47.00 48.61 49.99 51.13 52.28 53.27 53.60 52.47 50.10 47.24 44.73 42.90 41.96 41.96 42.78 44.28 46.33 48.61 50.62 52.45 53.56 53.28 51.85 50.09 48.54 47.52 47.33 47.73 47.97 48.06 47.43 46.24 45.29 45.00 44.93 44.94 45.11 45.30 45.09 44.59 44.08 44.07 44.88 46.48 48.48 50.47 51.60 51.68 51.37 50.98 50.33 49.41 48.87 49.01 49.48 49.89 49.90 49.97 50.28 50.46 50.00 49.26 48.81 49.63 52.77 55.00 
14.00 47.46 52.97 52.69 51.30 49.94 49.02 48.60 48.40 48.22 48.20 48.50 48.94 49.19 49.02 48.40 47.56 46.88 46.52 46.45 46.56 46.60 46.47 46.18 45.76 45.41 45.43 46.05 47.27 48.83 50.39 51.86 53.08 53.88 54.11 53.77 52.97 51.97 50.91 50.00 49.35 48.86 48.60 48.67 48.91 49.19 49.40 49.39 49.23 49.08 49.01 48.90 48.82 48.84 48.87 48.71 48.31 47.76 47.20 46.75 46.48 46.38 46.43 46.75 47.35 48.36 49.78 51.31 52.50 53.11 53.24 53.21 53.22 53.18 53.00 52.67 52.23 51.63 50.92 50.27 49.78 49.59 49.88 50.52 51.29 51.92 52.27 52.25 51.84 51.27 50.80 50.56 50.42 50.51 51.06 52.13 53.54 54.98 56.03 56.43 56.22 55.67 55.02 54.47 54.05 53.82 53.90 54.21 54.42 54.26 53.48 52.12 50.46 48.74 47.17 45.99 45.34 45.24 45.51 46.06 46.84 47.67 48.32 48.75 49.15 49.49 49.62 49.38 48.75 47.83 47.01 46.63 46.81 47.54 48.75 50.25 51.74 53.04 54.11 54.76 54.72 53.75 51.94 49.72 47.60 45.97 45.10 45.09 45.88 47.28 49.04 50.83 52.34 53.40 53.82 53.44 52.45 51.26 50.18 49.40 48.98 48.76 48.46 47.95 47.12 46.12 45.31 44.92 44.90 45.17 45.64 46.15 46.46 46.54 46.53 46.70 47.27 48.27 49.48 50.61 51.28 51.39 51.14 50.72 50.20 49.68 49.42 49.55 49.90 50.26 50.47 50.61 50.71 50.66 50.31 49.80 49.44 50.01 54.25 75.00 
75.00 62.24 57.16 54.01 51.78 50.20 49.17 48.53 48.12 47.81 47.64 47.67 47.83 47.98 48.01 47.89 47.74 47.68 47.73 47.81 47.79 47.58 47.19 46.72 46.31 46.14 46.36 47.04 48.11 49.38 50.65 51.78 52.67 53.21 53.32 53.02 52.37 51.51 50.57 49.72 49.08 48.68 48.57 48.73 49.05 49.41 49.70 49.84 49.88 49.90 49.94 50.00 50.06 50.08 49.98 49.64 49.04 48.27 47.47 46.84 46.53 46.56 46.89 47.44 48.13 48.97 49.95 50.99 51.91 52.57 52.91 53.02 52.96 52.75 52.39 51.90 51.33 50.68 50.04 49.53 49.27 49.37 49.89 50.71 51.58 52.25 52.53 52.38 51.91 51.35 50.92 50.73 50.76 51.06 51.70 52.68 53.86 55.01 55.84 56.19 56.04 55.55 54.92 54.30 53.85 53.64 53.73 54.04 54.34 54.38 53.93 52.97 51.60 50.01 48.44 47.13 46.27 45.93 46.07 46.55 47.21 47.91 48.53 49.06 49.54 49.92 50.10 49.95 49.47 48.80 48.21 47.96 48.21 49.00 50.23 51.71 53.21 54.51 55.46 55.91 55.71 54.78 53.22 51.34 49.50 48.06 47.30 47.34 48.11 49.41 50.96 52.45 53.61 54.29 54.42 54.02 53.26 52.38 51.56 50.88 50.33 49.80 49.15 48.32 47.33 46.33 45.52 45.08 45.05 45.38 45.95 46.59 47.12 47.45 47.66 47.92 48.38 49.06 49.84 50.51 50.86 50.82 50.51 50.06 49.61 49.30 49.26 49.51 49.95 50.41 50.77 51.00 51.08 50.97 50.62 50.00 48.93 46.56 39.10 10.00 
91.00 69.51 59.76 54.86 52.08 50.37 49.28 48.53 47.95 47.47 47.13 46.96 46.97 47.12 47.34 47.61 47.95 48.33 48.70 48.92 48.87 48.52 47.96 47.34 46.86 46.67 46.87 47.48 48.40 49.49 50.57 51.49 52.15 52.49 52.49 52.17 51.59 50.83 50.02 49.29 48.74 48.47 48.49 48.75 49.15 49.57 49.91 50.12 50.22 50.26 50.32 50.39 50.46 50.48 50.35 49.98 49.34 48.50 47.64 46.98 46.70 46.85 47.35 48.02 48.73 49.42 50.13 50.86 51.58 52.17 52.55 52.67 52.54 52.19 51.65 50.99 50.26 49.54 48.91 48.50 48.42 48.76 49.49 50.48 51.48 52.22 52.53 52.39 51.95 51.43 51.03 50.85 50.93 51.27 51.91 52.80 53.84 54.80 55.46 55.67 55.45 54.89 54.19 53.52 53.06 52.91 53.09 53.52 53.97 54.19 53.95 53.20 52.00 50.54 49.04 47.75 46.85 46.45 46.52 46.92 47.52 48.16 48.77 49.34 49.87 50.29 50.51 50.43 50.07 49.55 49.11 48.99 49.34 50.20 51.47 52.95 54.40 55.62 56.42 56.70 56.37 55.43 54.00 52.33 50.73 49.50 48.89 48.99 49.74 50.94 52.31 53.56 54.47 54.94 54.96 54.60 54.00 53.31 52.64 52.02 51.41 50.73 49.90 48.91 47.81 46.75 45.90 45.40 45.30 45.55 46.07 46.68 47.23 47.64 47.94 48.26 48.70 49.26 49.85 50.28 50.42 50.24 49.84 49.36 48.95 48.75 48.84 49.21 49.76 50.35 50.83 51.16 51.30 51.24 50.94 50.38 49.47 47.99 45.48 41.00 
83.00 65.27 57.89 54.08 51.80 50.34 49.34 48.58 47.90 47.29 46.79 46.49 46.42 46.59 46.98 47.53 48.21 48.92 49.51 49.82 49.75 49.31 48.62 47.88 47.29 46.99 47.06 47.52 48.28 49.23 50.18 50.98 51.51 51.71 51.60 51.23 50.67 50.00 49.31 48.70 48.29 48.14 48.27 48.62 49.09 49.56 49.92 50.14 50.21 50.20 50.19 50.21 50.26 50.30 50.22 49.92 49.35 48.55 47.71 47.07 46.82 47.02 47.58 48.31 49.01 49.62 50.17 50.73 51.32 51.86 52.23 52.32 52.11 51.60 50.88 50.04 49.17 48.39 47.79 47.49 47.58 48.10 48.99 50.09 51.17 51.96 52.34 52.28 51.94 51.50 51.13 50.94 50.97 51.26 51.83 52.65 53.59 54.43 54.97 55.06 54.71 54.05 53.25 52.52 52.05 51.95 52.23 52.78 53.37 53.71 53.60 52.97 51.90 50.58 49.23 48.07 47.27 46.90 46.94 47.29 47.82 48.41 49.00 49.58 50.14 50.61 50.89 50.89 50.63 50.23 49.91 49.89 50.32 51.22 52.49 53.92 55.28 56.35 56.98 57.09 56.63 55.66 54.32 52.83 51.47 50.48 50.04 50.22 50.94 52.01 53.18 54.20 54.91 55.23 55.19 54.88 54.40 53.85 53.29 52.73 52.13 51.42 50.55 49.51 48.38 47.29 46.39 45.81 45.59 45.71 46.08 46.56 47.03 47.42 47.76 48.14 48.61 49.17 49.70 50.05 50.10 49.85 49.41 48.91 48.53 48.38 48.53 48.95 49.54 50.18 50.73 51.14 51.36 51.39 51.21 50.83 50.34 50.26 53.72 78.00 
39.00 50.90 52.89 52.23 51.14 50.18 49.39 48.67 47.96 47.27 46.69 46.31 46.21 46.41 46.90 47.64 48.53 49.42 50.13 50.48 50.37 49.85 49.07 48.23 47.53 47.09 46.99 47.27 47.87 48.69 49.55 50.29 50.76 50.88 50.70 50.28 49.72 49.11 48.51 48.02 47.72 47.67 47.88 48.31 48.83 49.34 49.72 49.92 49.94 49.84 49.72 49.67 49.70 49.79 49.82 49.66 49.22 48.53 47.75 47.10 46.82 46.98 47.51 48.21 48.90 49.49 50.00 50.53 51.09 51.63 52.02 52.10 51.80 51.15 50.24 49.23 48.26 47.47 46.95 46.80 47.05 47.70 48.66 49.76 50.79 51.57 51.97 52.01 51.78 51.44 51.13 50.93 50.91 51.13 51.63 52.39 53.29 54.08 54.55 54.56 54.11 53.33 52.44 51.64 51.13 51.05 51.38 52.00 52.65 53.05 53.00 52.45 51.50 50.34 49.21 48.26 47.64 47.36 47.42 47.71 48.14 48.64 49.17 49.73 50.31 50.84 51.21 51.33 51.19 50.91 50.68 50.73 51.19 52.08 53.29 54.61 55.82 56.71 57.15 57.08 56.50 55.50 54.24 52.94 51.82 51.08 50.83 51.09 51.76 52.68 53.62 54.40 54.90 55.08 54.99 54.70 54.30 53.85 53.40 52.93 52.42 51.79 50.99 50.01 48.92 47.85 46.93 46.28 45.95 45.91 46.09 46.39 46.73 47.06 47.41 47.84 48.39 49.00 49.55 49.90 49.96 49.73 49.32 48.87 48.54 48.41 48.55 48.92 49.46 50.05 50.60 51.04 51.33 51.46 51.42 51.19 50.63 48.84 41.05 2.00 
27.00 46.68 50.94 51.27 50.72 50.07 49.43 48.78 48.08 47.39 46.81 46.42 46.32 46.54 47.08 47.89 48.85 49.79 50.51 50.82 50.66 50.07 49.23 48.33 47.54 46.98 46.73 46.83 47.27 47.98 48.79 49.50 49.96 50.07 49.86 49.42 48.86 48.29 47.76 47.36 47.14 47.16 47.43 47.90 48.47 49.02 49.43 49.62 49.58 49.39 49.15 49.00 49.00 49.14 49.31 49.33 49.08 48.53 47.80 47.12 46.73 46.75 47.15 47.78 48.46 49.09 49.67 50.26 50.90 51.52 51.96 52.06 51.71 50.93 49.87 48.73 47.71 46.96 46.57 46.60 47.01 47.73 48.64 49.60 50.46 51.09 51.44 51.51 51.38 51.17 50.96 50.80 50.78 50.97 51.45 52.21 53.11 53.91 54.37 54.33 53.80 52.93 51.93 51.05 50.49 50.38 50.71 51.33 51.98 52.39 52.37 51.88 51.05 50.08 49.18 48.48 48.06 47.90 47.97 48.18 48.49 48.84 49.25 49.75 50.34 50.94 51.43 51.71 51.73 51.58 51.44 51.53 51.97 52.78 53.86 55.00 56.01 56.70 56.96 56.74 56.08 55.07 53.90 52.77 51.88 51.37 51.29 51.60 52.21 52.96 53.67 54.21 54.50 54.52 54.36 54.06 53.71 53.35 53.00 52.66 52.29 51.83 51.21 50.38 49.40 48.39 47.50 46.82 46.40 46.23 46.23 46.35 46.53 46.77 47.11 47.58 48.19 48.87 49.46 49.86 49.97 49.84 49.55 49.22 48.97 48.87 48.96 49.23 49.63 50.10 50.57 50.99 51.32 51.55 51.66 51.74 52.00 53.31 59.59 91.00 
74.00 58.09 53.29 51.55 50.67 50.05 49.49 48.88 48.24 47.61 47.10 46.77 46.70 46.92 47.43 48.18 49.07 49.93 50.56 50.80 50.57 49.95 49.09 48.17 47.34 46.71 46.34 46.30 46.60 47.20 47.97 48.69 49.19 49.34 49.16 48.75 48.23 47.70 47.23 46.89 46.72 46.78 47.08 47.58 48.18 48.77 49.21 49.40 49.32 49.03 48.68 48.42 48.37 48.53 48.81 49.02 48.97 48.58 47.91 47.18 46.63 46.44 46.65 47.17 47.83 48.53 49.24 49.98 50.76 51.52 52.06 52.22 51.85 51.00 49.83 48.61 47.58 46.92 46.70 46.91 47.44 48.17 48.94 49.65 50.20 50.57 50.75 50.80 50.76 50.70 50.64 50.62 50.68 50.93 51.45 52.25 53.20 54.03 54.49 54.42 53.82 52.85 51.75 50.78 50.16 50.00 50.29 50.88 51.51 51.91 51.91 51.49 50.79 50.02 49.34 48.86 48.61 48.53 48.58 48.68 48.81 48.98 49.22 49.62 50.19 50.85 51.48 51.93 52.14 52.14 52.10 52.21 52.59 53.27 54.16 55.08 55.86 56.35 56.46 56.15 55.46 54.50 53.43 52.45 51.75 51.40 51.44 51.78 52.32 52.91 53.41 53.73 53.81 53.69 53.42 53.09 52.77 52.48 52.24 52.06 51.90 51.67 51.27 50.65 49.84 48.94 48.11 47.45 46.99 46.72 46.58 46.52 46.55 46.68 46.98 47.47 48.11 48.82 49.45 49.89 50.09 50.09 49.97 49.82 49.70 49.64 49.68 49.82 50.06 50.38 50.74 51.11 51.44 51.69 51.85 51.97 52.18 52.72 52.92 44.00 
83.00 58.61 52.91 51.25 50.53 50.02 49.51 48.96 48.40 47.88 47.49 47.26 47.24 47.43 47.83 48.42 49.11 49.78 50.25 50.39 50.13 49.52 48.70 47.81 46.99 46.32 45.88 45.73 45.91 46.42 47.15 47.91 48.48 48.74 48.67 48.35 47.91 47.45 47.04 46.75 46.63 46.72 47.03 47.53 48.15 48.76 49.21 49.40 49.28 48.92 48.46 48.08 47.94 48.08 48.42 48.77 48.90 48.66 48.07 47.29 46.57 46.16 46.16 46.54 47.18 47.97 48.83 49.74 50.70 51.60 52.26 52.50 52.16 51.29 50.09 48.84 47.85 47.30 47.24 47.59 48.20 48.87 49.44 49.81 49.98 50.01 49.98 49.97 50.03 50.15 50.31 50.49 50.73 51.11 51.73 52.60 53.59 54.44 54.88 54.75 54.06 52.97 51.76 50.71 50.03 49.83 50.09 50.67 51.30 51.72 51.79 51.49 50.95 50.35 49.85 49.51 49.32 49.24 49.19 49.14 49.07 49.02 49.09 49.36 49.87 50.58 51.32 51.94 52.31 52.47 52.53 52.65 52.96 53.48 54.14 54.82 55.38 55.70 55.72 55.39 54.74 53.86 52.91 52.06 51.48 51.24 51.33 51.66 52.13 52.60 52.95 53.10 53.02 52.75 52.39 52.01 51.69 51.47 51.36 51.37 51.43 51.44 51.30 50.91 50.28 49.53 48.80 48.18 47.73 47.41 47.16 46.96 46.84 46.85 47.08 47.53 48.17 48.86 49.49 49.96 50.25 50.39 50.46 50.49 50.50 50.50 50.51 50.55 50.66 50.86 51.13 51.44 51.72 51.93 52.00 51.94 51.87 52.27 55.27 72.00 
3.00 40.63 48.76 50.30 50.32 49.98 49.52 49.02 48.54 48.16 47.92 47.81 47.83 47.96 48.20 48.54 48.94 49.34 49.63 49.67 49.42 48.88 48.15 47.34 46.56 45.90 45.40 45.16 45.25 45.67 46.37 47.16 47.85 48.27 48.37 48.22 47.91 47.55 47.23 47.01 46.94 47.05 47.37 47.86 48.46 49.04 49.47 49.64 49.50 49.08 48.54 48.05 47.79 47.85 48.17 48.58 48.83 48.72 48.20 47.39 46.56 45.96 45.78 46.04 46.66 47.52 48.52 49.59 50.69 51.71 52.49 52.81 52.54 51.70 50.52 49.30 48.37 47.91 47.97 48.43 49.06 49.62 49.95 49.97 49.77 49.47 49.24 49.19 49.35 49.69 50.12 50.57 51.04 51.59 52.32 53.23 54.21 55.02 55.38 55.15 54.33 53.11 51.79 50.66 49.95 49.75 50.04 50.65 51.35 51.88 52.09 51.98 51.63 51.19 50.79 50.47 50.21 49.99 49.76 49.51 49.22 48.98 48.88 49.03 49.48 50.18 50.98 51.69 52.20 52.47 52.61 52.74 52.96 53.31 53.76 54.22 54.60 54.81 54.80 54.51 53.95 53.18 52.35 51.61 51.11 50.92 51.02 51.33 51.74 52.13 52.40 52.45 52.26 51.89 51.44 51.01 50.69 50.53 50.55 50.74 51.02 51.29 51.39 51.23 50.80 50.19 49.57 49.02 48.60 48.25 47.92 47.61 47.35 47.25 47.38 47.76 48.34 48.98 49.57 50.04 50.38 50.65 50.88 51.07 51.20 51.26 51.26 51.25 51.30 51.45 51.67 51.93 52.15 52.25 52.13 51.69 50.79 48.96 43.74 21.00 
59.00 52.37 51.55 51.14 50.65 50.13 49.60 49.10 48.68 48.41 48.31 48.32 48.38 48.45 48.50 48.55 48.63 48.73 48.80 48.78 48.56 48.14 47.55 46.87 46.16 45.51 44.97 44.65 44.63 44.97 45.63 46.47 47.27 47.88 48.20 48.26 48.13 47.93 47.73 47.60 47.60 47.75 48.07 48.52 49.05 49.55 49.91 50.04 49.88 49.45 48.87 48.30 47.91 47.84 48.06 48.43 48.70 48.66 48.20 47.41 46.53 45.83 45.53 45.70 46.31 47.22 48.31 49.49 50.69 51.80 52.66 53.06 52.87 52.11 50.99 49.83 48.96 48.58 48.71 49.20 49.80 50.23 50.32 50.05 49.54 49.00 48.64 48.60 48.91 49.49 50.21 50.94 51.64 52.36 53.16 54.06 54.96 55.63 55.84 55.44 54.46 53.10 51.68 50.50 49.78 49.64 50.02 50.75 51.60 52.33 52.78 52.92 52.80 52.51 52.14 51.71 51.25 50.77 50.27 49.77 49.30 48.91 48.69 48.74 49.11 49.75 50.52 51.25 51.79 52.12 52.29 52.40 52.54 52.76 53.03 53.33 53.59 53.75 53.75 53.54 53.08 52.43 51.70 51.05 50.60 50.43 50.53 50.82 51.22 51.59 51.84 51.87 51.65 51.22 50.69 50.20 49.87 49.75 49.88 50.23 50.72 51.21 51.55 51.61 51.37 50.93 50.41 49.94 49.54 49.16 48.77 48.36 47.99 47.77 47.81 48.10 48.59 49.14 49.65 50.09 50.47 50.82 51.17 51.47 51.68 51.77 51.77 51.77 51.82 51.99 52.23 52.49 52.66 52.64 52.31 51.54 50.24 48.71 49.51 67.00 
73.00 58.56 54.33 52.42 51.27 50.43 49.76 49.19 48.79 48.59 48.59 48.71 48.83 48.85 48.75 48.53 48.29 48.09 47.97 47.87 47.72 47.44 47.02 46.47 45.85 45.22 44.65 44.24 44.12 44.37 44.98 45.84 46.74 47.52 48.06 48.35 48.44 48.41 48.37 48.36 48.45 48.65 48.95 49.33 49.74 50.12 50.38 50.45 50.29 49.89 49.32 48.71 48.23 47.99 48.04 48.26 48.46 48.40 47.99 47.25 46.40 45.70 45.37 45.50 46.09 47.02 48.15 49.38 50.62 51.77 52.68 53.15 53.05 52.39 51.35 50.27 49.46 49.13 49.30 49.79 50.32 50.62 50.52 50.03 49.32 48.65 48.27 48.32 48.82 49.66 50.65 51.64 52.54 53.38 54.19 55.01 55.73 56.19 56.16 55.53 54.36 52.86 51.35 50.16 49.50 49.46 49.99 50.90 51.97 52.96 53.71 54.16 54.28 54.13 53.74 53.13 52.38 51.55 50.74 50.01 49.38 48.91 48.62 48.60 48.87 49.39 50.03 50.67 51.16 51.46 51.61 51.68 51.74 51.85 52.02 52.23 52.44 52.61 52.65 52.51 52.14 51.57 50.91 50.32 49.92 49.78 49.89 50.19 50.61 51.03 51.33 51.40 51.19 50.74 50.17 49.62 49.25 49.14 49.32 49.78 50.43 51.13 51.69 51.98 51.95 51.68 51.29 50.88 50.49 50.08 49.61 49.11 48.65 48.36 48.31 48.51 48.88 49.31 49.72 50.10 50.48 50.88 51.30 51.65 51.89 51.98 51.99 52.00 52.11 52.34 52.65 52.95 53.11 53.02 52.54 51.47 49.45 45.70 38.34 22.00 
37.00 54.85 55.25 53.42 51.88 50.79 49.95 49.30 48.84 48.65 48.70 48.90 49.10 49.15 48.96 48.56 48.06 47.61 47.29 47.11 47.00 46.86 46.59 46.19 45.67 45.07 44.48 44.01 43.81 43.98 44.54 45.38 46.33 47.22 47.93 48.40 48.69 48.86 48.98 49.12 49.30 49.53 49.80 50.08 50.34 50.56 50.70 50.71 50.56 50.23 49.74 49.15 48.60 48.21 48.04 48.05 48.08 47.95 47.54 46.89 46.15 45.53 45.24 45.38 45.93 46.82 47.92 49.13 50.36 51.52 52.45 52.99 52.99 52.44 51.51 50.53 49.80 49.52 49.71 50.18 50.65 50.84 50.61 50.00 49.20 48.52 48.20 48.40 49.11 50.18 51.42 52.61 53.67 54.57 55.35 56.01 56.49 56.65 56.32 55.42 54.04 52.41 50.86 49.69 49.14 49.25 49.96 51.07 52.37 53.63 54.69 55.44 55.82 55.80 55.37 54.56 53.50 52.34 51.23 50.29 49.56 49.04 48.73 48.64 48.77 49.10 49.55 50.01 50.36 50.57 50.65 50.66 50.65 50.70 50.83 51.02 51.25 51.46 51.55 51.45 51.11 50.58 49.96 49.41 49.05 48.95 49.10 49.46 49.94 50.45 50.84 51.01 50.86 50.42 49.81 49.20 48.76 48.60 48.78 49.30 50.06 50.92 51.70 52.23 52.44 52.37 52.12 51.78 51.38 50.92 50.38 49.81 49.30 48.96 48.85 48.96 49.21 49.49 49.76 50.05 50.40 50.83 51.27 51.63 51.84 51.91 51.90 51.93 52.10 52.42 52.83 53.21 53.43 53.36 52.88 51.83 49.85 45.88 35.91 3.00 
98.00 68.91 58.92 54.59 52.40 51.09 50.13 49.35 48.79 48.53 48.59 48.86 49.18 49.33 49.18 48.71 48.04 47.38 46.88 46.60 46.48 46.40 46.26 45.99 45.57 45.04 44.49 44.02 43.81 43.94 44.44 45.24 46.16 47.06 47.82 48.41 48.84 49.16 49.45 49.72 49.99 50.24 50.44 50.60 50.70 50.75 50.76 50.71 50.59 50.35 49.96 49.45 48.88 48.37 48.01 47.78 47.60 47.35 46.94 46.39 45.81 45.35 45.14 45.28 45.76 46.54 47.53 48.64 49.81 50.94 51.91 52.52 52.64 52.23 51.46 50.60 49.98 49.78 50.01 50.47 50.90 51.02 50.72 50.06 49.26 48.63 48.43 48.79 49.70 50.97 52.40 53.75 54.92 55.84 56.54 57.02 57.22 57.03 56.36 55.17 53.58 51.84 50.28 49.19 48.78 49.07 49.95 51.24 52.73 54.22 55.53 56.55 57.15 57.24 56.78 55.82 54.51 53.08 51.75 50.67 49.88 49.35 49.00 48.81 48.77 48.87 49.06 49.28 49.46 49.55 49.53 49.46 49.40 49.42 49.56 49.80 50.10 50.37 50.49 50.39 50.04 49.49 48.86 48.33 48.01 47.97 48.19 48.64 49.23 49.86 50.38 50.66 50.59 50.19 49.56 48.89 48.36 48.11 48.23 48.73 49.54 50.53 51.50 52.27 52.74 52.89 52.79 52.52 52.13 51.63 51.05 50.45 49.92 49.57 49.42 49.45 49.55 49.66 49.78 49.96 50.25 50.66 51.09 51.42 51.58 51.60 51.56 51.60 51.82 52.22 52.73 53.22 53.53 53.56 53.24 52.57 51.74 51.62 56.19 84.00 
78.00 64.21 57.42 54.08 52.29 51.14 50.18 49.31 48.60 48.22 48.24 48.59 49.06 49.39 49.38 48.96 48.24 47.44 46.77 46.34 46.14 46.05 45.96 45.78 45.48 45.08 44.64 44.30 44.16 44.33 44.81 45.53 46.34 47.14 47.83 48.41 48.89 49.31 49.72 50.10 50.43 50.68 50.82 50.84 50.78 50.67 50.55 50.44 50.33 50.17 49.89 49.48 48.95 48.39 47.89 47.47 47.11 46.74 46.33 45.89 45.50 45.21 45.10 45.21 45.57 46.16 46.95 47.90 48.95 50.04 51.03 51.74 52.02 51.81 51.24 50.57 50.11 50.02 50.31 50.79 51.19 51.28 50.96 50.31 49.56 49.01 48.92 49.41 50.45 51.87 53.42 54.88 56.10 57.02 57.63 57.93 57.85 57.33 56.31 54.83 53.04 51.22 49.69 48.73 48.49 48.95 49.98 51.40 53.00 54.62 56.10 57.30 58.06 58.25 57.80 56.76 55.31 53.73 52.28 51.15 50.34 49.79 49.39 49.06 48.80 48.62 48.53 48.51 48.51 48.46 48.35 48.21 48.12 48.14 48.33 48.66 49.05 49.38 49.53 49.40 48.98 48.36 47.70 47.17 46.89 46.92 47.24 47.81 48.53 49.29 49.94 50.32 50.34 49.99 49.37 48.65 48.04 47.70 47.72 48.15 48.95 50.00 51.11 52.09 52.78 53.13 53.18 53.00 52.65 52.16 51.59 51.01 50.52 50.19 50.03 49.97 49.93 49.86 49.80 49.84 50.04 50.39 50.77 51.04 51.15 51.12 51.06 51.11 51.35 51.81 52.40 52.99 53.42 53.57 53.40 52.96 52.43 52.28 53.01 52.00 
50.00 52.81 52.90 52.33 51.67 50.95 50.09 49.15 48.30 47.78 47.74 48.14 48.78 49.33 49.54 49.26 48.59 47.72 46.90 46.29 45.92 45.72 45.59 45.46 45.28 45.06 44.86 44.75 44.83 45.13 45.64 46.26 46.91 47.50 48.01 48.45 48.87 49.31 49.78 50.23 50.61 50.86 50.94 50.87 50.67 50.41 50.16 49.97 49.83 49.71 49.52 49.20 48.75 48.21 47.67 47.16 46.69 46.26 45.88 45.57 45.35 45.21 45.17 45.22 45.39 45.73 46.25 46.98 47.88 48.90 49.92 50.74 51.22 51.26 50.97 50.57 50.31 50.36 50.73 51.23 51.62 51.70 51.39 50.78 50.09 49.61 49.58 50.13 51.22 52.69 54.29 55.79 57.02 57.91 58.44 58.56 58.25 57.44 56.12 54.38 52.43 50.57 49.12 48.32 48.25 48.87 50.01 51.49 53.12 54.79 56.34 57.63 58.49 58.75 58.33 57.29 55.83 54.24 52.82 51.71 50.93 50.36 49.86 49.35 48.84 48.38 48.01 47.76 47.57 47.40 47.21 47.03 46.91 46.96 47.22 47.65 48.14 48.54 48.70 48.52 48.02 47.31 46.59 46.05 45.81 45.92 46.36 47.05 47.89 48.77 49.52 50.00 50.10 49.80 49.21 48.50 47.86 47.45 47.39 47.74 48.47 49.50 50.64 51.70 52.51 52.99 53.16 53.09 52.83 52.43 51.96 51.48 51.09 50.81 50.65 50.52 50.33 50.08 49.84 49.73 49.81 50.05 50.34 50.54 50.60 50.55 50.49 50.55 50.82 51.31 51.96 52.62 53.15 53.40 53.33 52.94 52.35 51.74 51.41 51.00 
30.00 44.39 49.38 50.88 51.10 50.71 49.92 48.91 47.94 47.31 47.21 47.66 48.44 49.21 49.64 49.56 48.98 48.10 47.15 46.33 45.72 45.32 45.07 44.93 44.87 44.89 45.01 45.27 45.66 46.18 46.76 47.31 47.77 48.10 48.33 48.55 48.82 49.19 49.65 50.14 50.57 50.85 50.92 50.79 50.50 50.12 49.73 49.43 49.21 49.07 48.91 48.67 48.32 47.87 47.39 46.90 46.43 46.03 45.72 45.53 45.46 45.44 45.42 45.36 45.30 45.35 45.58 46.05 46.78 47.71 48.74 49.69 50.38 50.74 50.78 50.68 50.66 50.86 51.29 51.79 52.17 52.25 51.97 51.42 50.80 50.36 50.33 50.85 51.90 53.30 54.84 56.28 57.46 58.29 58.73 58.74 58.25 57.22 55.68 53.76 51.73 49.89 48.56 47.92 48.03 48.77 49.97 51.44 53.05 54.68 56.22 57.53 58.42 58.73 58.37 57.41 56.05 54.59 53.31 52.32 51.61 51.02 50.41 49.71 48.95 48.21 47.58 47.11 46.76 46.48 46.22 46.00 45.89 45.97 46.29 46.81 47.40 47.86 48.03 47.82 47.24 46.46 45.69 45.13 44.93 45.12 45.66 46.45 47.38 48.33 49.14 49.67 49.81 49.58 49.06 48.42 47.85 47.47 47.39 47.67 48.28 49.17 50.19 51.17 51.94 52.45 52.68 52.72 52.60 52.39 52.11 51.82 51.58 51.40 51.25 51.06 50.76 50.36 49.96 49.68 49.60 49.70 49.86 49.98 50.00 49.95 49.92 50.02 50.31 50.82 51.48 52.19 52.78 53.11 53.11 52.73 51.94 50.71 49.77 56.00 
33.00 45.63 49.64 50.86 51.00 50.58 49.75 48.67 47.63 46.93 46.80 47.27 48.15 49.07 49.70 49.79 49.33 48.45 47.39 46.35 45.47 44.80 44.36 44.18 44.23 44.52 45.02 45.70 46.47 47.26 47.94 48.44 48.70 48.77 48.72 48.67 48.73 48.96 49.37 49.88 50.37 50.73 50.86 50.75 50.42 49.94 49.43 48.98 48.65 48.42 48.24 48.04 47.79 47.48 47.13 46.76 46.41 46.11 45.91 45.85 45.88 45.92 45.86 45.65 45.37 45.13 45.08 45.31 45.86 46.69 47.70 48.74 49.66 50.33 50.72 50.94 51.15 51.47 51.92 52.40 52.75 52.83 52.60 52.12 51.56 51.15 51.10 51.52 52.41 53.64 55.00 56.27 57.31 58.04 58.39 58.31 57.72 56.58 54.93 52.94 50.89 49.14 47.96 47.50 47.75 48.57 49.78 51.21 52.74 54.29 55.76 57.02 57.90 58.24 57.96 57.14 55.99 54.78 53.73 52.95 52.34 51.76 51.06 50.19 49.20 48.23 47.37 46.70 46.19 45.80 45.48 45.23 45.11 45.22 45.59 46.17 46.82 47.34 47.54 47.32 46.72 45.90 45.11 44.56 44.40 44.65 45.25 46.08 47.03 47.98 48.77 49.29 49.45 49.29 48.89 48.41 48.00 47.77 47.75 47.98 48.44 49.09 49.83 50.55 51.14 51.54 51.78 51.92 52.01 52.05 52.04 52.00 51.95 51.90 51.80 51.58 51.20 50.69 50.14 49.70 49.45 49.38 49.40 49.42 49.41 49.37 49.39 49.54 49.85 50.36 51.03 51.74 52.36 52.76 52.85 52.59 51.74 49.27 40.91 8.00 
69.00 55.71 53.01 52.07 51.37 50.59 49.62 48.50 47.45 46.75 46.63 47.11 48.01 49.01 49.74 49.95 49.57 48.70 47.54 46.29 45.13 44.19 43.57 43.33 43.49 44.04 44.91 45.99 47.13 48.16 48.95 49.40 49.52 49.36 49.06 48.77 48.61 48.69 49.02 49.54 50.11 50.60 50.86 50.84 50.52 50.00 49.38 48.79 48.30 47.95 47.71 47.52 47.34 47.17 47.00 46.82 46.65 46.51 46.45 46.49 46.59 46.62 46.47 46.11 45.61 45.13 44.85 44.88 45.26 45.97 46.94 48.05 49.14 50.08 50.79 51.28 51.66 52.04 52.47 52.89 53.20 53.29 53.12 52.74 52.27 51.90 51.80 52.09 52.76 53.71 54.78 55.78 56.60 57.17 57.43 57.29 56.67 55.51 53.85 51.89 49.94 48.32 47.32 47.02 47.38 48.25 49.44 50.79 52.21 53.64 55.00 56.17 57.00 57.35 57.19 56.57 55.70 54.80 54.07 53.53 53.08 52.54 51.78 50.79 49.66 48.50 47.47 46.62 45.96 45.46 45.06 44.77 44.63 44.73 45.10 45.70 46.38 46.95 47.19 47.02 46.45 45.66 44.90 44.40 44.29 44.58 45.18 45.97 46.84 47.68 48.37 48.83 48.99 48.91 48.68 48.43 48.28 48.27 48.39 48.60 48.88 49.22 49.57 49.90 50.17 50.39 50.60 50.85 51.17 51.50 51.80 52.04 52.20 52.29 52.26 52.05 51.63 51.05 50.39 49.80 49.38 49.13 49.00 48.93 48.88 48.87 48.94 49.12 49.46 49.95 50.58 51.26 51.88 52.34 52.63 52.83 53.09 53.73 56.62 74.00 
47.00 55.49 54.98 53.29 51.83 50.64 49.52 48.43 47.46 46.84 46.75 47.23 48.11 49.09 49.83 50.08 49.73 48.86 47.61 46.20 44.83 43.67 42.90 42.62 42.88 43.65 44.82 46.21 47.62 48.82 49.67 50.08 50.09 49.79 49.32 48.84 48.50 48.43 48.68 49.20 49.86 50.50 50.94 51.06 50.83 50.31 49.62 48.91 48.29 47.80 47.47 47.26 47.15 47.10 47.11 47.13 47.15 47.19 47.26 47.38 47.49 47.46 47.19 46.67 45.99 45.33 44.89 44.78 45.02 45.61 46.50 47.62 48.83 49.96 50.89 51.56 52.03 52.41 52.77 53.12 53.39 53.50 53.42 53.16 52.81 52.51 52.39 52.55 52.98 53.60 54.29 54.94 55.48 55.85 56.01 55.84 55.23 54.11 52.52 50.68 48.88 47.45 46.63 46.49 46.94 47.82 48.96 50.22 51.51 52.79 53.99 55.03 55.79 56.17 56.15 55.78 55.23 54.70 54.30 54.02 53.73 53.26 52.51 51.48 50.27 49.02 47.87 46.90 46.12 45.51 45.03 44.68 44.50 44.55 44.87 45.43 46.10 46.68 46.99 46.89 46.42 45.73 45.06 44.64 44.58 44.87 45.41 46.08 46.78 47.43 47.96 48.32 48.49 48.51 48.48 48.50 48.65 48.89 49.16 49.37 49.46 49.44 49.36 49.26 49.17 49.18 49.35 49.71 50.25 50.87 51.47 51.96 52.33 52.55 52.60 52.43 52.01 51.38 50.64 49.93 49.36 48.96 48.70 48.55 48.47 48.48 48.58 48.80 49.13 49.58 50.14 50.74 51.30 51.79 52.26 52.93 54.12 56.07 57.95 52.00 
74.00 64.59 58.58 54.67 52.21 50.61 49.43 48.44 47.64 47.15 47.14 47.61 48.43 49.34 50.02 50.24 49.88 48.99 47.70 46.20 44.72 43.46 42.63 42.36 42.70 43.61 44.96 46.52 48.05 49.31 50.14 50.51 50.44 50.06 49.50 48.92 48.45 48.26 48.42 48.92 49.64 50.42 51.04 51.34 51.25 50.80 50.11 49.33 48.60 48.00 47.58 47.34 47.27 47.33 47.48 47.68 47.87 48.06 48.23 48.39 48.47 48.34 47.93 47.25 46.43 45.66 45.12 44.92 45.06 45.54 46.33 47.40 48.64 49.86 50.89 51.64 52.11 52.43 52.70 52.98 53.23 53.40 53.43 53.32 53.13 52.94 52.86 52.92 53.13 53.41 53.70 53.95 54.17 54.34 54.38 54.19 53.61 52.55 51.07 49.36 47.75 46.53 45.91 45.91 46.44 47.33 48.41 49.56 50.71 51.82 52.84 53.72 54.39 54.81 54.94 54.86 54.67 54.50 54.41 54.36 54.22 53.84 53.13 52.13 50.94 49.70 48.53 47.51 46.67 45.98 45.43 45.02 44.77 44.74 44.97 45.45 46.06 46.63 46.97 46.96 46.61 46.05 45.51 45.18 45.17 45.43 45.87 46.36 46.83 47.25 47.61 47.88 48.08 48.23 48.42 48.72 49.14 49.60 49.98 50.15 50.03 49.68 49.18 48.67 48.27 48.10 48.23 48.70 49.43 50.29 51.11 51.81 52.33 52.67 52.80 52.68 52.28 51.64 50.85 50.06 49.38 48.88 48.53 48.32 48.23 48.25 48.38 48.60 48.90 49.28 49.72 50.18 50.63 51.07 51.61 52.57 54.55 58.70 67.26 85.00 
90.00 70.65 60.64 55.15 52.10 50.36 49.28 48.50 47.93 47.62 47.69 48.15 48.90 49.70 50.29 50.46 50.09 49.21 47.93 46.45 44.99 43.77 42.98 42.77 43.17 44.14 45.53 47.10 48.59 49.78 50.53 50.81 50.69 50.28 49.68 49.05 48.51 48.21 48.27 48.71 49.43 50.28 51.04 51.52 51.60 51.30 50.68 49.91 49.13 48.46 47.98 47.73 47.69 47.84 48.10 48.41 48.72 48.99 49.23 49.38 49.38 49.14 48.59 47.77 46.85 46.02 45.44 45.18 45.26 45.64 46.34 47.31 48.48 49.67 50.69 51.40 51.81 52.04 52.23 52.48 52.76 53.02 53.19 53.25 53.23 53.19 53.18 53.20 53.22 53.18 53.08 52.97 52.88 52.85 52.80 52.58 52.02 51.01 49.60 48.02 46.58 45.57 45.14 45.29 45.91 46.81 47.84 48.89 49.89 50.80 51.62 52.32 52.91 53.37 53.69 53.91 54.06 54.22 54.40 54.52 54.49 54.17 53.54 52.63 51.54 50.41 49.33 48.36 47.53 46.84 46.27 45.81 45.51 45.41 45.54 45.90 46.42 46.93 47.25 47.28 47.01 46.56 46.14 45.90 45.91 46.13 46.45 46.74 46.99 47.21 47.43 47.67 47.95 48.28 48.69 49.21 49.83 50.42 50.82 50.88 50.55 49.89 49.05 48.22 47.58 47.28 47.40 47.94 48.79 49.79 50.75 51.57 52.20 52.62 52.82 52.76 52.40 51.76 50.96 50.14 49.42 48.87 48.49 48.27 48.18 48.22 48.37 48.59 48.85 49.12 49.41 49.68 49.94 50.20 50.57 51.32 53.04 57.16 67.52 96.00 
84.00 67.78 58.83 53.89 51.20 49.77 49.01 48.54 48.24 48.12 48.26 48.71 49.38 50.08 50.59 50.71 50.35 49.54 48.38 47.04 45.74 44.68 44.04 43.92 44.36 45.30 46.59 48.02 49.35 50.37 50.97 51.15 50.97 50.53 49.93 49.28 48.69 48.31 48.25 48.56 49.19 50.01 50.83 51.45 51.73 51.61 51.15 50.47 49.71 49.04 48.55 48.31 48.32 48.53 48.85 49.22 49.56 49.86 50.08 50.19 50.11 49.75 49.08 48.16 47.18 46.33 45.75 45.50 45.55 45.86 46.44 47.28 48.30 49.35 50.25 50.84 51.16 51.31 51.47 51.73 52.08 52.45 52.76 52.98 53.15 53.27 53.36 53.36 53.23 52.93 52.50 52.05 51.71 51.52 51.40 51.16 50.59 49.59 48.23 46.73 45.43 44.60 44.35 44.67 45.38 46.32 47.32 48.27 49.12 49.83 50.43 50.96 51.47 51.98 52.49 52.98 53.46 53.90 54.27 54.51 54.53 54.26 53.70 52.90 51.98 51.02 50.12 49.31 48.61 48.00 47.48 47.05 46.75 46.61 46.67 46.93 47.32 47.70 47.94 47.92 47.65 47.25 46.88 46.68 46.68 46.84 47.02 47.15 47.23 47.32 47.50 47.80 48.22 48.75 49.37 50.07 50.78 51.38 51.70 51.60 51.04 50.12 49.03 47.99 47.20 46.81 46.90 47.45 48.32 49.36 50.36 51.23 51.91 52.39 52.66 52.65 52.34 51.75 50.97 50.17 49.47 48.93 48.57 48.37 48.32 48.40 48.58 48.81 49.03 49.20 49.30 49.35 49.35 49.32 49.26 49.23 49.29 49.50 49.75 49.00 
68.00 58.07 53.73 51.17 49.68 48.94 48.64 48.52 48.47 48.51 48.70 49.12 49.72 50.33 50.79 50.91 50.63 49.97 49.02 47.95 46.93 46.14 45.71 45.71 46.15 46.97 48.06 49.24 50.31 51.10 51.53 51.59 51.34 50.88 50.27 49.61 49.00 48.55 48.36 48.50 48.95 49.63 50.40 51.09 51.53 51.62 51.37 50.85 50.20 49.59 49.15 48.96 49.02 49.28 49.62 49.97 50.28 50.53 50.69 50.73 50.56 50.10 49.35 48.38 47.38 46.56 46.03 45.83 45.90 46.18 46.65 47.31 48.12 48.94 49.62 50.06 50.27 50.39 50.56 50.88 51.32 51.79 52.22 52.59 52.90 53.16 53.34 53.35 53.11 52.59 51.90 51.20 50.67 50.37 50.20 49.95 49.37 48.36 47.01 45.57 44.38 43.70 43.63 44.11 44.94 45.93 46.91 47.77 48.46 48.98 49.38 49.75 50.18 50.73 51.40 52.14 52.88 53.54 54.04 54.33 54.36 54.11 53.61 52.94 52.19 51.46 50.79 50.22 49.72 49.29 48.91 48.60 48.38 48.29 48.34 48.52 48.77 48.98 49.04 48.87 48.50 48.05 47.66 47.43 47.38 47.43 47.49 47.50 47.49 47.56 47.80 48.25 48.88 49.63 50.43 51.24 51.97 52.49 52.65 52.34 51.57 50.45 49.20 48.04 47.16 46.70 46.72 47.19 47.99 48.95 49.91 50.76 51.46 51.99 52.31 52.37 52.13 51.60 50.89 50.14 49.50 49.01 48.71 48.56 48.57 48.73 48.98 49.25 49.45 49.52 49.45 49.27 49.00 48.62 48.06 47.13 45.41 41.79 32.95 7.00 
23.00 43.21 47.59 48.20 48.11 48.11 48.26 48.44 48.58 48.70 48.91 49.28 49.79 50.34 50.78 50.96 50.84 50.43 49.80 49.09 48.44 47.96 47.75 47.85 48.24 48.88 49.70 50.56 51.33 51.87 52.12 52.07 51.77 51.28 50.67 50.02 49.41 48.93 48.63 48.59 48.80 49.26 49.88 50.53 51.06 51.34 51.32 51.01 50.53 50.04 49.69 49.58 49.70 49.97 50.28 50.55 50.76 50.92 51.01 50.98 50.74 50.23 49.43 48.45 47.48 46.71 46.28 46.18 46.32 46.61 47.00 47.48 48.01 48.53 48.95 49.20 49.34 49.47 49.71 50.11 50.63 51.16 51.65 52.08 52.48 52.83 53.08 53.10 52.79 52.13 51.25 50.38 49.71 49.34 49.15 48.90 48.33 47.32 45.99 44.61 43.53 43.00 43.11 43.74 44.68 45.72 46.67 47.44 47.98 48.33 48.55 48.79 49.16 49.72 50.49 51.40 52.31 53.11 53.70 54.01 54.03 53.78 53.32 52.76 52.18 51.66 51.24 50.93 50.69 50.50 50.34 50.23 50.18 50.21 50.32 50.46 50.57 50.57 50.39 49.99 49.45 48.88 48.40 48.08 47.92 47.85 47.78 47.70 47.67 47.81 48.21 48.87 49.75 50.73 51.70 52.58 53.28 53.67 53.64 53.13 52.19 50.94 49.61 48.39 47.45 46.90 46.79 47.10 47.73 48.54 49.39 50.18 50.87 51.44 51.82 51.96 51.81 51.37 50.74 50.06 49.48 49.06 48.81 48.73 48.83 49.08 49.43 49.77 49.98 49.99 49.80 49.42 48.90 48.22 47.27 45.79 43.31 39.16 33.19 31.00 
47.00 44.61 45.98 46.74 47.15 47.55 47.98 48.33 48.56 48.70 48.87 49.15 49.58 50.07 50.52 50.83 50.93 50.84 50.61 50.31 50.04 49.88 49.86 50.01 50.30 50.72 51.22 51.74 52.20 52.51 52.60 52.46 52.10 51.59 51.01 50.41 49.88 49.43 49.10 48.91 48.89 49.07 49.45 49.97 50.50 50.91 51.09 51.00 50.72 50.39 50.15 50.12 50.27 50.51 50.74 50.90 50.99 51.04 51.06 50.99 50.73 50.21 49.41 48.45 47.52 46.83 46.52 46.56 46.83 47.19 47.53 47.82 48.06 48.25 48.38 48.47 48.57 48.76 49.10 49.58 50.12 50.64 51.09 51.50 51.89 52.28 52.56 52.60 52.27 51.54 50.57 49.60 48.85 48.42 48.21 47.96 47.42 46.47 45.20 43.93 43.00 42.64 42.91 43.68 44.70 45.75 46.65 47.32 47.72 47.92 48.01 48.15 48.45 49.01 49.81 50.77 51.75 52.60 53.21 53.53 53.54 53.29 52.88 52.40 51.95 51.60 51.39 51.31 51.33 51.39 51.49 51.62 51.80 52.02 52.23 52.36 52.35 52.14 51.69 51.05 50.31 49.60 49.00 48.57 48.26 48.02 47.82 47.66 47.66 47.92 48.53 49.46 50.60 51.80 52.92 53.86 54.51 54.78 54.59 53.92 52.86 51.57 50.22 48.99 48.00 47.34 47.05 47.13 47.52 48.12 48.82 49.54 50.21 50.80 51.25 51.47 51.42 51.08 50.54 49.94 49.40 49.00 48.79 48.77 48.95 49.31 49.78 50.20 50.46 50.45 50.17 49.67 48.98 48.12 46.97 45.31 42.65 38.14 29.49 7.00 
28.00 42.66 45.68 46.40 46.84 47.35 47.87 48.27 48.48 48.57 48.65 48.83 49.16 49.60 50.08 50.53 50.89 51.16 51.34 51.45 51.54 51.64 51.76 51.90 52.05 52.21 52.39 52.58 52.75 52.84 52.79 52.56 52.17 51.67 51.15 50.69 50.31 50.02 49.76 49.51 49.31 49.22 49.33 49.63 50.07 50.51 50.83 50.95 50.86 50.68 50.55 50.56 50.70 50.87 50.99 51.01 50.98 50.96 50.95 50.89 50.67 50.18 49.41 48.47 47.58 46.97 46.78 46.99 47.44 47.91 48.24 48.38 48.35 48.23 48.10 48.06 48.16 48.44 48.89 49.41 49.91 50.31 50.61 50.87 51.18 51.52 51.82 51.90 51.60 50.91 49.94 48.93 48.13 47.65 47.41 47.17 46.67 45.81 44.69 43.59 42.85 42.69 43.11 43.97 45.02 46.03 46.84 47.38 47.66 47.74 47.75 47.82 48.08 48.59 49.34 50.24 51.17 51.98 52.57 52.87 52.89 52.68 52.31 51.90 51.53 51.30 51.24 51.32 51.52 51.80 52.12 52.50 52.91 53.33 53.65 53.80 53.69 53.28 52.60 51.75 50.86 50.04 49.36 48.82 48.36 47.94 47.58 47.34 47.37 47.77 48.61 49.80 51.20 52.60 53.86 54.84 55.45 55.63 55.33 54.58 53.48 52.20 50.90 49.70 48.68 47.89 47.39 47.21 47.33 47.70 48.25 48.88 49.53 50.14 50.63 50.94 51.00 50.78 50.33 49.78 49.24 48.82 48.59 48.59 48.83 49.29 49.86 50.37 50.69 50.70 50.40 49.84 49.09 48.17 47.06 45.61 43.63 41.05 39.49 51.00 
65.00 52.70 48.25 46.98 46.96 47.42 47.93 48.30 48.44 48.43 48.39 48.45 48.67 49.05 49.56 50.15 50.76 51.36 51.91 52.38 52.75 53.04 53.23 53.32 53.30 53.21 53.09 52.97 52.88 52.76 52.57 52.26 51.84 51.39 50.99 50.74 50.63 50.60 50.53 50.35 50.06 49.77 49.60 49.66 49.94 50.34 50.72 50.95 51.01 50.95 50.88 50.88 50.96 51.03 51.02 50.93 50.82 50.76 50.77 50.78 50.63 50.21 49.49 48.58 47.72 47.17 47.10 47.49 48.12 48.74 49.12 49.15 48.91 48.53 48.21 48.09 48.22 48.61 49.13 49.65 50.03 50.21 50.26 50.29 50.42 50.68 50.97 51.10 50.91 50.33 49.44 48.48 47.67 47.14 46.85 46.59 46.14 45.40 44.47 43.60 43.10 43.13 43.69 44.60 45.61 46.51 47.18 47.57 47.72 47.72 47.69 47.75 47.98 48.42 49.05 49.80 50.57 51.26 51.78 52.07 52.13 51.97 51.67 51.32 51.01 50.84 50.83 50.98 51.28 51.67 52.15 52.70 53.30 53.87 54.30 54.46 54.27 53.72 52.89 51.92 50.96 50.12 49.42 48.80 48.21 47.62 47.09 46.77 46.80 47.33 48.36 49.79 51.40 52.98 54.34 55.35 55.94 56.06 55.69 54.91 53.85 52.65 51.45 50.32 49.28 48.38 47.67 47.23 47.09 47.26 47.67 48.24 48.86 49.48 50.02 50.41 50.57 50.48 50.13 49.60 49.03 48.54 48.23 48.19 48.44 48.96 49.60 50.19 50.57 50.62 50.35 49.81 49.07 48.22 47.29 46.28 45.03 42.81 36.34 11.00 
84.00 55.15 48.11 46.75 46.97 47.57 48.13 48.46 48.52 48.40 48.23 48.16 48.26 48.57 49.09 49.78 50.59 51.44 52.26 52.99 53.56 53.96 54.17 54.19 54.02 53.70 53.31 52.93 52.58 52.26 51.92 51.52 51.07 50.68 50.46 50.50 50.75 51.09 51.32 51.30 51.03 50.62 50.24 50.07 50.15 50.44 50.79 51.06 51.18 51.16 51.08 51.03 51.01 50.98 50.87 50.71 50.56 50.52 50.60 50.70 50.66 50.33 49.66 48.79 47.96 47.48 47.52 48.07 48.90 49.68 50.13 50.13 49.75 49.21 48.76 48.59 48.78 49.24 49.79 50.23 50.42 50.34 50.08 49.83 49.75 49.89 50.16 50.36 50.31 49.89 49.16 48.29 47.51 46.96 46.62 46.33 45.92 45.31 44.57 43.95 43.68 43.90 44.55 45.44 46.34 47.07 47.54 47.76 47.80 47.76 47.74 47.83 48.06 48.44 48.91 49.45 50.01 50.52 50.94 51.22 51.33 51.27 51.06 50.78 50.50 50.33 50.29 50.42 50.69 51.08 51.60 52.23 52.93 53.60 54.09 54.27 54.05 53.43 52.54 51.55 50.63 49.85 49.19 48.57 47.88 47.15 46.48 46.05 46.08 46.67 47.84 49.44 51.21 52.91 54.32 55.34 55.88 55.94 55.54 54.77 53.78 52.72 51.66 50.62 49.60 48.61 47.73 47.07 46.73 46.75 47.07 47.60 48.23 48.86 49.43 49.89 50.17 50.20 49.95 49.45 48.82 48.22 47.79 47.66 47.87 48.38 49.05 49.68 50.11 50.23 50.02 49.54 48.88 48.15 47.50 47.15 47.42 48.84 52.07 58.00 
13.00 35.96 42.59 45.21 46.71 47.75 48.43 48.74 48.74 48.53 48.25 48.05 48.04 48.27 48.77 49.51 50.43 51.42 52.40 53.26 53.93 54.38 54.59 54.53 54.24 53.74 53.14 52.52 51.95 51.42 50.91 50.39 49.91 49.60 49.60 49.96 50.62 51.37 51.96 52.19 52.03 51.59 51.09 50.73 50.63 50.76 51.00 51.21 51.29 51.22 51.08 50.94 50.82 50.71 50.56 50.38 50.27 50.28 50.43 50.63 50.69 50.45 49.87 49.06 48.30 47.90 48.06 48.78 49.79 50.73 51.27 51.27 50.83 50.19 49.68 49.49 49.69 50.17 50.68 51.00 50.98 50.62 50.07 49.56 49.27 49.28 49.52 49.79 49.87 49.63 49.08 48.35 47.65 47.10 46.72 46.41 46.04 45.54 44.99 44.58 44.50 44.85 45.52 46.33 47.05 47.56 47.80 47.85 47.79 47.75 47.80 47.97 48.24 48.56 48.89 49.21 49.53 49.86 50.18 50.47 50.66 50.71 50.62 50.41 50.15 49.93 49.80 49.80 49.94 50.23 50.68 51.28 51.98 52.67 53.20 53.40 53.18 52.58 51.72 50.81 50.00 49.36 48.80 48.22 47.50 46.68 45.90 45.39 45.37 45.98 47.20 48.87 50.70 52.43 53.84 54.81 55.28 55.27 54.83 54.08 53.19 52.27 51.36 50.45 49.47 48.45 47.46 46.68 46.22 46.16 46.46 47.01 47.66 48.32 48.93 49.46 49.84 49.99 49.83 49.37 48.70 47.98 47.41 47.15 47.26 47.71 48.35 48.99 49.46 49.64 49.51 49.11 48.54 47.93 47.47 47.55 48.89 53.25 65.22 98.00 
12.00 33.18 41.19 44.81 46.82 48.06 48.78 49.08 49.05 48.79 48.45 48.16 48.05 48.20 48.66 49.40 50.34 51.37 52.37 53.24 53.92 54.36 54.53 54.43 54.04 53.43 52.67 51.87 51.09 50.37 49.68 49.03 48.53 48.30 48.51 49.19 50.24 51.39 52.33 52.83 52.82 52.42 51.87 51.40 51.15 51.12 51.21 51.29 51.24 51.06 50.81 50.57 50.38 50.24 50.10 49.99 49.94 50.03 50.25 50.52 50.66 50.51 50.02 49.32 48.67 48.41 48.72 49.60 50.78 51.85 52.48 52.51 52.04 51.37 50.80 50.58 50.75 51.16 51.57 51.73 51.51 50.93 50.17 49.48 49.04 48.95 49.14 49.44 49.62 49.54 49.16 48.58 47.98 47.48 47.11 46.80 46.46 46.05 45.64 45.38 45.43 45.83 46.46 47.12 47.63 47.87 47.88 47.77 47.65 47.65 47.81 48.09 48.43 48.73 48.95 49.09 49.22 49.39 49.65 49.95 50.23 50.42 50.45 50.32 50.08 49.79 49.52 49.32 49.25 49.34 49.62 50.10 50.73 51.39 51.92 52.15 51.99 51.46 50.71 49.94 49.29 48.81 48.39 47.89 47.21 46.36 45.53 44.95 44.87 45.44 46.62 48.25 50.03 51.69 53.02 53.89 54.26 54.15 53.66 52.93 52.12 51.33 50.57 49.78 48.88 47.88 46.89 46.08 45.61 45.57 45.92 46.52 47.23 47.94 48.59 49.18 49.64 49.89 49.83 49.42 48.72 47.92 47.23 46.83 46.81 47.15 47.71 48.32 48.80 49.04 48.99 48.69 48.20 47.63 47.14 47.02 47.77 50.44 57.81 80.00 
51.00 43.56 44.12 45.88 47.40 48.48 49.11 49.37 49.34 49.09 48.75 48.43 48.28 48.38 48.79 49.50 50.39 51.36 52.28 53.07 53.67 54.04 54.16 54.00 53.55 52.86 52.00 51.07 50.14 49.25 48.41 47.66 47.13 46.97 47.36 48.30 49.66 51.12 52.34 53.06 53.21 52.89 52.35 51.82 51.46 51.29 51.23 51.15 50.96 50.65 50.30 49.98 49.77 49.64 49.58 49.56 49.60 49.75 50.01 50.31 50.49 50.42 50.04 49.48 49.00 48.92 49.43 50.47 51.78 52.96 53.65 53.70 53.24 52.54 51.93 51.65 51.71 52.00 52.25 52.25 51.88 51.18 50.34 49.57 49.06 48.91 49.05 49.34 49.57 49.59 49.34 48.90 48.41 47.98 47.66 47.38 47.09 46.75 46.43 46.25 46.34 46.71 47.24 47.72 47.99 47.98 47.78 47.53 47.40 47.48 47.77 48.19 48.62 48.93 49.08 49.10 49.10 49.18 49.39 49.73 50.11 50.43 50.58 50.53 50.30 49.94 49.51 49.09 48.76 48.59 48.64 48.93 49.44 50.04 50.57 50.85 50.78 50.37 49.77 49.15 48.68 48.36 48.08 47.69 47.08 46.28 45.46 44.86 44.73 45.20 46.26 47.73 49.36 50.87 52.04 52.77 53.02 52.81 52.27 51.54 50.78 50.08 49.44 48.76 47.97 47.06 46.16 45.45 45.07 45.13 45.56 46.25 47.03 47.78 48.47 49.09 49.61 49.94 49.96 49.61 48.92 48.09 47.32 46.81 46.65 46.85 47.29 47.83 48.30 48.59 48.63 48.43 48.01 47.44 46.78 46.09 45.28 43.41 35.87 1.00 
54.00 45.87 45.67 46.86 48.01 48.82 49.30 49.50 49.50 49.33 49.08 48.82 48.68 48.77 49.16 49.82 50.65 51.50 52.29 52.92 53.37 53.62 53.64 53.40 52.90 52.15 51.24 50.25 49.24 48.26 47.32 46.51 45.96 45.86 46.35 47.44 48.96 50.59 51.97 52.83 53.09 52.85 52.33 51.79 51.37 51.10 50.92 50.73 50.46 50.08 49.69 49.36 49.16 49.10 49.12 49.18 49.28 49.46 49.71 49.98 50.16 50.13 49.85 49.45 49.18 49.32 50.01 51.22 52.64 53.88 54.60 54.69 54.24 53.53 52.89 52.52 52.45 52.56 52.64 52.50 52.04 51.33 50.52 49.79 49.31 49.14 49.24 49.49 49.72 49.78 49.61 49.28 48.89 48.54 48.27 48.05 47.80 47.51 47.23 47.06 47.13 47.41 47.80 48.09 48.14 47.93 47.57 47.25 47.14 47.31 47.74 48.29 48.79 49.13 49.25 49.22 49.15 49.19 49.39 49.77 50.23 50.65 50.92 50.95 50.75 50.33 49.76 49.12 48.53 48.08 47.87 47.95 48.32 48.86 49.40 49.75 49.80 49.53 49.08 48.61 48.28 48.09 47.93 47.66 47.15 46.45 45.69 45.13 44.96 45.32 46.19 47.44 48.83 50.11 51.10 51.68 51.81 51.53 50.94 50.20 49.46 48.80 48.21 47.62 46.95 46.21 45.51 44.99 44.80 45.00 45.54 46.30 47.11 47.88 48.57 49.20 49.74 50.12 50.21 49.92 49.29 48.47 47.68 47.10 46.82 46.87 47.17 47.61 48.06 48.38 48.50 48.40 48.06 47.51 46.74 45.74 44.37 42.53 41.58 54.00 
17.00 40.08 45.53 47.49 48.47 49.01 49.30 49.44 49.49 49.46 49.36 49.22 49.17 49.31 49.71 50.34 51.09 51.84 52.47 52.94 53.22 53.31 53.18 52.82 52.24 51.46 50.54 49.55 48.54 47.55 46.61 45.79 45.24 45.15 45.66 46.76 48.28 49.91 51.30 52.19 52.49 52.29 51.80 51.25 50.80 50.50 50.29 50.11 49.86 49.54 49.21 48.95 48.82 48.82 48.89 48.99 49.08 49.20 49.37 49.56 49.68 49.65 49.44 49.18 49.09 49.43 50.31 51.64 53.14 54.42 55.19 55.31 54.91 54.24 53.59 53.14 52.94 52.87 52.79 52.53 52.06 51.42 50.73 50.14 49.75 49.61 49.68 49.87 50.06 50.12 50.01 49.75 49.42 49.13 48.89 48.70 48.47 48.19 47.90 47.70 47.68 47.86 48.11 48.25 48.15 47.81 47.37 47.04 46.97 47.24 47.76 48.38 48.93 49.28 49.40 49.36 49.28 49.32 49.54 49.94 50.45 50.95 51.31 51.43 51.27 50.84 50.18 49.37 48.55 47.84 47.37 47.24 47.46 47.94 48.51 48.96 49.15 49.04 48.73 48.38 48.14 48.03 47.96 47.77 47.38 46.80 46.17 45.67 45.49 45.74 46.42 47.41 48.53 49.57 50.37 50.82 50.87 50.55 49.94 49.19 48.43 47.75 47.16 46.61 46.06 45.54 45.10 44.87 44.93 45.30 45.93 46.70 47.49 48.23 48.88 49.47 50.00 50.39 50.53 50.31 49.77 49.02 48.25 47.64 47.27 47.18 47.34 47.67 48.06 48.39 48.57 48.55 48.30 47.83 47.11 46.05 44.34 41.15 34.17 15.00 
77.00 51.71 48.53 48.65 48.97 49.11 49.17 49.23 49.35 49.47 49.55 49.58 49.65 49.87 50.30 50.93 51.65 52.32 52.85 53.18 53.30 53.22 52.93 52.44 51.76 50.94 50.05 49.12 48.19 47.28 46.41 45.63 45.10 44.99 45.42 46.39 47.75 49.22 50.49 51.32 51.59 51.40 50.91 50.35 49.89 49.60 49.47 49.42 49.35 49.25 49.11 49.00 48.97 49.01 49.07 49.11 49.10 49.08 49.08 49.10 49.10 49.00 48.80 48.63 48.69 49.18 50.19 51.62 53.16 54.49 55.30 55.51 55.21 54.63 54.02 53.55 53.25 53.05 52.82 52.50 52.04 51.51 51.00 50.59 50.33 50.24 50.30 50.45 50.60 50.66 50.57 50.34 50.03 49.74 49.49 49.27 49.02 48.70 48.34 48.06 47.94 48.01 48.17 48.23 48.08 47.73 47.30 47.01 47.00 47.30 47.84 48.45 48.98 49.31 49.42 49.41 49.37 49.44 49.69 50.11 50.64 51.18 51.61 51.81 51.73 51.33 50.64 49.74 48.76 47.85 47.16 46.83 46.91 47.32 47.92 48.48 48.83 48.88 48.72 48.47 48.29 48.20 48.14 48.00 47.71 47.26 46.76 46.36 46.20 46.37 46.87 47.63 48.51 49.34 49.99 50.35 50.37 50.05 49.45 48.67 47.86 47.09 46.43 45.87 45.43 45.13 45.02 45.12 45.45 45.99 46.68 47.42 48.14 48.78 49.34 49.85 50.33 50.71 50.87 50.74 50.30 49.65 48.95 48.33 47.88 47.67 47.69 47.89 48.21 48.51 48.71 48.74 48.58 48.27 47.79 47.11 45.99 43.85 39.12 28.00 
7.00 41.00 47.84 49.19 49.32 49.16 49.00 49.00 49.16 49.41 49.64 49.82 50.01 50.31 50.80 51.46 52.18 52.82 53.30 53.55 53.57 53.36 52.92 52.30 51.54 50.71 49.87 49.05 48.27 47.51 46.76 46.08 45.57 45.39 45.66 46.39 47.47 48.67 49.73 50.41 50.62 50.40 49.89 49.32 48.88 48.66 48.68 48.86 49.11 49.34 49.50 49.61 49.68 49.73 49.71 49.61 49.41 49.17 48.93 48.72 48.52 48.29 48.05 47.91 48.05 48.64 49.72 51.19 52.75 54.10 54.99 55.32 55.17 54.76 54.27 53.84 53.50 53.20 52.89 52.52 52.10 51.69 51.35 51.11 50.99 50.97 51.04 51.17 51.31 51.37 51.29 51.07 50.74 50.39 50.06 49.75 49.40 48.98 48.52 48.12 47.90 47.88 47.99 48.06 47.97 47.71 47.40 47.18 47.20 47.47 47.93 48.43 48.84 49.11 49.24 49.27 49.32 49.47 49.76 50.19 50.73 51.28 51.74 52.01 52.01 51.68 51.03 50.12 49.07 48.03 47.20 46.71 46.65 46.99 47.60 48.26 48.77 49.01 49.00 48.85 48.69 48.57 48.48 48.34 48.09 47.75 47.37 47.08 46.97 47.10 47.48 48.06 48.76 49.44 49.99 50.32 50.36 50.08 49.50 48.70 47.78 46.88 46.07 45.45 45.07 44.97 45.16 45.60 46.22 46.93 47.66 48.35 48.95 49.46 49.88 50.28 50.68 51.01 51.19 51.14 50.82 50.29 49.67 49.06 48.55 48.22 48.09 48.16 48.37 48.61 48.77 48.81 48.74 48.62 48.54 48.57 48.78 49.30 50.58 54.00 
74.00 57.18 52.25 50.58 49.79 49.25 48.92 48.84 49.01 49.31 49.63 49.90 50.16 50.53 51.07 51.77 52.52 53.18 53.65 53.89 53.87 53.58 53.06 52.37 51.58 50.79 50.05 49.38 48.78 48.21 47.62 47.03 46.54 46.26 46.32 46.76 47.50 48.37 49.15 49.66 49.79 49.53 49.02 48.45 48.04 47.92 48.13 48.61 49.23 49.84 50.34 50.68 50.85 50.88 50.74 50.45 50.02 49.51 49.00 48.52 48.09 47.68 47.34 47.19 47.36 47.99 49.09 50.54 52.09 53.44 54.40 54.87 54.92 54.71 54.39 54.06 53.74 53.41 53.05 52.66 52.28 51.97 51.75 51.65 51.64 51.69 51.80 51.95 52.11 52.20 52.14 51.91 51.52 51.05 50.57 50.10 49.59 49.03 48.43 47.91 47.59 47.52 47.63 47.79 47.85 47.77 47.61 47.50 47.51 47.68 47.94 48.23 48.48 48.66 48.79 48.92 49.10 49.36 49.73 50.18 50.70 51.23 51.70 52.00 52.06 51.81 51.23 50.39 49.36 48.31 47.40 46.81 46.65 46.91 47.51 48.25 48.90 49.33 49.48 49.44 49.30 49.14 48.97 48.78 48.53 48.25 47.97 47.77 47.70 47.82 48.14 48.62 49.20 49.79 50.31 50.66 50.75 50.54 50.00 49.18 48.15 47.06 46.06 45.30 44.90 44.95 45.40 46.14 47.03 47.92 48.71 49.34 49.83 50.18 50.45 50.71 50.98 51.26 51.44 51.46 51.26 50.87 50.33 49.74 49.17 48.72 48.44 48.36 48.44 48.58 48.68 48.70 48.69 48.77 49.11 49.90 51.42 54.20 60.03 77.00 
93.00 61.24 53.01 50.77 49.90 49.33 48.95 48.83 48.97 49.25 49.56 49.83 50.12 50.52 51.10 51.82 52.59 53.27 53.77 54.03 54.01 53.72 53.20 52.51 51.78 51.09 50.51 50.04 49.65 49.27 48.84 48.35 47.85 47.46 47.31 47.43 47.82 48.35 48.86 49.20 49.23 48.95 48.45 47.91 47.55 47.55 47.95 48.72 49.68 50.64 51.44 51.97 52.22 52.21 51.96 51.48 50.84 50.09 49.32 48.59 47.93 47.34 46.90 46.71 46.88 47.51 48.58 49.96 51.44 52.76 53.75 54.35 54.59 54.58 54.44 54.22 53.96 53.66 53.30 52.92 52.57 52.31 52.18 52.16 52.22 52.32 52.48 52.68 52.90 53.04 53.02 52.76 52.27 51.65 50.98 50.31 49.62 48.89 48.16 47.53 47.13 47.03 47.19 47.47 47.71 47.85 47.87 47.84 47.82 47.82 47.84 47.87 47.91 47.99 48.15 48.41 48.75 49.17 49.63 50.11 50.60 51.08 51.50 51.79 51.86 51.67 51.19 50.45 49.52 48.55 47.67 47.06 46.82 47.01 47.58 48.35 49.13 49.73 50.07 50.16 50.06 49.86 49.62 49.34 49.06 48.78 48.55 48.40 48.37 48.49 48.77 49.20 49.72 50.29 50.81 51.21 51.40 51.28 50.80 49.97 48.84 47.56 46.32 45.37 44.88 44.98 45.60 46.59 47.71 48.76 49.63 50.25 50.64 50.85 50.97 51.06 51.20 51.38 51.56 51.65 51.58 51.31 50.87 50.30 49.68 49.11 48.68 48.45 48.40 48.43 48.45 48.44 48.47 48.71 49.40 50.80 53.16 56.41 58.54 47.00 
22.00 41.53 47.45 49.33 49.69 49.47 49.15 49.00 49.06 49.26 49.48 49.69 49.95 50.36 50.95 51.69 52.46 53.14 53.64 53.92 53.94 53.69 53.22 52.63 52.03 51.52 51.14 50.89 50.72 50.53 50.24 49.83 49.33 48.84 48.48 48.33 48.40 48.62 48.88 49.03 48.98 48.68 48.21 47.73 47.46 47.58 48.16 49.15 50.35 51.54 52.53 53.18 53.47 53.43 53.08 52.48 51.69 50.78 49.84 48.93 48.10 47.39 46.87 46.65 46.81 47.41 48.41 49.68 51.04 52.27 53.25 53.91 54.28 54.42 54.42 54.32 54.13 53.88 53.56 53.21 52.90 52.68 52.58 52.58 52.67 52.82 53.03 53.31 53.61 53.82 53.81 53.50 52.89 52.08 51.21 50.33 49.48 48.63 47.81 47.11 46.68 46.58 46.78 47.17 47.58 47.90 48.08 48.12 48.04 47.87 47.63 47.40 47.24 47.25 47.46 47.86 48.39 48.96 49.52 50.01 50.45 50.85 51.18 51.40 51.45 51.27 50.85 50.23 49.45 48.63 47.87 47.30 47.05 47.18 47.70 48.48 49.36 50.14 50.67 50.92 50.91 50.72 50.42 50.07 49.73 49.41 49.16 49.00 48.96 49.05 49.30 49.69 50.20 50.76 51.33 51.80 52.10 52.10 51.72 50.91 49.71 48.27 46.81 45.62 44.98 45.03 45.72 46.85 48.14 49.34 50.30 50.94 51.28 51.39 51.36 51.28 51.27 51.35 51.51 51.66 51.72 51.60 51.26 50.73 50.06 49.39 48.82 48.46 48.28 48.23 48.20 48.17 48.24 48.60 49.54 51.39 54.65 60.31 71.04 96.00 
9.00 35.23 45.64 49.23 50.07 49.93 49.57 49.33 49.28 49.34 49.43 49.56 49.78 50.19 50.79 51.52 52.27 52.92 53.40 53.68 53.72 53.54 53.17 52.72 52.31 52.01 51.87 51.84 51.87 51.84 51.68 51.34 50.83 50.26 49.74 49.37 49.18 49.14 49.16 49.14 48.98 48.66 48.22 47.84 47.69 47.95 48.66 49.76 51.06 52.32 53.35 54.02 54.31 54.24 53.86 53.23 52.40 51.44 50.44 49.46 48.57 47.83 47.30 47.08 47.24 47.80 48.70 49.82 51.01 52.10 53.00 53.65 54.06 54.27 54.35 54.32 54.21 54.01 53.76 53.48 53.21 53.02 52.92 52.92 53.02 53.20 53.48 53.84 54.21 54.46 54.43 54.02 53.25 52.25 51.17 50.13 49.17 48.28 47.45 46.77 46.35 46.27 46.50 46.95 47.45 47.89 48.17 48.25 48.13 47.82 47.39 46.96 46.67 46.64 46.91 47.45 48.14 48.85 49.46 49.95 50.31 50.58 50.79 50.90 50.86 50.65 50.26 49.73 49.10 48.46 47.86 47.40 47.17 47.28 47.76 48.56 49.52 50.47 51.21 51.66 51.80 51.68 51.38 50.99 50.58 50.19 49.85 49.61 49.48 49.50 49.68 50.02 50.50 51.07 51.69 52.25 52.67 52.80 52.55 51.82 50.62 49.08 47.44 46.04 45.20 45.12 45.76 46.92 48.30 49.60 50.65 51.35 51.69 51.73 51.57 51.34 51.17 51.14 51.27 51.49 51.68 51.72 51.51 51.03 50.35 49.59 48.92 48.44 48.19 48.08 48.04 48.03 48.14 48.58 49.60 51.51 54.66 59.86 69.74 96.00 
24.00 44.65 50.50 51.77 51.50 50.81 50.18 49.76 49.55 49.47 49.45 49.51 49.72 50.15 50.77 51.51 52.22 52.82 53.26 53.52 53.58 53.46 53.20 52.90 52.66 52.57 52.63 52.79 52.98 53.09 53.03 52.74 52.24 51.61 50.98 50.45 50.08 49.83 49.65 49.44 49.14 48.76 48.37 48.09 48.10 48.49 49.29 50.40 51.64 52.80 53.72 54.30 54.54 54.47 54.13 53.56 52.80 51.92 50.99 50.08 49.25 48.56 48.10 47.92 48.08 48.58 49.36 50.32 51.32 52.24 53.00 53.57 53.94 54.15 54.24 54.24 54.17 54.04 53.87 53.66 53.45 53.29 53.20 53.21 53.32 53.55 53.89 54.32 54.74 54.98 54.86 54.29 53.32 52.09 50.83 49.68 48.70 47.86 47.14 46.57 46.23 46.18 46.41 46.84 47.34 47.80 48.11 48.21 48.07 47.70 47.19 46.67 46.33 46.31 46.66 47.32 48.12 48.90 49.52 49.95 50.20 50.33 50.39 50.36 50.21 49.91 49.50 49.02 48.52 48.04 47.60 47.25 47.08 47.20 47.67 48.49 49.56 50.68 51.66 52.35 52.70 52.72 52.49 52.09 51.61 51.11 50.63 50.22 49.93 49.79 49.85 50.10 50.54 51.12 51.77 52.42 52.96 53.24 53.14 52.54 51.42 49.86 48.11 46.55 45.52 45.25 45.76 46.85 48.22 49.58 50.71 51.49 51.86 51.87 51.61 51.23 50.92 50.79 50.89 51.17 51.51 51.71 51.65 51.25 50.57 49.77 49.02 48.48 48.17 48.05 48.03 48.07 48.24 48.72 49.74 51.41 53.64 55.53 52.53 22.00 
97.00 68.86 59.96 55.92 53.49 51.87 50.81 50.17 49.82 49.63 49.54 49.59 49.83 50.31 50.99 51.74 52.44 53.00 53.40 53.63 53.71 53.63 53.46 53.26 53.16 53.21 53.40 53.68 53.97 54.17 54.18 53.95 53.46 52.81 52.12 51.50 51.00 50.59 50.22 49.83 49.37 48.90 48.52 48.36 48.52 49.05 49.89 50.92 51.97 52.88 53.56 53.98 54.14 54.09 53.85 53.42 52.83 52.13 51.38 50.64 49.97 49.43 49.07 48.95 49.12 49.55 50.21 50.99 51.79 52.53 53.15 53.60 53.89 54.05 54.10 54.09 54.05 53.97 53.85 53.72 53.57 53.46 53.41 53.46 53.63 53.93 54.35 54.84 55.27 55.43 55.14 54.35 53.11 51.65 50.22 49.01 48.08 47.40 46.89 46.52 46.31 46.30 46.48 46.83 47.24 47.63 47.90 48.00 47.88 47.54 47.06 46.58 46.29 46.34 46.77 47.50 48.36 49.15 49.72 50.05 50.17 50.15 50.05 49.87 49.58 49.18 48.71 48.23 47.80 47.43 47.11 46.86 46.75 46.89 47.39 48.28 49.47 50.79 52.01 52.97 53.56 53.77 53.66 53.29 52.74 52.10 51.43 50.79 50.26 49.91 49.79 49.92 50.29 50.85 51.53 52.24 52.87 53.29 53.35 52.93 51.94 50.45 48.70 47.05 45.87 45.42 45.74 46.69 48.00 49.36 50.56 51.41 51.84 51.84 51.51 51.01 50.56 50.33 50.41 50.76 51.22 51.60 51.69 51.40 50.77 49.95 49.16 48.57 48.23 48.10 48.10 48.19 48.43 49.00 50.05 51.66 53.84 56.82 63.26 91.00 
84.00 73.97 64.78 58.77 55.01 52.69 51.29 50.49 50.04 49.79 49.70 49.77 50.09 50.66 51.42 52.22 52.93 53.47 53.85 54.08 54.17 54.13 53.99 53.85 53.80 53.89 54.13 54.46 54.79 55.03 55.09 54.90 54.45 53.81 53.09 52.42 51.84 51.33 50.80 50.22 49.58 49.00 48.60 48.52 48.83 49.46 50.30 51.18 51.97 52.56 52.94 53.15 53.23 53.22 53.11 52.88 52.52 52.06 51.55 51.03 50.57 50.20 49.97 49.92 50.08 50.43 50.95 51.57 52.20 52.78 53.26 53.61 53.81 53.90 53.90 53.87 53.82 53.77 53.69 53.60 53.52 53.47 53.50 53.65 53.94 54.37 54.91 55.46 55.84 55.87 55.36 54.27 52.75 51.05 49.48 48.24 47.43 46.98 46.74 46.62 46.55 46.56 46.66 46.86 47.12 47.38 47.58 47.67 47.60 47.35 46.98 46.63 46.47 46.63 47.15 47.93 48.79 49.54 50.04 50.25 50.23 50.07 49.81 49.48 49.06 48.55 48.00 47.50 47.08 46.76 46.50 46.31 46.25 46.43 46.98 47.96 49.29 50.79 52.26 53.47 54.32 54.73 54.74 54.41 53.79 53.00 52.11 51.23 50.44 49.84 49.52 49.51 49.79 50.32 50.99 51.72 52.40 52.91 53.12 52.87 52.07 50.73 49.07 47.42 46.17 45.57 45.73 46.53 47.73 49.07 50.31 51.23 51.71 51.72 51.33 50.73 50.16 49.84 49.88 50.27 50.85 51.38 51.63 51.46 50.89 50.09 49.29 48.66 48.28 48.12 48.11 48.23 48.55 49.23 50.38 52.03 53.91 55.18 53.00 35.00 
99.00 78.48 66.89 59.91 55.63 53.05 51.54 50.69 50.22 49.98 49.91 50.05 50.46 51.13 51.96 52.82 53.56 54.12 54.50 54.74 54.85 54.82 54.69 54.54 54.47 54.54 54.74 55.04 55.35 55.60 55.69 55.54 55.14 54.53 53.83 53.15 52.53 51.94 51.29 50.53 49.72 49.01 48.57 48.55 48.95 49.65 50.46 51.17 51.68 51.95 52.04 52.05 52.05 52.07 52.09 52.05 51.92 51.70 51.43 51.15 50.90 50.70 50.59 50.58 50.71 50.98 51.37 51.82 52.31 52.77 53.15 53.43 53.57 53.61 53.58 53.52 53.46 53.40 53.33 53.26 53.20 53.22 53.37 53.69 54.17 54.81 55.50 56.12 56.47 56.33 55.57 54.19 52.38 50.47 48.77 47.56 46.89 46.67 46.71 46.82 46.88 46.88 46.86 46.88 46.95 47.07 47.19 47.27 47.26 47.13 46.93 46.76 46.76 47.05 47.64 48.44 49.28 49.97 50.38 50.49 50.35 50.05 49.66 49.21 48.68 48.08 47.47 46.93 46.49 46.16 45.92 45.75 45.72 45.96 46.58 47.64 49.08 50.74 52.38 53.80 54.85 55.44 55.55 55.23 54.55 53.61 52.53 51.42 50.41 49.61 49.12 48.99 49.18 49.63 50.24 50.91 51.57 52.12 52.43 52.35 51.74 50.62 49.12 47.58 46.34 45.68 45.73 46.40 47.51 48.82 50.07 51.04 51.57 51.58 51.15 50.46 49.77 49.35 49.33 49.73 50.38 51.03 51.41 51.36 50.88 50.12 49.32 48.65 48.21 47.97 47.90 48.02 48.40 49.23 50.62 52.60 55.01 57.38 58.75 59.00 
92.00 74.45 65.05 59.12 55.33 53.00 51.64 50.88 50.46 50.25 50.22 50.40 50.87 51.59 52.48 53.38 54.15 54.73 55.14 55.39 55.51 55.48 55.33 55.13 55.00 54.99 55.12 55.35 55.62 55.84 55.94 55.84 55.50 54.94 54.29 53.63 53.01 52.36 51.62 50.72 49.77 48.94 48.45 48.44 48.89 49.62 50.38 50.95 51.24 51.26 51.12 50.97 50.89 50.91 50.99 51.07 51.10 51.07 51.00 50.92 50.85 50.80 50.78 50.80 50.89 51.06 51.31 51.63 51.99 52.37 52.70 52.95 53.08 53.10 53.05 52.98 52.91 52.83 52.73 52.63 52.58 52.66 52.95 53.46 54.20 55.09 55.99 56.72 57.04 56.77 55.79 54.16 52.14 50.06 48.30 47.12 46.59 46.58 46.84 47.10 47.22 47.15 46.99 46.81 46.72 46.71 46.78 46.87 46.93 46.93 46.90 46.90 47.05 47.44 48.07 48.86 49.66 50.28 50.62 50.65 50.42 50.03 49.55 49.01 48.42 47.79 47.16 46.59 46.12 45.76 45.50 45.35 45.35 45.64 46.31 47.42 48.91 50.63 52.35 53.87 55.03 55.72 55.89 55.57 54.82 53.77 52.56 51.32 50.19 49.30 48.72 48.51 48.62 48.96 49.44 49.97 50.52 51.02 51.36 51.41 51.01 50.12 48.86 47.50 46.37 45.74 45.75 46.35 47.39 48.65 49.89 50.87 51.41 51.42 50.95 50.19 49.42 48.89 48.79 49.15 49.82 50.54 51.01 51.05 50.66 49.95 49.15 48.44 47.90 47.55 47.39 47.47 47.91 48.89 50.58 53.09 56.49 60.82 65.80 69.00 
55.00 62.71 60.48 57.09 54.44 52.72 51.72 51.16 50.84 50.66 50.63 50.81 51.27 51.98 52.87 53.76 54.53 55.11 55.52 55.77 55.88 55.82 55.63 55.39 55.19 55.11 55.18 55.34 55.55 55.74 55.83 55.76 55.48 55.01 54.43 53.83 53.23 52.57 51.76 50.78 49.73 48.82 48.30 48.28 48.74 49.47 50.19 50.68 50.85 50.74 50.47 50.20 50.02 49.96 50.00 50.07 50.15 50.23 50.30 50.38 50.46 50.52 50.56 50.58 50.61 50.67 50.80 51.00 51.27 51.58 51.89 52.15 52.30 52.35 52.31 52.24 52.14 52.02 51.87 51.73 51.67 51.79 52.20 52.92 53.93 55.09 56.22 57.08 57.42 57.07 55.95 54.19 52.05 49.91 48.15 47.03 46.60 46.73 47.11 47.44 47.53 47.34 47.00 46.65 46.42 46.35 46.41 46.55 46.69 46.80 46.89 47.02 47.28 47.73 48.36 49.10 49.82 50.37 50.64 50.62 50.34 49.91 49.40 48.85 48.27 47.67 47.07 46.50 46.01 45.63 45.36 45.23 45.28 45.60 46.30 47.39 48.83 50.47 52.14 53.63 54.79 55.48 55.65 55.30 54.50 53.41 52.17 50.94 49.84 48.99 48.45 48.23 48.27 48.47 48.75 49.06 49.40 49.75 50.06 50.18 49.97 49.34 48.36 47.26 46.32 45.80 45.83 46.40 47.39 48.58 49.76 50.69 51.20 51.19 50.71 49.92 49.09 48.49 48.30 48.59 49.22 49.93 50.44 50.54 50.20 49.54 48.73 47.95 47.31 46.84 46.58 46.61 47.08 48.18 50.11 53.08 57.41 63.88 74.80 99.00 
63.00 61.32 57.81 55.17 53.46 52.46 51.91 51.61 51.41 51.25 51.17 51.27 51.63 52.25 53.04 53.85 54.57 55.12 55.49 55.71 55.77 55.67 55.44 55.16 54.93 54.83 54.86 54.98 55.14 55.29 55.36 55.31 55.10 54.73 54.25 53.74 53.19 52.55 51.73 50.73 49.66 48.73 48.20 48.18 48.63 49.35 50.06 50.55 50.71 50.59 50.29 49.94 49.62 49.38 49.24 49.19 49.22 49.32 49.49 49.69 49.89 50.03 50.10 50.09 50.04 50.00 50.01 50.10 50.29 50.55 50.87 51.15 51.35 51.44 51.42 51.35 51.23 51.06 50.85 50.65 50.56 50.71 51.21 52.10 53.33 54.74 56.07 57.06 57.46 57.11 55.97 54.20 52.09 50.00 48.32 47.27 46.93 47.11 47.51 47.80 47.78 47.44 46.92 46.43 46.12 46.04 46.15 46.35 46.57 46.76 46.93 47.14 47.45 47.91 48.49 49.15 49.75 50.20 50.40 50.34 50.06 49.65 49.19 48.73 48.25 47.74 47.20 46.67 46.18 45.79 45.53 45.42 45.52 45.88 46.55 47.54 48.81 50.26 51.73 53.07 54.12 54.74 54.84 54.44 53.62 52.55 51.40 50.32 49.42 48.76 48.37 48.22 48.23 48.28 48.31 48.32 48.37 48.51 48.72 48.88 48.84 48.47 47.81 47.00 46.31 45.95 46.04 46.60 47.51 48.59 49.64 50.45 50.87 50.83 50.35 49.59 48.77 48.14 47.90 48.11 48.66 49.30 49.78 49.88 49.55 48.89 48.05 47.21 46.47 45.90 45.57 45.57 46.07 47.22 49.22 52.27 56.70 62.89 70.72 76.00 
95.00 62.09 54.84 52.97 52.40 52.24 52.23 52.22 52.12 51.95 51.78 51.74 51.94 52.37 52.99 53.65 54.25 54.70 55.00 55.14 55.14 54.98 54.72 54.44 54.23 54.15 54.20 54.33 54.46 54.55 54.59 54.54 54.39 54.12 53.77 53.36 52.90 52.32 51.55 50.60 49.58 48.71 48.22 48.22 48.67 49.40 50.14 50.69 50.95 50.92 50.65 50.22 49.73 49.25 48.85 48.58 48.50 48.58 48.81 49.11 49.40 49.60 49.66 49.61 49.47 49.32 49.23 49.22 49.32 49.54 49.85 50.15 50.39 50.52 50.53 50.45 50.29 50.08 49.82 49.57 49.46 49.61 50.16 51.16 52.53 54.08 55.55 56.65 57.11 56.82 55.77 54.13 52.17 50.25 48.71 47.76 47.46 47.63 47.97 48.16 47.99 47.48 46.81 46.21 45.86 45.82 45.99 46.28 46.56 46.80 47.02 47.27 47.61 48.05 48.56 49.09 49.55 49.86 49.97 49.87 49.62 49.30 48.97 48.67 48.36 47.99 47.56 47.07 46.58 46.19 45.94 45.87 46.02 46.38 46.97 47.79 48.81 49.96 51.15 52.25 53.11 53.59 53.59 53.14 52.33 51.36 50.39 49.57 48.98 48.63 48.49 48.49 48.50 48.41 48.19 47.87 47.60 47.48 47.55 47.72 47.83 47.74 47.40 46.92 46.49 46.30 46.47 46.99 47.78 48.68 49.52 50.14 50.42 50.32 49.87 49.18 48.45 47.88 47.63 47.77 48.21 48.75 49.12 49.15 48.78 48.08 47.20 46.30 45.49 44.88 44.53 44.55 45.07 46.19 48.06 50.86 54.90 60.77 69.51 82.00 
0.00 37.39 46.76 49.80 51.20 52.05 52.58 52.84 52.83 52.63 52.37 52.18 52.17 52.38 52.76 53.21 53.63 53.95 54.13 54.18 54.08 53.87 53.59 53.34 53.19 53.20 53.31 53.46 53.58 53.63 53.63 53.57 53.46 53.29 53.06 52.78 52.42 51.92 51.25 50.41 49.52 48.78 48.37 48.43 48.91 49.66 50.47 51.15 51.56 51.66 51.45 50.98 50.31 49.57 48.90 48.43 48.22 48.29 48.57 48.95 49.30 49.51 49.54 49.41 49.18 48.93 48.73 48.63 48.65 48.82 49.08 49.39 49.64 49.79 49.80 49.69 49.49 49.22 48.92 48.66 48.53 48.69 49.25 50.27 51.68 53.28 54.78 55.91 56.43 56.23 55.35 53.92 52.21 50.54 49.18 48.34 48.06 48.19 48.43 48.49 48.18 47.53 46.73 46.06 45.70 45.69 45.93 46.28 46.60 46.88 47.13 47.42 47.79 48.22 48.67 49.07 49.35 49.49 49.47 49.33 49.13 48.93 48.79 48.70 48.60 48.40 48.07 47.61 47.12 46.70 46.46 46.42 46.59 46.94 47.42 48.03 48.76 49.58 50.44 51.27 51.91 52.22 52.12 51.62 50.85 50.02 49.29 48.80 48.58 48.59 48.75 48.93 48.99 48.80 48.36 47.76 47.18 46.82 46.75 46.92 47.17 47.33 47.31 47.15 46.98 46.95 47.16 47.62 48.24 48.90 49.46 49.82 49.91 49.72 49.30 48.73 48.16 47.71 47.52 47.63 47.96 48.34 48.57 48.47 48.01 47.24 46.30 45.36 44.54 43.94 43.65 43.74 44.29 45.32 46.89 49.08 52.07 56.43 64.89 92.00 
38.00 40.72 45.04 48.23 50.44 51.92 52.85 53.29 53.34 53.12 52.78 52.47 52.29 52.28 52.42 52.64 52.86 53.02 53.08 53.01 52.83 52.56 52.28 52.08 52.02 52.12 52.32 52.52 52.63 52.65 52.61 52.54 52.47 52.39 52.27 52.09 51.81 51.41 50.85 50.16 49.45 48.89 48.62 48.77 49.30 50.11 51.01 51.81 52.38 52.62 52.50 52.00 51.21 50.29 49.43 48.81 48.54 48.61 48.93 49.35 49.72 49.91 49.88 49.67 49.34 49.00 48.72 48.54 48.48 48.56 48.76 49.02 49.26 49.38 49.35 49.19 48.91 48.59 48.26 48.00 47.89 48.05 48.61 49.59 50.95 52.48 53.92 55.01 55.54 55.44 54.74 53.58 52.17 50.76 49.59 48.84 48.57 48.64 48.80 48.75 48.34 47.59 46.71 46.00 45.63 45.63 45.90 46.26 46.60 46.90 47.20 47.56 48.01 48.49 48.91 49.20 49.31 49.25 49.08 48.86 48.68 48.60 48.65 48.79 48.89 48.86 48.60 48.16 47.64 47.18 46.92 46.88 47.05 47.35 47.72 48.13 48.58 49.10 49.68 50.24 50.68 50.83 50.64 50.11 49.42 48.75 48.28 48.11 48.24 48.60 49.05 49.42 49.55 49.33 48.75 47.95 47.16 46.60 46.43 46.61 46.99 47.37 47.63 47.75 47.80 47.91 48.14 48.49 48.91 49.29 49.54 49.60 49.46 49.17 48.77 48.34 47.94 47.67 47.58 47.69 47.93 48.15 48.20 47.95 47.35 46.49 45.50 44.55 43.75 43.23 43.06 43.27 43.86 44.78 45.98 47.37 48.68 48.67 42.03 6.00 
52.00 42.34 44.17 47.28 49.86 51.69 52.83 53.37 53.44 53.20 52.84 52.49 52.23 52.08 52.03 52.06 52.11 52.12 52.06 51.90 51.64 51.32 51.05 50.89 50.91 51.10 51.37 51.60 51.72 51.72 51.66 51.61 51.59 51.58 51.54 51.42 51.19 50.84 50.37 49.84 49.33 48.97 48.89 49.16 49.77 50.64 51.61 52.51 53.19 53.55 53.50 53.02 52.21 51.24 50.34 49.70 49.43 49.53 49.87 50.28 50.62 50.75 50.65 50.37 49.98 49.59 49.25 49.00 48.85 48.83 48.93 49.11 49.28 49.34 49.23 48.96 48.58 48.16 47.80 47.55 47.49 47.69 48.23 49.16 50.41 51.80 53.10 54.08 54.59 54.57 54.06 53.16 52.03 50.85 49.84 49.16 48.87 48.89 48.97 48.87 48.41 47.63 46.73 45.99 45.60 45.59 45.84 46.18 46.52 46.84 47.22 47.71 48.29 48.87 49.32 49.54 49.50 49.24 48.89 48.55 48.34 48.34 48.53 48.84 49.12 49.20 49.00 48.55 47.98 47.47 47.17 47.11 47.26 47.51 47.77 48.02 48.27 48.55 48.91 49.28 49.55 49.59 49.33 48.81 48.20 47.70 47.47 47.58 48.00 48.62 49.29 49.82 50.05 49.85 49.24 48.36 47.47 46.83 46.61 46.82 47.30 47.85 48.32 48.65 48.88 49.08 49.30 49.54 49.75 49.85 49.79 49.56 49.20 48.80 48.41 48.09 47.89 47.80 47.83 47.95 48.11 48.20 48.07 47.65 46.91 45.96 44.92 43.98 43.25 42.86 42.84 43.18 43.83 44.65 45.55 46.47 47.37 48.18 48.93 51.00 
1.00 32.24 41.55 46.18 49.19 51.19 52.37 52.90 52.95 52.74 52.43 52.14 51.91 51.74 51.63 51.55 51.49 51.41 51.27 51.03 50.71 50.36 50.08 49.95 50.02 50.26 50.56 50.82 50.94 50.95 50.90 50.89 50.93 50.99 51.00 50.88 50.63 50.27 49.84 49.43 49.12 48.99 49.11 49.52 50.23 51.14 52.13 53.05 53.77 54.17 54.19 53.79 53.07 52.21 51.42 50.89 50.70 50.83 51.15 51.50 51.75 51.81 51.65 51.33 50.94 50.55 50.21 49.91 49.69 49.56 49.54 49.59 49.64 49.58 49.34 48.91 48.36 47.81 47.39 47.16 47.17 47.44 48.01 48.89 50.02 51.25 52.38 53.23 53.69 53.73 53.38 52.71 51.81 50.82 49.91 49.25 48.92 48.87 48.91 48.79 48.35 47.60 46.74 46.01 45.61 45.56 45.75 46.05 46.38 46.75 47.24 47.90 48.67 49.41 49.93 50.12 49.95 49.50 48.94 48.44 48.14 48.12 48.37 48.77 49.14 49.29 49.12 48.66 48.06 47.52 47.18 47.10 47.21 47.40 47.59 47.73 47.84 47.98 48.18 48.43 48.60 48.57 48.29 47.81 47.29 46.95 46.91 47.23 47.84 48.63 49.42 50.05 50.36 50.23 49.68 48.85 47.99 47.38 47.20 47.45 48.00 48.66 49.26 49.72 50.05 50.29 50.48 50.61 50.64 50.52 50.21 49.74 49.20 48.69 48.30 48.07 48.02 48.08 48.22 48.38 48.49 48.46 48.19 47.62 46.76 45.72 44.65 43.73 43.08 42.81 42.94 43.41 44.11 44.85 45.51 46.06 46.70 48.30 54.83 85.00 
68.00 43.77 43.03 45.86 48.51 50.36 51.42 51.84 51.85 51.68 51.50 51.38 51.30 51.24 51.18 51.10 51.02 50.91 50.74 50.47 50.12 49.75 49.47 49.35 49.43 49.68 49.98 50.23 50.36 50.39 50.39 50.44 50.55 50.66 50.67 50.51 50.18 49.74 49.30 48.98 48.84 48.92 49.26 49.83 50.62 51.54 52.48 53.32 53.97 54.35 54.39 54.11 53.57 52.95 52.40 52.08 52.02 52.17 52.42 52.67 52.80 52.77 52.59 52.30 51.98 51.67 51.37 51.08 50.80 50.56 50.39 50.28 50.16 49.92 49.48 48.82 48.06 47.35 46.85 46.64 46.74 47.12 47.76 48.63 49.68 50.77 51.75 52.48 52.90 53.00 52.79 52.32 51.61 50.74 49.87 49.17 48.76 48.62 48.61 48.50 48.12 47.47 46.71 46.05 45.66 45.58 45.72 45.98 46.32 46.77 47.41 48.25 49.22 50.12 50.74 50.92 50.64 50.01 49.23 48.52 48.06 47.94 48.15 48.56 48.95 49.12 48.96 48.52 47.93 47.40 47.06 46.96 47.04 47.18 47.29 47.34 47.36 47.40 47.52 47.69 47.81 47.75 47.48 47.07 46.67 46.48 46.60 47.05 47.76 48.60 49.43 50.09 50.46 50.43 50.00 49.31 48.60 48.12 48.03 48.34 48.94 49.64 50.28 50.78 51.14 51.38 51.52 51.56 51.46 51.19 50.72 50.11 49.44 48.86 48.45 48.28 48.31 48.48 48.71 48.91 49.00 48.90 48.54 47.87 46.93 45.82 44.73 43.82 43.23 43.06 43.29 43.84 44.55 45.20 45.64 45.74 45.37 43.83 37.34 6.00 
7.00 31.48 40.32 44.84 47.57 49.20 50.02 50.28 50.25 50.15 50.14 50.25 50.42 50.57 50.65 50.67 50.65 50.56 50.40 50.13 49.78 49.42 49.15 49.04 49.13 49.37 49.67 49.90 50.04 50.09 50.13 50.24 50.41 50.54 50.53 50.29 49.83 49.29 48.81 48.54 48.55 48.85 49.39 50.11 50.95 51.82 52.62 53.29 53.77 54.03 54.06 53.89 53.59 53.28 53.05 52.98 53.06 53.21 53.37 53.47 53.47 53.38 53.21 53.01 52.82 52.65 52.45 52.21 51.90 51.56 51.24 50.94 50.61 50.13 49.43 48.50 47.49 46.59 46.00 45.83 46.04 46.58 47.34 48.27 49.29 50.29 51.17 51.82 52.24 52.41 52.35 52.05 51.49 50.71 49.83 49.05 48.51 48.25 48.15 48.04 47.75 47.25 46.65 46.12 45.80 45.73 45.85 46.11 46.49 47.04 47.83 48.85 49.99 51.02 51.71 51.88 51.51 50.71 49.71 48.76 48.10 47.82 47.92 48.25 48.59 48.75 48.63 48.25 47.75 47.31 47.02 46.93 46.96 47.02 47.04 46.99 46.90 46.86 46.90 47.01 47.09 47.03 46.80 46.48 46.21 46.17 46.43 46.97 47.72 48.54 49.34 49.98 50.38 50.44 50.17 49.68 49.18 48.88 48.93 49.32 49.94 50.62 51.23 51.70 52.02 52.22 52.31 52.28 52.12 51.78 51.27 50.61 49.90 49.26 48.82 48.64 48.69 48.91 49.19 49.43 49.55 49.44 49.05 48.35 47.37 46.24 45.13 44.23 43.68 43.54 43.80 44.35 45.02 45.58 45.87 45.78 45.29 44.50 44.84 58.00 
18.00 34.56 41.40 44.86 46.84 47.93 48.39 48.45 48.37 48.36 48.54 48.90 49.35 49.75 50.05 50.22 50.29 50.26 50.11 49.86 49.53 49.20 48.97 48.91 49.04 49.31 49.60 49.84 49.98 50.04 50.12 50.25 50.44 50.57 50.50 50.16 49.60 48.96 48.45 48.24 48.38 48.86 49.57 50.41 51.25 51.99 52.58 52.98 53.21 53.29 53.27 53.20 53.13 53.12 53.21 53.39 53.59 53.74 53.79 53.74 53.62 53.47 53.35 53.27 53.25 53.24 53.18 53.00 52.70 52.30 51.84 51.34 50.76 50.00 49.00 47.78 46.52 45.44 44.79 44.67 45.03 45.76 46.70 47.73 48.77 49.75 50.57 51.22 51.67 51.96 52.06 51.94 51.52 50.81 49.91 49.02 48.32 47.87 47.64 47.48 47.26 46.92 46.53 46.20 46.01 46.01 46.17 46.46 46.92 47.58 48.51 49.66 50.91 52.02 52.73 52.87 52.40 51.44 50.23 49.06 48.17 47.71 47.66 47.88 48.17 48.33 48.28 48.03 47.70 47.41 47.23 47.17 47.15 47.09 46.96 46.76 46.53 46.36 46.30 46.32 46.34 46.28 46.10 45.89 45.77 45.89 46.28 46.91 47.67 48.46 49.20 49.81 50.22 50.36 50.24 49.95 49.67 49.58 49.77 50.23 50.84 51.48 52.02 52.41 52.66 52.79 52.82 52.75 52.58 52.27 51.81 51.20 50.49 49.83 49.32 49.07 49.07 49.28 49.59 49.88 50.06 50.01 49.66 48.99 48.03 46.91 45.82 44.92 44.36 44.20 44.40 44.87 45.44 45.89 46.09 45.95 45.42 44.08 39.60 21.00 
57.00 47.19 45.52 45.87 46.44 46.76 46.79 46.64 46.51 46.58 46.93 47.53 48.24 48.90 49.42 49.75 49.91 49.91 49.77 49.51 49.20 48.93 48.78 48.83 49.05 49.39 49.73 49.99 50.14 50.22 50.30 50.42 50.58 50.65 50.52 50.12 49.49 48.82 48.33 48.19 48.46 49.08 49.92 50.79 51.55 52.10 52.41 52.49 52.43 52.31 52.21 52.19 52.30 52.54 52.89 53.27 53.56 53.69 53.64 53.47 53.25 53.08 53.01 53.04 53.16 53.28 53.32 53.21 52.92 52.48 51.91 51.23 50.41 49.37 48.08 46.60 45.12 43.92 43.25 43.22 43.76 44.69 45.81 46.97 48.08 49.06 49.90 50.58 51.12 51.56 51.85 51.91 51.64 51.01 50.11 49.11 48.21 47.53 47.10 46.84 46.65 46.47 46.30 46.19 46.18 46.29 46.52 46.89 47.43 48.20 49.22 50.45 51.74 52.85 53.54 53.62 53.04 51.93 50.53 49.16 48.08 47.45 47.26 47.40 47.66 47.87 47.94 47.90 47.80 47.73 47.71 47.69 47.62 47.43 47.11 46.70 46.28 45.94 45.72 45.60 45.53 45.43 45.29 45.19 45.25 45.54 46.08 46.80 47.59 48.37 49.07 49.65 50.06 50.27 50.27 50.15 50.07 50.15 50.47 50.98 51.58 52.16 52.61 52.92 53.08 53.12 53.09 53.00 52.87 52.66 52.31 51.79 51.13 50.44 49.85 49.48 49.40 49.56 49.88 50.23 50.49 50.53 50.28 49.69 48.81 47.75 46.69 45.81 45.23 45.00 45.09 45.41 45.81 46.12 46.24 46.21 46.24 46.81 48.54 51.00 
71.00 51.66 47.61 46.59 46.17 45.83 45.46 45.12 44.95 45.07 45.56 46.34 47.27 48.16 48.87 49.33 49.54 49.53 49.34 49.04 48.73 48.51 48.48 48.67 49.05 49.51 49.95 50.27 50.46 50.55 50.61 50.69 50.78 50.79 50.60 50.17 49.56 48.95 48.55 48.51 48.90 49.61 50.48 51.29 51.89 52.17 52.15 51.91 51.57 51.26 51.08 51.09 51.31 51.71 52.21 52.69 53.03 53.14 53.03 52.79 52.54 52.37 52.34 52.43 52.58 52.71 52.75 52.63 52.33 51.86 51.22 50.41 49.39 48.12 46.60 44.92 43.32 42.08 41.46 41.54 42.25 43.37 44.67 45.95 47.11 48.13 48.99 49.74 50.41 51.01 51.49 51.74 51.63 51.11 50.21 49.12 48.02 47.09 46.42 46.01 45.80 45.73 45.77 45.89 46.06 46.29 46.60 47.03 47.65 48.49 49.56 50.81 52.07 53.13 53.74 53.72 53.03 51.78 50.22 48.69 47.47 46.72 46.47 46.59 46.88 47.19 47.45 47.65 47.84 48.03 48.20 48.27 48.18 47.88 47.39 46.79 46.17 45.64 45.23 44.95 44.74 44.57 44.45 44.46 44.68 45.16 45.86 46.69 47.53 48.32 49.01 49.58 50.00 50.25 50.34 50.35 50.41 50.62 51.01 51.55 52.12 52.64 53.02 53.24 53.31 53.26 53.17 53.07 53.00 52.91 52.70 52.31 51.71 51.00 50.33 49.86 49.68 49.79 50.11 50.51 50.85 51.01 50.87 50.39 49.61 48.64 47.65 46.80 46.21 45.91 45.88 46.02 46.22 46.34 46.31 46.23 46.50 48.44 56.84 92.00 
6.00 41.01 46.94 47.04 46.19 45.34 44.63 44.12 43.89 44.04 44.60 45.51 46.60 47.67 48.53 49.07 49.28 49.19 48.89 48.49 48.14 47.97 48.06 48.42 48.98 49.61 50.17 50.57 50.81 50.92 50.98 51.02 51.05 50.98 50.77 50.37 49.86 49.40 49.16 49.27 49.74 50.47 51.26 51.91 52.25 52.22 51.87 51.34 50.77 50.34 50.11 50.13 50.39 50.83 51.35 51.84 52.16 52.26 52.15 51.93 51.71 51.58 51.56 51.60 51.63 51.59 51.42 51.13 50.73 50.20 49.52 48.64 47.50 46.10 44.45 42.70 41.08 39.89 39.36 39.58 40.43 41.68 43.09 44.44 45.64 46.67 47.57 48.39 49.17 49.92 50.57 50.99 51.03 50.61 49.75 48.58 47.32 46.16 45.25 44.67 44.42 44.43 44.64 44.93 45.25 45.57 45.93 46.39 47.02 47.88 48.94 50.14 51.33 52.28 52.78 52.65 51.84 50.47 48.81 47.19 45.90 45.13 44.89 45.05 45.44 45.91 46.37 46.84 47.32 47.79 48.18 48.41 48.40 48.12 47.60 46.92 46.20 45.53 44.97 44.52 44.16 43.90 43.78 43.88 44.25 44.91 45.76 46.69 47.59 48.39 49.09 49.66 50.10 50.38 50.53 50.62 50.75 51.01 51.43 51.94 52.46 52.92 53.24 53.39 53.37 53.25 53.09 52.99 52.97 52.98 52.90 52.62 52.09 51.39 50.70 50.18 49.96 50.05 50.37 50.81 51.21 51.44 51.40 51.04 50.37 49.50 48.59 47.80 47.23 46.90 46.78 46.77 46.77 46.67 46.39 45.92 45.23 43.79 38.53 14.00 
82.00 59.76 52.68 49.14 46.92 45.43 44.40 43.73 43.42 43.55 44.13 45.12 46.33 47.53 48.49 49.07 49.22 49.00 48.54 48.00 47.58 47.42 47.62 48.13 48.87 49.64 50.32 50.80 51.10 51.26 51.33 51.37 51.36 51.27 51.07 50.76 50.43 50.19 50.15 50.40 50.91 51.58 52.20 52.59 52.62 52.26 51.61 50.84 50.15 49.67 49.44 49.47 49.70 50.07 50.50 50.89 51.15 51.24 51.19 51.08 50.98 50.92 50.87 50.75 50.45 49.96 49.30 48.59 47.90 47.24 46.51 45.62 44.47 43.04 41.39 39.69 38.18 37.12 36.72 37.04 37.96 39.26 40.68 42.03 43.21 44.24 45.14 46.00 46.86 47.71 48.47 48.99 49.14 48.81 47.99 46.80 45.44 44.12 43.04 42.33 42.04 42.10 42.42 42.83 43.24 43.59 43.94 44.36 44.95 45.74 46.73 47.83 48.90 49.73 50.10 49.85 48.94 47.51 45.82 44.21 42.96 42.25 42.08 42.34 42.85 43.47 44.13 44.83 45.55 46.28 46.93 47.42 47.69 47.69 47.42 46.91 46.29 45.64 45.04 44.50 44.04 43.70 43.57 43.73 44.22 45.01 45.97 46.97 47.90 48.72 49.42 50.01 50.46 50.76 50.93 51.03 51.17 51.41 51.77 52.20 52.65 53.03 53.28 53.36 53.27 53.07 52.86 52.73 52.74 52.81 52.82 52.63 52.18 51.55 50.91 50.45 50.28 50.40 50.74 51.18 51.58 51.85 51.86 51.58 51.01 50.25 49.44 48.73 48.23 47.94 47.80 47.72 47.58 47.29 46.80 46.07 45.04 43.31 39.69 33.00 
76.00 63.78 55.65 50.82 47.86 45.96 44.70 43.88 43.48 43.55 44.12 45.15 46.44 47.72 48.74 49.31 49.38 49.01 48.38 47.69 47.18 47.01 47.26 47.88 48.74 49.62 50.37 50.92 51.28 51.50 51.63 51.70 51.71 51.64 51.50 51.34 51.21 51.19 51.36 51.73 52.24 52.78 53.17 53.25 52.94 52.26 51.37 50.46 49.74 49.28 49.10 49.13 49.30 49.53 49.77 49.99 50.15 50.24 50.31 50.37 50.44 50.47 50.34 49.91 49.06 47.79 46.27 44.77 43.55 42.62 41.82 40.95 39.87 38.54 37.03 35.50 34.18 33.30 33.03 33.40 34.30 35.53 36.86 38.12 39.22 40.18 41.05 41.90 42.76 43.62 44.40 44.95 45.14 44.87 44.13 42.98 41.62 40.26 39.12 38.37 38.06 38.17 38.54 39.01 39.44 39.77 40.04 40.37 40.84 41.51 42.36 43.31 44.23 44.91 45.16 44.82 43.88 42.47 40.87 39.38 38.27 37.69 37.64 37.99 38.59 39.31 40.09 40.91 41.80 42.72 43.63 44.51 45.32 46.02 46.44 46.52 46.32 45.94 45.48 44.98 44.50 44.13 43.99 44.19 44.74 45.59 46.61 47.63 48.57 49.39 50.09 50.68 51.13 51.43 51.57 51.64 51.70 51.85 52.08 52.39 52.71 52.99 53.16 53.17 53.01 52.74 52.47 52.31 52.29 52.37 52.41 52.27 51.91 51.41 50.95 50.67 50.65 50.86 51.22 51.63 51.98 52.20 52.21 51.97 51.47 50.80 50.10 49.52 49.14 48.96 48.90 48.84 48.66 48.28 47.67 46.87 46.00 45.16 44.19 40.00 
82.00 64.19 56.17 51.62 48.71 46.74 45.37 44.44 43.94 43.93 44.47 45.50 46.83 48.17 49.21 49.75 49.73 49.23 48.44 47.63 47.02 46.80 47.05 47.71 48.61 49.54 50.33 50.92 51.34 51.63 51.86 52.00 52.07 52.07 52.03 52.00 52.06 52.24 52.57 53.01 53.49 53.86 53.99 53.75 53.12 52.18 51.12 50.16 49.48 49.11 49.01 49.05 49.13 49.18 49.20 49.22 49.27 49.38 49.57 49.83 50.07 50.17 49.89 49.00 47.35 44.94 42.06 39.27 37.24 35.92 35.01 34.20 33.26 32.14 30.88 29.63 28.57 27.90 27.73 28.09 28.88 29.92 31.04 32.11 33.05 33.88 34.65 35.41 36.19 36.96 37.66 38.16 38.34 38.11 37.46 36.45 35.22 33.98 32.93 32.24 31.97 32.10 32.48 32.93 33.31 33.57 33.76 33.96 34.29 34.78 35.44 36.20 36.93 37.46 37.60 37.24 36.36 35.11 33.73 32.49 31.60 31.19 31.23 31.62 32.23 32.94 33.71 34.54 35.45 36.46 37.59 38.93 40.60 42.57 44.31 45.50 46.14 46.34 46.23 45.93 45.54 45.19 45.04 45.23 45.78 46.61 47.60 48.61 49.53 50.35 51.06 51.65 52.10 52.37 52.45 52.41 52.35 52.32 52.38 52.51 52.68 52.83 52.90 52.82 52.58 52.24 51.91 51.69 51.62 51.65 51.66 51.55 51.30 51.00 50.80 50.80 51.01 51.37 51.77 52.11 52.35 52.45 52.38 52.11 51.65 51.06 50.48 50.05 49.86 49.87 49.98 50.06 49.95 49.57 48.91 48.09 47.38 47.61 52.21 78.00 
53.00 55.29 54.02 51.72 49.52 47.71 46.30 45.27 44.66 44.55 45.03 46.03 47.37 48.72 49.76 50.27 50.18 49.59 48.70 47.78 47.07 46.76 46.96 47.58 48.47 49.39 50.19 50.81 51.29 51.68 52.01 52.26 52.43 52.52 52.56 52.65 52.83 53.14 53.56 54.02 54.42 54.63 54.51 54.00 53.11 51.98 50.82 49.87 49.27 49.02 49.01 49.06 49.06 48.95 48.77 48.61 48.57 48.69 49.00 49.41 49.78 49.87 49.34 47.87 45.17 41.21 36.32 31.47 28.42 26.75 25.80 25.10 24.39 23.56 22.65 21.75 21.01 20.55 20.46 20.74 21.32 22.09 22.91 23.69 24.39 25.02 25.60 26.19 26.79 27.38 27.91 28.28 28.41 28.24 27.74 26.97 26.02 25.06 24.24 23.71 23.52 23.64 23.96 24.32 24.61 24.79 24.88 24.98 25.17 25.48 25.93 26.46 26.98 27.34 27.41 27.09 26.40 25.45 24.42 23.53 22.92 22.66 22.75 23.10 23.60 24.17 24.80 25.48 26.26 27.18 28.37 30.09 32.85 36.99 40.87 43.77 45.66 46.71 47.16 47.18 46.95 46.66 46.51 46.64 47.10 47.83 48.73 49.67 50.57 51.40 52.14 52.76 53.21 53.42 53.41 53.23 52.98 52.76 52.61 52.54 52.54 52.54 52.48 52.29 51.97 51.56 51.18 50.90 50.77 50.72 50.67 50.57 50.44 50.37 50.49 50.82 51.32 51.85 52.28 52.54 52.62 52.55 52.33 51.97 51.49 50.96 50.51 50.27 50.30 50.56 50.92 51.21 51.26 50.97 50.32 49.38 48.17 46.07 39.29 8.00 
30.00 50.35 53.57 52.52 50.68 48.93 47.45 46.30 45.55 45.32 45.70 46.63 47.91 49.23 50.24 50.73 50.63 50.01 49.07 48.07 47.25 46.84 46.92 47.45 48.26 49.15 49.95 50.61 51.16 51.65 52.10 52.48 52.75 52.93 53.05 53.19 53.41 53.74 54.16 54.58 54.88 54.93 54.63 53.92 52.86 51.61 50.42 49.52 49.01 48.88 48.95 49.02 48.97 48.76 48.45 48.18 48.08 48.22 48.59 49.09 49.48 49.45 48.59 46.42 42.53 36.65 28.87 20.32 16.59 15.01 14.28 13.84 13.43 12.97 12.47 11.99 11.59 11.35 11.31 11.47 11.79 12.20 12.65 13.08 13.47 13.82 14.15 14.48 14.82 15.16 15.45 15.65 15.72 15.62 15.34 14.90 14.37 13.82 13.36 13.06 12.96 13.04 13.23 13.44 13.60 13.69 13.73 13.76 13.84 14.00 14.23 14.51 14.78 14.97 15.00 14.81 14.41 13.88 13.31 12.83 12.51 12.39 12.46 12.67 12.96 13.30 13.66 14.07 14.54 15.14 16.02 17.63 21.18 29.30 36.36 41.51 44.92 46.99 48.09 48.49 48.46 48.24 48.06 48.08 48.38 48.93 49.67 50.50 51.37 52.24 53.04 53.72 54.17 54.34 54.21 53.87 53.42 52.99 52.63 52.38 52.20 52.06 51.88 51.59 51.19 50.73 50.31 50.00 49.80 49.67 49.57 49.49 49.49 49.67 50.11 50.77 51.54 52.22 52.68 52.85 52.75 52.46 52.04 51.54 51.00 50.51 50.18 50.13 50.40 50.94 51.59 52.14 52.42 52.28 51.73 50.89 49.98 49.46 51.03 65.00 
73.00 62.83 57.86 54.65 52.26 50.34 48.75 47.47 46.58 46.21 46.43 47.22 48.37 49.59 50.56 51.05 50.97 50.37 49.44 48.39 47.48 46.94 46.87 47.27 47.99 48.83 49.64 50.36 51.00 51.60 52.16 52.66 53.04 53.28 53.44 53.57 53.74 53.99 54.31 54.61 54.79 54.73 54.31 53.49 52.36 51.09 49.93 49.09 48.68 48.62 48.75 48.86 48.81 48.59 48.26 47.97 47.86 48.01 48.39 48.86 49.17 48.92 47.65 44.79 39.76 31.95 20.55 3.16 1.53 1.29 1.21 1.17 1.14 1.10 1.06 1.02 0.98 0.96 0.96 0.97 1.00 1.04 1.07 1.11 1.14 1.17 1.20 1.23 1.26 1.29 1.31 1.33 1.34 1.33 1.30 1.27 1.22 1.17 1.13 1.11 1.10 1.11 1.12 1.14 1.15 1.16 1.16 1.17 1.17 1.19 1.21 1.23 1.25 1.27 1.27 1.25 1.22 1.18 1.13 1.09 1.06 1.05 1.06 1.07 1.10 1.13 1.16 1.19 1.23 1.29 1.37 1.62 3.24 20.67 31.75 39.21 44.12 47.17 48.88 49.64 49.79 49.62 49.38 49.26 49.35 49.66 50.17 50.86 51.69 52.59 53.48 54.23 54.71 54.82 54.58 54.08 53.45 52.82 52.30 51.91 51.62 51.37 51.10 50.74 50.30 49.83 49.41 49.08 48.84 48.66 48.53 48.49 48.64 49.05 49.77 50.71 51.68 52.47 52.93 52.99 52.72 52.22 51.60 50.94 50.32 49.83 49.60 49.71 50.21 51.00 51.92 52.74 53.24 53.28 52.84 52.06 51.25 50.75 50.44 46.00 
99.00 70.25 60.58 56.21 53.59 51.67 50.08 48.74 47.74 47.20 47.22 47.78 48.71 49.77 50.65 51.13 51.11 50.59 49.71 48.66 47.69 47.02 46.81 47.07 47.69 48.50 49.34 50.13 50.86 51.56 52.23 52.82 53.29 53.58 53.73 53.79 53.83 53.90 54.01 54.14 54.18 54.03 53.57 52.76 51.68 50.49 49.41 48.66 48.30 48.30 48.47 48.63 48.64 48.49 48.24 48.02 47.95 48.11 48.44 48.80 48.90 48.37 46.69 43.26 37.46 28.76 16.81 1.55 0.24 0.12 0.10 0.10 0.10 0.09 0.09 0.09 0.08 0.08 0.08 0.08 0.08 0.09 0.09 0.09 0.10 0.10 0.10 0.10 0.11 0.11 0.11 0.11 0.11 0.11 0.11 0.11 0.10 0.10 0.10 0.09 0.09 0.09 0.10 0.10 0.10 0.10 0.10 0.10 0.10 0.10 0.10 0.10 0.11 0.11 0.11 0.11 0.10 0.10 0.10 0.09 0.09 0.09 0.09 0.09 0.09 0.10 0.10 0.10 0.10 0.11 0.13 0.25 1.56 16.94 28.88 37.55 43.48 47.25 49.43 50.47 50.75 50.60 50.28 49.99 49.83 49.87 50.13 50.64 51.40 52.33 53.30 54.13 54.63 54.70 54.36 53.70 52.92 52.16 51.54 51.08 50.76 50.49 50.20 49.84 49.42 48.99 48.60 48.29 48.05 47.86 47.74 47.77 48.05 48.67 49.59 50.70 51.78 52.60 53.01 52.96 52.54 51.87 51.09 50.30 49.61 49.12 48.96 49.19 49.84 50.82 51.94 52.96 53.64 53.80 53.42 52.62 51.76 51.64 53.90 62.00 
45.00 58.55 57.93 55.87 54.11 52.62 51.26 50.01 48.97 48.29 48.07 48.32 48.95 49.76 50.49 50.94 50.98 50.58 49.81 48.83 47.85 47.11 46.79 46.93 47.46 48.25 49.12 49.99 50.82 51.61 52.35 53.01 53.52 53.83 53.93 53.86 53.69 53.50 53.35 53.24 53.13 52.92 52.51 51.83 50.92 49.90 48.97 48.30 47.99 48.00 48.20 48.42 48.56 48.56 48.47 48.37 48.37 48.52 48.75 48.93 48.79 47.93 45.86 42.00 35.78 26.80 15.08 1.29 0.12 0.02 0.01 0.01 0.01 0.01 0.01 0.01 0.01 0.01 0.01 0.01 0.01 0.01 0.01 0.01 0.01 0.01 0.01 0.01 0.01 0.01 0.01 0.01 0.01 0.01 0.01 0.01 0.01 0.01 0.01 0.01 0.01 0.01 0.01 0.01 0.01 0.01 0.01 0.01 0.01 0.01 0.01 0.01 0.01 0.01 0.01 0.01 0.01 0.01 0.01 0.01 0.01 0.01 0.01 0.01 0.01 0.01 0.01 0.01 0.01 0.01 0.02 0.12 1.32 15.41 27.36 36.54 43.03 47.24 49.70 50.90 51.25 51.09 50.69 50.23 49.83 49.59 49.60 49.92 50.59 51.53 52.56 53.45 53.97 53.99 53.54 52.76 51.86 51.03 50.39 49.97 49.72 49.53 49.33 49.06 48.73 48.38 48.06 47.79 47.56 47.38 47.30 47.41 47.82 48.58 49.63 50.80 51.87 52.61 52.91 52.75 52.22 51.45 50.59 49.76 49.05 48.58 48.45 48.74 49.45 50.52 51.74 52.86 53.63 53.84 53.41 52.37 50.93 49.74 51.33 67.00 
77.00 60.82 56.34 54.76 53.89 53.07 52.14 51.13 50.16 49.39 48.93 48.86 49.13 49.60 50.12 50.50 50.59 50.33 49.72 48.87 47.97 47.23 46.85 46.91 47.38 48.16 49.08 50.03 50.93 51.77 52.55 53.23 53.74 54.01 54.02 53.78 53.36 52.86 52.41 52.05 51.80 51.58 51.28 50.83 50.18 49.42 48.67 48.11 47.82 47.82 48.04 48.34 48.62 48.82 48.93 48.98 49.05 49.16 49.28 49.26 48.85 47.69 45.30 41.13 34.67 25.64 14.21 1.21 0.10 0.01 0.00 0.00 0.00 0.00 0.00 0.00 0.00 0.00 0.00 0.00 0.00 0.00 0.00 0.00 0.00 0.00 0.00 0.00 0.00 0.00 0.00 0.00 0.00 0.00 0.00 0.00 0.00 0.00 0.00 0.00 0.00 0.00 0.00 0.00 0.00 0.00 0.00 0.00 0.00 0.00 0.00 0.00 0.00 0.00 0.00 0.00 0.00 0.00 0.00 0.00 0.00 0.00 0.00 0.00 0.00 0.00 0.00 0.00 0.00 0.00 0.01 0.11 1.26 14.77 26.61 35.97 42.69 47.10 49.68 50.95 51.32 51.14 50.65 50.04 49.43 48.96 48.74 48.91 49.50 50.44 51.51 52.43 52.93 52.88 52.32 51.42 50.45 49.61 49.04 48.76 48.68 48.68 48.66 48.56 48.36 48.13 47.89 47.66 47.45 47.29 47.24 47.43 47.93 48.77 49.85 50.97 51.91 52.49 52.62 52.33 51.73 50.95 50.13 49.36 48.72 48.29 48.19 48.47 49.18 50.23 51.44 52.57 53.35 53.54 53.01 51.63 49.14 44.55 34.42 7.00 
56.00 51.06 51.28 52.20 52.81 52.92 52.58 51.93 51.14 50.36 49.73 49.36 49.25 49.37 49.61 49.85 49.97 49.84 49.44 48.79 48.04 47.38 47.00 47.03 47.48 48.25 49.21 50.22 51.17 52.04 52.80 53.44 53.90 54.10 53.98 53.55 52.88 52.09 51.34 50.76 50.39 50.19 50.07 49.90 49.57 49.10 48.56 48.08 47.80 47.77 47.99 48.37 48.81 49.21 49.50 49.69 49.81 49.88 49.88 49.69 49.07 47.67 45.05 40.67 34.06 25.02 13.78 1.17 0.10 0.01 0.00 0.00 0.00 0.00 0.00 0.00 0.00 0.00 0.00 0.00 0.00 0.00 0.00 0.00 0.00 0.00 0.00 0.00 0.00 0.00 0.00 0.00 0.00 0.00 0.00 0.00 0.00 0.00 0.00 0.00 0.00 0.00 0.00 0.00 0.00 0.00 0.00 0.00 0.00 0.00 0.00 0.00 0.00 0.00 0.00 0.00 0.00 0.00 0.00 0.00 0.00 0.00 0.00 0.00 0.00 0.00 0.00 0.00 0.00 0.00 0.01 0.10 1.23 14.48 26.21 35.58 42.35 46.80 49.42 50.70 51.07 50.86 50.29 49.56 48.80 48.16 47.81 47.89 48.44 49.39 50.49 51.40 51.85 51.69 51.00 49.99 48.96 48.17 47.74 47.67 47.84 48.11 48.34 48.44 48.42 48.30 48.12 47.91 47.68 47.51 47.48 47.70 48.26 49.11 50.12 51.10 51.83 52.18 52.11 51.69 51.06 50.35 49.67 49.06 48.57 48.24 48.16 48.42 49.05 50.01 51.15 52.22 52.95 53.11 52.56 51.17 48.74 44.40 34.51 3.00 
13.00 35.75 44.78 49.03 51.22 52.25 52.52 52.27 51.72 51.02 50.32 49.73 49.30 49.07 49.02 49.10 49.19 49.19 48.99 48.58 48.04 47.52 47.20 47.24 47.69 48.48 49.47 50.50 51.47 52.31 53.03 53.59 53.96 54.06 53.81 53.21 52.33 51.31 50.34 49.58 49.14 49.00 49.07 49.17 49.16 48.95 48.58 48.17 47.87 47.80 48.00 48.44 48.99 49.55 49.99 50.27 50.42 50.45 50.37 50.08 49.34 47.81 45.05 40.54 33.84 24.78 13.61 1.15 0.10 0.01 0.00 0.00 0.00 0.00 0.00 0.00 0.00 0.00 0.00 0.00 0.00 0.00 0.00 0.00 0.00 0.00 0.00 0.00 0.00 0.00 0.00 0.00 0.00 0.00 0.00 0.00 0.00 0.00 0.00 0.00 0.00 0.00 0.00 0.00 0.00 0.00 0.00 0.00 0.00 0.00 0.00 0.00 0.00 0.00 0.00 0.00 0.00 0.00 0.00 0.00 0.00 0.00 0.00 0.00 0.00 0.00 0.00 0.00 0.00 0.00 0.01 0.10 1.21 14.30 25.93 35.23 41.96 46.37 48.97 50.24 50.61 50.37 49.77 48.96 48.13 47.43 47.05 47.13 47.71 48.69 49.78 50.64 50.99 50.70 49.85 48.74 47.68 46.97 46.72 46.91 47.38 47.95 48.43 48.75 48.88 48.84 48.67 48.42 48.13 47.91 47.85 48.07 48.60 49.40 50.29 51.08 51.57 51.67 51.39 50.86 50.24 49.65 49.16 48.78 48.49 48.30 48.27 48.49 49.04 49.90 50.93 51.90 52.56 52.70 52.19 51.05 49.63 49.31 55.95 95.00 
12.00 33.76 42.29 46.93 49.71 51.28 51.98 52.09 51.78 51.24 50.56 49.86 49.22 48.72 48.41 48.31 48.36 48.44 48.43 48.26 47.94 47.59 47.38 47.47 47.93 48.73 49.73 50.76 51.70 52.49 53.12 53.59 53.87 53.88 53.56 52.87 51.87 50.70 49.59 48.73 48.25 48.18 48.41 48.73 48.95 48.94 48.69 48.30 47.97 47.83 47.99 48.43 49.05 49.68 50.19 50.51 50.67 50.69 50.60 50.29 49.53 47.99 45.19 40.62 33.87 24.76 13.59 1.15 0.10 0.01 0.00 0.00 0.00 0.00 0.00 0.00 0.00 0.00 0.00 0.00 0.00 0.00 0.00 0.00 0.00 0.00 0.00 0.00 0.00 0.00 0.00 0.00 0.00 0.00 0.00 0.00 0.00 0.00 0.00 0.00 0.00 0.00 0.00 0.00 0.00 0.00 0.00 0.00 0.00 0.00 0.00 0.00 0.00 0.00 0.00 0.00 0.00 0.00 0.00 0.00 0.00 0.00 0.00 0.00 0.00 0.00 0.00 0.00 0.00 0.00 0.01 0.10 1.20 14.14 25.64 34.84 41.49 45.86 48.42 49.69 50.07 49.84 49.23 48.43 47.61 46.97 46.67 46.84 47.49 48.49 49.55 50.32 50.52 50.05 49.05 47.84 46.78 46.18 46.14 46.59 47.36 48.20 48.92 49.42 49.65 49.63 49.40 49.04 48.64 48.31 48.18 48.34 48.80 49.50 50.24 50.82 51.09 50.97 50.53 49.92 49.33 48.88 48.61 48.47 48.39 48.35 48.39 48.61 49.09 49.86 50.79 51.68 52.28 52.37 51.83 50.64 48.88 46.84 44.75 40.00 
73.00 44.60 42.97 45.78 48.43 50.17 51.10 51.42 51.32 50.94 50.37 49.68 48.95 48.30 47.81 47.56 47.55 47.68 47.81 47.83 47.72 47.54 47.46 47.63 48.12 48.92 49.90 50.88 51.75 52.46 53.00 53.39 53.63 53.63 53.32 52.65 51.64 50.44 49.27 48.36 47.87 47.83 48.13 48.56 48.91 49.00 48.81 48.43 48.05 47.85 47.95 48.34 48.92 49.52 50.01 50.32 50.46 50.51 50.46 50.23 49.57 48.09 45.32 40.75 33.97 24.82 13.62 1.15 0.10 0.01 0.00 0.00 0.00 0.00 0.00 0.00 0.00 0.00 0.00 0.00 0.00 0.00 0.00 0.00 0.00 0.00 0.00 0.00 0.00 0.00 0.00 0.00 0.00 0.00 0.00 0.00 0.00 0.00 0.00 0.00 0.00 0.00 0.00 0.00 0.00 0.00 0.00 0.00 0.00 0.00 0.00 0.00 0.00 0.00 0.00 0.00 0.00 0.00 0.00 0.00 0.00 0.00 0.00 0.00 0.00 0.00 0.00 0.00 0.00 0.00 0.01 0.10 1.18 13.96 25.31 34.40 40.98 45.30 47.86 49.15 49.56 49.38 48.83 48.11 47.41 46.92 46.78 47.09 47.82 48.82 49.78 50.40 50.42 49.77 48.64 47.36 46.34 45.87 46.03 46.74 47.75 48.80 49.69 50.29 50.56 50.49 50.15 49.64 49.08 48.62 48.38 48.43 48.79 49.35 49.93 50.34 50.43 50.17 49.63 49.00 48.46 48.14 48.04 48.10 48.21 48.32 48.44 48.69 49.16 49.88 50.76 51.60 52.16 52.22 51.63 50.27 47.95 44.03 36.00 14.00 
1.00 28.33 38.60 44.01 47.22 49.08 50.06 50.46 50.48 50.25 49.82 49.23 48.54 47.85 47.29 46.95 46.88 47.01 47.22 47.38 47.42 47.40 47.43 47.67 48.20 48.97 49.89 50.78 51.55 52.16 52.63 53.00 53.27 53.37 53.20 52.66 51.76 50.62 49.45 48.50 47.97 47.89 48.16 48.59 48.94 49.06 48.89 48.54 48.15 47.91 47.94 48.22 48.67 49.14 49.50 49.72 49.84 49.93 49.99 49.90 49.39 48.03 45.34 40.80 34.01 24.84 13.63 1.16 0.10 0.01 0.00 0.00 0.00 0.00 0.00 0.00 0.00 0.00 0.00 0.00 0.00 0.00 0.00 0.00 0.00 0.00 0.00 0.00 0.00 0.00 0.00 0.00 0.00 0.00 0.00 0.00 0.00 0.00 0.00 0.00 0.00 0.00 0.00 0.00 0.00 0.00 0.00 0.00 0.00 0.00 0.00 0.00 0.00 0.00 0.00 0.00 0.00 0.00 0.00 0.00 0.00 0.00 0.00 0.00 0.00 0.00 0.00 0.00 0.00 0.00 0.01 0.10 1.17 13.74 24.93 33.90 40.42 44.73 47.32 48.68 49.18 49.11 48.68 48.12 47.61 47.32 47.38 47.83 48.60 49.53 50.35 50.77 50.59 49.79 48.56 47.28 46.34 46.01 46.37 47.27 48.44 49.61 50.57 51.19 51.41 51.26 50.78 50.10 49.38 48.78 48.42 48.36 48.59 49.00 49.44 49.72 49.71 49.39 48.83 48.22 47.73 47.50 47.52 47.72 47.96 48.20 48.43 48.76 49.27 50.01 50.87 51.70 52.25 52.32 51.74 50.38 48.15 44.94 40.99 40.00 
11.00 28.82 38.56 43.84 46.77 48.36 49.15 49.47 49.52 49.39 49.10 48.66 48.09 47.48 46.94 46.59 46.48 46.58 46.80 47.00 47.13 47.21 47.33 47.62 48.14 48.86 49.68 50.46 51.11 51.63 52.07 52.48 52.87 53.17 53.24 52.94 52.23 51.19 50.04 49.05 48.43 48.23 48.37 48.69 48.96 49.05 48.92 48.64 48.32 48.10 48.05 48.19 48.43 48.66 48.81 48.88 48.95 49.08 49.27 49.36 49.02 47.80 45.18 40.67 33.89 24.74 13.56 1.15 0.10 0.01 0.00 0.00 0.00 0.00 0.00 0.00 0.00 0.00 0.00 0.00 0.00 0.00 0.00 0.00 0.00 0.00 0.00 0.00 0.00 0.00 0.00 0.00 0.00 0.00 0.00 0.00 0.00 0.00 0.00 0.00 0.00 0.00 0.00 0.00 0.00 0.00 0.00 0.00 0.00 0.00 0.00 0.00 0.00 0.00 0.00 0.00 0.00 0.00 0.00 0.00 0.00 0.00 0.00 0.00 0.00 0.00 0.00 0.00 0.00 0.00 0.01 0.10 1.14 13.48 24.48 33.33 39.80 44.15 46.82 48.31 48.96 49.06 48.83 48.48 48.19 48.12 48.35 48.87 49.62 50.42 51.04 51.25 50.89 49.97 48.72 47.50 46.68 46.52 47.04 48.05 49.28 50.46 51.37 51.92 52.05 51.77 51.16 50.36 49.52 48.82 48.36 48.19 48.29 48.56 48.88 49.08 49.04 48.72 48.20 47.64 47.21 47.02 47.11 47.37 47.71 48.06 48.42 48.87 49.48 50.28 51.18 52.03 52.60 52.70 52.15 50.84 48.78 46.12 42.77 34.00 
24.00 37.15 42.57 45.59 47.32 48.22 48.62 48.74 48.73 48.65 48.48 48.19 47.79 47.32 46.88 46.57 46.44 46.49 46.65 46.83 46.96 47.06 47.21 47.51 47.99 48.62 49.32 49.97 50.52 50.98 51.42 51.92 52.49 53.05 53.40 53.38 52.89 51.97 50.85 49.80 49.04 48.67 48.61 48.74 48.89 48.95 48.90 48.76 48.59 48.46 48.38 48.36 48.33 48.25 48.11 47.98 47.95 48.12 48.44 48.69 48.52 47.41 44.86 40.36 33.59 24.49 13.41 1.14 0.10 0.01 0.00 0.00 0.00 0.00 0.00 0.00 0.00 0.00 0.00 0.00 0.00 0.00 0.00 0.00 0.00 0.00 0.00 0.00 0.00 0.00 0.00 0.00 0.00 0.00 0.00 0.00 0.00 0.00 0.00 0.00 0.00 0.00 0.00 0.00 0.00 0.00 0.00 0.00 0.00 0.00 0.00 0.00 0.00 0.00 0.00 0.00 0.00 0.00 0.00 0.00 0.00 0.00 0.00 0.00 0.00 0.00 0.00 0.00 0.00 0.00 0.01 0.09 1.12 13.16 23.93 32.66 39.11 43.52 46.34 48.02 48.90 49.24 49.26 49.15 49.08 49.18 49.50 50.02 50.66 51.26 51.66 51.66 51.17 50.22 49.02 47.92 47.26 47.26 47.89 48.94 50.13 51.19 51.95 52.34 52.33 51.93 51.23 50.36 49.48 48.74 48.24 48.00 47.99 48.15 48.36 48.51 48.48 48.21 47.77 47.27 46.89 46.73 46.84 47.13 47.53 47.98 48.49 49.10 49.85 50.76 51.73 52.61 53.20 53.31 52.75 51.40 49.34 47.41 49.65 75.00 
78.00 52.99 48.66 48.32 48.53 48.61 48.55 48.44 48.34 48.27 48.18 48.03 47.79 47.48 47.17 46.93 46.80 46.79 46.85 46.93 46.98 47.02 47.13 47.37 47.77 48.30 48.88 49.41 49.88 50.31 50.79 51.40 52.15 52.94 53.56 53.80 53.50 52.71 51.63 50.53 49.63 49.05 48.77 48.69 48.71 48.77 48.84 48.92 48.97 48.99 48.92 48.73 48.42 47.99 47.52 47.15 47.01 47.18 47.59 47.99 47.94 46.93 44.40 39.91 33.16 24.13 13.19 1.12 0.09 0.01 0.00 0.00 0.00 0.00 0.00 0.00 0.00 0.00 0.00 0.00 0.00 0.00 0.00 0.00 0.00 0.00 0.00 0.00 0.00 0.00 0.00 0.00 0.00 0.00 0.00 0.00 0.00 0.00 0.00 0.00 0.00 0.00 0.00 0.00 0.00 0.00 0.00 0.00 0.00 0.00 0.00 0.00 0.00 0.00 0.00 0.00 0.00 0.00 0.00 0.00 0.00 0.00 0.00 0.00 0.00 0.00 0.00 0.00 0.00 0.00 0.01 0.09 1.08 12.79 23.30 31.88 38.32 42.84 45.85 47.78 48.95 49.59 49.89 50.02 50.14 50.34 50.67 51.10 51.54 51.91 52.07 51.90 51.34 50.42 49.34 48.42 47.94 48.08 48.77 49.78 50.83 51.69 52.22 52.40 52.21 51.71 50.95 50.07 49.23 48.53 48.05 47.80 47.74 47.81 47.96 48.08 48.07 47.88 47.52 47.09 46.76 46.62 46.73 47.04 47.49 48.05 48.70 49.49 50.41 51.44 52.49 53.41 54.02 54.12 53.48 51.87 48.95 43.83 33.00 0.00 
28.00 47.97 50.46 50.27 49.79 49.32 48.92 48.62 48.45 48.37 48.34 48.27 48.15 47.97 47.78 47.61 47.50 47.43 47.38 47.30 47.20 47.10 47.10 47.23 47.53 47.95 48.41 48.86 49.27 49.69 50.21 50.91 51.80 52.75 53.57 53.99 53.86 53.19 52.17 51.05 50.06 49.32 48.83 48.55 48.45 48.53 48.75 49.08 49.41 49.61 49.57 49.25 48.66 47.88 47.09 46.48 46.21 46.36 46.83 47.32 47.36 46.39 43.86 39.36 32.63 23.70 12.94 1.10 0.09 0.01 0.00 0.00 0.00 0.00 0.00 0.00 0.00 0.00 0.00 0.00 0.00 0.00 0.00 0.00 0.00 0.00 0.00 0.00 0.00 0.00 0.00 0.00 0.00 0.00 0.00 0.00 0.00 0.00 0.00 0.00 0.00 0.00 0.00 0.00 0.00 0.00 0.00 0.00 0.00 0.00 0.00 0.00 0.00 0.00 0.00 0.00 0.00 0.00 0.00 0.00 0.00 0.00 0.00 0.00 0.00 0.00 0.00 0.00 0.00 0.00 0.01 0.09 1.05 12.39 22.61 31.03 37.47 42.12 45.38 47.60 49.10 50.05 50.64 51.00 51.26 51.49 51.74 51.99 52.19 52.29 52.24 51.94 51.36 50.54 49.62 48.89 48.59 48.83 49.53 50.44 51.29 51.89 52.16 52.09 51.73 51.12 50.34 49.51 48.75 48.16 47.77 47.57 47.51 47.56 47.68 47.80 47.83 47.71 47.44 47.09 46.80 46.68 46.78 47.10 47.59 48.24 49.04 50.00 51.10 52.26 53.40 54.36 54.97 55.04 54.36 52.68 49.73 45.12 38.02 27.00 
77.00 60.21 54.65 52.28 51.00 50.16 49.57 49.20 49.01 48.95 48.94 48.90 48.82 48.71 48.60 48.50 48.40 48.29 48.11 47.85 47.55 47.26 47.09 47.08 47.26 47.57 47.94 48.31 48.69 49.11 49.67 50.42 51.37 52.40 53.30 53.83 53.83 53.29 52.38 51.31 50.30 49.45 48.80 48.37 48.19 48.29 48.66 49.23 49.81 50.21 50.23 49.80 48.98 47.92 46.86 46.03 45.63 45.73 46.21 46.73 46.79 45.81 43.26 38.75 32.06 23.24 12.67 1.07 0.09 0.01 0.00 0.00 0.00 0.00 0.00 0.00 0.00 0.00 0.00 0.00 0.00 0.00 0.00 0.00 0.00 0.00 0.00 0.00 0.00 0.00 0.00 0.00 0.00 0.00 0.00 0.00 0.00 0.00 0.00 0.00 0.00 0.00 0.00 0.00 0.00 0.00 0.00 0.00 0.00 0.00 0.00 0.00 0.00 0.00 0.00 0.00 0.00 0.00 0.00 0.00 0.00 0.00 0.00 0.00 0.00 0.00 0.00 0.00 0.00 0.00 0.01 0.09 1.02 12.00 21.94 30.23 36.68 41.48 44.99 47.52 49.33 50.59 51.43 51.97 52.32 52.53 52.65 52.67 52.59 52.44 52.18 51.80 51.25 50.54 49.81 49.26 49.10 49.40 50.05 50.81 51.44 51.78 51.78 51.48 50.95 50.25 49.46 48.69 48.04 47.59 47.34 47.26 47.28 47.38 47.53 47.69 47.77 47.73 47.53 47.25 46.99 46.88 46.96 47.27 47.79 48.51 49.44 50.56 51.81 53.11 54.32 55.31 55.91 55.95 55.24 53.60 51.02 47.92 46.42 56.00 
77.00 60.99 55.29 52.88 51.63 50.84 50.31 50.00 49.86 49.84 49.83 49.79 49.69 49.58 49.48 49.42 49.34 49.18 48.89 48.46 47.94 47.43 47.06 46.90 46.95 47.15 47.43 47.74 48.07 48.49 49.07 49.84 50.80 51.83 52.74 53.31 53.41 53.02 52.27 51.33 50.37 49.50 48.76 48.22 47.98 48.09 48.58 49.33 50.13 50.68 50.77 50.31 49.35 48.10 46.84 45.85 45.34 45.37 45.80 46.26 46.26 45.21 42.62 38.09 31.45 22.77 12.40 1.05 0.09 0.01 0.00 0.00 0.00 0.00 0.00 0.00 0.00 0.00 0.00 0.00 0.00 0.00 0.00 0.00 0.00 0.00 0.00 0.00 0.00 0.00 0.00 0.00 0.00 0.00 0.00 0.00 0.00 0.00 0.00 0.00 0.00 0.00 0.00 0.00 0.00 0.00 0.00 0.00 0.00 0.00 0.00 0.00 0.00 0.00 0.00 0.00 0.00 0.00 0.00 0.00 0.00 0.00 0.00 0.00 0.00 0.00 0.00 0.00 0.00 0.00 0.01 0.08 0.99 11.69 21.42 29.62 36.11 41.07 44.81 47.61 49.68 51.17 52.19 52.85 53.23 53.38 53.33 53.12 52.78 52.38 51.96 51.51 51.00 50.43 49.86 49.46 49.39 49.69 50.25 50.86 51.27 51.37 51.14 50.64 49.96 49.18 48.39 47.67 47.14 46.84 46.76 46.85 47.03 47.26 47.51 47.75 47.92 47.95 47.82 47.58 47.33 47.19 47.23 47.50 48.00 48.77 49.79 51.04 52.43 53.84 55.12 56.13 56.70 56.67 55.88 54.17 51.53 48.05 43.16 29.00 
39.00 51.17 52.20 51.88 51.50 51.17 50.93 50.80 50.78 50.82 50.82 50.73 50.57 50.40 50.28 50.22 50.16 49.98 49.61 49.02 48.30 47.58 47.01 46.68 46.60 46.67 46.84 47.06 47.35 47.76 48.34 49.12 50.06 51.05 51.93 52.52 52.71 52.50 51.95 51.20 50.36 49.52 48.74 48.15 47.85 47.97 48.52 49.38 50.31 50.99 51.17 50.73 49.74 48.43 47.09 46.02 45.41 45.33 45.63 45.95 45.80 44.63 41.96 37.43 30.87 22.32 12.16 1.03 0.09 0.01 0.00 0.00 0.00 0.00 0.00 0.00 0.00 0.00 0.00 0.00 0.00 0.00 0.00 0.00 0.00 0.00 0.00 0.00 0.00 0.00 0.00 0.00 0.00 0.00 0.00 0.00 0.00 0.00 0.00 0.00 0.00 0.00 0.00 0.00 0.00 0.00 0.00 0.00 0.00 0.00 0.00 0.00 0.00 0.00 0.00 0.00 0.00 0.00 0.00 0.00 0.00 0.00 0.00 0.00 0.00 0.00 0.00 0.00 0.00 0.00 0.01 0.08 0.98 11.53 21.16 29.34 35.91 41.02 44.94 47.92 50.14 51.75 52.84 53.53 53.89 53.95 53.74 53.30 52.73 52.13 51.58 51.09 50.64 50.18 49.75 49.47 49.44 49.70 50.15 50.59 50.82 50.72 50.31 49.67 48.88 48.04 47.23 46.55 46.10 45.94 46.04 46.34 46.75 47.19 47.62 48.00 48.28 48.38 48.30 48.07 47.79 47.58 47.53 47.72 48.18 48.95 50.03 51.38 52.88 54.39 55.71 56.71 57.22 57.09 56.16 54.30 51.53 48.52 48.58 68.00 
72.00 52.16 49.91 50.33 50.85 51.13 51.28 51.40 51.54 51.65 51.66 51.53 51.29 51.06 50.89 50.82 50.77 50.58 50.16 49.46 48.58 47.68 46.93 46.44 46.20 46.13 46.16 46.27 46.49 46.88 47.48 48.27 49.19 50.14 50.97 51.57 51.86 51.83 51.53 51.00 50.32 49.55 48.79 48.16 47.83 47.93 48.49 49.38 50.37 51.13 51.41 51.06 50.16 48.92 47.62 46.53 45.86 45.64 45.74 45.83 45.46 44.13 41.38 36.86 30.38 21.98 11.97 1.01 0.09 0.01 0.00 0.00 0.00 0.00 0.00 0.00 0.00 0.00 0.00 0.00 0.00 0.00 0.00 0.00 0.00 0.00 0.00 0.00 0.00 0.00 0.00 0.00 0.00 0.00 0.00 0.00 0.00 0.00 0.00 0.00 0.00 0.00 0.00 0.00 0.00 0.00 0.00 0.00 0.00 0.00 0.00 0.00 0.00 0.00 0.00 0.00 0.00 0.00 0.00 0.00 0.00 0.00 0.00 0.00 0.00 0.00 0.00 0.00 0.00 0.00 0.01 0.08 0.98 11.55 21.23 29.49 36.16 41.39 45.41 48.46 50.70 52.27 53.31 53.93 54.20 54.14 53.79 53.18 52.43 51.68 51.04 50.54 50.15 49.80 49.48 49.27 49.26 49.47 49.82 50.11 50.19 49.96 49.42 48.68 47.81 46.91 46.08 45.41 45.02 44.96 45.24 45.77 46.44 47.15 47.82 48.40 48.81 48.99 48.93 48.68 48.33 48.01 47.85 47.93 48.32 49.06 50.17 51.57 53.15 54.71 56.06 57.02 57.44 57.19 56.09 53.95 50.47 44.87 34.06 4.00 
4.00 35.17 44.31 47.97 49.77 50.73 51.29 51.67 51.97 52.16 52.19 52.03 51.74 51.44 51.24 51.16 51.11 50.95 50.51 49.76 48.77 47.74 46.86 46.21 45.81 45.57 45.43 45.41 45.55 45.93 46.55 47.37 48.29 49.20 49.99 50.59 50.97 51.13 51.06 50.78 50.28 49.61 48.88 48.25 47.89 47.95 48.46 49.32 50.30 51.11 51.48 51.30 50.58 49.52 48.36 47.34 46.62 46.25 46.10 45.91 45.29 43.79 40.97 36.49 30.11 21.81 11.89 1.01 0.09 0.01 0.00 0.00 0.00 0.00 0.00 0.00 0.00 0.00 0.00 0.00 0.00 0.00 0.00 0.00 0.00 0.00 0.00 0.00 0.00 0.00 0.00 0.00 0.00 0.00 0.00 0.00 0.00 0.00 0.00 0.00 0.00 0.00 0.00 0.00 0.00 0.00 0.00 0.00 0.00 0.00 0.00 0.00 0.00 0.00 0.00 0.00 0.00 0.00 0.00 0.00 0.00 0.00 0.00 0.00 0.00 0.00 0.00 0.00 0.00 0.00 0.01 0.08 0.99 11.76 21.61 30.02 36.82 42.12 46.15 49.13 51.24 52.65 53.52 53.98 54.11 53.93 53.45 52.73 51.87 51.04 50.36 49.89 49.56 49.31 49.09 48.95 48.95 49.13 49.40 49.60 49.58 49.25 48.63 47.81 46.87 45.91 45.04 44.36 43.99 44.02 44.46 45.21 46.16 47.16 48.11 48.91 49.46 49.72 49.67 49.36 48.91 48.48 48.19 48.15 48.46 49.15 50.24 51.66 53.26 54.83 56.15 57.05 57.38 57.01 55.82 53.65 50.33 45.51 38.25 26.00 
39.00 39.76 43.47 46.62 48.75 50.10 50.95 51.54 51.96 52.22 52.28 52.12 51.82 51.50 51.29 51.21 51.19 51.06 50.65 49.90 48.88 47.78 46.80 46.03 45.47 45.07 44.78 44.63 44.71 45.07 45.72 46.56 47.48 48.35 49.09 49.68 50.13 50.44 50.59 50.53 50.20 49.65 48.98 48.36 47.99 47.99 48.41 49.17 50.09 50.90 51.37 51.36 50.90 50.10 49.16 48.27 47.55 47.03 46.65 46.18 45.33 43.69 40.86 36.44 30.14 21.89 11.96 1.01 0.09 0.01 0.00 0.00 0.00 0.00 0.00 0.00 0.00 0.00 0.00 0.00 0.00 0.00 0.00 0.00 0.00 0.00 0.00 0.00 0.00 0.00 0.00 0.00 0.00 0.00 0.00 0.00 0.00 0.00 0.00 0.00 0.00 0.00 0.00 0.00 0.00 0.00 0.00 0.00 0.00 0.00 0.00 0.00 0.00 0.00 0.00 0.00 0.00 0.00 0.00 0.00 0.00 0.00 0.00 0.00 0.00 0.00 0.00 0.00 0.00 0.00 0.01 0.09 1.02 12.09 22.21 30.82 37.72 43.02 46.96 49.77 51.64 52.79 53.41 53.66 53.62 53.33 52.77 51.99 51.10 50.26 49.61 49.18 48.93 48.77 48.65 48.59 48.64 48.83 49.08 49.25 49.18 48.80 48.12 47.21 46.19 45.16 44.22 43.52 43.17 43.28 43.85 44.81 46.01 47.31 48.53 49.54 50.23 50.53 50.45 50.06 49.51 48.97 48.58 48.45 48.68 49.31 50.35 51.72 53.27 54.78 56.03 56.84 57.06 56.61 55.39 53.37 50.64 47.80 47.02 55.00 
52.00 40.94 42.44 45.39 47.70 49.24 50.25 50.95 51.45 51.77 51.88 51.77 51.51 51.23 51.05 51.01 51.03 50.96 50.61 49.91 48.92 47.82 46.80 45.96 45.30 44.79 44.38 44.15 44.17 44.51 45.16 45.99 46.88 47.69 48.37 48.92 49.39 49.80 50.11 50.22 50.06 49.63 49.04 48.46 48.07 48.00 48.30 48.92 49.71 50.47 51.00 51.17 50.96 50.47 49.81 49.11 48.44 47.84 47.27 46.60 45.58 43.89 41.09 36.76 30.52 22.24 12.19 1.03 0.09 0.01 0.00 0.00 0.00 0.00 0.00 0.00 0.00 0.00 0.00 0.00 0.00 0.00 0.00 0.00 0.00 0.00 0.00 0.00 0.00 0.00 0.00 0.00 0.00 0.00 0.00 0.00 0.00 0.00 0.00 0.00 0.00 0.00 0.00 0.00 0.00 0.00 0.00 0.00 0.00 0.00 0.00 0.00 0.00 0.00 0.00 0.00 0.00 0.00 0.00 0.00 0.00 0.00 0.00 0.00 0.00 0.00 0.00 0.00 0.00 0.00 0.01 0.09 1.06 12.47 22.87 31.65 38.61 43.84 47.61 50.17 51.77 52.63 52.99 53.03 52.84 52.45 51.85 51.08 50.22 49.44 48.86 48.51 48.35 48.28 48.26 48.29 48.43 48.69 48.99 49.20 49.15 48.75 48.01 47.01 45.88 44.75 43.75 43.03 42.72 42.91 43.62 44.76 46.19 47.73 49.18 50.35 51.13 51.44 51.29 50.81 50.15 49.52 49.06 48.89 49.06 49.62 50.56 51.81 53.21 54.58 55.69 56.36 56.48 55.97 54.77 52.84 50.22 47.38 46.66 59.00 
1.00 29.15 39.21 43.95 46.60 48.20 49.21 49.91 50.43 50.79 50.97 50.96 50.83 50.67 50.58 50.63 50.73 50.74 50.48 49.87 48.96 47.92 46.93 46.09 45.43 44.88 44.44 44.17 44.14 44.43 45.02 45.79 46.59 47.31 47.89 48.36 48.80 49.23 49.60 49.82 49.79 49.49 49.00 48.48 48.09 47.94 48.10 48.53 49.16 49.82 50.35 50.64 50.67 50.47 50.12 49.65 49.11 48.52 47.86 47.08 46.01 44.34 41.65 37.42 31.22 22.85 12.55 1.06 0.09 0.01 0.00 0.00 0.00 0.00 0.00 0.00 0.00 0.00 0.00 0.00 0.00 0.00 0.00 0.00 0.00 0.00 0.00 0.00 0.00 0.00 0.00 0.00 0.00 0.00 0.00 0.00 0.00 0.00 0.00 0.00 0.00 0.00 0.00 0.00 0.00 0.00 0.00 0.00 0.00 0.00 0.00 0.00 0.00 0.00 0.00 0.00 0.00 0.00 0.00 0.00 0.00 0.00 0.00 0.00 0.00 0.00 0.00 0.00 0.00 0.00 0.01 0.09 1.08 12.79 23.43 32.33 39.27 44.37 47.92 50.22 51.55 52.16 52.31 52.18 51.89 51.45 50.86 50.14 49.37 48.69 48.22 47.96 47.89 47.91 47.98 48.11 48.37 48.75 49.19 49.50 49.52 49.13 48.34 47.23 45.97 44.73 43.69 43.00 42.79 43.10 43.95 45.26 46.87 48.59 50.19 51.45 52.24 52.47 52.21 51.60 50.84 50.15 49.67 49.48 49.62 50.09 50.87 51.91 53.08 54.21 55.11 55.62 55.64 55.11 54.00 52.20 49.37 44.34 33.00 0.00 
22.00 35.07 40.68 43.86 45.85 47.10 47.91 48.48 48.94 49.31 49.60 49.77 49.85 49.90 50.01 50.21 50.43 50.55 50.39 49.89 49.10 48.16 47.27 46.53 45.95 45.47 45.07 44.79 44.71 44.90 45.36 45.98 46.64 47.22 47.66 48.02 48.36 48.72 49.07 49.33 49.38 49.19 48.82 48.39 48.00 47.78 47.77 48.00 48.42 48.93 49.42 49.78 49.99 50.06 49.99 49.79 49.44 48.95 48.34 47.58 46.56 45.00 42.45 38.34 32.15 23.63 13.01 1.10 0.09 0.01 0.00 0.00 0.00 0.00 0.00 0.00 0.00 0.00 0.00 0.00 0.00 0.00 0.00 0.00 0.00 0.00 0.00 0.00 0.00 0.00 0.00 0.00 0.00 0.00 0.00 0.00 0.00 0.00 0.00 0.00 0.00 0.00 0.00 0.00 0.00 0.00 0.00 0.00 0.00 0.00 0.00 0.00 0.00 0.00 0.00 0.00 0.00 0.00 0.00 0.00 0.00 0.00 0.00 0.00 0.00 0.00 0.00 0.00 0.00 0.00 0.01 0.09 1.10 13.02 23.79 32.73 39.59 44.52 47.84 49.90 51.01 51.45 51.46 51.24 50.89 50.44 49.90 49.27 48.64 48.10 47.74 47.59 47.58 47.67 47.81 48.05 48.43 48.97 49.57 50.04 50.18 49.84 49.01 47.81 46.43 45.11 44.08 43.49 43.43 43.92 44.93 46.39 48.13 49.94 51.60 52.85 53.55 53.64 53.21 52.44 51.58 50.83 50.34 50.16 50.27 50.64 51.23 52.00 52.85 53.66 54.28 54.60 54.54 54.09 53.25 52.01 50.23 47.28 40.81 21.00 
74.00 48.13 44.05 44.38 45.30 46.00 46.46 46.79 47.12 47.49 47.91 48.32 48.72 49.10 49.50 49.91 50.30 50.53 50.49 50.11 49.44 48.65 47.91 47.32 46.89 46.54 46.24 45.98 45.83 45.87 46.12 46.52 46.96 47.34 47.62 47.82 48.01 48.25 48.51 48.74 48.83 48.75 48.50 48.15 47.78 47.47 47.30 47.32 47.53 47.88 48.28 48.67 49.01 49.29 49.49 49.55 49.44 49.14 48.66 48.03 47.16 45.78 43.39 39.39 33.18 24.47 13.51 1.15 0.10 0.01 0.00 0.00 0.00 0.00 0.00 0.00 0.00 0.00 0.00 0.00 0.00 0.00 0.00 0.00 0.00 0.00 0.00 0.00 0.00 0.00 0.00 0.00 0.00 0.00 0.00 0.00 0.00 0.00 0.00 0.00 0.00 0.00 0.00 0.00 0.00 0.00 0.00 0.00 0.00 0.00 0.00 0.00 0.00 0.00 0.00 0.00 0.00 0.00 0.00 0.00 0.00 0.00 0.00 0.00 0.00 0.00 0.00 0.00 0.00 0.00 0.01 0.09 1.11 13.12 23.95 32.85 39.60 44.35 47.45 49.31 50.26 50.60 50.55 50.29 49.93 49.51 49.04 48.54 48.07 47.69 47.46 47.39 47.43 47.54 47.73 48.04 48.54 49.23 50.01 50.65 50.93 50.68 49.85 48.59 47.15 45.82 44.87 44.46 44.62 45.33 46.51 48.07 49.87 51.69 53.29 54.43 54.95 54.84 54.20 53.27 52.29 51.49 51.00 50.81 50.88 51.14 51.52 51.99 52.48 52.94 53.26 53.38 53.27 52.95 52.49 52.05 52.00 53.58 61.86 99.00 
24.00 39.19 42.60 43.91 44.60 44.92 45.01 45.06 45.22 45.57 46.14 46.86 47.64 48.43 49.18 49.86 50.42 50.78 50.84 50.57 50.04 49.39 48.81 48.39 48.13 47.95 47.75 47.51 47.28 47.13 47.12 47.23 47.40 47.55 47.63 47.66 47.69 47.78 47.93 48.09 48.21 48.21 48.07 47.79 47.43 47.03 46.70 46.51 46.53 46.73 47.06 47.46 47.90 48.36 48.78 49.09 49.22 49.14 48.88 48.45 47.78 46.58 44.36 40.44 34.19 25.28 13.98 1.19 0.10 0.01 0.00 0.00 0.00 0.00 0.00 0.00 0.00 0.00 0.00 0.00 0.00 0.00 0.00 0.00 0.00 0.00 0.00 0.00 0.00 0.00 0.00 0.00 0.00 0.00 0.00 0.00 0.00 0.00 0.00 0.00 0.00 0.00 0.00 0.00 0.00 0.00 0.00 0.00 0.00 0.00 0.00 0.00 0.00 0.00 0.00 0.00 0.00 0.00 0.00 0.00 0.00 0.00 0.00 0.00 0.00 0.00 0.00 0.00 0.00 0.00 0.01 0.09 1.12 13.16 23.98 32.83 39.46 44.04 46.97 48.66 49.50 49.77 49.69 49.42 49.06 48.69 48.32 47.96 47.66 47.44 47.33 47.32 47.38 47.49 47.68 48.03 48.61 49.41 50.33 51.13 51.57 51.43 50.67 49.44 48.02 46.77 45.98 45.79 46.21 47.13 48.46 50.08 51.85 53.58 55.02 55.95 56.24 55.89 55.05 53.96 52.88 52.02 51.50 51.29 51.31 51.45 51.64 51.82 52.00 52.13 52.18 52.13 51.99 51.80 51.66 51.71 52.16 53.17 54.05 48.00 
44.00 41.84 42.98 43.80 44.12 44.06 43.81 43.56 43.55 43.88 44.60 45.62 46.81 48.02 49.13 50.08 50.82 51.28 51.42 51.25 50.83 50.31 49.87 49.59 49.47 49.41 49.30 49.07 48.75 48.40 48.11 47.91 47.78 47.69 47.57 47.44 47.32 47.27 47.32 47.45 47.59 47.66 47.61 47.39 47.01 46.51 46.02 45.66 45.52 45.61 45.91 46.35 46.89 47.50 48.10 48.62 48.97 49.12 49.08 48.88 48.41 47.39 45.28 41.41 35.09 26.00 14.40 1.22 0.10 0.01 0.00 0.00 0.00 0.00 0.00 0.00 0.00 0.00 0.00 0.00 0.00 0.00 0.00 0.00 0.00 0.00 0.00 0.00 0.00 0.00 0.00 0.00 0.00 0.00 0.00 0.00 0.00 0.00 0.00 0.00 0.00 0.00 0.00 0.00 0.00 0.00 0.00 0.00 0.00 0.00 0.00 0.00 0.00 0.00 0.00 0.00 0.00 0.00 0.00 0.00 0.00 0.00 0.00 0.00 0.00 0.00 0.00 0.00 0.00 0.00 0.01 0.09 1.12 13.18 24.01 32.82 39.37 43.82 46.60 48.16 48.90 49.11 49.00 48.71 48.37 48.03 47.75 47.53 47.37 47.29 47.27 47.29 47.34 47.43 47.60 47.94 48.54 49.40 50.41 51.34 51.92 51.93 51.31 50.20 48.92 47.85 47.27 47.33 47.97 49.08 50.50 52.10 53.75 55.28 56.48 57.14 57.17 56.60 55.59 54.38 53.23 52.33 51.77 51.51 51.46 51.50 51.52 51.51 51.44 51.33 51.20 51.05 50.92 50.86 50.95 51.29 52.00 53.07 53.25 44.00 
28.00 41.07 43.48 44.01 43.98 43.60 43.06 42.57 42.40 42.71 43.56 44.84 46.37 47.93 49.35 50.51 51.37 51.90 52.11 52.01 51.68 51.26 50.90 50.69 50.64 50.65 50.58 50.35 49.94 49.42 48.88 48.39 48.00 47.67 47.38 47.10 46.87 46.73 46.73 46.85 47.04 47.20 47.22 47.03 46.61 46.03 45.40 44.91 44.66 44.70 45.01 45.53 46.18 46.91 47.66 48.33 48.86 49.21 49.39 49.38 49.08 48.18 46.14 42.25 35.85 26.59 14.73 1.25 0.11 0.01 0.00 0.00 0.00 0.00 0.00 0.00 0.00 0.00 0.00 0.00 0.00 0.00 0.00 0.00 0.00 0.00 0.00 0.00 0.00 0.00 0.00 0.00 0.00 0.00 0.00 0.00 0.00 0.00 0.00 0.00 0.00 0.00 0.00 0.00 0.00 0.00 0.00 0.00 0.00 0.00 0.00 0.00 0.00 0.00 0.00 0.00 0.00 0.00 0.00 0.00 0.00 0.00 0.00 0.00 0.00 0.00 0.00 0.00 0.00 0.00 0.01 0.10 1.12 13.25 24.12 32.95 39.47 43.85 46.53 47.97 48.61 48.75 48.60 48.29 47.93 47.61 47.38 47.23 47.17 47.16 47.18 47.20 47.22 47.26 47.39 47.71 48.29 49.15 50.19 51.21 51.93 52.12 51.71 50.82 49.76 48.92 48.57 48.85 49.67 50.89 52.32 53.82 55.26 56.51 57.40 57.76 57.55 56.81 55.71 54.46 53.30 52.37 51.76 51.44 51.31 51.26 51.20 51.07 50.89 50.67 50.47 50.32 50.25 50.31 50.52 50.97 51.87 54.11 62.00 98.00 
77.00 50.84 45.68 44.64 44.18 43.59 42.86 42.22 41.93 42.22 43.14 44.60 46.35 48.14 49.73 51.00 51.91 52.48 52.72 52.69 52.43 52.07 51.74 51.53 51.46 51.46 51.39 51.14 50.68 50.05 49.33 48.63 48.02 47.51 47.07 46.69 46.39 46.22 46.21 46.38 46.65 46.89 46.99 46.83 46.38 45.73 45.01 44.43 44.13 44.17 44.53 45.13 45.89 46.73 47.57 48.35 49.01 49.51 49.85 50.00 49.82 48.97 46.92 42.96 36.45 27.02 14.97 1.27 0.11 0.01 0.00 0.00 0.00 0.00 0.00 0.00 0.00 0.00 0.00 0.00 0.00 0.00 0.00 0.00 0.00 0.00 0.00 0.00 0.00 0.00 0.00 0.00 0.00 0.00 0.00 0.00 0.00 0.00 0.00 0.00 0.00 0.00 0.00 0.00 0.00 0.00 0.00 0.00 0.00 0.00 0.00 0.00 0.00 0.00 0.00 0.00 0.00 0.00 0.00 0.00 0.00 0.00 0.00 0.00 0.00 0.00 0.00 0.00 0.00 0.00 0.01 0.10 1.13 13.39 24.36 33.27 39.83 44.20 46.81 48.18 48.73 48.81 48.60 48.26 47.87 47.53 47.27 47.11 47.03 47.00 46.99 46.96 46.93 46.93 47.02 47.29 47.83 48.66 49.70 50.77 51.61 52.00 51.85 51.24 50.46 49.86 49.72 50.15 51.08 52.32 53.67 55.00 56.17 57.08 57.62 57.69 57.28 56.45 55.35 54.17 53.06 52.16 51.52 51.14 50.93 50.81 50.71 50.57 50.40 50.22 50.07 50.00 50.05 50.20 50.41 50.65 50.72 49.74 42.72 2.00 
20.00 39.51 43.61 44.53 44.49 43.97 43.21 42.49 42.15 42.40 43.34 44.86 46.69 48.54 50.17 51.43 52.31 52.85 53.12 53.14 52.95 52.63 52.28 52.01 51.85 51.78 51.67 51.42 50.95 50.28 49.49 48.68 47.94 47.30 46.77 46.32 45.98 45.81 45.85 46.09 46.47 46.82 47.00 46.89 46.46 45.78 45.02 44.41 44.10 44.16 44.58 45.25 46.07 46.95 47.83 48.65 49.37 49.97 50.44 50.69 50.56 49.69 47.56 43.49 36.84 27.28 15.10 1.28 0.11 0.01 0.00 0.00 0.00 0.00 0.00 0.00 0.00 0.00 0.00 0.00 0.00 0.00 0.00 0.00 0.00 0.00 0.00 0.00 0.00 0.00 0.00 0.00 0.00 0.00 0.00 0.00 0.00 0.00 0.00 0.00 0.00 0.00 0.00 0.00 0.00 0.00 0.00 0.00 0.00 0.00 0.00 0.00 0.00 0.00 0.00 0.00 0.00 0.00 0.00 0.00 0.00 0.00 0.00 0.00 0.00 0.00 0.00 0.00 0.00 0.00 0.01 0.10 1.15 13.59 24.74 33.78 40.43 44.83 47.44 48.76 49.27 49.30 49.06 48.68 48.25 47.82 47.45 47.16 46.94 46.78 46.66 46.55 46.47 46.43 46.50 46.74 47.24 48.03 49.04 50.14 51.09 51.68 51.78 51.46 50.95 50.57 50.58 51.08 52.02 53.20 54.41 55.51 56.37 56.92 57.11 56.91 56.37 55.54 54.56 53.54 52.58 51.75 51.12 50.67 50.40 50.24 50.15 50.08 50.02 49.97 49.97 50.05 50.22 50.43 50.62 50.72 50.77 51.48 57.17 93.00 
44.00 43.48 44.57 45.19 45.21 44.75 44.00 43.28 42.90 43.11 44.01 45.47 47.25 49.02 50.55 51.69 52.48 52.96 53.22 53.29 53.18 52.90 52.53 52.17 51.89 51.72 51.56 51.31 50.89 50.27 49.49 48.67 47.89 47.19 46.60 46.11 45.75 45.60 45.71 46.07 46.57 47.06 47.36 47.33 46.95 46.30 45.56 44.96 44.66 44.74 45.17 45.84 46.65 47.49 48.32 49.10 49.83 50.48 51.01 51.31 51.17 50.24 47.98 43.76 36.97 27.32 15.10 1.28 0.11 0.01 0.00 0.00 0.00 0.00 0.00 0.00 0.00 0.00 0.00 0.00 0.00 0.00 0.00 0.00 0.00 0.00 0.00 0.00 0.00 0.00 0.00 0.00 0.00 0.00 0.00 0.00 0.00 0.00 0.00 0.00 0.00 0.00 0.00 0.00 0.00 0.00 0.00 0.00 0.00 0.00 0.00 0.00 0.00 0.00 0.00 0.00 0.00 0.00 0.00 0.00 0.00 0.00 0.00 0.00 0.00 0.00 0.00 0.00 0.00 0.00 0.01 0.10 1.17 13.84 25.20 34.42 41.18 45.66 48.30 49.63 50.14 50.17 49.94 49.54 49.04 48.47 47.90 47.36 46.90 46.52 46.24 46.04 45.91 45.87 45.94 46.18 46.66 47.40 48.39 49.50 50.53 51.27 51.58 51.49 51.19 50.95 51.02 51.51 52.36 53.41 54.44 55.28 55.83 56.03 55.92 55.52 54.92 54.19 53.42 52.65 51.91 51.22 50.63 50.15 49.83 49.65 49.60 49.64 49.74 49.88 50.06 50.28 50.55 50.77 50.87 50.71 50.04 48.09 41.42 13.00 
50.00 45.78 45.84 46.26 46.26 45.82 45.09 44.37 43.97 44.13 44.93 46.26 47.88 49.48 50.83 51.80 52.43 52.83 53.07 53.19 53.14 52.91 52.54 52.11 51.73 51.45 51.26 51.05 50.71 50.19 49.51 48.75 47.98 47.27 46.64 46.12 45.77 45.65 45.85 46.33 46.99 47.64 48.09 48.18 47.89 47.32 46.63 46.07 45.78 45.85 46.23 46.83 47.51 48.22 48.90 49.56 50.21 50.84 51.37 51.67 51.49 50.45 48.04 43.67 36.77 27.10 14.95 1.27 0.11 0.01 0.00 0.00 0.00 0.00 0.00 0.00 0.00 0.00 0.00 0.00 0.00 0.00 0.00 0.00 0.00 0.00 0.00 0.00 0.00 0.00 0.00 0.00 0.00 0.00 0.00 0.00 0.00 0.00 0.00 0.00 0.00 0.00 0.00 0.00 0.00 0.00 0.00 0.00 0.00 0.00 0.00 0.00 0.00 0.00 0.00 0.00 0.00 0.00 0.00 0.00 0.00 0.00 0.00 0.00 0.00 0.00 0.00 0.00 0.00 0.00 0.01 0.10 1.20 14.10 25.67 35.06 41.96 46.53 49.25 50.64 51.21 51.30 51.10 50.70 50.11 49.37 48.54 47.69 46.91 46.28 45.82 45.53 45.40 45.39 45.50 45.77 46.25 46.97 47.93 49.02 50.07 50.88 51.31 51.35 51.15 50.95 50.98 51.36 52.06 52.92 53.74 54.33 54.60 54.53 54.18 53.67 53.09 52.55 52.06 51.61 51.16 50.66 50.14 49.66 49.29 49.10 49.10 49.26 49.52 49.84 50.16 50.49 50.78 50.98 51.00 50.77 50.19 49.13 47.25 44.00 
35.00 43.75 46.64 47.54 47.54 47.05 46.30 45.57 45.14 45.22 45.90 47.07 48.50 49.89 51.02 51.80 52.27 52.56 52.76 52.90 52.92 52.76 52.41 51.95 51.51 51.18 50.97 50.82 50.60 50.22 49.67 49.00 48.27 47.55 46.89 46.35 46.00 45.93 46.22 46.85 47.68 48.51 49.11 49.35 49.18 48.69 48.08 47.55 47.28 47.31 47.60 48.04 48.52 48.99 49.45 49.91 50.41 50.92 51.38 51.62 51.35 50.20 47.65 43.15 36.20 26.59 14.64 1.24 0.11 0.01 0.00 0.00 0.00 0.00 0.00 0.00 0.00 0.00 0.00 0.00 0.00 0.00 0.00 0.00 0.00 0.00 0.00 0.00 0.00 0.00 0.00 0.00 0.00 0.00 0.00 0.00 0.00 0.00 0.00 0.00 0.00 0.00 0.00 0.00 0.00 0.00 0.00 0.00 0.00 0.00 0.00 0.00 0.00 0.00 0.00 0.00 0.00 0.00 0.00 0.00 0.00 0.00 0.00 0.00 0.00 0.00 0.00 0.00 0.00 0.00 0.01 0.10 1.21 14.32 26.07 35.60 42.61 47.27 50.07 51.57 52.25 52.46 52.34 51.96 51.29 50.37 49.26 48.09 47.00 46.11 45.50 45.16 45.05 45.11 45.31 45.64 46.13 46.83 47.74 48.77 49.77 50.56 50.99 51.03 50.82 50.55 50.44 50.63 51.11 51.74 52.35 52.74 52.81 52.56 52.10 51.58 51.13 50.83 50.68 50.59 50.43 50.15 49.72 49.25 48.86 48.65 48.68 48.93 49.31 49.73 50.13 50.46 50.70 50.81 50.77 50.58 50.34 50.64 54.28 75.00 
44.00 47.60 49.36 49.58 49.10 48.33 47.46 46.68 46.22 46.24 46.80 47.81 49.04 50.23 51.18 51.78 52.11 52.28 52.42 52.54 52.60 52.51 52.21 51.78 51.33 51.00 50.82 50.75 50.65 50.42 50.00 49.41 48.71 47.97 47.28 46.70 46.35 46.33 46.72 47.48 48.48 49.48 50.25 50.61 50.55 50.15 49.62 49.14 48.88 48.86 49.03 49.27 49.51 49.71 49.89 50.10 50.37 50.70 51.01 51.12 50.74 49.46 46.80 42.22 35.28 25.84 14.19 1.20 0.10 0.01 0.00 0.00 0.00 0.00 0.00 0.00 0.00 0.00 0.00 0.00 0.00 0.00 0.00 0.00 0.00 0.00 0.00 0.00 0.00 0.00 0.00 0.00 0.00 0.00 0.00 0.00 0.00 0.00 0.00 0.00 0.00 0.00 0.00 0.00 0.00 0.00 0.00 0.00 0.00 0.00 0.00 0.00 0.00 0.00 0.00 0.00 0.00 0.00 0.00 0.00 0.00 0.00 0.00 0.00 0.00 0.00 0.00 0.00 0.00 0.00 0.01 0.10 1.23 14.46 26.31 35.92 42.99 47.71 50.58 52.19 53.02 53.38 53.40 53.08 52.37 51.31 49.96 48.52 47.17 46.08 45.35 44.99 44.93 45.09 45.39 45.78 46.29 46.95 47.78 48.70 49.58 50.26 50.59 50.54 50.21 49.79 49.47 49.41 49.63 50.03 50.44 50.69 50.67 50.38 49.94 49.52 49.26 49.25 49.44 49.69 49.83 49.74 49.41 48.96 48.53 48.30 48.33 48.60 49.02 49.46 49.82 50.06 50.17 50.17 50.06 49.84 49.48 48.52 44.08 20.00 
44.00 53.36 53.67 52.28 50.81 49.52 48.43 47.59 47.10 47.08 47.56 48.44 49.52 50.55 51.35 51.83 52.03 52.09 52.14 52.22 52.28 52.23 52.00 51.63 51.24 50.95 50.84 50.85 50.87 50.76 50.44 49.91 49.22 48.45 47.70 47.08 46.71 46.72 47.19 48.07 49.19 50.33 51.21 51.69 51.72 51.41 50.95 50.53 50.29 50.23 50.28 50.34 50.34 50.27 50.17 50.11 50.12 50.21 50.31 50.25 49.73 48.35 45.60 41.00 34.14 24.92 13.66 1.16 0.10 0.01 0.00 0.00 0.00 0.00 0.00 0.00 0.00 0.00 0.00 0.00 0.00 0.00 0.00 0.00 0.00 0.00 0.00 0.00 0.00 0.00 0.00 0.00 0.00 0.00 0.00 0.00 0.00 0.00 0.00 0.00 0.00 0.00 0.00 0.00 0.00 0.00 0.00 0.00 0.00 0.00 0.00 0.00 0.00 0.00 0.00 0.00 0.00 0.00 0.00 0.00 0.00 0.00 0.00 0.00 0.00 0.00 0.00 0.00 0.00 0.00 0.01 0.10 1.23 14.50 26.37 35.98 43.03 47.73 50.63 52.31 53.28 53.82 54.02 53.82 53.17 52.05 50.58 48.97 47.45 46.22 45.42 45.05 45.04 45.28 45.65 46.09 46.59 47.19 47.90 48.68 49.40 49.93 50.11 49.92 49.42 48.80 48.24 47.91 47.86 48.03 48.29 48.48 48.48 48.28 47.98 47.76 47.75 48.02 48.50 49.02 49.38 49.43 49.18 48.73 48.28 48.00 47.99 48.22 48.59 48.95 49.18 49.27 49.23 49.10 48.96 48.85 48.93 49.67 53.45 73.00 
87.00 68.34 59.90 55.23 52.35 50.45 49.13 48.24 47.76 47.75 48.20 48.99 49.96 50.88 51.58 51.96 52.07 52.04 51.99 51.99 52.01 51.97 51.80 51.52 51.22 51.02 50.98 51.07 51.17 51.14 50.90 50.42 49.73 48.92 48.11 47.43 47.03 47.04 47.53 48.45 49.64 50.83 51.79 52.33 52.45 52.23 51.86 51.52 51.31 51.23 51.19 51.10 50.91 50.62 50.30 49.99 49.76 49.59 49.45 49.19 48.52 47.04 44.25 39.67 32.95 24.00 13.13 1.11 0.09 0.01 0.00 0.00 0.00 0.00 0.00 0.00 0.00 0.00 0.00 0.00 0.00 0.00 0.00 0.00 0.00 0.00 0.00 0.00 0.00 0.00 0.00 0.00 0.00 0.00 0.00 0.00 0.00 0.00 0.00 0.00 0.00 0.00 0.00 0.00 0.00 0.00 0.00 0.00 0.00 0.00 0.00 0.00 0.00 0.00 0.00 0.00 0.00 0.00 0.00 0.00 0.00 0.00 0.00 0.00 0.00 0.00 0.00 0.00 0.00 0.00 0.01 0.10 1.23 14.46 26.27 35.79 42.73 47.33 50.16 51.86 52.93 53.65 54.05 54.06 53.55 52.52 51.08 49.43 47.85 46.56 45.71 45.32 45.32 45.58 45.96 46.39 46.85 47.36 47.95 48.58 49.16 49.55 49.60 49.27 48.61 47.78 46.99 46.39 46.09 46.07 46.23 46.42 46.53 46.53 46.48 46.51 46.76 47.25 47.93 48.60 49.06 49.17 48.94 48.48 47.99 47.67 47.59 47.75 48.00 48.22 48.28 48.19 47.99 47.77 47.61 47.55 47.63 47.74 47.01 39.00 
92.00 73.36 62.78 56.76 53.17 50.94 49.51 48.63 48.22 48.27 48.72 49.48 50.38 51.23 51.85 52.18 52.23 52.12 51.97 51.86 51.81 51.75 51.61 51.42 51.22 51.11 51.14 51.28 51.42 51.44 51.25 50.81 50.15 49.33 48.48 47.75 47.31 47.28 47.72 48.60 49.73 50.90 51.86 52.45 52.65 52.54 52.28 52.04 51.88 51.80 51.72 51.54 51.23 50.80 50.32 49.84 49.38 48.98 48.60 48.13 47.32 45.75 42.96 38.45 31.88 23.19 12.68 1.07 0.09 0.01 0.00 0.00 0.00 0.00 0.00 0.00 0.00 0.00 0.00 0.00 0.00 0.00 0.00 0.00 0.00 0.00 0.00 0.00 0.00 0.00 0.00 0.00 0.00 0.00 0.00 0.00 0.00 0.00 0.00 0.00 0.00 0.00 0.00 0.00 0.00 0.00 0.00 0.00 0.00 0.00 0.00 0.00 0.00 0.00 0.00 0.00 0.00 0.00 0.00 0.00 0.00 0.00 0.00 0.00 0.00 0.00 0.00 0.00 0.00 0.00 0.01 0.10 1.22 14.37 26.08 35.45 42.21 46.62 49.30 50.93 52.02 52.87 53.48 53.73 53.48 52.68 51.41 49.88 48.37 47.09 46.21 45.77 45.71 45.89 46.21 46.56 46.94 47.37 47.86 48.39 48.88 49.17 49.14 48.72 47.95 46.96 45.97 45.15 44.63 44.45 44.55 44.79 45.07 45.33 45.57 45.89 46.35 46.99 47.72 48.39 48.81 48.87 48.59 48.10 47.59 47.24 47.11 47.18 47.32 47.38 47.29 47.04 46.71 46.43 46.27 46.27 46.40 46.72 47.90 55.00 
91.00 70.70 61.69 56.46 53.12 50.97 49.61 48.83 48.53 48.67 49.17 49.91 50.76 51.54 52.12 52.41 52.43 52.26 52.02 51.80 51.65 51.53 51.41 51.28 51.17 51.14 51.21 51.35 51.49 51.53 51.39 51.02 50.43 49.66 48.83 48.09 47.61 47.50 47.82 48.55 49.53 50.57 51.47 52.08 52.37 52.41 52.31 52.19 52.11 52.05 51.96 51.75 51.40 50.93 50.37 49.77 49.14 48.53 47.93 47.27 46.32 44.70 41.92 37.50 31.09 22.61 12.36 1.05 0.09 0.01 0.00 0.00 0.00 0.00 0.00 0.00 0.00 0.00 0.00 0.00 0.00 0.00 0.00 0.00 0.00 0.00 0.00 0.00 0.00 0.00 0.00 0.00 0.00 0.00 0.00 0.00 0.00 0.00 0.00 0.00 0.00 0.00 0.00 0.00 0.00 0.00 0.00 0.00 0.00 0.00 0.00 0.00 0.00 0.00 0.00 0.00 0.00 0.00 0.00 0.00 0.00 0.00 0.00 0.00 0.00 0.00 0.00 0.00 0.00 0.00 0.01 0.10 1.21 14.28 25.88 35.09 41.64 45.81 48.26 49.72 50.75 51.65 52.43 52.94 52.99 52.50 51.54 50.27 48.93 47.74 46.85 46.33 46.14 46.18 46.35 46.59 46.88 47.24 47.68 48.18 48.64 48.92 48.88 48.44 47.61 46.53 45.39 44.40 43.71 43.40 43.44 43.75 44.21 44.72 45.26 45.84 46.47 47.15 47.81 48.33 48.57 48.48 48.10 47.57 47.06 46.72 46.59 46.62 46.68 46.64 46.43 46.08 45.68 45.37 45.22 45.23 45.26 44.98 42.93 30.00 
40.00 57.16 57.53 55.00 52.57 50.77 49.58 48.94 48.76 48.98 49.53 50.26 51.06 51.76 52.28 52.54 52.55 52.35 52.04 51.73 51.47 51.28 51.15 51.05 51.00 51.01 51.08 51.19 51.29 51.33 51.25 50.99 50.53 49.88 49.15 48.46 47.95 47.75 47.90 48.39 49.14 49.98 50.76 51.38 51.79 52.00 52.08 52.12 52.14 52.15 52.09 51.92 51.61 51.16 50.59 49.91 49.15 48.36 47.57 46.74 45.67 44.00 41.26 36.93 30.66 22.32 12.22 1.03 0.09 0.01 0.00 0.00 0.00 0.00 0.00 0.00 0.00 0.00 0.00 0.00 0.00 0.00 0.00 0.00 0.00 0.00 0.00 0.00 0.00 0.00 0.00 0.00 0.00 0.00 0.00 0.00 0.00 0.00 0.00 0.00 0.00 0.00 0.00 0.00 0.00 0.00 0.00 0.00 0.00 0.00 0.00 0.00 0.00 0.00 0.00 0.00 0.00 0.00 0.00 0.00 0.00 0.00 0.00 0.00 0.00 0.00 0.00 0.00 0.00 0.00 0.01 0.10 1.21 14.23 25.74 34.81 41.15 45.07 47.26 48.50 49.39 50.26 51.12 51.82 52.16 52.03 51.44 50.53 49.46 48.42 47.56 46.95 46.60 46.45 46.46 46.58 46.80 47.13 47.58 48.10 48.60 48.92 48.93 48.52 47.70 46.59 45.36 44.25 43.42 42.99 42.98 43.32 43.91 44.65 45.44 46.22 46.96 47.60 48.09 48.34 48.31 48.00 47.50 46.95 46.49 46.23 46.17 46.24 46.29 46.22 45.95 45.55 45.11 44.79 44.66 44.69 44.77 45.18 48.88 73.00 
71.00 60.84 56.96 54.25 52.14 50.58 49.56 49.03 48.95 49.25 49.82 50.52 51.24 51.85 52.29 52.51 52.50 52.28 51.93 51.54 51.19 50.93 50.77 50.68 50.65 50.66 50.69 50.75 50.80 50.84 50.83 50.71 50.42 49.97 49.40 48.81 48.31 48.01 47.97 48.20 48.65 49.26 49.92 50.54 51.06 51.47 51.76 51.97 52.13 52.23 52.27 52.19 51.98 51.62 51.08 50.37 49.51 48.57 47.61 46.62 45.46 43.77 41.06 36.81 30.63 22.35 12.25 1.04 0.09 0.01 0.00 0.00 0.00 0.00 0.00 0.00 0.00 0.00 0.00 0.00 0.00 0.00 0.00 0.00 0.00 0.00 0.00 0.00 0.00 0.00 0.00 0.00 0.00 0.00 0.00 0.00 0.00 0.00 0.00 0.00 0.00 0.00 0.00 0.00 0.00 0.00 0.00 0.00 0.00 0.00 0.00 0.00 0.00 0.00 0.00 0.00 0.00 0.00 0.00 0.00 0.00 0.00 0.00 0.00 0.00 0.00 0.00 0.00 0.00 0.00 0.01 0.10 1.21 14.21 25.67 34.64 40.82 44.52 46.47 47.48 48.18 48.94 49.78 50.58 51.14 51.33 51.14 50.61 49.87 49.05 48.26 47.59 47.09 46.77 46.62 46.65 46.84 47.19 47.69 48.27 48.82 49.21 49.29 48.96 48.19 47.10 45.84 44.65 43.72 43.18 43.08 43.41 44.07 44.96 45.92 46.85 47.62 48.18 48.45 48.41 48.09 47.56 46.96 46.43 46.09 45.98 46.07 46.25 46.36 46.29 46.02 45.58 45.12 44.80 44.69 44.69 44.35 42.30 34.49 7.00 
62.00 58.61 55.82 53.61 51.84 50.50 49.60 49.15 49.13 49.47 50.05 50.70 51.32 51.81 52.15 52.29 52.24 52.01 51.62 51.18 50.76 50.45 50.25 50.14 50.10 50.08 50.08 50.08 50.10 50.15 50.22 50.23 50.15 49.91 49.53 49.07 48.61 48.23 48.00 47.97 48.15 48.52 49.06 49.69 50.33 50.93 51.43 51.84 52.15 52.38 52.53 52.59 52.52 52.28 51.82 51.12 50.19 49.14 48.05 46.95 45.72 44.01 41.34 37.16 31.00 22.69 12.46 1.06 0.09 0.01 0.00 0.00 0.00 0.00 0.00 0.00 0.00 0.00 0.00 0.00 0.00 0.00 0.00 0.00 0.00 0.00 0.00 0.00 0.00 0.00 0.00 0.00 0.00 0.00 0.00 0.00 0.00 0.00 0.00 0.00 0.00 0.00 0.00 0.00 0.00 0.00 0.00 0.00 0.00 0.00 0.00 0.00 0.00 0.00 0.00 0.00 0.00 0.00 0.00 0.00 0.00 0.00 0.00 0.00 0.00 0.00 0.00 0.00 0.00 0.00 0.01 0.10 1.21 14.20 25.65 34.57 40.65 44.21 45.98 46.78 47.28 47.88 48.63 49.44 50.13 50.58 50.73 50.58 50.18 49.60 48.91 48.22 47.61 47.16 46.92 46.89 47.08 47.48 48.02 48.66 49.28 49.73 49.88 49.63 48.94 47.90 46.66 45.43 44.43 43.79 43.61 43.89 44.56 45.50 46.55 47.53 48.30 48.75 48.83 48.55 48.00 47.32 46.68 46.23 46.07 46.17 46.46 46.77 46.96 46.92 46.63 46.15 45.66 45.34 45.35 45.69 46.10 45.44 39.91 16.00 
60.00 56.02 54.55 53.06 51.66 50.49 49.68 49.28 49.29 49.66 50.23 50.83 51.34 51.69 51.89 51.93 51.81 51.53 51.11 50.64 50.19 49.85 49.62 49.50 49.43 49.39 49.36 49.35 49.37 49.45 49.58 49.72 49.78 49.71 49.50 49.16 48.75 48.32 47.94 47.69 47.63 47.83 48.27 48.91 49.65 50.41 51.11 51.69 52.16 52.52 52.81 53.00 53.08 52.98 52.63 51.98 51.06 49.96 48.81 47.65 46.39 44.70 42.07 37.93 31.74 23.29 12.82 1.09 0.09 0.01 0.00 0.00 0.00 0.00 0.00 0.00 0.00 0.00 0.00 0.00 0.00 0.00 0.00 0.00 0.00 0.00 0.00 0.00 0.00 0.00 0.00 0.00 0.00 0.00 0.00 0.00 0.00 0.00 0.00 0.00 0.00 0.00 0.00 0.00 0.00 0.00 0.00 0.00 0.00 0.00 0.00 0.00 0.00 0.00 0.00 0.00 0.00 0.00 0.00 0.00 0.00 0.00 0.00 0.00 0.00 0.00 0.00 0.00 0.00 0.00 0.01 0.10 1.21 14.22 25.67 34.58 40.63 44.13 45.78 46.43 46.77 47.20 47.82 48.58 49.33 49.95 50.38 50.55 50.46 50.10 49.52 48.82 48.15 47.61 47.30 47.26 47.47 47.90 48.49 49.16 49.80 50.30 50.51 50.33 49.73 48.76 47.58 46.36 45.34 44.65 44.41 44.63 45.26 46.18 47.21 48.18 48.90 49.25 49.20 48.77 48.11 47.39 46.81 46.52 46.56 46.89 47.37 47.81 48.06 48.00 47.65 47.11 46.55 46.22 46.38 47.33 49.47 53.83 63.90 94.00 
31.00 51.06 53.51 52.71 51.51 50.46 49.71 49.34 49.38 49.77 50.34 50.89 51.31 51.53 51.57 51.47 51.25 50.90 50.45 49.97 49.52 49.18 48.95 48.83 48.77 48.74 48.74 48.77 48.85 48.98 49.15 49.33 49.46 49.48 49.36 49.11 48.72 48.25 47.76 47.34 47.12 47.18 47.55 48.19 49.00 49.88 50.72 51.45 52.06 52.54 52.92 53.21 53.41 53.44 53.23 52.71 51.88 50.83 49.70 48.57 47.34 45.70 43.14 39.00 32.74 24.08 13.27 1.13 0.10 0.01 0.00 0.00 0.00 0.00 0.00 0.00 0.00 0.00 0.00 0.00 0.00 0.00 0.00 0.00 0.00 0.00 0.00 0.00 0.00 0.00 0.00 0.00 0.00 0.00 0.00 0.00 0.00 0.00 0.00 0.00 0.00 0.00 0.00 0.00 0.00 0.00 0.00 0.00 0.00 0.00 0.00 0.00 0.00 0.00 0.00 0.00 0.00 0.00 0.00 0.00 0.00 0.00 0.00 0.00 0.00 0.00 0.00 0.00 0.00 0.00 0.01 0.10 1.21 14.24 25.73 34.67 40.75 44.24 45.86 46.42 46.64 46.93 47.44 48.13 48.90 49.64 50.25 50.65 50.77 50.56 50.05 49.34 48.60 48.00 47.66 47.60 47.83 48.28 48.89 49.56 50.21 50.73 50.99 50.89 50.38 49.51 48.40 47.26 46.28 45.62 45.38 45.56 46.12 46.95 47.89 48.75 49.38 49.65 49.54 49.08 48.44 47.80 47.37 47.27 47.53 48.07 48.70 49.22 49.46 49.34 48.88 48.22 47.56 47.15 47.34 48.52 51.36 57.06 68.15 88.00 
90.00 63.73 55.71 52.73 51.24 50.24 49.55 49.23 49.31 49.73 50.31 50.85 51.20 51.30 51.20 50.95 50.61 50.18 49.70 49.22 48.81 48.51 48.33 48.25 48.25 48.30 48.41 48.56 48.74 48.93 49.12 49.27 49.35 49.34 49.22 48.98 48.60 48.09 47.52 46.98 46.63 46.57 46.87 47.48 48.32 49.26 50.20 51.03 51.73 52.28 52.70 53.03 53.29 53.44 53.39 53.05 52.41 51.52 50.52 49.50 48.37 46.82 44.32 40.20 33.84 24.95 13.77 1.17 0.10 0.01 0.00 0.00 0.00 0.00 0.00 0.00 0.00 0.00 0.00 0.00 0.00 0.00 0.00 0.00 0.00 0.00 0.00 0.00 0.00 0.00 0.00 0.00 0.00 0.00 0.00 0.00 0.00 0.00 0.00 0.00 0.00 0.00 0.00 0.00 0.00 0.00 0.00 0.00 0.00 0.00 0.00 0.00 0.00 0.00 0.00 0.00 0.00 0.00 0.00 0.00 0.00 0.00 0.00 0.00 0.00 0.00 0.00 0.00 0.00 0.00 0.01 0.10 1.21 14.28 25.81 34.82 40.96 44.50 46.13 46.68 46.84 47.04 47.48 48.13 48.90 49.70 50.40 50.92 51.12 50.95 50.41 49.64 48.83 48.18 47.81 47.77 48.01 48.47 49.07 49.74 50.38 50.91 51.22 51.20 50.80 50.05 49.06 48.04 47.18 46.63 46.45 46.64 47.13 47.82 48.58 49.27 49.75 49.93 49.80 49.40 48.87 48.41 48.19 48.31 48.78 49.48 50.21 50.75 50.94 50.71 50.14 49.34 48.54 47.99 48.00 48.94 51.25 55.62 64.04 87.00 
77.00 58.01 52.63 50.98 50.21 49.60 49.10 48.86 48.99 49.46 50.08 50.64 50.95 50.98 50.75 50.37 49.90 49.38 48.88 48.43 48.09 47.88 47.80 47.84 47.97 48.19 48.49 48.82 49.14 49.40 49.56 49.61 49.55 49.41 49.20 48.91 48.51 47.97 47.33 46.69 46.21 46.02 46.20 46.74 47.54 48.49 49.47 50.37 51.11 51.67 52.07 52.38 52.65 52.87 52.98 52.88 52.49 51.86 51.07 50.22 49.24 47.82 45.41 41.30 34.86 25.75 14.23 1.21 0.10 0.01 0.00 0.00 0.00 0.00 0.00 0.00 0.00 0.00 0.00 0.00 0.00 0.00 0.00 0.00 0.00 0.00 0.00 0.00 0.00 0.00 0.00 0.00 0.00 0.00 0.00 0.00 0.00 0.00 0.00 0.00 0.00 0.00 0.00 0.00 0.00 0.00 0.00 0.00 0.00 0.00 0.00 0.00 0.00 0.00 0.00 0.00 0.00 0.00 0.00 0.00 0.00 0.00 0.00 0.00 0.00 0.00 0.00 0.00 0.00 0.00 0.01 0.10 1.21 14.31 25.88 34.95 41.18 44.81 46.51 47.09 47.25 47.43 47.84 48.48 49.26 50.07 50.78 51.28 51.43 51.16 50.50 49.61 48.71 48.01 47.65 47.64 47.93 48.42 49.02 49.68 50.32 50.87 51.23 51.30 51.02 50.40 49.58 48.74 48.06 47.68 47.62 47.84 48.25 48.77 49.29 49.73 50.00 50.06 49.90 49.58 49.22 48.99 49.02 49.38 50.04 50.87 51.66 52.20 52.33 52.01 51.33 50.42 49.50 48.77 48.50 48.93 50.09 50.98 45.88 7.00 
16.00 38.42 45.34 47.78 48.56 48.58 48.35 48.24 48.45 48.97 49.64 50.22 50.53 50.50 50.19 49.69 49.11 48.53 48.01 47.62 47.38 47.31 47.40 47.63 47.98 48.44 48.98 49.53 50.02 50.34 50.44 50.34 50.08 49.74 49.39 49.02 48.59 48.02 47.32 46.57 45.93 45.57 45.59 45.99 46.69 47.60 48.57 49.48 50.22 50.75 51.09 51.33 51.57 51.85 52.11 52.25 52.15 51.81 51.28 50.63 49.81 48.51 46.19 42.12 35.62 26.35 14.58 1.24 0.11 0.01 0.00 0.00 0.00 0.00 0.00 0.00 0.00 0.00 0.00 0.00 0.00 0.00 0.00 0.00 0.00 0.00 0.00 0.00 0.00 0.00 0.00 0.00 0.00 0.00 0.00 0.00 0.00 0.00 0.00 0.00 0.00 0.00 0.00 0.00 0.00 0.00 0.00 0.00 0.00 0.00 0.00 0.00 0.00 0.00 0.00 0.00 0.00 0.00 0.00 0.00 0.00 0.00 0.00 0.00 0.00 0.00 0.00 0.00 0.00 0.00 0.01 0.10 1.21 14.28 25.86 34.98 41.29 45.03 46.84 47.51 47.72 47.94 48.36 49.01 49.79 50.57 51.21 51.58 51.56 51.09 50.24 49.19 48.20 47.49 47.18 47.26 47.64 48.20 48.85 49.51 50.16 50.73 51.14 51.31 51.15 50.69 50.05 49.40 48.94 48.75 48.82 49.07 49.41 49.73 49.98 50.12 50.13 50.01 49.78 49.52 49.33 49.33 49.62 50.23 51.08 52.04 52.89 53.43 53.53 53.18 52.45 51.50 50.50 49.62 49.10 49.18 50.24 53.18 62.01 97.00 
14.00 33.93 41.88 45.49 47.03 47.49 47.49 47.50 47.77 48.34 49.05 49.66 49.97 49.91 49.53 48.94 48.26 47.63 47.12 46.80 46.69 46.81 47.12 47.60 48.23 48.97 49.78 50.56 51.19 51.55 51.58 51.31 50.83 50.28 49.78 49.34 48.89 48.31 47.56 46.69 45.87 45.30 45.10 45.31 45.88 46.70 47.62 48.50 49.21 49.68 49.94 50.11 50.31 50.63 51.03 51.38 51.55 51.47 51.18 50.71 50.02 48.82 46.57 42.54 36.03 26.69 14.78 1.26 0.11 0.01 0.00 0.00 0.00 0.00 0.00 0.00 0.00 0.00 0.00 0.00 0.00 0.00 0.00 0.00 0.00 0.00 0.00 0.00 0.00 0.00 0.00 0.00 0.00 0.00 0.00 0.00 0.00 0.00 0.00 0.00 0.00 0.00 0.00 0.00 0.00 0.00 0.00 0.00 0.00 0.00 0.00 0.00 0.00 0.00 0.00 0.00 0.00 0.00 0.00 0.00 0.00 0.00 0.00 0.00 0.00 0.00 0.00 0.00 0.00 0.00 0.01 0.10 1.20 14.17 25.67 34.79 41.16 45.01 46.96 47.76 48.07 48.35 48.81 49.47 50.24 50.97 51.50 51.68 51.43 50.72 49.65 48.46 47.41 46.74 46.54 46.78 47.32 48.01 48.73 49.43 50.09 50.67 51.12 51.35 51.31 51.00 50.53 50.09 49.82 49.80 49.97 50.22 50.45 50.57 50.55 50.39 50.13 49.79 49.46 49.21 49.15 49.37 49.91 50.75 51.80 52.89 53.81 54.39 54.53 54.21 53.53 52.61 51.59 50.60 49.79 49.34 49.41 50.24 52.43 56.00 
56.00 40.95 41.98 44.41 45.93 46.55 46.70 46.81 47.15 47.76 48.49 49.10 49.41 49.31 48.86 48.18 47.42 46.74 46.24 46.01 46.06 46.38 46.95 47.71 48.62 49.64 50.69 51.66 52.40 52.78 52.73 52.29 51.61 50.89 50.28 49.80 49.35 48.79 48.01 47.05 46.06 45.27 44.85 44.85 45.26 45.97 46.81 47.64 48.30 48.70 48.90 49.01 49.19 49.54 50.04 50.56 50.93 51.05 50.92 50.57 49.94 48.78 46.56 42.56 36.07 26.74 14.81 1.26 0.11 0.01 0.00 0.00 0.00 0.00 0.00 0.00 0.00 0.00 0.00 0.00 0.00 0.00 0.00 0.00 0.00 0.00 0.00 0.00 0.00 0.00 0.00 0.00 0.00 0.00 0.00 0.00 0.00 0.00 0.00 0.00 0.00 0.00 0.00 0.00 0.00 0.00 0.00 0.00 0.00 0.00 0.00 0.00 0.00 0.00 0.00 0.00 0.00 0.00 0.00 0.00 0.00 0.00 0.00 0.00 0.00 0.00 0.00 0.00 0.00 0.00 0.01 0.10 1.18 13.93 25.28 34.31 40.70 44.65 46.75 47.69 48.10 48.44 48.92 49.60 50.36 51.04 51.47 51.50 51.04 50.13 48.90 47.63 46.59 46.02 46.00 46.45 47.18 48.03 48.84 49.58 50.24 50.80 51.25 51.52 51.56 51.37 51.06 50.78 50.65 50.72 50.92 51.14 51.25 51.18 50.93 50.52 50.00 49.47 49.02 48.77 48.81 49.21 49.97 51.02 52.23 53.42 54.42 55.07 55.29 55.08 54.51 53.69 52.70 51.63 50.57 49.56 48.44 46.50 41.77 30.00 
0.00 31.40 39.87 43.38 45.10 45.85 46.14 46.37 46.78 47.41 48.13 48.73 49.01 48.87 48.35 47.58 46.74 46.00 45.52 45.36 45.55 46.07 46.85 47.86 49.02 50.26 51.50 52.60 53.40 53.76 53.61 53.04 52.22 51.38 50.71 50.24 49.85 49.35 48.60 47.59 46.49 45.53 44.92 44.75 45.01 45.59 46.35 47.10 47.69 48.05 48.21 48.30 48.48 48.86 49.43 50.03 50.51 50.73 50.67 50.35 49.71 48.52 46.27 42.26 35.81 26.53 14.69 1.25 0.11 0.01 0.00 0.00 0.00 0.00 0.00 0.00 0.00 0.00 0.00 0.00 0.00 0.00 0.00 0.00 0.00 0.00 0.00 0.00 0.00 0.00 0.00 0.00 0.00 0.00 0.00 0.00 0.00 0.00 0.00 0.00 0.00 0.00 0.00 0.00 0.00 0.00 0.00 0.00 0.00 0.00 0.00 0.00 0.00 0.00 0.00 0.00 0.00 0.00 0.00 0.00 0.00 0.00 0.00 0.00 0.00 0.00 0.00 0.00 0.00 0.00 0.01 0.10 1.15 13.60 24.69 33.58 39.93 43.94 46.14 47.19 47.68 48.05 48.54 49.21 49.97 50.66 51.06 51.03 50.50 49.51 48.25 46.99 46.04 45.62 45.79 46.44 47.36 48.34 49.24 49.99 50.62 51.14 51.56 51.82 51.89 51.78 51.58 51.40 51.35 51.43 51.59 51.72 51.71 51.50 51.09 50.51 49.83 49.17 48.65 48.40 48.53 49.07 49.98 51.17 52.47 53.74 54.78 55.48 55.79 55.70 55.28 54.58 53.65 52.56 51.36 50.08 48.53 45.79 38.29 11.00 
69.00 44.31 41.96 43.34 44.70 45.50 45.93 46.29 46.78 47.44 48.14 48.70 48.93 48.73 48.14 47.29 46.37 45.59 45.10 44.99 45.27 45.90 46.83 47.98 49.29 50.67 52.02 53.18 53.99 54.31 54.08 53.40 52.49 51.61 50.95 50.54 50.26 49.87 49.20 48.23 47.10 46.07 45.35 45.06 45.21 45.69 46.35 47.03 47.57 47.90 48.05 48.15 48.34 48.74 49.31 49.93 50.42 50.64 50.56 50.18 49.46 48.17 45.83 41.78 35.34 26.16 14.48 1.23 0.10 0.01 0.00 0.00 0.00 0.00 0.00 0.00 0.00 0.00 0.00 0.00 0.00 0.00 0.00 0.00 0.00 0.00 0.00 0.00 0.00 0.00 0.00 0.00 0.00 0.00 0.00 0.00 0.00 0.00 0.00 0.00 0.00 0.00 0.00 0.00 0.00 0.00 0.00 0.00 0.00 0.00 0.00 0.00 0.00 0.00 0.00 0.00 0.00 0.00 0.00 0.00 0.00 0.00 0.00 0.00 0.00 0.00 0.00 0.00 0.00 0.00 0.01 0.10 1.12 13.20 24.00 32.68 38.93 42.94 45.20 46.30 46.81 47.16 47.62 48.29 49.09 49.84 50.34 50.42 49.98 49.08 47.93 46.79 45.99 45.72 46.04 46.83 47.85 48.89 49.81 50.55 51.13 51.59 51.94 52.16 52.24 52.18 52.03 51.90 51.85 51.88 51.94 51.96 51.84 51.54 51.06 50.42 49.70 49.01 48.48 48.28 48.48 49.12 50.11 51.34 52.66 53.90 54.92 55.64 56.00 56.01 55.71 55.11 54.23 53.14 51.91 50.67 49.69 49.82 54.58 80.00 
22.00 34.45 39.64 42.65 44.44 45.46 46.08 46.60 47.19 47.86 48.54 49.05 49.24 49.00 48.36 47.44 46.45 45.62 45.11 44.98 45.26 45.90 46.84 48.02 49.36 50.77 52.15 53.32 54.11 54.38 54.09 53.36 52.41 51.53 50.93 50.63 50.48 50.25 49.72 48.87 47.83 46.82 46.09 45.76 45.84 46.25 46.84 47.46 47.96 48.28 48.45 48.57 48.77 49.15 49.68 50.24 50.65 50.79 50.62 50.13 49.28 47.84 45.37 41.24 34.81 25.73 14.23 1.21 0.10 0.01 0.00 0.00 0.00 0.00 0.00 0.00 0.00 0.00 0.00 0.00 0.00 0.00 0.00 0.00 0.00 0.00 0.00 0.00 0.00 0.00 0.00 0.00 0.00 0.00 0.00 0.00 0.00 0.00 0.00 0.00 0.00 0.00 0.00 0.00 0.00 0.00 0.00 0.00 0.00 0.00 0.00 0.00 0.00 0.00 0.00 0.00 0.00 0.00 0.00 0.00 0.00 0.00 0.00 0.00 0.00 0.00 0.00 0.00 0.00 0.00 0.01 0.09 1.09 12.82 23.30 31.76 37.88 41.84 44.09 45.19 45.67 45.96 46.37 47.02 47.88 48.78 49.49 49.82 49.65 49.01 48.08 47.14 46.49 46.34 46.72 47.51 48.51 49.51 50.38 51.06 51.58 51.98 52.29 52.48 52.54 52.49 52.37 52.23 52.14 52.08 52.02 51.92 51.73 51.40 50.93 50.33 49.66 49.02 48.58 48.45 48.73 49.41 50.40 51.57 52.79 53.92 54.86 55.52 55.88 55.94 55.70 55.14 54.29 53.18 51.89 50.57 49.44 48.98 50.09 52.00 
17.00 31.57 39.00 42.71 44.66 45.79 46.56 47.22 47.90 48.60 49.25 49.73 49.90 49.64 48.98 48.04 47.01 46.13 45.54 45.34 45.52 46.04 46.86 47.92 49.18 50.55 51.89 53.04 53.81 54.06 53.74 52.99 52.05 51.22 50.70 50.51 50.52 50.46 50.12 49.45 48.57 47.68 47.02 46.72 46.79 47.16 47.71 48.29 48.78 49.11 49.30 49.44 49.63 49.95 50.39 50.82 51.10 51.11 50.80 50.17 49.16 47.57 44.96 40.74 34.30 25.31 13.98 1.19 0.10 0.01 0.00 0.00 0.00 0.00 0.00 0.00 0.00 0.00 0.00 0.00 0.00 0.00 0.00 0.00 0.00 0.00 0.00 0.00 0.00 0.00 0.00 0.00 0.00 0.00 0.00 0.00 0.00 0.00 0.00 0.00 0.00 0.00 0.00 0.00 0.00 0.00 0.00 0.00 0.00 0.00 0.00 0.00 0.00 0.00 0.00 0.00 0.00 0.00 0.00 0.00 0.00 0.00 0.00 0.00 0.00 0.00 0.00 0.00 0.00 0.00 0.01 0.09 1.06 12.48 22.70 30.95 36.95 40.85 43.07 44.14 44.56 44.77 45.11 45.74 46.67 47.75 48.75 49.43 49.63 49.34 48.70 47.98 47.46 47.33 47.66 48.33 49.17 50.02 50.77 51.37 51.86 52.24 52.53 52.72 52.77 52.71 52.56 52.39 52.22 52.06 51.90 51.71 51.47 51.15 50.74 50.23 49.67 49.16 48.83 48.80 49.14 49.82 50.74 51.78 52.82 53.76 54.54 55.10 55.41 55.46 55.22 54.67 53.81 52.67 51.32 49.82 48.15 46.32 44.67 46.00 
16.00 35.65 41.84 44.31 45.59 46.47 47.24 47.98 48.71 49.42 50.06 50.54 50.71 50.48 49.86 48.93 47.89 46.96 46.28 45.94 45.93 46.23 46.83 47.70 48.81 50.07 51.36 52.48 53.25 53.50 53.20 52.47 51.57 50.79 50.34 50.26 50.40 50.51 50.38 49.92 49.23 48.51 47.97 47.75 47.85 48.23 48.76 49.33 49.82 50.18 50.39 50.52 50.67 50.91 51.21 51.49 51.61 51.46 51.01 50.23 49.09 47.35 44.63 40.33 33.89 24.97 13.78 1.17 0.10 0.01 0.00 0.00 0.00 0.00 0.00 0.00 0.00 0.00 0.00 0.00 0.00 0.00 0.00 0.00 0.00 0.00 0.00 0.00 0.00 0.00 0.00 0.00 0.00 0.00 0.00 0.00 0.00 0.00 0.00 0.00 0.00 0.00 0.00 0.00 0.00 0.00 0.00 0.00 0.00 0.00 0.00 0.00 0.00 0.00 0.00 0.00 0.00 0.00 0.00 0.00 0.00 0.00 0.00 0.00 0.00 0.00 0.00 0.00 0.00 0.00 0.01 0.09 1.04 12.25 22.28 30.39 36.30 40.15 42.36 43.41 43.79 43.94 44.20 44.80 45.79 47.04 48.32 49.36 49.94 50.01 49.66 49.12 48.67 48.50 48.66 49.11 49.70 50.34 50.93 51.48 51.96 52.37 52.70 52.90 52.94 52.84 52.64 52.39 52.14 51.88 51.63 51.39 51.14 50.87 50.53 50.13 49.68 49.29 49.07 49.13 49.51 50.16 50.96 51.82 52.63 53.34 53.92 54.34 54.57 54.58 54.31 53.75 52.89 51.79 50.47 48.89 46.77 43.28 36.16 19.00 
71.00 53.24 48.48 47.18 47.01 47.34 47.94 48.65 49.38 50.08 50.71 51.19 51.40 51.25 50.71 49.84 48.83 47.86 47.08 46.56 46.34 46.40 46.76 47.42 48.35 49.49 50.70 51.80 52.58 52.86 52.62 51.95 51.10 50.37 49.96 49.94 50.18 50.44 50.49 50.24 49.75 49.21 48.81 48.68 48.84 49.23 49.77 50.34 50.85 51.22 51.44 51.55 51.63 51.75 51.91 52.03 52.00 51.71 51.13 50.24 48.99 47.16 44.35 40.01 33.56 24.70 13.62 1.16 0.10 0.01 0.00 0.00 0.00 0.00 0.00 0.00 0.00 0.00 0.00 0.00 0.00 0.00 0.00 0.00 0.00 0.00 0.00 0.00 0.00 0.00 0.00 0.00 0.00 0.00 0.00 0.00 0.00 0.00 0.00 0.00 0.00 0.00 0.00 0.00 0.00 0.00 0.00 0.00 0.00 0.00 0.00 0.00 0.00 0.00 0.00 0.00 0.00 0.00 0.00 0.00 0.00 0.00 0.00 0.00 0.00 0.00 0.00 0.00 0.00 0.00 0.01 0.09 1.03 12.14 22.08 30.12 35.99 39.86 42.09 43.18 43.57 43.69 43.90 44.46 45.46 46.82 48.31 49.62 50.51 50.86 50.73 50.32 49.88 49.61 49.59 49.78 50.11 50.52 50.99 51.49 52.01 52.49 52.88 53.10 53.11 52.94 52.65 52.30 51.95 51.61 51.31 51.05 50.82 50.59 50.32 49.99 49.63 49.31 49.16 49.27 49.66 50.25 50.92 51.57 52.14 52.61 52.99 53.25 53.39 53.33 53.05 52.50 51.72 50.75 49.66 48.40 46.69 43.80 37.65 21.00 
73.00 58.06 52.06 49.36 48.27 48.12 48.48 49.08 49.73 50.37 50.96 51.44 51.72 51.67 51.24 50.48 49.52 48.54 47.67 47.01 46.61 46.49 46.68 47.17 47.95 48.97 50.09 51.15 51.93 52.27 52.10 51.51 50.71 50.00 49.61 49.61 49.92 50.30 50.52 50.45 50.14 49.75 49.46 49.40 49.60 50.01 50.56 51.13 51.64 52.00 52.20 52.25 52.25 52.25 52.27 52.27 52.12 51.75 51.10 50.15 48.84 46.95 44.11 39.74 33.31 24.49 13.50 1.15 0.10 0.01 0.00 0.00 0.00 0.00 0.00 0.00 0.00 0.00 0.00 0.00 0.00 0.00 0.00 0.00 0.00 0.00 0.00 0.00 0.00 0.00 0.00 0.00 0.00 0.00 0.00 0.00 0.00 0.00 0.00 0.00 0.00 0.00 0.00 0.00 0.00 0.00 0.00 0.00 0.00 0.00 0.00 0.00 0.00 0.00 0.00 0.00 0.00 0.00 0.00 0.00 0.00 0.00 0.00 0.00 0.00 0.00 0.00 0.00 0.00 0.00 0.01 0.09 1.03 12.15 22.10 30.15 36.05 39.96 42.28 43.46 43.92 44.07 44.26 44.77 45.73 47.11 48.68 50.14 51.20 51.71 51.70 51.34 50.90 50.54 50.36 50.34 50.47 50.72 51.11 51.61 52.18 52.74 53.18 53.39 53.35 53.07 52.65 52.18 51.74 51.35 51.03 50.78 50.58 50.39 50.16 49.86 49.52 49.22 49.07 49.18 49.53 50.03 50.57 51.04 51.38 51.62 51.80 51.91 51.94 51.84 51.56 51.08 50.45 49.76 49.09 48.47 47.91 47.64 49.67 65.00 
44.00 54.32 53.02 50.66 49.20 48.68 48.78 49.17 49.67 50.18 50.71 51.19 51.51 51.56 51.25 50.60 49.72 48.76 47.87 47.16 46.70 46.52 46.65 47.07 47.75 48.65 49.66 50.64 51.39 51.76 51.66 51.14 50.39 49.69 49.28 49.28 49.64 50.12 50.49 50.59 50.43 50.14 49.92 49.89 50.10 50.49 51.01 51.55 52.03 52.36 52.50 52.49 52.38 52.27 52.19 52.09 51.90 51.51 50.87 49.94 48.64 46.76 43.91 39.54 33.11 24.33 13.40 1.14 0.10 0.01 0.00 0.00 0.00 0.00 0.00 0.00 0.00 0.00 0.00 0.00 0.00 0.00 0.00 0.00 0.00 0.00 0.00 0.00 0.00 0.00 0.00 0.00 0.00 0.00 0.00 0.00 0.00 0.00 0.00 0.00 0.00 0.00 0.00 0.00 0.00 0.00 0.00 0.00 0.00 0.00 0.00 0.00 0.00 0.00 0.00 0.00 0.00 0.00 0.00 0.00 0.00 0.00 0.00 0.00 0.00 0.00 0.00 0.00 0.00 0.00 0.01 0.09 1.04 12.27 22.31 30.42 36.37 40.36 42.78 44.09 44.67 44.90 45.11 45.58 46.47 47.79 49.32 50.78 51.86 52.40 52.40 52.07 51.61 51.21 50.95 50.84 50.88 51.08 51.45 51.99 52.61 53.22 53.65 53.80 53.64 53.23 52.68 52.11 51.60 51.19 50.88 50.66 50.49 50.33 50.11 49.80 49.42 49.07 48.88 48.91 49.19 49.59 49.99 50.29 50.44 50.49 50.49 50.47 50.41 50.28 50.04 49.69 49.30 48.96 48.79 48.85 49.14 49.42 48.50 40.00 
76.00 62.69 55.88 51.99 49.93 49.05 48.85 48.99 49.26 49.62 50.04 50.48 50.82 50.94 50.72 50.17 49.37 48.48 47.64 47.00 46.63 46.56 46.76 47.21 47.85 48.63 49.49 50.32 50.99 51.35 51.30 50.84 50.12 49.41 48.98 48.97 49.37 49.95 50.46 50.71 50.66 50.44 50.23 50.18 50.34 50.67 51.12 51.59 51.99 52.24 52.31 52.21 52.01 51.80 51.64 51.51 51.34 51.02 50.48 49.65 48.43 46.61 43.79 39.42 32.99 24.23 13.34 1.13 0.10 0.01 0.00 0.00 0.00 0.00 0.00 0.00 0.00 0.00 0.00 0.00 0.00 0.00 0.00 0.00 0.00 0.00 0.00 0.00 0.00 0.00 0.00 0.00 0.00 0.00 0.00 0.00 0.00 0.00 0.00 0.00 0.00 0.00 0.00 0.00 0.00 0.00 0.00 0.00 0.00 0.00 0.00 0.00 0.00 0.00 0.00 0.00 0.00 0.00 0.00 0.00 0.00 0.00 0.00 0.00 0.00 0.00 0.00 0.00 0.00 0.00 0.01 0.09 1.06 12.46 22.64 30.84 36.84 40.89 43.41 44.84 45.57 45.92 46.18 46.64 47.46 48.66 50.07 51.40 52.38 52.83 52.79 52.43 51.98 51.61 51.39 51.32 51.40 51.64 52.06 52.64 53.29 53.86 54.21 54.23 53.92 53.37 52.72 52.11 51.60 51.22 50.95 50.76 50.61 50.44 50.20 49.85 49.41 48.97 48.68 48.61 48.76 49.04 49.31 49.46 49.46 49.38 49.26 49.15 49.04 48.91 48.76 48.59 48.47 48.51 48.85 49.62 50.93 52.79 55.13 59.00 
83.00 65.03 56.65 52.42 50.25 49.22 48.80 48.68 48.72 48.89 49.18 49.55 49.86 49.99 49.81 49.32 48.60 47.81 47.11 46.66 46.52 46.69 47.10 47.65 48.27 48.92 49.58 50.21 50.75 51.05 51.01 50.60 49.92 49.21 48.75 48.73 49.15 49.82 50.44 50.80 50.84 50.65 50.42 50.31 50.38 50.62 50.95 51.30 51.58 51.72 51.68 51.47 51.18 50.90 50.71 50.61 50.52 50.35 49.98 49.34 48.28 46.57 43.80 39.45 33.01 24.23 13.33 1.13 0.10 0.01 0.00 0.00 0.00 0.00 0.00 0.00 0.00 0.00 0.00 0.00 0.00 0.00 0.00 0.00 0.00 0.00 0.00 0.00 0.00 0.00 0.00 0.00 0.00 0.00 0.00 0.00 0.00 0.00 0.00 0.00 0.00 0.00 0.00 0.00 0.00 0.00 0.00 0.00 0.00 0.00 0.00 0.00 0.00 0.00 0.00 0.00 0.00 0.00 0.00 0.00 0.00 0.00 0.00 0.00 0.00 0.00 0.00 0.00 0.00 0.00 0.01 0.09 1.08 12.68 23.00 31.28 37.31 41.36 43.94 45.48 46.36 46.85 47.22 47.70 48.47 49.55 50.78 51.92 52.71 53.00 52.86 52.46 52.04 51.76 51.67 51.75 51.98 52.35 52.86 53.46 54.06 54.52 54.70 54.53 54.05 53.39 52.71 52.14 51.72 51.43 51.24 51.09 50.94 50.74 50.45 50.02 49.49 48.96 48.54 48.34 48.36 48.49 48.62 48.66 48.58 48.43 48.27 48.14 48.04 47.98 47.96 47.99 48.16 48.55 49.31 50.67 52.89 56.23 60.52 63.00 
67.00 58.19 53.95 51.55 50.11 49.26 48.75 48.43 48.27 48.27 48.43 48.70 48.94 49.01 48.80 48.32 47.66 47.00 46.51 46.33 46.52 47.01 47.67 48.35 48.96 49.46 49.91 50.33 50.70 50.92 50.88 50.51 49.87 49.17 48.70 48.65 49.06 49.75 50.43 50.85 50.93 50.75 50.50 50.32 50.31 50.43 50.63 50.83 50.94 50.92 50.73 50.41 50.04 49.73 49.55 49.52 49.58 49.60 49.47 49.05 48.21 46.66 43.99 39.68 33.22 24.38 13.42 1.14 0.10 0.01 0.00 0.00 0.00 0.00 0.00 0.00 0.00 0.00 0.00 0.00 0.00 0.00 0.00 0.00 0.00 0.00 0.00 0.00 0.00 0.00 0.00 0.00 0.00 0.00 0.00 0.00 0.00 0.00 0.00 0.00 0.00 0.00 0.00 0.00 0.00 0.00 0.00 0.00 0.00 0.00 0.00 0.00 0.00 0.00 0.00 0.00 0.00 0.00 0.00 0.00 0.00 0.00 0.00 0.00 0.00 0.00 0.00 0.00 0.00 0.00 0.01 0.09 1.09 12.86 23.30 31.60 37.61 41.64 44.22 45.84 46.85 47.50 48.01 48.57 49.33 50.31 51.37 52.30 52.86 52.96 52.69 52.24 51.85 51.70 51.79 52.09 52.53 53.06 53.64 54.23 54.71 54.97 54.92 54.53 53.90 53.19 52.58 52.14 51.90 51.78 51.69 51.59 51.42 51.15 50.77 50.25 49.63 49.00 48.47 48.14 48.01 48.00 48.01 47.97 47.87 47.75 47.64 47.59 47.59 47.67 47.82 48.08 48.49 49.13 50.15 51.80 54.58 59.37 68.07 84.00 
37.00 47.01 49.80 50.17 49.81 49.30 48.81 48.39 48.09 47.98 48.04 48.21 48.35 48.31 48.01 47.49 46.87 46.33 46.07 46.19 46.72 47.53 48.43 49.22 49.79 50.16 50.41 50.63 50.86 51.03 51.01 50.70 50.13 49.47 48.97 48.86 49.18 49.78 50.41 50.81 50.89 50.71 50.44 50.24 50.17 50.21 50.28 50.31 50.22 50.00 49.63 49.18 48.75 48.43 48.31 48.40 48.63 48.87 48.98 48.83 48.22 46.88 44.35 40.11 33.63 24.71 13.60 1.15 0.10 0.01 0.00 0.00 0.00 0.00 0.00 0.00 0.00 0.00 0.00 0.00 0.00 0.00 0.00 0.00 0.00 0.00 0.00 0.00 0.00 0.00 0.00 0.00 0.00 0.00 0.00 0.00 0.00 0.00 0.00 0.00 0.00 0.00 0.00 0.00 0.00 0.00 0.00 0.00 0.00 0.00 0.00 0.00 0.00 0.00 0.00 0.00 0.00 0.00 0.00 0.00 0.00 0.00 0.00 0.00 0.00 0.00 0.00 0.00 0.00 0.00 0.01 0.09 1.10 12.96 23.44 31.73 37.68 41.64 44.19 45.85 46.98 47.80 48.47 49.16 49.97 50.89 51.81 52.53 52.87 52.78 52.36 51.85 51.51 51.48 51.77 52.30 52.95 53.62 54.23 54.73 55.03 55.04 54.73 54.14 53.41 52.73 52.26 52.05 52.06 52.15 52.20 52.14 51.93 51.58 51.08 50.45 49.73 49.02 48.41 47.97 47.72 47.60 47.52 47.46 47.41 47.39 47.44 47.56 47.75 48.03 48.40 48.88 49.48 50.23 51.24 52.71 55.06 59.29 68.75 99.00 
27.00 43.11 48.16 49.60 49.75 49.44 48.99 48.56 48.24 48.10 48.12 48.21 48.23 48.06 47.66 47.07 46.46 46.03 45.96 46.34 47.15 48.19 49.24 50.08 50.61 50.86 50.98 51.09 51.27 51.45 51.50 51.30 50.83 50.21 49.68 49.44 49.57 49.97 50.42 50.70 50.71 50.52 50.27 50.09 50.02 50.03 50.01 49.88 49.59 49.12 48.55 47.96 47.46 47.16 47.13 47.36 47.76 48.21 48.56 48.65 48.29 47.17 44.82 40.67 34.20 25.17 13.87 1.18 0.10 0.01 0.00 0.00 0.00 0.00 0.00 0.00 0.00 0.00 0.00 0.00 0.00 0.00 0.00 0.00 0.00 0.00 0.00 0.00 0.00 0.00 0.00 0.00 0.00 0.00 0.00 0.00 0.00 0.00 0.00 0.00 0.00 0.00 0.00 0.00 0.00 0.00 0.00 0.00 0.00 0.00 0.00 0.00 0.00 0.00 0.00 0.00 0.00 0.00 0.00 0.00 0.00 0.00 0.00 0.00 0.00 0.00 0.00 0.00 0.00 0.00 0.01 0.09 1.10 12.96 23.41 31.64 37.50 41.39 43.89 45.57 46.80 47.77 48.63 49.46 50.34 51.25 52.07 52.63 52.79 52.53 51.99 51.42 51.10 51.18 51.65 52.37 53.17 53.90 54.47 54.82 54.90 54.67 54.13 53.40 52.64 52.06 51.80 51.85 52.12 52.44 52.63 52.61 52.36 51.90 51.27 50.53 49.73 48.97 48.32 47.84 47.52 47.33 47.22 47.18 47.23 47.39 47.65 48.02 48.46 48.98 49.58 50.26 50.97 51.72 52.50 53.39 54.34 54.51 48.97 12.00 
56.00 50.15 49.94 50.07 49.92 49.57 49.17 48.82 48.60 48.54 48.60 48.66 48.60 48.31 47.78 47.13 46.51 46.15 46.21 46.75 47.70 48.84 49.93 50.74 51.21 51.41 51.49 51.62 51.86 52.15 52.36 52.32 51.98 51.42 50.82 50.40 50.25 50.34 50.50 50.56 50.45 50.23 50.01 49.90 49.91 49.96 49.91 49.66 49.17 48.47 47.67 46.91 46.34 46.07 46.13 46.49 47.04 47.66 48.20 48.51 48.38 47.48 45.31 41.28 34.82 25.69 14.18 1.20 0.10 0.01 0.00 0.00 0.00 0.00 0.00 0.00 0.00 0.00 0.00 0.00 0.00 0.00 0.00 0.00 0.00 0.00 0.00 0.00 0.00 0.00 0.00 0.00 0.00 0.00 0.00 0.00 0.00 0.00 0.00 0.00 0.00 0.00 0.00 0.00 0.00 0.00 0.00 0.00 0.00 0.00 0.00 0.00 0.00 0.00 0.00 0.00 0.00 0.00 0.00 0.00 0.00 0.00 0.00 0.00 0.00 0.00 0.00 0.00 0.00 0.00 0.01 0.09 1.09 12.89 23.27 31.42 37.20 41.01 43.47 45.16 46.45 47.55 48.55 49.52 50.49 51.40 52.16 52.61 52.64 52.26 51.63 51.03 50.74 50.89 51.47 52.30 53.16 53.87 54.34 54.51 54.37 53.94 53.27 52.48 51.77 51.34 51.28 51.58 52.08 52.58 52.89 52.91 52.60 52.04 51.29 50.45 49.61 48.86 48.25 47.79 47.47 47.28 47.18 47.21 47.39 47.73 48.23 48.84 49.54 50.30 51.12 51.94 52.72 53.37 53.89 54.30 54.77 55.84 60.85 90.00 
48.00 51.34 51.00 50.35 49.82 49.41 49.12 48.96 48.96 49.10 49.28 49.38 49.28 48.91 48.31 47.60 46.97 46.64 46.74 47.30 48.24 49.32 50.31 51.04 51.45 51.66 51.83 52.10 52.53 53.04 53.47 53.64 53.45 52.94 52.27 51.64 51.18 50.90 50.70 50.48 50.20 49.92 49.74 49.73 49.88 50.03 50.03 49.72 49.07 48.16 47.14 46.21 45.55 45.28 45.40 45.85 46.52 47.26 47.94 48.41 48.45 47.74 45.74 41.82 35.38 26.17 14.47 1.23 0.10 0.01 0.00 0.00 0.00 0.00 0.00 0.00 0.00 0.00 0.00 0.00 0.00 0.00 0.00 0.00 0.00 0.00 0.00 0.00 0.00 0.00 0.00 0.00 0.00 0.00 0.00 0.00 0.00 0.00 0.00 0.00 0.00 0.00 0.00 0.00 0.00 0.00 0.00 0.00 0.00 0.00 0.00 0.00 0.00 0.00 0.00 0.00 0.00 0.00 0.00 0.00 0.00 0.00 0.00 0.00 0.00 0.00 0.00 0.00 0.00 0.00 0.01 0.09 1.09 12.83 23.14 31.22 36.94 40.69 43.11 44.79 46.11 47.27 48.36 49.43 50.45 51.38 52.09 52.48 52.43 51.98 51.32 50.72 50.46 50.66 51.29 52.13 52.95 53.56 53.88 53.87 53.58 53.05 52.35 51.61 51.03 50.75 50.87 51.34 51.99 52.59 52.96 52.98 52.62 51.96 51.12 50.23 49.41 48.73 48.22 47.87 47.64 47.49 47.46 47.56 47.86 48.36 49.04 49.86 50.76 51.71 52.68 53.60 54.37 54.91 55.14 55.08 54.68 53.42 48.74 27.00 
61.00 55.95 51.94 49.96 49.09 48.73 48.66 48.80 49.13 49.55 49.94 50.15 50.07 49.68 49.03 48.30 47.67 47.32 47.38 47.85 48.63 49.51 50.31 50.90 51.28 51.57 51.92 52.44 53.16 53.96 54.66 55.04 54.98 54.52 53.78 52.96 52.20 51.57 51.03 50.52 50.05 49.69 49.54 49.65 49.95 50.27 50.37 50.09 49.36 48.28 47.07 45.97 45.21 44.89 45.03 45.52 46.24 47.04 47.80 48.36 48.53 47.93 46.05 42.22 35.82 26.57 14.72 1.25 0.11 0.01 0.00 0.00 0.00 0.00 0.00 0.00 0.00 0.00 0.00 0.00 0.00 0.00 0.00 0.00 0.00 0.00 0.00 0.00 0.00 0.00 0.00 0.00 0.00 0.00 0.00 0.00 0.00 0.00 0.00 0.00 0.00 0.00 0.00 0.00 0.00 0.00 0.00 0.00 0.00 0.00 0.00 0.00 0.00 0.00 0.00 0.00 0.00 0.00 0.00 0.00 0.00 0.00 0.00 0.00 0.00 0.00 0.00 0.00 0.00 0.00 0.01 0.09 1.09 12.88 23.20 31.25 36.92 40.62 42.99 44.63 45.93 47.09 48.20 49.29 50.32 51.24 51.93 52.27 52.19 51.72 51.06 50.49 50.27 50.50 51.11 51.89 52.59 53.05 53.21 53.08 52.73 52.21 51.60 51.01 50.59 50.48 50.72 51.26 51.93 52.53 52.88 52.85 52.43 51.71 50.82 49.93 49.17 48.63 48.30 48.11 48.02 47.98 48.02 48.22 48.60 49.19 49.97 50.88 51.88 52.93 53.97 54.91 55.64 56.05 56.10 55.83 55.29 54.48 53.76 59.00 
93.00 59.32 50.48 48.07 47.47 47.47 47.77 48.31 49.01 49.77 50.41 50.77 50.76 50.39 49.75 49.02 48.40 48.03 47.99 48.28 48.79 49.38 49.92 50.36 50.73 51.16 51.77 52.61 53.67 54.78 55.72 56.29 56.34 55.90 55.09 54.12 53.14 52.24 51.42 50.68 50.04 49.61 49.49 49.70 50.17 50.67 50.93 50.73 50.00 48.83 47.47 46.22 45.34 44.94 45.03 45.51 46.22 47.03 47.81 48.41 48.61 48.06 46.24 42.47 36.15 26.92 14.99 1.27 0.11 0.01 0.00 0.00 0.00 0.00 0.00 0.00 0.00 0.00 0.00 0.00 0.00 0.00 0.00 0.00 0.00 0.00 0.00 0.00 0.00 0.00 0.00 0.00 0.00 0.00 0.00 0.00 0.00 0.00 0.00 0.00 0.00 0.00 0.00 0.00 0.00 0.00 0.00 0.00 0.00 0.00 0.00 0.00 0.00 0.00 0.00 0.00 0.00 0.00 0.00 0.00 0.00 0.00 0.00 0.00 0.00 0.00 0.00 0.00 0.00 0.00 0.01 0.10 1.12 13.18 23.62 31.68 37.29 40.92 43.21 44.77 46.01 47.11 48.18 49.23 50.24 51.12 51.77 52.07 51.96 51.49 50.85 50.33 50.14 50.38 50.94 51.60 52.15 52.45 52.48 52.30 51.98 51.59 51.17 50.81 50.60 50.63 50.93 51.44 52.02 52.50 52.73 52.60 52.12 51.35 50.45 49.61 48.97 48.59 48.46 48.47 48.55 48.65 48.80 49.07 49.51 50.12 50.89 51.77 52.74 53.76 54.77 55.66 56.31 56.62 56.57 56.29 55.94 55.42 52.88 37.00 
20.00 37.73 42.40 44.17 45.13 45.87 46.65 47.59 48.67 49.74 50.62 51.14 51.22 50.90 50.29 49.60 49.00 48.60 48.46 48.53 48.75 49.02 49.29 49.58 49.97 50.57 51.47 52.65 54.04 55.43 56.58 57.26 57.35 56.89 56.03 54.95 53.84 52.77 51.78 50.89 50.16 49.70 49.61 49.93 50.55 51.22 51.64 51.56 50.87 49.68 48.25 46.89 45.88 45.38 45.37 45.78 46.45 47.22 47.98 48.55 48.72 48.15 46.35 42.68 36.52 27.45 15.48 1.33 0.12 0.02 0.01 0.01 0.01 0.01 0.01 0.01 0.01 0.01 0.01 0.01 0.01 0.01 0.01 0.01 0.01 0.01 0.01 0.01 0.01 0.01 0.01 0.01 0.01 0.01 0.01 0.01 0.01 0.01 0.01 0.01 0.01 0.01 0.01 0.01 0.01 0.01 0.01 0.01 0.01 0.01 0.01 0.01 0.01 0.01 0.01 0.01 0.01 0.01 0.01 0.01 0.01 0.01 0.01 0.01 0.01 0.01 0.01 0.01 0.01 0.01 0.02 0.11 1.19 13.90 24.60 32.64 38.13 41.62 43.79 45.24 46.37 47.39 48.38 49.35 50.30 51.13 51.73 51.98 51.82 51.33 50.70 50.21 50.06 50.28 50.77 51.30 51.68 51.84 51.80 51.63 51.44 51.27 51.12 51.04 51.06 51.22 51.54 51.95 52.35 52.62 52.64 52.35 51.78 50.98 50.11 49.34 48.83 48.62 48.68 48.88 49.13 49.39 49.67 50.03 50.49 51.06 51.72 52.45 53.27 54.14 55.01 55.78 56.31 56.51 56.41 56.25 56.52 58.37 65.39 92.00 
14.00 29.16 37.20 41.11 43.17 44.49 45.65 46.88 48.23 49.54 50.61 51.27 51.43 51.15 50.59 49.95 49.38 48.97 48.73 48.62 48.57 48.56 48.61 48.79 49.22 50.00 51.16 52.66 54.33 55.93 57.20 57.91 57.98 57.46 56.53 55.39 54.22 53.09 52.05 51.12 50.38 49.94 49.92 50.33 51.06 51.85 52.39 52.42 51.81 50.65 49.20 47.78 46.68 46.05 45.94 46.24 46.83 47.55 48.24 48.75 48.85 48.23 46.47 43.00 37.23 28.61 16.74 1.54 0.24 0.12 0.11 0.11 0.10 0.10 0.10 0.10 0.10 0.10 0.10 0.10 0.10 0.10 0.10 0.10 0.10 0.10 0.10 0.10 0.10 0.10 0.10 0.10 0.10 0.10 0.10 0.10 0.10 0.10 0.10 0.10 0.10 0.10 0.10 0.10 0.10 0.10 0.10 0.10 0.10 0.10 0.10 0.10 0.10 0.10 0.10 0.10 0.10 0.10 0.09 0.09 0.09 0.09 0.09 0.09 0.09 0.10 0.10 0.10 0.10 0.10 0.11 0.22 1.42 15.47 26.39 34.23 39.44 42.68 44.66 45.96 46.97 47.88 48.78 49.68 50.56 51.33 51.88 52.06 51.83 51.28 50.63 50.15 50.00 50.20 50.61 51.00 51.24 51.29 51.21 51.13 51.11 51.20 51.36 51.58 51.84 52.15 52.47 52.77 52.95 52.94 52.70 52.21 51.52 50.70 49.87 49.19 48.79 48.72 48.93 49.29 49.70 50.11 50.53 50.97 51.44 51.92 52.41 52.91 53.46 54.08 54.73 55.29 55.65 55.71 55.51 55.26 55.33 56.17 58.38 63.00 
4.00 27.72 36.23 40.13 42.29 43.76 45.05 46.40 47.86 49.28 50.46 51.20 51.43 51.20 50.68 50.07 49.54 49.14 48.85 48.61 48.38 48.19 48.09 48.22 48.70 49.62 51.00 52.73 54.59 56.31 57.61 58.27 58.25 57.64 56.64 55.47 54.29 53.19 52.18 51.31 50.64 50.29 50.35 50.84 51.62 52.46 53.05 53.14 52.61 51.53 50.12 48.70 47.54 46.82 46.59 46.79 47.28 47.92 48.53 48.94 48.95 48.30 46.66 43.60 38.59 31.06 20.07 3.12 1.56 1.34 1.27 1.23 1.20 1.17 1.14 1.13 1.12 1.13 1.15 1.18 1.20 1.22 1.23 1.23 1.23 1.22 1.22 1.23 1.23 1.23 1.22 1.21 1.19 1.17 1.15 1.14 1.13 1.13 1.14 1.15 1.15 1.16 1.17 1.19 1.20 1.21 1.21 1.20 1.19 1.17 1.15 1.13 1.13 1.13 1.14 1.14 1.14 1.13 1.11 1.08 1.07 1.06 1.07 1.09 1.11 1.13 1.14 1.14 1.14 1.14 1.19 1.40 2.91 18.94 29.41 36.52 41.14 43.99 45.70 46.83 47.70 48.51 49.32 50.16 51.00 51.73 52.21 52.31 51.99 51.36 50.65 50.14 49.97 50.13 50.44 50.72 50.83 50.79 50.70 50.71 50.88 51.23 51.69 52.21 52.73 53.20 53.57 53.77 53.74 53.46 52.94 52.24 51.42 50.56 49.77 49.18 48.88 48.90 49.20 49.67 50.20 50.75 51.29 51.81 52.28 52.65 52.93 53.16 53.39 53.69 54.04 54.33 54.46 54.33 53.99 53.57 53.24 52.65 49.06 29.00 
57.00 41.54 39.96 41.14 42.54 43.78 44.97 46.26 47.67 49.09 50.28 51.06 51.33 51.14 50.66 50.09 49.58 49.20 48.90 48.62 48.33 48.06 47.92 48.04 48.57 49.58 51.07 52.90 54.82 56.54 57.77 58.33 58.18 57.48 56.43 55.27 54.14 53.11 52.21 51.47 50.94 50.72 50.88 51.40 52.18 52.97 53.52 53.60 53.12 52.14 50.83 49.47 48.33 47.56 47.24 47.34 47.74 48.27 48.77 49.06 48.97 48.34 46.94 44.50 40.69 35.27 28.17 20.28 16.99 15.64 14.98 14.52 14.12 13.74 13.44 13.26 13.24 13.36 13.59 13.87 14.14 14.35 14.46 14.49 14.47 14.44 14.43 14.46 14.49 14.50 14.43 14.28 14.06 13.81 13.59 13.44 13.37 13.38 13.43 13.52 13.61 13.72 13.86 14.01 14.15 14.25 14.26 14.17 13.98 13.75 13.53 13.36 13.29 13.31 13.39 13.44 13.41 13.27 13.04 12.80 12.62 12.56 12.65 12.86 13.11 13.33 13.45 13.46 13.40 13.44 13.86 15.21 18.67 26.65 33.89 39.37 43.08 45.39 46.79 47.72 48.45 49.16 49.90 50.69 51.49 52.19 52.63 52.66 52.25 51.52 50.74 50.16 49.94 50.04 50.27 50.43 50.42 50.29 50.18 50.25 50.57 51.14 51.88 52.68 53.45 54.11 54.56 54.72 54.55 54.05 53.29 52.39 51.45 50.57 49.82 49.30 49.07 49.16 49.51 50.03 50.64 51.28 51.91 52.47 52.92 53.19 53.27 53.22 53.14 53.09 53.09 53.07 52.92 52.56 52.05 51.55 51.38 52.25 56.30 72.00 
48.00 41.46 40.99 42.08 43.29 44.34 45.34 46.45 47.71 49.00 50.14 50.92 51.23 51.09 50.66 50.12 49.65 49.28 49.01 48.76 48.51 48.29 48.19 48.35 48.90 49.90 51.35 53.11 54.93 56.52 57.60 58.01 57.76 57.01 55.97 54.86 53.83 52.94 52.20 51.63 51.27 51.20 51.44 51.97 52.68 53.35 53.77 53.78 53.32 52.42 51.25 50.02 48.95 48.20 47.85 47.87 48.16 48.56 48.91 49.04 48.86 48.28 47.19 45.46 42.95 39.57 35.50 31.48 29.02 27.67 26.81 26.09 25.38 24.72 24.19 23.88 23.84 24.06 24.49 25.03 25.56 25.98 26.24 26.35 26.35 26.32 26.30 26.33 26.36 26.33 26.19 25.90 25.50 25.06 24.67 24.39 24.27 24.29 24.40 24.57 24.76 24.99 25.26 25.56 25.84 26.02 26.02 25.83 25.47 25.02 24.58 24.25 24.10 24.13 24.26 24.38 24.36 24.15 23.80 23.40 23.12 23.04 23.20 23.55 23.97 24.32 24.49 24.45 24.27 24.19 24.56 25.90 28.77 33.46 38.24 42.15 44.93 46.71 47.80 48.53 49.13 49.73 50.39 51.13 51.91 52.59 53.00 52.99 52.51 51.70 50.84 50.20 49.91 49.92 50.05 50.08 49.94 49.70 49.54 49.61 50.03 50.76 51.70 52.73 53.74 54.59 55.17 55.37 55.13 54.50 53.60 52.56 51.54 50.64 49.93 49.49 49.34 49.47 49.85 50.39 51.02 51.69 52.35 52.93 53.34 53.51 53.42 53.15 52.78 52.41 52.07 51.71 51.24 50.62 49.89 49.16 48.63 48.86 52.05 67.00 
22.00 35.24 40.36 42.90 44.34 45.27 46.05 46.91 47.92 49.03 50.07 50.84 51.20 51.13 50.77 50.28 49.83 49.49 49.27 49.11 48.99 48.90 48.91 49.11 49.61 50.49 51.73 53.23 54.78 56.11 56.97 57.24 56.93 56.20 55.25 54.28 53.41 52.70 52.17 51.81 51.65 51.72 52.04 52.55 53.13 53.62 53.86 53.73 53.23 52.40 51.39 50.33 49.41 48.74 48.39 48.35 48.52 48.76 48.91 48.86 48.57 48.05 47.29 46.23 44.83 43.05 41.00 39.03 37.59 36.59 35.74 34.88 33.97 33.10 32.41 32.02 31.99 32.32 32.92 33.69 34.47 35.14 35.62 35.89 35.98 35.98 35.95 35.95 35.93 35.83 35.59 35.16 34.61 34.02 33.51 33.15 33.00 33.03 33.20 33.46 33.78 34.16 34.58 35.04 35.44 35.67 35.65 35.35 34.81 34.13 33.48 32.98 32.73 32.73 32.90 33.09 33.12 32.94 32.56 32.14 31.83 31.78 32.00 32.44 32.93 33.32 33.46 33.30 32.93 32.61 32.69 33.58 35.55 38.49 41.66 44.41 46.45 47.80 48.65 49.21 49.68 50.18 50.75 51.43 52.16 52.82 53.21 53.17 52.67 51.83 50.93 50.23 49.86 49.77 49.77 49.66 49.37 48.99 48.72 48.74 49.16 49.96 51.03 52.23 53.42 54.45 55.18 55.46 55.26 54.61 53.66 52.58 51.54 50.65 50.01 49.65 49.57 49.76 50.15 50.68 51.30 51.96 52.60 53.16 53.53 53.63 53.44 53.01 52.43 51.80 51.15 50.47 49.70 48.83 47.89 46.86 45.50 42.87 36.24 18.00 
28.00 37.01 42.14 44.66 45.88 46.51 46.97 47.51 48.24 49.14 50.06 50.81 51.22 51.25 50.97 50.55 50.14 49.86 49.72 49.69 49.74 49.83 49.96 50.17 50.56 51.17 52.05 53.12 54.24 55.20 55.81 55.96 55.66 55.04 54.28 53.53 52.89 52.43 52.13 52.01 52.06 52.28 52.66 53.14 53.59 53.87 53.87 53.56 52.96 52.17 51.30 50.44 49.70 49.16 48.86 48.78 48.81 48.85 48.76 48.51 48.11 47.64 47.16 46.65 46.07 45.36 44.55 43.72 42.99 42.29 41.50 40.57 39.54 38.56 37.79 37.38 37.39 37.81 38.57 39.54 40.56 41.50 42.24 42.72 42.97 43.03 43.01 42.95 42.84 42.64 42.28 41.74 41.07 40.38 39.79 39.40 39.24 39.30 39.54 39.91 40.38 40.92 41.52 42.11 42.61 42.87 42.80 42.38 41.66 40.78 39.93 39.27 38.91 38.86 39.04 39.27 39.37 39.25 38.95 38.59 38.36 38.37 38.66 39.14 39.65 40.01 40.06 39.74 39.16 38.57 38.31 38.71 39.94 41.85 44.01 46.00 47.55 48.61 49.30 49.76 50.13 50.52 51.01 51.60 52.26 52.86 53.23 53.19 52.70 51.88 50.98 50.24 49.80 49.59 49.44 49.16 48.71 48.17 47.75 47.66 48.01 48.79 49.89 51.17 52.47 53.63 54.48 54.89 54.79 54.22 53.33 52.31 51.32 50.50 49.93 49.66 49.66 49.91 50.33 50.85 51.44 52.06 52.67 53.20 53.54 53.62 53.39 52.89 52.20 51.40 50.52 49.58 48.57 47.54 46.55 45.60 44.36 41.48 32.39 1.00 
29.00 42.50 46.29 47.49 47.85 47.92 47.96 48.15 48.58 49.24 50.02 50.73 51.19 51.33 51.16 50.84 50.51 50.30 50.28 50.41 50.66 50.92 51.16 51.35 51.53 51.78 52.17 52.70 53.30 53.85 54.19 54.26 54.04 53.61 53.11 52.63 52.28 52.09 52.07 52.19 52.46 52.83 53.30 53.76 54.09 54.16 53.91 53.36 52.62 51.82 51.04 50.37 49.84 49.46 49.22 49.08 48.96 48.77 48.45 48.00 47.50 47.08 46.81 46.68 46.62 46.54 46.38 46.12 45.75 45.21 44.46 43.48 42.40 41.39 40.62 40.25 40.33 40.84 41.72 42.84 44.07 45.24 46.24 46.97 47.39 47.56 47.54 47.43 47.23 46.91 46.43 45.79 45.04 44.31 43.70 43.31 43.18 43.30 43.63 44.12 44.74 45.44 46.19 46.91 47.45 47.71 47.56 47.01 46.15 45.11 44.11 43.33 42.87 42.76 42.90 43.12 43.25 43.20 42.99 42.75 42.64 42.76 43.13 43.66 44.17 44.48 44.42 43.96 43.20 42.38 41.85 41.88 42.59 43.88 45.45 46.97 48.24 49.16 49.78 50.20 50.52 50.84 51.23 51.72 52.28 52.81 53.13 53.09 52.64 51.87 51.00 50.25 49.74 49.41 49.10 48.66 48.04 47.33 46.76 46.52 46.74 47.40 48.43 49.68 51.00 52.22 53.16 53.68 53.72 53.31 52.58 51.70 50.83 50.11 49.63 49.44 49.52 49.81 50.25 50.77 51.35 51.95 52.55 53.08 53.44 53.56 53.37 52.89 52.18 51.30 50.29 49.19 48.05 46.97 46.13 45.70 45.90 47.15 51.32 68.00 
71.00 57.57 52.81 50.90 49.94 49.32 48.91 48.72 48.83 49.24 49.84 50.48 50.97 51.20 51.16 50.96 50.75 50.67 50.79 51.12 51.56 52.00 52.31 52.42 52.35 52.19 52.05 52.01 52.10 52.25 52.37 52.39 52.28 52.08 51.85 51.66 51.59 51.67 51.91 52.29 52.77 53.33 53.90 54.39 54.63 54.53 54.03 53.23 52.30 51.41 50.69 50.16 49.81 49.57 49.38 49.18 48.90 48.48 47.94 47.32 46.77 46.41 46.31 46.42 46.64 46.84 46.93 46.87 46.61 46.12 45.36 44.39 43.31 42.33 41.62 41.32 41.47 42.07 43.03 44.25 45.61 46.96 48.16 49.09 49.69 49.95 49.96 49.80 49.51 49.10 48.53 47.82 47.04 46.30 45.72 45.37 45.31 45.51 45.95 46.57 47.33 48.17 49.03 49.80 50.34 50.53 50.29 49.62 48.65 47.53 46.46 45.62 45.11 44.93 44.99 45.15 45.24 45.19 45.05 44.92 44.94 45.20 45.68 46.28 46.82 47.10 46.98 46.42 45.54 44.59 43.88 43.68 44.08 45.00 46.21 47.48 48.60 49.48 50.12 50.57 50.89 51.18 51.51 51.91 52.36 52.78 53.03 52.96 52.53 51.81 50.99 50.24 49.67 49.24 48.80 48.22 47.46 46.62 45.91 45.51 45.54 46.02 46.87 48.00 49.24 50.43 51.40 52.01 52.20 52.00 51.49 50.82 50.11 49.51 49.11 48.97 49.09 49.41 49.86 50.38 50.96 51.57 52.21 52.79 53.24 53.46 53.39 53.01 52.38 51.52 50.49 49.35 48.17 47.13 46.45 46.47 47.65 50.89 58.29 76.00 
85.00 63.84 56.28 53.15 51.53 50.46 49.67 49.15 48.94 49.06 49.45 49.97 50.44 50.73 50.81 50.76 50.71 50.80 51.11 51.64 52.28 52.87 53.23 53.26 52.95 52.40 51.79 51.26 50.90 50.72 50.67 50.68 50.68 50.67 50.67 50.71 50.86 51.15 51.62 52.22 52.93 53.69 54.42 54.98 55.20 54.97 54.25 53.20 52.04 51.02 50.28 49.83 49.60 49.45 49.27 48.98 48.53 47.92 47.20 46.49 45.94 45.67 45.71 45.98 46.32 46.59 46.71 46.64 46.38 45.88 45.13 44.18 43.17 42.26 41.63 41.40 41.63 42.28 43.27 44.53 45.92 47.34 48.65 49.71 50.42 50.76 50.80 50.61 50.27 49.78 49.16 48.43 47.65 46.95 46.43 46.17 46.21 46.54 47.10 47.84 48.71 49.64 50.53 51.28 51.74 51.82 51.45 50.68 49.64 48.50 47.45 46.63 46.13 45.91 45.89 45.92 45.89 45.78 45.64 45.59 45.74 46.14 46.76 47.47 48.09 48.40 48.27 47.67 46.73 45.72 44.93 44.61 44.85 45.55 46.56 47.67 48.73 49.63 50.35 50.89 51.28 51.60 51.92 52.25 52.60 52.89 53.01 52.86 52.40 51.70 50.90 50.17 49.56 49.06 48.54 47.88 47.06 46.16 45.36 44.82 44.65 44.89 45.50 46.39 47.46 48.54 49.48 50.15 50.47 50.48 50.21 49.77 49.26 48.78 48.45 48.33 48.44 48.73 49.15 49.65 50.23 50.89 51.61 52.31 52.90 53.28 53.38 53.18 52.70 51.96 51.02 49.93 48.80 47.82 47.23 47.33 48.56 51.41 55.50 54.00 
55.00 56.42 55.16 53.69 52.39 51.23 50.22 49.40 48.88 48.70 48.83 49.17 49.57 49.90 50.10 50.21 50.35 50.63 51.13 51.85 52.67 53.40 53.82 53.79 53.31 52.49 51.55 50.68 50.01 49.61 49.43 49.42 49.49 49.60 49.71 49.87 50.13 50.55 51.16 51.95 52.87 53.86 54.78 55.47 55.74 55.44 54.56 53.29 51.91 50.72 49.88 49.42 49.22 49.09 48.87 48.47 47.86 47.08 46.24 45.49 45.01 44.87 45.07 45.46 45.86 46.12 46.19 46.06 45.76 45.26 44.56 43.69 42.77 41.96 41.41 41.26 41.52 42.17 43.15 44.35 45.69 47.07 48.35 49.43 50.17 50.56 50.61 50.42 50.05 49.55 48.92 48.19 47.46 46.82 46.39 46.26 46.44 46.92 47.62 48.47 49.41 50.36 51.21 51.86 52.18 52.08 51.57 50.70 49.61 48.50 47.52 46.79 46.33 46.11 46.00 45.89 45.71 45.49 45.32 45.32 45.59 46.14 46.92 47.78 48.50 48.87 48.76 48.15 47.20 46.18 45.40 45.06 45.23 45.83 46.70 47.71 48.74 49.68 50.50 51.16 51.68 52.09 52.44 52.75 53.00 53.14 53.08 52.77 52.21 51.46 50.66 49.92 49.31 48.80 48.27 47.64 46.86 46.00 45.20 44.57 44.23 44.21 44.52 45.12 45.93 46.83 47.67 48.34 48.77 48.96 48.92 48.70 48.37 48.02 47.74 47.61 47.67 47.88 48.21 48.65 49.21 49.91 50.72 51.58 52.35 52.92 53.23 53.24 52.96 52.42 51.63 50.68 49.67 48.76 48.11 47.96 48.73 51.39 58.68 80.00 
39.00 51.55 54.02 53.81 52.87 51.71 50.54 49.49 48.68 48.20 48.07 48.21 48.51 48.84 49.14 49.41 49.73 50.18 50.85 51.72 52.69 53.53 54.03 54.02 53.49 52.57 51.49 50.46 49.64 49.11 48.85 48.80 48.87 48.98 49.09 49.22 49.45 49.87 50.53 51.45 52.57 53.79 54.94 55.81 56.18 55.88 54.93 53.52 51.96 50.58 49.60 49.03 48.75 48.55 48.24 47.71 46.95 46.03 45.12 44.40 44.02 44.05 44.41 44.93 45.41 45.68 45.72 45.57 45.28 44.84 44.24 43.49 42.70 41.99 41.52 41.40 41.66 42.27 43.16 44.24 45.42 46.62 47.76 48.73 49.42 49.80 49.87 49.71 49.37 48.89 48.28 47.60 46.92 46.37 46.06 46.07 46.43 47.08 47.93 48.89 49.86 50.77 51.52 52.00 52.11 51.82 51.13 50.14 49.02 47.93 47.03 46.39 46.01 45.78 45.61 45.37 45.06 44.74 44.54 44.61 45.01 45.74 46.69 47.70 48.53 48.95 48.84 48.22 47.27 46.29 45.56 45.27 45.45 46.01 46.82 47.75 48.75 49.72 50.63 51.41 52.05 52.57 52.99 53.30 53.47 53.44 53.16 52.62 51.88 51.01 50.15 49.41 48.82 48.36 47.93 47.44 46.83 46.13 45.42 44.80 44.33 44.07 44.07 44.33 44.84 45.50 46.20 46.82 47.30 47.61 47.74 47.70 47.53 47.30 47.07 46.94 46.92 47.02 47.22 47.53 48.02 48.71 49.59 50.57 51.51 52.28 52.80 53.03 52.99 52.67 52.09 51.33 50.46 49.59 48.77 48.00 47.32 46.96 47.96 54.00 
62.00 56.60 55.29 54.31 53.21 51.97 50.68 49.46 48.43 47.70 47.33 47.28 47.48 47.82 48.20 48.60 49.06 49.63 50.39 51.35 52.39 53.32 53.91 54.00 53.56 52.73 51.70 50.69 49.86 49.28 48.96 48.83 48.82 48.82 48.80 48.79 48.86 49.15 49.77 50.75 52.04 53.48 54.86 55.93 56.45 56.23 55.30 53.84 52.18 50.67 49.52 48.78 48.34 48.00 47.55 46.88 45.99 44.97 44.02 43.34 43.07 43.27 43.81 44.50 45.09 45.44 45.54 45.45 45.24 44.92 44.47 43.89 43.23 42.63 42.23 42.11 42.32 42.82 43.55 44.42 45.34 46.27 47.15 47.91 48.48 48.82 48.92 48.83 48.57 48.18 47.64 47.02 46.41 45.95 45.76 45.94 46.48 47.31 48.31 49.36 50.34 51.18 51.78 52.06 51.96 51.44 50.56 49.44 48.25 47.15 46.29 45.70 45.35 45.12 44.90 44.58 44.19 43.83 43.67 43.84 44.41 45.33 46.46 47.60 48.49 48.93 48.78 48.12 47.16 46.22 45.59 45.41 45.67 46.26 47.04 47.93 48.89 49.86 50.80 51.65 52.39 52.99 53.46 53.76 53.84 53.64 53.11 52.31 51.33 50.29 49.34 48.57 48.04 47.70 47.45 47.20 46.87 46.44 45.93 45.39 44.87 44.42 44.13 44.07 44.25 44.64 45.15 45.68 46.14 46.50 46.72 46.80 46.75 46.61 46.46 46.35 46.28 46.27 46.31 46.46 46.81 47.43 48.31 49.35 50.40 51.32 52.03 52.47 52.64 52.53 52.17 51.59 50.88 50.07 49.07 47.63 45.24 40.89 32.01 10.00 
55.00 57.34 55.85 54.48 53.24 51.96 50.63 49.34 48.19 47.32 46.79 46.61 46.74 47.08 47.52 48.01 48.53 49.14 49.91 50.84 51.88 52.86 53.55 53.81 53.59 52.99 52.18 51.33 50.59 50.01 49.63 49.39 49.23 49.05 48.81 48.54 48.35 48.44 48.93 49.91 51.30 52.93 54.51 55.78 56.45 56.39 55.58 54.20 52.56 50.98 49.70 48.77 48.13 47.60 47.00 46.22 45.24 44.18 43.21 42.56 42.38 42.70 43.41 44.26 45.01 45.52 45.75 45.81 45.75 45.61 45.34 44.93 44.42 43.91 43.53 43.38 43.49 43.83 44.34 44.92 45.52 46.09 46.63 47.11 47.50 47.78 47.94 47.98 47.88 47.62 47.21 46.68 46.15 45.77 45.71 46.04 46.76 47.75 48.88 49.98 50.96 51.72 52.18 52.28 51.96 51.23 50.17 48.90 47.60 46.44 45.53 44.92 44.54 44.28 44.02 43.68 43.30 43.00 42.95 43.29 44.05 45.15 46.43 47.65 48.56 48.94 48.72 47.98 47.01 46.14 45.64 45.61 46.00 46.67 47.47 48.34 49.25 50.18 51.09 51.93 52.66 53.27 53.74 54.01 53.99 53.61 52.86 51.79 50.56 49.33 48.26 47.47 46.99 46.80 46.79 46.84 46.84 46.74 46.51 46.13 45.62 45.05 44.52 44.16 44.04 44.17 44.48 44.88 45.27 45.59 45.80 45.90 45.91 45.86 45.81 45.76 45.70 45.63 45.54 45.52 45.69 46.16 46.95 47.97 49.06 50.08 50.92 51.52 51.85 51.91 51.70 51.28 50.72 50.01 48.99 47.29 44.19 38.56 28.76 15.00 
87.00 61.67 55.86 53.98 52.79 51.62 50.39 49.16 48.04 47.15 46.58 46.35 46.44 46.77 47.23 47.74 48.26 48.82 49.51 50.35 51.32 52.29 53.08 53.53 53.59 53.32 52.82 52.22 51.62 51.08 50.63 50.26 49.91 49.50 48.99 48.42 47.93 47.75 48.08 48.99 50.41 52.14 53.87 55.28 56.12 56.25 55.65 54.48 52.99 51.46 50.12 49.05 48.24 47.54 46.82 45.98 44.99 43.93 42.97 42.34 42.19 42.58 43.38 44.36 45.27 45.95 46.37 46.62 46.76 46.81 46.72 46.47 46.09 45.65 45.27 45.03 44.98 45.11 45.34 45.60 45.82 46.00 46.15 46.32 46.52 46.75 46.99 47.21 47.32 47.26 47.01 46.61 46.19 45.92 45.98 46.44 47.28 48.38 49.58 50.72 51.68 52.38 52.73 52.69 52.21 51.31 50.08 48.66 47.22 45.94 44.92 44.21 43.75 43.44 43.17 42.87 42.59 42.44 42.58 43.12 44.06 45.31 46.66 47.88 48.73 49.01 48.67 47.87 46.91 46.12 45.78 45.93 46.49 47.28 48.14 49.00 49.86 50.70 51.50 52.23 52.87 53.40 53.79 53.97 53.85 53.33 52.39 51.11 49.66 48.24 47.04 46.19 45.74 45.68 45.88 46.21 46.54 46.77 46.82 46.63 46.20 45.57 44.88 44.28 43.91 43.80 43.92 44.17 44.44 44.66 44.77 44.81 44.81 44.82 44.87 44.93 44.96 44.90 44.75 44.60 44.59 44.87 45.50 46.41 47.47 48.52 49.42 50.11 50.54 50.68 50.56 50.24 49.81 49.25 48.43 46.98 44.31 39.27 28.80 2.00 
21.00 46.24 51.52 52.28 51.84 50.98 49.97 48.93 47.97 47.20 46.68 46.47 46.56 46.88 47.31 47.77 48.21 48.68 49.23 49.95 50.81 51.74 52.59 53.22 53.56 53.61 53.44 53.11 52.68 52.20 51.71 51.20 50.65 50.00 49.21 48.34 47.56 47.12 47.24 48.03 49.41 51.14 52.91 54.40 55.38 55.72 55.40 54.53 53.32 51.97 50.70 49.59 48.68 47.91 47.16 46.35 45.43 44.45 43.54 42.91 42.74 43.09 43.88 44.89 45.89 46.71 47.31 47.75 48.08 48.30 48.37 48.26 47.97 47.56 47.14 46.79 46.54 46.41 46.34 46.25 46.11 45.90 45.68 45.54 45.54 45.73 46.06 46.47 46.82 47.00 46.96 46.74 46.47 46.34 46.51 47.06 47.96 49.09 50.29 51.42 52.35 53.00 53.31 53.19 52.63 51.63 50.28 48.72 47.13 45.70 44.54 43.69 43.12 42.76 42.52 42.35 42.26 42.34 42.71 43.44 44.49 45.77 47.07 48.18 48.88 49.02 48.58 47.75 46.85 46.22 46.07 46.43 47.17 48.07 48.99 49.84 50.61 51.32 51.96 52.51 52.97 53.33 53.59 53.66 53.45 52.83 51.78 50.36 48.74 47.13 45.74 44.74 44.24 44.21 44.53 45.06 45.63 46.12 46.41 46.41 46.08 45.45 44.66 43.90 43.34 43.05 43.01 43.12 43.24 43.30 43.26 43.17 43.10 43.14 43.28 43.49 43.66 43.69 43.56 43.34 43.19 43.28 43.72 44.49 45.45 46.46 47.37 48.08 48.52 48.66 48.55 48.27 47.92 47.54 47.05 46.28 45.15 44.04 44.38 49.00 
49.00 50.56 51.32 51.32 50.89 50.22 49.43 48.64 47.93 47.35 46.98 46.86 46.96 47.23 47.58 47.93 48.27 48.62 49.05 49.65 50.42 51.30 52.17 52.92 53.46 53.78 53.88 53.79 53.52 53.11 52.59 51.97 51.25 50.38 49.35 48.24 47.21 46.54 46.47 47.08 48.33 49.96 51.66 53.16 54.23 54.77 54.76 54.26 53.41 52.37 51.29 50.30 49.44 48.70 48.05 47.38 46.63 45.79 44.97 44.33 44.07 44.29 44.94 45.85 46.81 47.67 48.38 48.96 49.44 49.80 49.99 49.97 49.73 49.34 48.85 48.36 47.92 47.54 47.17 46.77 46.29 45.74 45.20 44.79 44.61 44.73 45.13 45.70 46.26 46.68 46.88 46.88 46.82 46.87 47.16 47.76 48.65 49.72 50.84 51.90 52.79 53.43 53.74 53.64 53.07 52.04 50.63 48.99 47.29 45.72 44.42 43.44 42.79 42.43 42.29 42.31 42.47 42.83 43.42 44.26 45.31 46.45 47.55 48.41 48.88 48.85 48.36 47.58 46.83 46.42 46.51 47.09 47.98 48.97 49.89 50.68 51.34 51.88 52.31 52.64 52.88 53.06 53.16 53.13 52.86 52.21 51.12 49.62 47.83 45.97 44.25 42.94 42.20 42.04 42.34 42.93 43.61 44.25 44.70 44.83 44.59 43.99 43.17 42.34 41.67 41.27 41.12 41.09 41.07 40.95 40.74 40.50 40.35 40.38 40.59 40.93 41.25 41.42 41.38 41.16 40.94 40.88 41.15 41.74 42.58 43.50 44.36 45.02 45.40 45.49 45.33 45.04 44.75 44.51 44.31 44.11 44.16 45.87 54.83 93.00 
71.00 55.52 51.57 50.47 49.91 49.37 48.81 48.27 47.81 47.47 47.29 47.28 47.40 47.61 47.85 48.07 48.28 48.54 48.90 49.43 50.14 50.98 51.84 52.63 53.27 53.73 54.00 54.07 53.94 53.61 53.10 52.42 51.58 50.56 49.36 48.08 46.89 46.05 45.79 46.21 47.24 48.66 50.21 51.62 52.73 53.44 53.72 53.61 53.17 52.52 51.77 51.03 50.38 49.84 49.39 48.96 48.46 47.82 47.11 46.46 46.06 46.05 46.43 47.10 47.89 48.67 49.38 50.02 50.58 51.02 51.29 51.32 51.12 50.72 50.19 49.58 48.97 48.38 47.78 47.13 46.40 45.59 44.79 44.15 43.80 43.83 44.24 44.89 45.60 46.22 46.65 46.91 47.10 47.35 47.76 48.38 49.19 50.13 51.11 52.06 52.91 53.56 53.91 53.88 53.38 52.41 51.03 49.38 47.65 46.02 44.63 43.58 42.90 42.59 42.59 42.86 43.32 43.93 44.68 45.53 46.42 47.26 47.98 48.48 48.66 48.47 47.97 47.34 46.84 46.71 47.08 47.86 48.86 49.85 50.70 51.34 51.82 52.15 52.36 52.48 52.52 52.53 52.52 52.44 52.16 51.54 50.45 48.87 46.84 44.52 42.20 40.27 39.04 38.56 38.68 39.17 39.83 40.48 40.98 41.18 41.01 40.47 39.69 38.87 38.18 37.74 37.51 37.39 37.24 36.99 36.64 36.29 36.06 36.06 36.31 36.73 37.17 37.47 37.53 37.38 37.14 37.00 37.13 37.57 38.25 39.04 39.79 40.36 40.66 40.67 40.46 40.15 39.88 39.73 39.69 39.67 39.55 38.85 35.16 17.00 
53.00 48.84 48.76 48.88 48.76 48.47 48.11 47.78 47.53 47.41 47.42 47.54 47.71 47.87 48.00 48.09 48.19 48.38 48.72 49.25 49.95 50.76 51.59 52.36 53.00 53.47 53.79 53.93 53.88 53.63 53.17 52.50 51.62 50.53 49.25 47.88 46.61 45.66 45.25 45.46 46.22 47.37 48.68 49.94 51.02 51.84 52.37 52.61 52.59 52.38 52.05 51.68 51.36 51.14 51.00 50.87 50.64 50.21 49.61 48.94 48.38 48.08 48.11 48.43 48.92 49.51 50.13 50.75 51.33 51.80 52.10 52.16 51.99 51.60 51.04 50.38 49.67 48.94 48.20 47.41 46.52 45.55 44.57 43.74 43.23 43.13 43.46 44.10 44.89 45.64 46.27 46.78 47.22 47.67 48.19 48.81 49.51 50.28 51.09 51.91 52.69 53.35 53.78 53.85 53.49 52.65 51.41 49.87 48.22 46.63 45.25 44.20 43.56 43.34 43.52 44.02 44.74 45.55 46.37 47.10 47.68 48.09 48.32 48.38 48.25 47.94 47.51 47.09 46.90 47.11 47.73 48.66 49.68 50.57 51.23 51.64 51.87 51.96 51.96 51.90 51.80 51.73 51.68 51.61 51.39 50.83 49.75 48.00 45.53 42.42 39.01 35.94 33.94 32.99 32.82 33.11 33.63 34.20 34.65 34.86 34.73 34.27 33.60 32.87 32.26 31.83 31.58 31.41 31.20 30.88 30.48 30.09 29.83 29.81 30.05 30.48 30.95 31.32 31.46 31.38 31.18 31.02 31.06 31.36 31.88 32.51 33.11 33.55 33.76 33.71 33.47 33.17 32.93 32.85 32.95 33.20 33.48 33.21 29.03 5.00 
5.00 37.99 45.63 47.42 47.75 47.63 47.39 47.17 47.05 47.09 47.27 47.54 47.79 47.95 48.01 48.00 48.02 48.17 48.51 49.06 49.78 50.59 51.39 52.10 52.66 53.06 53.32 53.44 53.42 53.23 52.85 52.26 51.43 50.36 49.07 47.70 46.40 45.41 44.88 44.90 45.40 46.24 47.26 48.32 49.31 50.18 50.88 51.41 51.76 51.98 52.10 52.17 52.26 52.40 52.60 52.77 52.79 52.55 52.03 51.33 50.60 50.01 49.67 49.59 49.75 50.09 50.56 51.11 51.66 52.13 52.42 52.50 52.34 51.97 51.42 50.76 50.03 49.28 48.51 47.68 46.75 45.71 44.64 43.68 43.01 42.76 42.95 43.51 44.27 45.09 45.86 46.57 47.22 47.85 48.45 49.04 49.62 50.22 50.87 51.57 52.28 52.93 53.41 53.59 53.40 52.78 51.78 50.49 49.05 47.62 46.37 45.41 44.85 44.74 45.06 45.72 46.59 47.48 48.24 48.74 48.94 48.86 48.59 48.22 47.83 47.45 47.13 46.97 47.10 47.59 48.42 49.40 50.33 51.01 51.37 51.46 51.38 51.22 51.04 50.86 50.71 50.64 50.64 50.65 50.53 50.05 48.92 46.88 43.68 39.30 34.07 29.03 26.08 24.70 24.27 24.36 24.69 25.09 25.43 25.59 25.50 25.16 24.66 24.11 23.64 23.31 23.10 22.93 22.73 22.44 22.09 21.75 21.52 21.50 21.68 22.04 22.44 22.77 22.93 22.91 22.77 22.64 22.64 22.82 23.17 23.61 24.03 24.33 24.45 24.38 24.17 23.93 23.75 23.74 23.96 24.56 26.02 29.94 41.90 84.00 
70.00 52.45 48.30 47.39 47.15 46.95 46.70 46.47 46.37 46.50 46.82 47.25 47.64 47.88 47.94 47.88 47.85 47.95 48.29 48.85 49.59 50.40 51.18 51.83 52.29 52.58 52.73 52.76 52.72 52.57 52.28 51.81 51.09 50.10 48.88 47.54 46.29 45.30 44.71 44.59 44.86 45.42 46.16 46.98 47.84 48.67 49.47 50.19 50.85 51.44 51.97 52.47 52.94 53.44 53.92 54.34 54.55 54.45 53.99 53.24 52.36 51.52 50.85 50.43 50.29 50.40 50.72 51.19 51.70 52.13 52.40 52.45 52.28 51.91 51.40 50.77 50.10 49.41 48.71 47.95 47.07 46.06 44.98 43.98 43.21 42.81 42.85 43.27 43.96 44.77 45.62 46.45 47.23 47.95 48.59 49.14 49.62 50.09 50.61 51.20 51.83 52.45 52.95 53.24 53.22 52.88 52.20 51.26 50.16 49.02 47.99 47.19 46.75 46.72 47.10 47.80 48.67 49.48 50.05 50.25 50.04 49.52 48.84 48.15 47.59 47.20 47.02 47.09 47.47 48.16 49.06 49.99 50.71 51.07 51.06 50.78 50.38 49.98 49.66 49.42 49.30 49.30 49.41 49.55 49.55 49.12 47.90 45.43 41.29 35.15 27.09 18.30 14.87 13.56 13.14 13.11 13.26 13.47 13.65 13.73 13.68 13.50 13.23 12.93 12.67 12.49 12.36 12.26 12.14 11.96 11.76 11.56 11.43 11.41 11.51 11.71 11.95 12.15 12.25 12.26 12.19 12.11 12.10 12.19 12.36 12.59 12.81 12.96 13.02 12.97 12.85 12.71 12.62 12.63 12.81 13.30 14.49 17.38 23.93 34.00 
79.00 53.49 47.71 46.66 46.51 46.34 46.03 45.71 45.55 45.68 46.12 46.73 47.32 47.73 47.89 47.86 47.79 47.84 48.11 48.63 49.34 50.15 50.90 51.51 51.91 52.09 52.11 52.04 51.93 51.79 51.58 51.23 50.65 49.78 48.66 47.42 46.24 45.32 44.75 44.57 44.69 45.04 45.52 46.11 46.79 47.54 48.34 49.17 50.02 50.89 51.74 52.56 53.34 54.09 54.78 55.35 55.67 55.65 55.22 54.45 53.46 52.44 51.55 50.91 50.56 50.53 50.78 51.20 51.67 52.05 52.24 52.22 51.98 51.59 51.07 50.49 49.90 49.33 48.76 48.14 47.40 46.51 45.54 44.58 43.79 43.32 43.24 43.54 44.13 44.90 45.73 46.58 47.38 48.10 48.71 49.20 49.62 50.02 50.46 50.98 51.54 52.10 52.59 52.95 53.11 53.05 52.74 52.21 51.51 50.73 49.99 49.42 49.10 49.12 49.47 50.07 50.75 51.33 51.61 51.46 50.91 50.06 49.12 48.28 47.66 47.32 47.27 47.50 48.01 48.76 49.61 50.36 50.79 50.79 50.39 49.74 49.04 48.43 47.99 47.75 47.68 47.78 48.02 48.29 48.40 48.01 46.66 43.77 38.67 30.72 18.97 0.87 0.37 0.33 0.31 0.31 0.32 0.32 0.33 0.33 0.33 0.32 0.32 0.31 0.30 0.30 0.30 0.29 0.29 0.29 0.28 0.28 0.27 0.27 0.28 0.28 0.29 0.29 0.29 0.29 0.29 0.29 0.29 0.29 0.30 0.30 0.31 0.31 0.31 0.31 0.31 0.30 0.30 0.30 0.31 0.32 0.35 0.45 2.06 64.00 
10.00 34.83 42.40 45.01 45.86 45.88 45.49 44.99 44.68 44.76 45.28 46.09 46.95 47.62 47.98 48.04 47.96 47.91 48.04 48.43 49.05 49.80 50.53 51.12 51.49 51.61 51.53 51.35 51.16 50.99 50.82 50.57 50.11 49.38 48.39 47.29 46.25 45.47 45.01 44.87 44.95 45.16 45.45 45.82 46.29 46.89 47.61 48.45 49.39 50.39 51.43 52.44 53.39 54.26 55.05 55.67 56.04 56.06 55.66 54.89 53.86 52.77 51.79 51.06 50.67 50.63 50.89 51.31 51.75 52.06 52.15 51.99 51.63 51.13 50.56 49.99 49.47 49.02 48.61 48.17 47.63 46.95 46.17 45.37 44.69 44.26 44.15 44.38 44.89 45.56 46.31 47.05 47.74 48.36 48.87 49.29 49.67 50.05 50.49 50.98 51.50 52.01 52.48 52.88 53.18 53.37 53.40 53.27 52.98 52.58 52.15 51.81 51.62 51.66 51.90 52.28 52.67 52.89 52.80 52.32 51.50 50.49 49.47 48.63 48.07 47.82 47.85 48.15 48.67 49.35 50.03 50.53 50.65 50.30 49.55 48.58 47.62 46.83 46.30 46.04 46.02 46.20 46.53 46.89 47.07 46.70 45.25 42.07 36.43 27.75 15.67 0.39 0.02 0.01 0.01 0.01 0.01 0.01 0.01 0.01 0.01 0.01 0.01 0.01 0.01 0.01 0.01 0.01 0.01 0.01 0.01 0.01 0.01 0.01 0.01 0.01 0.01 0.01 0.01 0.01 0.01 0.01 0.01 0.01 0.01 0.01 0.01 0.01 0.01 0.01 0.01 0.01 0.01 0.01 0.01 0.01 0.01 0.06 2.23 95.00 
9.00 33.49 42.08 45.14 46.01 45.87 45.21 44.43 43.91 43.89 44.46 45.48 46.65 47.66 48.29 48.51 48.42 48.23 48.15 48.30 48.73 49.35 50.04 50.63 51.00 51.11 50.98 50.71 50.43 50.19 50.02 49.82 49.46 48.86 48.03 47.12 46.30 45.74 45.50 45.50 45.63 45.78 45.92 46.08 46.32 46.71 47.28 48.02 48.92 49.93 51.00 52.06 53.04 53.93 54.70 55.31 55.68 55.72 55.37 54.65 53.67 52.62 51.68 51.01 50.71 50.77 51.12 51.60 52.03 52.26 52.20 51.87 51.33 50.67 49.99 49.38 48.88 48.53 48.26 48.01 47.70 47.29 46.80 46.27 45.81 45.53 45.50 45.74 46.19 46.74 47.32 47.85 48.32 48.72 49.07 49.39 49.74 50.16 50.64 51.17 51.69 52.19 52.64 53.06 53.47 53.84 54.14 54.33 54.38 54.31 54.17 54.04 53.98 54.01 54.12 54.24 54.26 54.08 53.61 52.83 51.85 50.80 49.86 49.15 48.73 48.58 48.66 48.94 49.37 49.89 50.36 50.60 50.44 49.81 48.80 47.59 46.43 45.49 44.85 44.53 44.48 44.67 45.03 45.41 45.61 45.23 43.73 40.42 34.61 25.84 14.13 0.34 0.01 0.00 0.00 0.00 0.00 0.00 0.00 0.00 0.00 0.00 0.00 0.00 0.00 0.00 0.00 0.00 0.00 0.00 0.00 0.00 0.00 0.00 0.00 0.00 0.00 0.00 0.00 0.00 0.00 0.00 0.00 0.00 0.00 0.00 0.00 0.00 0.00 0.00 0.00 0.00 0.00 0.00 0.00 0.00 0.00 0.03 1.11 46.00 
57.00 48.11 47.35 47.44 47.16 46.40 45.30 44.17 43.38 43.24 43.85 45.07 46.57 47.94 48.89 49.27 49.17 48.80 48.42 48.25 48.40 48.83 49.43 50.02 50.43 50.58 50.44 50.11 49.73 49.41 49.18 48.97 48.67 48.20 47.58 46.91 46.40 46.15 46.19 46.41 46.66 46.80 46.81 46.76 46.74 46.87 47.20 47.75 48.51 49.42 50.41 51.40 52.32 53.13 53.82 54.36 54.71 54.78 54.51 53.90 53.04 52.12 51.33 50.83 50.71 50.95 51.45 52.01 52.43 52.58 52.38 51.87 51.14 50.31 49.49 48.78 48.26 47.94 47.78 47.71 47.64 47.53 47.37 47.19 47.05 47.02 47.15 47.45 47.85 48.27 48.61 48.85 49.00 49.11 49.23 49.44 49.77 50.24 50.81 51.42 52.00 52.51 52.97 53.41 53.88 54.36 54.83 55.22 55.51 55.68 55.77 55.82 55.86 55.89 55.88 55.75 55.44 54.88 54.06 53.06 51.99 51.01 50.24 49.75 49.50 49.46 49.56 49.78 50.08 50.42 50.68 50.71 50.34 49.54 48.36 47.01 45.71 44.63 43.85 43.40 43.24 43.34 43.62 43.96 44.12 43.72 42.21 38.90 33.13 24.52 13.26 0.32 0.01 0.00 0.00 0.00 0.00 0.00 0.00 0.00 0.00 0.00 0.00 0.00 0.00 0.00 0.00 0.00 0.00 0.00 0.00 0.00 0.00 0.00 0.00 0.00 0.00 0.00 0.00 0.00 0.00 0.00 0.00 0.00 0.00 0.00 0.00 0.00 0.00 0.00 0.00 0.00 0.00 0.00 0.00 0.00 0.00 0.01 0.37 13.00 
58.00 54.65 51.77 50.07 48.72 47.29 45.72 44.24 43.20 42.94 43.58 44.99 46.78 48.49 49.72 50.25 50.10 49.50 48.77 48.22 48.03 48.23 48.73 49.31 49.79 50.00 49.90 49.54 49.07 48.64 48.31 48.06 47.80 47.45 47.05 46.70 46.55 46.67 47.04 47.52 47.91 48.06 47.95 47.67 47.37 47.18 47.21 47.50 48.04 48.77 49.62 50.48 51.27 51.97 52.55 53.03 53.35 53.47 53.30 52.84 52.16 51.43 50.83 50.54 50.63 51.07 51.70 52.34 52.77 52.85 52.55 51.92 51.06 50.10 49.15 48.34 47.75 47.41 47.30 47.36 47.51 47.70 47.88 48.06 48.27 48.54 48.88 49.27 49.63 49.87 49.94 49.84 49.63 49.41 49.28 49.34 49.64 50.17 50.85 51.57 52.24 52.81 53.30 53.75 54.24 54.76 55.29 55.78 56.19 56.51 56.75 56.94 57.07 57.12 57.03 56.72 56.15 55.30 54.23 53.06 51.98 51.12 50.57 50.30 50.25 50.31 50.44 50.61 50.81 51.00 51.10 50.98 50.49 49.59 48.35 46.94 45.55 44.35 43.41 42.76 42.40 42.32 42.46 42.69 42.78 42.36 40.86 37.62 31.97 23.59 12.71 0.30 0.01 0.00 0.00 0.00 0.00 0.00 0.00 0.00 0.00 0.00 0.00 0.00 0.00 0.00 0.00 0.00 0.00 0.00 0.00 0.00 0.00 0.00 0.00 0.00 0.00 0.00 0.00 0.00 0.00 0.00 0.00 0.00 0.00 0.00 0.00 0.00 0.00 0.00 0.00 0.00 0.00 0.00 0.00 0.00 0.00 0.05 2.31 99.00 
78.00 60.71 54.95 52.15 50.15 48.26 46.35 44.60 43.39 43.05 43.72 45.25 47.25 49.20 50.61 51.21 50.97 50.12 49.03 48.09 47.56 47.53 47.92 48.53 49.09 49.40 49.37 49.02 48.49 47.95 47.51 47.18 46.93 46.71 46.55 46.54 46.76 47.27 47.98 48.70 49.21 49.37 49.13 48.62 48.01 47.49 47.20 47.19 47.47 48.00 48.67 49.38 50.05 50.63 51.12 51.53 51.85 52.02 51.98 51.68 51.19 50.65 50.25 50.15 50.41 51.00 51.74 52.42 52.85 52.91 52.59 51.93 51.05 50.04 49.03 48.14 47.47 47.07 46.96 47.10 47.41 47.84 48.32 48.83 49.36 49.91 50.45 50.91 51.21 51.26 51.04 50.59 50.03 49.50 49.13 49.06 49.32 49.89 50.66 51.49 52.26 52.91 53.44 53.91 54.38 54.88 55.41 55.91 56.36 56.73 57.05 57.32 57.53 57.62 57.51 57.13 56.41 55.39 54.17 52.93 51.87 51.15 50.79 50.73 50.86 51.05 51.25 51.43 51.59 51.70 51.70 51.47 50.91 49.97 48.73 47.32 45.90 44.61 43.51 42.64 42.04 41.73 41.69 41.80 41.82 41.37 39.90 36.72 31.19 22.99 12.38 0.30 0.01 0.00 0.00 0.00 0.00 0.00 0.00 0.00 0.00 0.00 0.00 0.00 0.00 0.00 0.00 0.00 0.00 0.00 0.00 0.00 0.00 0.00 0.00 0.00 0.00 0.00 0.00 0.00 0.00 0.00 0.00 0.00 0.00 0.00 0.00 0.00 0.00 0.00 0.00 0.00 0.00 0.00 0.00 0.00 0.00 0.05 2.31 99.00 
46.00 55.15 54.90 53.06 51.07 49.03 46.98 45.14 43.88 43.52 44.20 45.78 47.85 49.87 51.32 51.88 51.51 50.42 49.02 47.75 46.94 46.73 47.05 47.69 48.36 48.81 48.88 48.57 48.02 47.41 46.87 46.47 46.23 46.13 46.19 46.49 47.07 47.91 48.90 49.82 50.43 50.57 50.21 49.48 48.59 47.75 47.14 46.84 46.87 47.19 47.68 48.26 48.81 49.30 49.72 50.10 50.43 50.68 50.76 50.62 50.29 49.91 49.65 49.67 50.03 50.68 51.45 52.14 52.59 52.69 52.43 51.87 51.07 50.14 49.16 48.25 47.51 47.04 46.88 47.02 47.42 47.99 48.68 49.43 50.21 50.97 51.65 52.14 52.35 52.20 51.70 50.95 50.10 49.32 48.77 48.59 48.81 49.40 50.23 51.15 52.01 52.73 53.31 53.79 54.24 54.70 55.16 55.61 56.01 56.37 56.71 57.03 57.30 57.46 57.41 57.04 56.30 55.24 53.98 52.74 51.74 51.12 50.91 51.02 51.31 51.65 51.97 52.24 52.44 52.54 52.48 52.17 51.55 50.59 49.36 47.98 46.59 45.26 44.05 42.99 42.17 41.65 41.45 41.46 41.43 40.96 39.49 36.34 30.85 22.73 12.23 0.29 0.01 0.00 0.00 0.00 0.00 0.00 0.00 0.00 0.00 0.00 0.00 0.00 0.00 0.00 0.00 0.00 0.00 0.00 0.00 0.00 0.00 0.00 0.00 0.00 0.00 0.00 0.00 0.00 0.00 0.00 0.00 0.00 0.00 0.00 0.00 0.00 0.00 0.00 0.00 0.00 0.00 0.00 0.00 0.00 0.00 0.01 0.45 16.00 
58.00 58.78 56.03 53.54 51.42 49.40 47.42 45.67 44.49 44.18 44.87 46.40 48.38 50.28 51.61 52.05 51.53 50.27 48.67 47.20 46.21 45.88 46.16 46.84 47.63 48.22 48.43 48.22 47.70 47.06 46.47 46.04 45.82 45.83 46.09 46.63 47.47 48.56 49.74 50.79 51.46 51.58 51.13 50.23 49.11 48.01 47.13 46.58 46.39 46.50 46.83 47.27 47.72 48.14 48.53 48.91 49.29 49.62 49.81 49.79 49.59 49.31 49.11 49.16 49.52 50.14 50.88 51.57 52.05 52.25 52.14 51.76 51.16 50.39 49.52 48.64 47.88 47.34 47.10 47.19 47.58 48.21 48.99 49.87 50.79 51.66 52.39 52.85 52.93 52.58 51.84 50.86 49.82 48.89 48.25 48.01 48.20 48.79 49.64 50.60 51.52 52.31 52.95 53.45 53.88 54.29 54.67 55.01 55.31 55.58 55.88 56.21 56.54 56.80 56.86 56.59 55.95 54.96 53.76 52.58 51.64 51.10 50.98 51.20 51.63 52.14 52.64 53.07 53.38 53.52 53.43 53.05 52.34 51.33 50.11 48.78 47.45 46.15 44.90 43.74 42.77 42.11 41.81 41.76 41.72 41.25 39.75 36.54 30.99 22.81 12.26 0.29 0.01 0.00 0.00 0.00 0.00 0.00 0.00 0.00 0.00 0.00 0.00 0.00 0.00 0.00 0.00 0.00 0.00 0.00 0.00 0.00 0.00 0.00 0.00 0.00 0.00 0.00 0.00 0.00 0.00 0.00 0.00 0.00 0.00 0.00 0.00 0.00 0.00 0.00 0.00 0.00 0.00 0.00 0.00 0.00 0.00 0.03 1.50 65.00 
99.00 65.66 56.32 52.91 50.92 49.18 47.48 46.00 45.04 44.85 45.53 46.92 48.67 50.31 51.40 51.66 51.03 49.71 48.07 46.55 45.50 45.11 45.36 46.06 46.93 47.64 48.00 47.93 47.51 46.93 46.36 45.95 45.79 45.90 46.30 47.00 47.98 49.19 50.46 51.56 52.26 52.38 51.87 50.88 49.62 48.36 47.29 46.55 46.16 46.09 46.24 46.54 46.90 47.27 47.66 48.07 48.52 48.93 49.22 49.31 49.18 48.93 48.73 48.72 49.00 49.52 50.18 50.85 51.39 51.73 51.83 51.69 51.33 50.77 50.05 49.25 48.49 47.89 47.58 47.59 47.93 48.53 49.33 50.23 51.17 52.05 52.73 53.08 53.00 52.45 51.54 50.42 49.30 48.34 47.69 47.44 47.61 48.17 49.00 49.97 50.93 51.78 52.48 53.03 53.47 53.82 54.10 54.30 54.44 54.58 54.78 55.08 55.47 55.84 56.05 55.97 55.51 54.69 53.63 52.56 51.70 51.20 51.12 51.39 51.92 52.59 53.30 53.94 54.41 54.62 54.51 54.03 53.21 52.13 50.90 49.63 48.39 47.17 45.96 44.79 43.78 43.08 42.75 42.72 42.69 42.20 40.62 37.28 31.55 23.17 12.44 0.30 0.01 0.00 0.00 0.00 0.00 0.00 0.00 0.00 0.00 0.00 0.00 0.00 0.00 0.00 0.00 0.00 0.00 0.00 0.00 0.00 0.00 0.00 0.00 0.00 0.00 0.00 0.00 0.00 0.00 0.00 0.00 0.00 0.00 0.00 0.00 0.00 0.00 0.00 0.00 0.00 0.00 0.00 0.00 0.00 0.00 0.01 0.41 15.00 
39.00 48.20 50.06 50.10 49.41 48.34 47.12 46.05 45.40 45.38 46.04 47.24 48.67 49.97 50.77 50.86 50.20 48.95 47.43 46.00 44.99 44.58 44.78 45.44 46.31 47.11 47.60 47.68 47.42 46.95 46.48 46.15 46.08 46.29 46.78 47.54 48.55 49.75 51.01 52.11 52.82 52.95 52.46 51.46 50.18 48.86 47.70 46.84 46.29 46.03 46.01 46.16 46.41 46.74 47.14 47.62 48.13 48.63 49.00 49.15 49.06 48.81 48.57 48.47 48.61 49.01 49.58 50.23 50.84 51.33 51.64 51.73 51.59 51.22 50.63 49.91 49.17 48.55 48.19 48.14 48.42 48.98 49.74 50.61 51.48 52.26 52.81 52.98 52.70 51.99 50.97 49.82 48.73 47.85 47.27 47.05 47.20 47.70 48.46 49.38 50.35 51.26 52.04 52.66 53.11 53.43 53.60 53.64 53.60 53.56 53.63 53.87 54.28 54.77 55.18 55.33 55.13 54.55 53.70 52.78 52.00 51.52 51.42 51.70 52.28 53.08 53.97 54.82 55.46 55.75 55.63 55.06 54.13 52.97 51.71 50.49 49.35 48.24 47.13 46.04 45.09 44.44 44.17 44.19 44.19 43.66 41.97 38.41 32.41 23.74 12.72 0.30 0.01 0.00 0.00 0.00 0.00 0.00 0.00 0.00 0.00 0.00 0.00 0.00 0.00 0.00 0.00 0.00 0.00 0.00 0.00 0.00 0.00 0.00 0.00 0.00 0.00 0.00 0.00 0.00 0.00 0.00 0.00 0.00 0.00 0.00 0.00 0.00 0.00 0.00 0.00 0.00 0.00 0.00 0.00 0.00 0.00 0.03 1.40 61.00 
17.00 37.76 45.10 47.36 47.68 47.21 46.49 45.86 45.56 45.73 46.38 47.37 48.47 49.40 49.93 49.90 49.30 48.25 46.96 45.74 44.83 44.41 44.51 45.05 45.85 46.64 47.22 47.46 47.36 47.05 46.71 46.50 46.53 46.82 47.36 48.11 49.07 50.19 51.37 52.43 53.14 53.31 52.90 51.98 50.77 49.49 48.34 47.41 46.75 46.34 46.14 46.14 46.29 46.59 47.01 47.53 48.11 48.66 49.08 49.27 49.20 48.96 48.67 48.49 48.51 48.78 49.27 49.89 50.56 51.17 51.63 51.88 51.88 51.61 51.10 50.43 49.71 49.10 48.73 48.68 48.96 49.50 50.23 51.03 51.79 52.41 52.75 52.71 52.24 51.41 50.37 49.29 48.34 47.62 47.17 47.00 47.11 47.50 48.13 48.95 49.89 50.82 51.66 52.34 52.84 53.13 53.21 53.12 52.90 52.68 52.60 52.76 53.18 53.78 54.38 54.79 54.88 54.59 54.00 53.27 52.59 52.12 51.97 52.18 52.75 53.60 54.62 55.63 56.41 56.79 56.66 56.04 55.04 53.81 52.54 51.36 50.29 49.30 48.32 47.36 46.53 46.01 45.85 45.95 45.98 45.39 43.54 39.72 33.41 24.39 13.04 0.31 0.01 0.00 0.00 0.00 0.00 0.00 0.00 0.00 0.00 0.00 0.00 0.00 0.00 0.00 0.00 0.00 0.00 0.00 0.00 0.00 0.00 0.00 0.00 0.00 0.00 0.00 0.00 0.00 0.00 0.00 0.00 0.00 0.00 0.00 0.00 0.00 0.00 0.00 0.00 0.00 0.00 0.00 0.00 0.00 0.00 0.01 0.27 10.00 
25.00 40.52 44.79 46.14 46.40 46.18 45.83 45.59 45.61 45.96 46.60 47.40 48.19 48.80 49.10 49.02 48.54 47.74 46.76 45.78 45.01 44.57 44.55 44.92 45.56 46.30 46.91 47.26 47.30 47.13 46.92 46.81 46.93 47.28 47.83 48.55 49.41 50.42 51.50 52.51 53.22 53.47 53.17 52.39 51.33 50.17 49.10 48.18 47.46 46.93 46.59 46.46 46.54 46.81 47.23 47.78 48.37 48.93 49.36 49.57 49.53 49.32 49.05 48.84 48.79 48.97 49.38 49.96 50.63 51.28 51.79 52.08 52.08 51.81 51.30 50.63 49.93 49.36 49.04 49.06 49.39 49.98 50.71 51.45 52.08 52.51 52.64 52.39 51.78 50.90 49.93 49.03 48.31 47.82 47.53 47.40 47.44 47.66 48.10 48.74 49.56 50.45 51.30 52.02 52.53 52.81 52.85 52.67 52.33 51.99 51.80 51.88 52.29 52.97 53.74 54.41 54.81 54.84 54.53 54.01 53.43 52.96 52.72 52.80 53.26 54.07 55.11 56.20 57.08 57.53 57.45 56.83 55.81 54.57 53.32 52.17 51.18 50.28 49.42 48.62 47.97 47.60 47.58 47.76 47.79 47.12 45.08 41.01 34.37 25.02 13.35 0.32 0.01 0.00 0.00 0.00 0.00 0.00 0.00 0.00 0.00 0.00 0.00 0.00 0.00 0.00 0.00 0.00 0.00 0.00 0.00 0.00 0.00 0.00 0.00 0.00 0.00 0.00 0.00 0.00 0.00 0.00 0.00 0.00 0.00 0.00 0.00 0.00 0.00 0.00 0.00 0.00 0.00 0.00 0.00 0.00 0.00 0.01 0.63 27.00 
90.00 54.33 47.12 45.79 45.54 45.41 45.34 45.41 45.69 46.18 46.80 47.42 47.95 48.30 48.43 48.32 47.97 47.42 46.73 46.01 45.37 44.94 44.79 44.97 45.45 46.08 46.68 47.09 47.22 47.15 47.01 46.97 47.13 47.50 48.05 48.71 49.50 50.41 51.41 52.37 53.10 53.42 53.25 52.65 51.77 50.79 49.85 49.01 48.29 47.71 47.29 47.09 47.13 47.38 47.80 48.33 48.88 49.39 49.78 49.99 50.01 49.88 49.69 49.53 49.48 49.61 49.94 50.44 51.04 51.61 52.04 52.23 52.13 51.76 51.17 50.47 49.78 49.27 49.05 49.17 49.63 50.30 51.05 51.74 52.26 52.52 52.46 52.06 51.39 50.57 49.77 49.13 48.72 48.49 48.36 48.27 48.20 48.21 48.39 48.77 49.37 50.12 50.89 51.56 52.06 52.33 52.36 52.17 51.82 51.46 51.23 51.28 51.68 52.41 53.32 54.21 54.89 55.22 55.19 54.86 54.38 53.88 53.51 53.40 53.66 54.31 55.27 56.35 57.27 57.80 57.80 57.26 56.31 55.13 53.94 52.86 51.93 51.12 50.38 49.74 49.25 49.05 49.14 49.37 49.37 48.60 46.39 42.08 35.18 25.55 13.62 0.33 0.01 0.00 0.00 0.00 0.00 0.00 0.00 0.00 0.00 0.00 0.00 0.00 0.00 0.00 0.00 0.00 0.00 0.00 0.00 0.00 0.00 0.00 0.00 0.00 0.00 0.00 0.00 0.00 0.00 0.00 0.00 0.00 0.00 0.00 0.00 0.00 0.00 0.00 0.00 0.00 0.00 0.00 0.00 0.00 0.00 0.01 0.47 18.00 
16.00 39.52 43.35 44.25 44.65 44.89 45.13 45.46 45.93 46.49 47.05 47.52 47.82 47.94 47.91 47.76 47.50 47.14 46.70 46.19 45.70 45.29 45.07 45.11 45.44 45.96 46.52 46.93 47.12 47.08 46.97 46.93 47.08 47.44 47.96 48.59 49.33 50.19 51.15 52.08 52.82 53.20 53.15 52.72 52.04 51.26 50.50 49.78 49.13 48.57 48.16 47.95 48.00 48.26 48.67 49.14 49.61 50.02 50.33 50.52 50.61 50.61 50.56 50.51 50.51 50.62 50.86 51.23 51.67 52.07 52.31 52.30 52.02 51.49 50.80 50.05 49.38 48.93 48.81 49.05 49.62 50.37 51.14 51.78 52.20 52.33 52.17 51.73 51.12 50.46 49.92 49.60 49.51 49.54 49.57 49.50 49.32 49.10 48.96 49.02 49.30 49.78 50.35 50.89 51.31 51.55 51.61 51.49 51.25 50.98 50.82 50.91 51.33 52.09 53.10 54.15 55.04 55.61 55.80 55.63 55.20 54.65 54.11 53.77 53.76 54.16 54.95 55.94 56.87 57.48 57.60 57.21 56.40 55.37 54.30 53.33 52.49 51.78 51.16 50.66 50.32 50.23 50.39 50.62 50.57 49.70 47.34 42.85 35.75 25.93 13.80 0.33 0.01 0.00 0.00 0.00 0.00 0.00 0.00 0.00 0.00 0.00 0.00 0.00 0.00 0.00 0.00 0.00 0.00 0.00 0.00 0.00 0.00 0.00 0.00 0.00 0.00 0.00 0.00 0.00 0.00 0.00 0.00 0.00 0.00 0.00 0.00 0.00 0.00 0.00 0.00 0.00 0.00 0.00 0.00 0.00 0.00 0.05 2.18 93.00 
64.00 44.21 42.22 43.05 44.00 44.70 45.25 45.80 46.37 46.94 47.41 47.69 47.77 47.68 47.49 47.26 47.02 46.77 46.49 46.16 45.80 45.47 45.25 45.23 45.46 45.90 46.40 46.81 47.00 46.98 46.86 46.80 46.90 47.20 47.67 48.27 48.99 49.84 50.79 51.71 52.46 52.88 52.92 52.64 52.15 51.58 51.00 50.44 49.91 49.43 49.07 48.93 49.02 49.33 49.74 50.17 50.54 50.83 51.03 51.19 51.33 51.45 51.56 51.65 51.73 51.82 51.97 52.17 52.40 52.56 52.56 52.32 51.84 51.17 50.39 49.61 48.95 48.55 48.49 48.79 49.40 50.17 50.91 51.49 51.83 51.92 51.75 51.40 50.95 50.54 50.30 50.30 50.50 50.76 50.92 50.87 50.59 50.17 49.73 49.41 49.31 49.42 49.69 50.00 50.27 50.46 50.55 50.56 50.51 50.45 50.47 50.67 51.16 51.96 53.02 54.16 55.17 55.88 56.20 56.11 55.69 55.05 54.34 53.73 53.42 53.53 54.09 54.95 55.87 56.57 56.85 56.65 56.05 55.21 54.33 53.51 52.82 52.24 51.75 51.36 51.12 51.09 51.25 51.43 51.30 50.32 47.86 43.26 36.06 26.13 13.90 0.33 0.01 0.00 0.00 0.00 0.00 0.00 0.00 0.00 0.00 0.00 0.00 0.00 0.00 0.00 0.00 0.00 0.00 0.00 0.00 0.00 0.00 0.00 0.00 0.00 0.00 0.00 0.00 0.00 0.00 0.00 0.00 0.00 0.00 0.00 0.00 0.00 0.00 0.00 0.00 0.00 0.00 0.00 0.00 0.00 0.00 0.05 2.27 96.00 
10.00 30.81 37.85 41.40 43.51 44.82 45.70 46.40 47.01 47.51 47.84 47.93 47.79 47.48 47.11 46.77 46.49 46.27 46.08 45.88 45.67 45.46 45.31 45.31 45.50 45.89 46.35 46.74 46.94 46.95 46.83 46.73 46.76 46.98 47.37 47.92 48.63 49.48 50.43 51.36 52.11 52.56 52.67 52.51 52.18 51.79 51.38 50.97 50.55 50.17 49.91 49.86 50.05 50.44 50.90 51.32 51.61 51.79 51.89 51.98 52.13 52.34 52.58 52.78 52.93 53.01 53.06 53.11 53.12 53.04 52.81 52.37 51.75 50.99 50.17 49.39 48.74 48.34 48.26 48.53 49.07 49.74 50.39 50.89 51.19 51.29 51.24 51.07 50.87 50.74 50.78 51.03 51.44 51.85 52.11 52.10 51.78 51.22 50.53 49.87 49.35 49.04 48.92 48.94 49.02 49.13 49.26 49.42 49.59 49.80 50.06 50.46 51.07 51.95 53.03 54.19 55.22 55.95 56.28 56.20 55.73 54.99 54.10 53.25 52.65 52.48 52.79 53.51 54.42 55.21 55.66 55.67 55.29 54.68 54.01 53.40 52.90 52.49 52.14 51.85 51.65 51.60 51.68 51.76 51.52 50.46 47.95 43.33 36.11 26.17 13.92 0.33 0.01 0.00 0.00 0.00 0.00 0.00 0.00 0.00 0.00 0.00 0.00 0.00 0.00 0.00 0.00 0.00 0.00 0.00 0.00 0.00 0.00 0.00 0.00 0.00 0.00 0.00 0.00 0.00 0.00 0.00 0.00 0.00 0.00 0.00 0.00 0.00 0.00 0.00 0.00 0.00 0.00 0.00 0.00 0.00 0.00 0.04 1.49 63.00 
27.00 30.77 36.36 40.63 43.47 45.26 46.40 47.19 47.76 48.14 48.30 48.19 47.83 47.32 46.79 46.32 45.97 45.73 45.59 45.51 45.44 45.38 45.35 45.41 45.61 45.96 46.39 46.77 47.00 47.05 46.97 46.86 46.82 46.94 47.23 47.71 48.39 49.24 50.20 51.14 51.89 52.36 52.53 52.46 52.26 52.00 51.71 51.39 51.04 50.72 50.54 50.59 50.91 51.41 51.97 52.44 52.72 52.82 52.82 52.83 52.94 53.17 53.46 53.73 53.91 53.99 53.97 53.87 53.71 53.45 53.06 52.52 51.84 51.08 50.29 49.53 48.89 48.44 48.27 48.38 48.73 49.21 49.68 50.07 50.36 50.57 50.71 50.80 50.87 50.99 51.22 51.61 52.09 52.57 52.90 52.95 52.66 52.05 51.21 50.26 49.37 48.64 48.13 47.82 47.69 47.71 47.86 48.15 48.55 49.03 49.58 50.23 51.02 51.99 53.10 54.22 55.18 55.83 56.08 55.92 55.38 54.53 53.50 52.45 51.61 51.17 51.27 51.86 52.75 53.63 54.24 54.45 54.27 53.87 53.41 53.03 52.76 52.54 52.33 52.10 51.90 51.76 51.72 51.65 51.30 50.18 47.67 43.10 35.95 26.07 13.88 0.33 0.01 0.00 0.00 0.00 0.00 0.00 0.00 0.00 0.00 0.00 0.00 0.00 0.00 0.00 0.00 0.00 0.00 0.00 0.00 0.00 0.00 0.00 0.00 0.00 0.00 0.00 0.00 0.00 0.00 0.00 0.00 0.00 0.00 0.00 0.00 0.00 0.00 0.00 0.00 0.00 0.00 0.00 0.00 0.00 0.00 0.00 0.04 0.00 
21.00 28.43 35.42 40.48 43.83 45.93 47.22 48.01 48.49 48.73 48.70 48.41 47.88 47.22 46.55 45.99 45.58 45.35 45.25 45.27 45.34 45.43 45.53 45.67 45.88 46.19 46.56 46.92 47.20 47.33 47.33 47.24 47.17 47.18 47.36 47.74 48.37 49.21 50.18 51.12 51.89 52.39 52.61 52.63 52.51 52.31 52.05 51.71 51.35 51.04 50.90 51.04 51.48 52.13 52.83 53.40 53.72 53.80 53.73 53.64 53.67 53.85 54.12 54.39 54.58 54.63 54.55 54.37 54.10 53.74 53.29 52.75 52.13 51.45 50.75 50.04 49.40 48.87 48.54 48.42 48.49 48.69 48.94 49.22 49.54 49.89 50.28 50.64 50.96 51.24 51.54 51.91 52.34 52.79 53.14 53.27 53.09 52.55 51.66 50.54 49.34 48.24 47.35 46.74 46.40 46.33 46.49 46.89 47.49 48.23 49.07 49.99 51.00 52.09 53.22 54.28 55.11 55.61 55.71 55.43 54.80 53.87 52.74 51.54 50.51 49.87 49.78 50.27 51.13 52.07 52.80 53.15 53.14 52.91 52.66 52.50 52.45 52.42 52.34 52.15 51.89 51.64 51.43 51.21 50.75 49.60 47.14 42.67 35.65 25.89 13.80 0.33 0.01 0.00 0.00 0.00 0.00 0.00 0.00 0.00 0.00 0.00 0.00 0.00 0.00 0.00 0.00 0.00 0.00 0.00 0.00 0.00 0.00 0.00 0.00 0.00 0.00 0.00 0.00 0.00 0.00 0.00 0.00 0.00 0.00 0.00 0.00 0.00 0.00 0.00 0.00 0.00 0.00 0.00 0.00 0.00 0.00 0.01 0.30 11.00 
5.00 25.99 35.52 41.04 44.52 46.70 47.99 48.72 49.07 49.15 48.96 48.53 47.90 47.16 46.44 45.86 45.47 45.27 45.25 45.37 45.58 45.80 46.01 46.18 46.36 46.58 46.86 47.18 47.49 47.72 47.83 47.81 47.73 47.67 47.73 48.02 48.58 49.39 50.36 51.33 52.14 52.70 52.99 53.07 52.98 52.76 52.41 51.96 51.49 51.12 50.98 51.18 51.73 52.53 53.39 54.09 54.50 54.60 54.49 54.33 54.26 54.34 54.53 54.75 54.88 54.89 54.77 54.53 54.22 53.85 53.44 53.00 52.52 51.99 51.42 50.80 50.17 49.57 49.07 48.69 48.45 48.33 48.35 48.53 48.89 49.42 50.05 50.66 51.15 51.49 51.72 51.93 52.20 52.55 52.90 53.14 53.12 52.72 51.89 50.69 49.28 47.87 46.66 45.77 45.24 45.07 45.25 45.74 46.52 47.51 48.63 49.82 51.05 52.27 53.43 54.40 55.07 55.39 55.33 54.92 54.21 53.22 52.02 50.74 49.58 48.79 48.57 48.95 49.77 50.72 51.51 51.94 52.04 51.95 51.87 51.91 52.05 52.19 52.20 52.03 51.70 51.31 50.96 50.61 50.06 48.91 46.52 42.18 35.31 25.70 13.71 0.33 0.01 0.00 0.00 0.00 0.00 0.00 0.00 0.00 0.00 0.00 0.00 0.00 0.00 0.00 0.00 0.00 0.00 0.00 0.00 0.00 0.00 0.00 0.00 0.00 0.00 0.00 0.00 0.00 0.00 0.00 0.00 0.00 0.00 0.00 0.00 0.00 0.00 0.00 0.00 0.00 0.00 0.00 0.00 0.00 0.00 0.05 2.05 89.00 
34.00 34.46 38.71 42.54 45.44 47.40 48.58 49.18 49.38 49.31 49.01 48.50 47.84 47.12 46.46 45.96 45.66 45.58 45.67 45.92 46.24 46.57 46.82 46.98 47.05 47.12 47.24 47.47 47.77 48.09 48.31 48.39 48.34 48.24 48.22 48.42 48.91 49.70 50.68 51.70 52.58 53.24 53.62 53.75 53.64 53.31 52.79 52.14 51.50 51.01 50.84 51.08 51.71 52.63 53.61 54.44 54.96 55.12 55.02 54.82 54.66 54.63 54.71 54.81 54.86 54.79 54.60 54.34 54.03 53.72 53.43 53.14 52.85 52.52 52.12 51.62 51.05 50.42 49.79 49.19 48.66 48.25 48.04 48.12 48.52 49.22 50.06 50.86 51.43 51.72 51.79 51.77 51.83 52.05 52.39 52.75 52.92 52.72 52.02 50.81 49.27 47.62 46.13 44.98 44.25 43.99 44.17 44.77 45.73 46.96 48.34 49.79 51.21 52.54 53.69 54.56 55.08 55.23 55.02 54.51 53.73 52.72 51.50 50.18 48.96 48.09 47.77 48.05 48.79 49.69 50.44 50.89 51.03 51.04 51.10 51.30 51.61 51.89 51.97 51.79 51.40 50.92 50.45 50.01 49.42 48.29 45.99 41.79 35.06 25.57 13.66 0.33 0.01 0.00 0.00 0.00 0.00 0.00 0.00 0.00 0.00 0.00 0.00 0.00 0.00 0.00 0.00 0.00 0.00 0.00 0.00 0.00 0.00 0.00 0.00 0.00 0.00 0.00 0.00 0.00 0.00 0.00 0.00 0.00 0.00 0.00 0.00 0.00 0.00 0.00 0.00 0.00 0.00 0.00 0.00 0.00 0.00 0.02 0.96 38.00 
29.00 38.65 41.40 43.86 46.12 47.81 48.84 49.30 49.37 49.18 48.81 48.30 47.69 47.09 46.57 46.24 46.13 46.22 46.47 46.85 47.28 47.66 47.90 47.96 47.85 47.69 47.60 47.68 47.93 48.29 48.61 48.79 48.78 48.67 48.60 48.74 49.19 49.97 50.98 52.07 53.08 53.86 54.35 54.52 54.35 53.87 53.12 52.24 51.40 50.80 50.57 50.81 51.48 52.45 53.51 54.43 55.04 55.29 55.24 55.05 54.84 54.72 54.67 54.62 54.53 54.34 54.08 53.79 53.53 53.32 53.17 53.08 52.99 52.86 52.64 52.31 51.85 51.28 50.61 49.86 49.10 48.44 48.03 48.00 48.43 49.25 50.25 51.16 51.75 51.94 51.81 51.57 51.43 51.54 51.90 52.38 52.75 52.75 52.19 51.03 49.40 47.57 45.82 44.40 43.47 43.09 43.26 43.97 45.12 46.59 48.22 49.89 51.46 52.84 53.95 54.72 55.10 55.11 54.78 54.20 53.40 52.39 51.20 49.91 48.70 47.81 47.43 47.61 48.22 48.98 49.62 49.99 50.13 50.19 50.35 50.69 51.13 51.50 51.65 51.48 51.07 50.55 50.04 49.58 49.00 47.91 45.70 41.60 34.98 25.55 13.67 0.33 0.01 0.00 0.00 0.00 0.00 0.00 0.00 0.00 0.00 0.00 0.00 0.00 0.00 0.00 0.00 0.00 0.00 0.00 0.00 0.00 0.00 0.00 0.00 0.00 0.00 0.00 0.00 0.00 0.00 0.00 0.00 0.00 0.00 0.00 0.00 0.00 0.00 0.00 0.00 0.00 0.00 0.00 0.00 0.00 0.00 0.05 2.03 86.00 
83.00 49.28 43.54 44.28 46.19 47.79 48.75 49.12 49.08 48.81 48.41 47.95 47.46 47.03 46.74 46.64 46.75 47.05 47.49 48.00 48.51 48.90 49.07 48.97 48.63 48.20 47.85 47.73 47.89 48.25 48.63 48.86 48.90 48.79 48.70 48.80 49.24 50.03 51.10 52.30 53.45 54.39 55.00 55.20 54.97 54.31 53.34 52.24 51.22 50.51 50.23 50.43 51.08 52.02 53.08 54.03 54.71 55.07 55.12 54.98 54.78 54.59 54.41 54.20 53.94 53.62 53.27 52.96 52.74 52.64 52.66 52.74 52.83 52.88 52.85 52.71 52.44 52.01 51.38 50.57 49.65 48.79 48.19 48.07 48.50 49.38 50.47 51.44 52.02 52.11 51.83 51.42 51.16 51.22 51.63 52.24 52.79 52.98 52.56 51.45 49.77 47.78 45.79 44.11 42.94 42.41 42.56 43.36 44.69 46.39 48.25 50.08 51.73 53.11 54.15 54.80 55.06 54.96 54.56 53.93 53.13 52.17 51.05 49.85 48.73 47.89 47.49 47.57 48.01 48.56 48.99 49.22 49.29 49.36 49.59 50.03 50.56 51.02 51.23 51.11 50.74 50.27 49.81 49.41 48.89 47.87 45.72 41.69 35.10 25.68 13.75 0.33 0.01 0.00 0.00 0.00 0.00 0.00 0.00 0.00 0.00 0.00 0.00 0.00 0.00 0.00 0.00 0.00 0.00 0.00 0.00 0.00 0.00 0.00 0.00 0.00 0.00 0.00 0.00 0.00 0.00 0.00 0.00 0.00 0.00 0.00 0.00 0.00 0.00 0.00 0.00 0.00 0.00 0.00 0.00 0.00 0.00 0.05 2.32 98.00 
11.00 31.51 38.41 42.51 45.42 47.35 48.39 48.74 48.65 48.35 47.96 47.57 47.23 46.99 46.92 47.07 47.41 47.91 48.51 49.13 49.69 50.06 50.14 49.85 49.27 48.56 47.94 47.62 47.66 47.97 48.35 48.60 48.65 48.54 48.44 48.54 48.98 49.81 50.95 52.27 53.57 54.67 55.39 55.63 55.32 54.51 53.35 52.07 50.93 50.13 49.80 49.94 50.50 51.36 52.34 53.27 54.01 54.48 54.66 54.63 54.47 54.24 53.96 53.60 53.18 52.71 52.27 51.94 51.77 51.77 51.90 52.11 52.33 52.52 52.67 52.75 52.71 52.47 51.96 51.15 50.13 49.11 48.37 48.15 48.55 49.46 50.60 51.59 52.14 52.18 51.82 51.35 51.06 51.16 51.66 52.42 53.14 53.48 53.18 52.12 50.40 48.27 46.07 44.12 42.71 42.02 42.12 42.98 44.47 46.35 48.38 50.31 51.98 53.30 54.23 54.76 54.91 54.72 54.27 53.62 52.84 51.94 50.94 49.89 48.93 48.20 47.83 47.82 48.06 48.35 48.52 48.54 48.49 48.53 48.78 49.27 49.87 50.40 50.69 50.68 50.44 50.10 49.79 49.52 49.11 48.16 46.06 42.04 35.44 25.94 13.90 0.33 0.01 0.00 0.00 0.00 0.00 0.00 0.00 0.00 0.00 0.00 0.00 0.00 0.00 0.00 0.00 0.00 0.00 0.00 0.00 0.00 0.00 0.00 0.00 0.00 0.00 0.00 0.00 0.00 0.00 0.00 0.00 0.00 0.00 0.00 0.00 0.00 0.00 0.00 0.00 0.00 0.00 0.00 0.00 0.00 0.00 0.05 1.95 83.00 
15.00 26.95 35.38 40.95 44.60 46.83 47.99 48.37 48.28 47.97 47.61 47.30 47.09 47.02 47.14 47.47 47.99 48.63 49.34 50.04 50.62 50.96 50.94 50.50 49.70 48.76 47.92 47.42 47.33 47.56 47.90 48.13 48.15 48.03 47.93 48.04 48.49 49.34 50.55 51.97 53.40 54.62 55.42 55.67 55.29 54.36 53.07 51.69 50.48 49.63 49.24 49.30 49.74 50.47 51.35 52.25 53.03 53.61 53.94 54.04 53.96 53.74 53.39 52.93 52.39 51.81 51.30 50.94 50.78 50.82 51.01 51.26 51.55 51.84 52.13 52.42 52.62 52.60 52.23 51.45 50.38 49.24 48.38 48.08 48.45 49.36 50.51 51.50 52.05 52.08 51.73 51.29 51.08 51.28 51.92 52.82 53.69 54.16 53.96 52.96 51.23 49.00 46.63 44.47 42.86 42.01 42.05 42.94 44.51 46.50 48.59 50.53 52.14 53.35 54.16 54.57 54.62 54.35 53.85 53.18 52.41 51.58 50.72 49.88 49.13 48.58 48.28 48.20 48.24 48.24 48.12 47.91 47.70 47.67 47.89 48.38 49.01 49.60 50.01 50.16 50.12 50.01 49.93 49.86 49.60 48.74 46.66 42.61 35.93 26.31 14.10 0.34 0.01 0.00 0.00 0.00 0.00 0.00 0.00 0.00 0.00 0.00 0.00 0.00 0.00 0.00 0.00 0.00 0.00 0.00 0.00 0.00 0.00 0.00 0.00 0.00 0.00 0.00 0.00 0.00 0.00 0.00 0.00 0.00 0.00 0.00 0.00 0.00 0.00 0.00 0.00 0.00 0.00 0.00 0.00 0.00 0.00 0.01 0.53 21.00 
13.00 25.54 34.55 40.45 44.24 46.54 47.75 48.18 48.13 47.85 47.53 47.28 47.15 47.19 47.41 47.83 48.41 49.11 49.85 50.57 51.15 51.47 51.39 50.85 49.94 48.86 47.89 47.27 47.09 47.23 47.49 47.65 47.63 47.49 47.38 47.49 47.94 48.80 50.02 51.47 52.95 54.21 55.03 55.24 54.80 53.79 52.43 51.01 49.79 48.94 48.51 48.50 48.83 49.44 50.22 51.08 51.91 52.60 53.08 53.33 53.35 53.19 52.85 52.36 51.77 51.15 50.58 50.17 49.96 49.96 50.10 50.32 50.60 50.93 51.34 51.81 52.22 52.39 52.14 51.40 50.28 49.07 48.14 47.79 48.13 49.03 50.16 51.14 51.70 51.76 51.50 51.18 51.10 51.45 52.22 53.26 54.26 54.86 54.77 53.84 52.14 49.89 47.44 45.16 43.41 42.46 42.44 43.30 44.87 46.84 48.88 50.72 52.19 53.26 53.92 54.21 54.17 53.83 53.27 52.56 51.79 51.03 50.32 49.70 49.21 48.87 48.67 48.56 48.41 48.14 47.74 47.28 46.91 46.76 46.91 47.36 47.99 48.64 49.18 49.55 49.77 49.96 50.17 50.34 50.25 49.47 47.40 43.29 36.49 26.71 14.31 0.34 0.01 0.00 0.00 0.00 0.00 0.00 0.00 0.00 0.00 0.00 0.00 0.00 0.00 0.00 0.00 0.00 0.00 0.00 0.00 0.00 0.00 0.00 0.00 0.00 0.00 0.00 0.00 0.00 0.00 0.00 0.00 0.00 0.00 0.00 0.00 0.00 0.00 0.00 0.00 0.00 0.00 0.00 0.00 0.00 0.00 0.01 0.45 19.00 
6.00 27.37 36.25 41.28 44.54 46.63 47.81 48.29 48.31 48.09 47.81 47.58 47.48 47.53 47.75 48.14 48.67 49.31 50.00 50.68 51.25 51.56 51.48 50.96 50.06 48.99 48.01 47.37 47.13 47.20 47.36 47.44 47.36 47.18 47.06 47.15 47.58 48.38 49.53 50.91 52.31 53.49 54.23 54.35 53.83 52.78 51.42 50.04 48.87 48.05 47.63 47.57 47.84 48.37 49.09 49.94 50.82 51.61 52.22 52.61 52.77 52.72 52.47 52.06 51.52 50.90 50.30 49.81 49.49 49.35 49.34 49.43 49.63 49.96 50.45 51.05 51.62 51.93 51.76 51.04 49.88 48.61 47.64 47.27 47.60 48.47 49.57 50.53 51.10 51.24 51.10 50.94 51.02 51.51 52.41 53.55 54.66 55.37 55.40 54.60 53.01 50.83 48.41 46.13 44.37 43.39 43.32 44.11 45.57 47.38 49.22 50.85 52.11 52.99 53.50 53.68 53.55 53.14 52.52 51.76 50.98 50.27 49.70 49.30 49.07 48.95 48.89 48.76 48.47 47.97 47.31 46.64 46.10 45.83 45.89 46.26 46.87 47.57 48.26 48.85 49.37 49.88 50.40 50.83 50.91 50.22 48.13 43.94 37.02 27.09 14.51 0.35 0.01 0.00 0.00 0.00 0.00 0.00 0.00 0.00 0.00 0.00 0.00 0.00 0.00 0.00 0.00 0.00 0.00 0.00 0.00 0.00 0.00 0.00 0.00 0.00 0.00 0.00 0.00 0.00 0.00 0.00 0.00 0.00 0.00 0.00 0.00 0.00 0.00 0.00 0.00 0.00 0.00 0.00 0.00 0.00 0.00 0.01 0.34 14.00 
50.00 41.44 41.36 43.27 45.36 47.04 48.15 48.71 48.84 48.70 48.46 48.22 48.07 48.05 48.17 48.42 48.80 49.28 49.84 50.43 50.95 51.29 51.30 50.92 50.18 49.28 48.44 47.87 47.64 47.64 47.70 47.68 47.52 47.31 47.16 47.22 47.57 48.24 49.21 50.37 51.54 52.51 53.06 53.05 52.46 51.40 50.10 48.83 47.77 47.05 46.69 46.65 46.91 47.42 48.13 48.99 49.91 50.78 51.50 52.01 52.32 52.42 52.35 52.10 51.68 51.13 50.51 49.92 49.42 49.05 48.82 48.72 48.79 49.08 49.60 50.30 50.96 51.34 51.20 50.45 49.25 47.94 46.95 46.56 46.88 47.73 48.79 49.73 50.34 50.57 50.59 50.60 50.84 51.44 52.41 53.60 54.76 55.57 55.74 55.10 53.69 51.69 49.44 47.30 45.63 44.70 44.61 45.29 46.54 48.07 49.59 50.89 51.87 52.52 52.87 52.94 52.74 52.28 51.60 50.81 50.02 49.36 48.92 48.72 48.73 48.83 48.90 48.78 48.38 47.70 46.85 46.00 45.33 44.95 44.91 45.21 45.78 46.54 47.36 48.17 48.97 49.77 50.57 51.23 51.47 50.83 48.72 44.45 37.41 27.36 14.65 0.35 0.01 0.00 0.00 0.00 0.00 0.00 0.00 0.00 0.00 0.00 0.00 0.00 0.00 0.00 0.00 0.00 0.00 0.00 0.00 0.00 0.00 0.00 0.00 0.00 0.00 0.00 0.00 0.00 0.00 0.00 0.00 0.00 0.00 0.00 0.00 0.00 0.00 0.00 0.00 0.00 0.00 0.00 0.00 0.00 0.00 0.01 0.50 20.00 
58.00 46.86 44.17 44.67 46.09 47.55 48.68 49.37 49.65 49.62 49.41 49.14 48.89 48.73 48.67 48.71 48.86 49.11 49.47 49.93 50.41 50.80 50.97 50.84 50.41 49.82 49.24 48.84 48.65 48.60 48.56 48.43 48.19 47.93 47.75 47.74 47.97 48.43 49.11 49.92 50.73 51.37 51.65 51.46 50.81 49.80 48.64 47.55 46.67 46.11 45.87 45.92 46.23 46.78 47.51 48.38 49.31 50.21 50.98 51.59 52.03 52.31 52.44 52.40 52.15 51.70 51.07 50.37 49.67 49.05 48.57 48.26 48.18 48.41 48.93 49.66 50.36 50.74 50.57 49.77 48.51 47.16 46.14 45.75 46.06 46.89 47.93 48.87 49.54 49.90 50.07 50.25 50.62 51.28 52.26 53.43 54.59 55.45 55.73 55.29 54.11 52.38 50.39 48.50 47.04 46.23 46.13 46.68 47.66 48.82 49.93 50.83 51.46 51.84 52.02 51.99 51.74 51.26 50.59 49.81 49.05 48.45 48.13 48.10 48.30 48.59 48.77 48.67 48.20 47.41 46.43 45.47 44.70 44.24 44.13 44.37 44.93 45.73 46.66 47.64 48.65 49.68 50.69 51.52 51.85 51.23 49.08 44.73 37.61 27.48 14.70 0.35 0.01 0.00 0.00 0.00 0.00 0.00 0.00 0.00 0.00 0.00 0.00 0.00 0.00 0.00 0.00 0.00 0.00 0.00 0.00 0.00 0.00 0.00 0.00 0.00 0.00 0.00 0.00 0.00 0.00 0.00 0.00 0.00 0.00 0.00 0.00 0.00 0.00 0.00 0.00 0.00 0.00 0.00 0.00 0.00 0.00 0.04 1.82 78.00 
51.00 43.78 43.67 44.94 46.51 48.02 49.27 50.15 50.61 50.70 50.54 50.22 49.87 49.54 49.26 49.05 48.93 48.92 49.05 49.35 49.78 50.25 50.63 50.82 50.79 50.59 50.35 50.16 50.05 49.96 49.81 49.56 49.24 48.93 48.71 48.62 48.69 48.89 49.21 49.59 49.95 50.18 50.14 49.78 49.10 48.21 47.26 46.42 45.79 45.44 45.38 45.57 45.99 46.60 47.35 48.20 49.10 49.95 50.70 51.34 51.86 52.29 52.60 52.74 52.66 52.31 51.70 50.91 50.06 49.23 48.53 48.03 47.83 47.98 48.48 49.19 49.87 50.20 49.95 49.07 47.75 46.36 45.31 44.91 45.22 46.05 47.10 48.09 48.84 49.34 49.67 49.99 50.45 51.13 52.06 53.16 54.24 55.08 55.44 55.16 54.23 52.80 51.14 49.56 48.36 47.71 47.64 48.05 48.75 49.52 50.18 50.64 50.90 50.99 50.97 50.84 50.58 50.15 49.55 48.86 48.19 47.69 47.48 47.59 47.94 48.35 48.62 48.54 48.05 47.21 46.18 45.18 44.38 43.88 43.74 43.97 44.53 45.35 46.34 47.40 48.52 49.67 50.79 51.69 52.04 51.41 49.20 44.78 37.60 27.44 14.67 0.35 0.01 0.00 0.00 0.00 0.00 0.00 0.00 0.00 0.00 0.00 0.00 0.00 0.00 0.00 0.00 0.00 0.00 0.00 0.00 0.00 0.00 0.00 0.00 0.00 0.00 0.00 0.00 0.00 0.00 0.00 0.00 0.00 0.00 0.00 0.00 0.00 0.00 0.00 0.00 0.00 0.00 0.00 0.00 0.00 0.00 0.03 1.43 59.00 
1.00 33.67 41.88 44.95 46.90 48.52 49.91 50.95 51.59 51.81 51.70 51.36 50.90 50.40 49.91 49.46 49.08 48.81 48.72 48.87 49.25 49.81 50.41 50.93 51.29 51.50 51.58 51.60 51.55 51.42 51.16 50.80 50.41 50.05 49.79 49.63 49.54 49.49 49.44 49.38 49.27 49.07 48.73 48.21 47.55 46.84 46.16 45.63 45.30 45.21 45.37 45.74 46.28 46.95 47.70 48.49 49.26 49.98 50.62 51.19 51.70 52.18 52.59 52.85 52.88 52.62 52.07 51.27 50.35 49.41 48.57 47.96 47.66 47.76 48.22 48.89 49.50 49.74 49.39 48.42 47.02 45.59 44.54 44.15 44.47 45.33 46.43 47.49 48.34 48.96 49.43 49.86 50.39 51.07 51.93 52.90 53.87 54.63 54.98 54.80 54.08 52.92 51.58 50.33 49.40 48.93 48.91 49.20 49.65 50.06 50.31 50.36 50.24 50.03 49.80 49.58 49.32 48.99 48.55 48.03 47.52 47.16 47.08 47.29 47.74 48.23 48.55 48.51 48.04 47.22 46.23 45.26 44.50 44.04 43.93 44.17 44.73 45.54 46.51 47.56 48.66 49.80 50.91 51.78 52.09 51.39 49.10 44.61 37.39 27.25 14.56 0.35 0.01 0.00 0.00 0.00 0.00 0.00 0.00 0.00 0.00 0.00 0.00 0.00 0.00 0.00 0.00 0.00 0.00 0.00 0.00 0.00 0.00 0.00 0.00 0.00 0.00 0.00 0.00 0.00 0.00 0.00 0.00 0.00 0.00 0.00 0.00 0.00 0.00 0.00 0.00 0.00 0.00 0.00 0.00 0.00 0.00 0.05 2.05 87.00 
74.00 48.18 45.50 46.36 47.73 49.19 50.57 51.71 52.47 52.80 52.75 52.40 51.87 51.25 50.60 49.95 49.35 48.87 48.60 48.63 48.98 49.61 50.40 51.19 51.86 52.38 52.71 52.87 52.84 52.64 52.28 51.83 51.37 50.99 50.71 50.50 50.29 50.04 49.70 49.26 48.76 48.19 47.58 46.95 46.35 45.84 45.46 45.26 45.26 45.45 45.84 46.40 47.07 47.79 48.50 49.16 49.74 50.23 50.66 51.04 51.43 51.84 52.22 52.49 52.57 52.39 51.92 51.21 50.34 49.42 48.56 47.91 47.58 47.65 48.08 48.70 49.22 49.36 48.90 47.84 46.40 44.96 43.93 43.58 43.94 44.84 46.00 47.13 48.06 48.77 49.32 49.83 50.40 51.09 51.89 52.76 53.58 54.20 54.48 54.32 53.72 52.78 51.71 50.74 50.06 49.76 49.79 50.02 50.28 50.41 50.33 50.01 49.55 49.04 48.59 48.25 48.02 47.82 47.59 47.32 47.04 46.86 46.90 47.20 47.70 48.23 48.58 48.60 48.22 47.51 46.63 45.80 45.15 44.78 44.74 45.01 45.56 46.31 47.17 48.09 49.06 50.07 51.06 51.82 52.02 51.20 48.82 44.26 37.02 26.94 14.38 0.34 0.01 0.00 0.00 0.00 0.00 0.00 0.00 0.00 0.00 0.00 0.00 0.00 0.00 0.00 0.00 0.00 0.00 0.00 0.00 0.00 0.00 0.00 0.00 0.00 0.00 0.00 0.00 0.00 0.00 0.00 0.00 0.00 0.00 0.00 0.00 0.00 0.00 0.00 0.00 0.00 0.00 0.00 0.00 0.00 0.00 0.04 1.67 69.00 
7.00 39.82 46.01 47.69 48.80 49.99 51.23 52.34 53.14 53.55 53.55 53.23 52.68 52.01 51.27 50.51 49.78 49.16 48.77 48.72 49.05 49.73 50.62 51.56 52.41 53.07 53.52 53.72 53.67 53.39 52.94 52.41 51.91 51.52 51.25 51.03 50.78 50.42 49.90 49.23 48.46 47.63 46.83 46.12 45.58 45.26 45.16 45.27 45.56 46.02 46.64 47.38 48.17 48.92 49.57 50.06 50.39 50.60 50.72 50.83 50.97 51.17 51.40 51.58 51.64 51.51 51.17 50.63 49.94 49.15 48.38 47.77 47.47 47.54 47.95 48.53 48.97 49.02 48.48 47.38 45.96 44.58 43.63 43.35 43.77 44.71 45.89 47.04 47.99 48.71 49.29 49.84 50.45 51.15 51.93 52.71 53.39 53.86 54.01 53.80 53.25 52.45 51.58 50.83 50.35 50.18 50.27 50.47 50.61 50.56 50.23 49.63 48.86 48.06 47.39 46.93 46.71 46.65 46.66 46.66 46.65 46.67 46.84 47.19 47.71 48.26 48.66 48.78 48.55 48.04 47.38 46.74 46.27 46.05 46.09 46.39 46.89 47.51 48.17 48.87 49.60 50.40 51.18 51.77 51.81 50.86 48.36 43.74 36.51 26.52 14.14 0.34 0.01 0.00 0.00 0.00 0.00 0.00 0.00 0.00 0.00 0.00 0.00 0.00 0.00 0.00 0.00 0.00 0.00 0.00 0.00 0.00 0.00 0.00 0.00 0.00 0.00 0.00 0.00 0.00 0.00 0.00 0.00 0.00 0.00 0.00 0.00 0.00 0.00 0.00 0.00 0.00 0.00 0.00 0.00 0.00 0.00 0.05 2.19 94.00 
92.00 58.37 51.54 50.14 50.20 50.88 51.82 52.78 53.54 53.96 54.01 53.74 53.24 52.59 51.86 51.08 50.31 49.64 49.21 49.12 49.43 50.10 51.01 51.96 52.82 53.48 53.89 54.04 53.92 53.57 53.05 52.47 51.95 51.56 51.31 51.13 50.91 50.56 50.02 49.29 48.42 47.47 46.55 45.79 45.28 45.07 45.16 45.49 46.02 46.71 47.52 48.42 49.31 50.09 50.66 50.99 51.07 50.96 50.74 50.50 50.31 50.22 50.20 50.20 50.17 50.08 49.89 49.58 49.13 48.56 47.96 47.47 47.24 47.35 47.78 48.33 48.73 48.72 48.16 47.11 45.79 44.56 43.75 43.58 44.04 44.98 46.12 47.20 48.09 48.76 49.30 49.83 50.46 51.19 51.96 52.68 53.24 53.56 53.58 53.29 52.75 52.05 51.33 50.74 50.40 50.34 50.46 50.64 50.71 50.53 50.04 49.23 48.21 47.15 46.25 45.65 45.42 45.49 45.73 46.00 46.24 46.45 46.72 47.11 47.63 48.19 48.66 48.93 48.93 48.69 48.32 47.94 47.67 47.59 47.72 48.01 48.41 48.83 49.24 49.65 50.10 50.64 51.19 51.56 51.42 50.33 47.73 43.06 35.87 26.01 13.85 0.33 0.01 0.00 0.00 0.00 0.00 0.00 0.00 0.00 0.00 0.00 0.00 0.00 0.00 0.00 0.00 0.00 0.00 0.00 0.00 0.00 0.00 0.00 0.00 0.00 0.00 0.00 0.00 0.00 0.00 0.00 0.00 0.00 0.00 0.00 0.00 0.00 0.00 0.00 0.00 0.00 0.00 0.00 0.00 0.00 0.00 0.02 0.69 27.00 
32.00 50.42 52.14 51.69 51.44 51.68 52.28 53.00 53.63 54.01 54.09 53.89 53.48 52.94 52.30 51.59 50.87 50.23 49.79 49.69 49.98 50.61 51.44 52.29 53.03 53.56 53.85 53.88 53.68 53.26 52.69 52.08 51.55 51.17 50.96 50.84 50.72 50.49 50.07 49.45 48.64 47.70 46.75 45.93 45.38 45.18 45.32 45.76 46.43 47.28 48.26 49.30 50.28 51.08 51.60 51.78 51.65 51.25 50.69 50.09 49.54 49.11 48.78 48.56 48.42 48.34 48.30 48.22 48.03 47.73 47.34 47.01 46.90 47.09 47.56 48.12 48.51 48.51 48.00 47.06 45.92 44.91 44.31 44.26 44.76 45.64 46.65 47.58 48.32 48.86 49.31 49.80 50.41 51.14 51.91 52.57 53.03 53.22 53.13 52.80 52.29 51.68 51.10 50.64 50.40 50.38 50.51 50.66 50.66 50.39 49.77 48.80 47.58 46.30 45.20 44.48 44.22 44.38 44.80 45.30 45.74 46.10 46.43 46.82 47.32 47.90 48.47 48.94 49.22 49.29 49.23 49.11 49.04 49.09 49.26 49.50 49.75 49.95 50.07 50.18 50.35 50.62 50.95 51.12 50.82 49.59 46.91 42.24 35.12 25.43 13.53 0.32 0.01 0.00 0.00 0.00 0.00 0.00 0.00 0.00 0.00 0.00 0.00 0.00 0.00 0.00 0.00 0.00 0.00 0.00 0.00 0.00 0.00 0.00 0.00 0.00 0.00 0.00 0.00 0.00 0.00 0.00 0.00 0.00 0.00 0.00 0.00 0.00 0.00 0.00 0.00 0.00 0.00 0.00 0.00 0.00 0.00 0.03 1.36 58.00 
76.00 59.41 55.36 53.55 52.62 52.35 52.55 52.99 53.43 53.73 53.82 53.70 53.42 53.02 52.52 51.94 51.32 50.75 50.36 50.27 50.52 51.07 51.77 52.47 53.02 53.37 53.49 53.40 53.11 52.65 52.05 51.42 50.88 50.50 50.33 50.29 50.31 50.28 50.11 49.73 49.11 48.27 47.33 46.44 45.78 45.47 45.54 45.97 46.69 47.64 48.74 49.88 50.93 51.76 52.26 52.36 52.07 51.45 50.61 49.69 48.80 48.04 47.42 46.98 46.71 46.63 46.68 46.79 46.85 46.79 46.64 46.50 46.53 46.82 47.35 47.95 48.37 48.40 47.99 47.22 46.33 45.58 45.20 45.28 45.77 46.53 47.35 48.07 48.60 48.97 49.30 49.72 50.29 50.99 51.71 52.31 52.68 52.78 52.64 52.33 51.90 51.43 50.99 50.66 50.49 50.47 50.56 50.63 50.54 50.17 49.45 48.35 46.98 45.53 44.28 43.45 43.17 43.39 43.95 44.61 45.19 45.62 45.96 46.31 46.77 47.36 48.04 48.71 49.26 49.65 49.87 49.98 50.08 50.21 50.38 50.54 50.61 50.57 50.42 50.25 50.17 50.23 50.37 50.39 49.96 48.66 45.96 41.33 34.34 24.85 13.21 0.32 0.01 0.00 0.00 0.00 0.00 0.00 0.00 0.00 0.00 0.00 0.00 0.00 0.00 0.00 0.00 0.00 0.00 0.00 0.00 0.00 0.00 0.00 0.00 0.00 0.00 0.00 0.00 0.00 0.00 0.00 0.00 0.00 0.00 0.00 0.00 0.00 0.00 0.00 0.00 0.00 0.00 0.00 0.00 0.00 0.00 0.03 1.25 53.00 
39.00 56.10 56.74 55.01 53.56 52.80 52.62 52.78 53.04 53.24 53.33 53.28 53.12 52.87 52.51 52.07 51.57 51.09 50.76 50.68 50.90 51.36 51.93 52.46 52.84 53.01 52.98 52.79 52.44 51.94 51.33 50.69 50.12 49.75 49.60 49.66 49.85 50.07 50.19 50.11 49.74 49.07 48.16 47.20 46.38 45.88 45.78 46.10 46.79 47.78 48.94 50.15 51.26 52.12 52.62 52.69 52.33 51.58 50.55 49.40 48.25 47.22 46.37 45.74 45.36 45.24 45.35 45.59 45.82 45.97 46.02 46.07 46.25 46.66 47.25 47.88 48.33 48.41 48.10 47.51 46.85 46.36 46.18 46.36 46.82 47.42 48.00 48.47 48.79 49.01 49.24 49.58 50.09 50.73 51.38 51.89 52.19 52.25 52.13 51.90 51.61 51.32 51.04 50.82 50.69 50.65 50.65 50.60 50.39 49.91 49.08 47.88 46.40 44.86 43.52 42.64 42.36 42.64 43.28 44.03 44.67 45.11 45.40 45.66 46.04 46.62 47.37 48.21 49.00 49.63 50.08 50.38 50.59 50.76 50.90 50.94 50.84 50.56 50.16 49.77 49.49 49.39 49.40 49.34 48.88 47.58 44.95 40.44 33.61 24.33 12.94 0.31 0.01 0.00 0.00 0.00 0.00 0.00 0.00 0.00 0.00 0.00 0.00 0.00 0.00 0.00 0.00 0.00 0.00 0.00 0.00 0.00 0.00 0.00 0.00 0.00 0.00 0.00 0.00 0.00 0.00 0.00 0.00 0.00 0.00 0.00 0.00 0.00 0.00 0.00 0.00 0.00 0.00 0.00 0.00 0.00 0.00 0.01 0.39 15.00 
96.00 69.49 60.91 56.66 54.25 52.99 52.49 52.43 52.54 52.68 52.76 52.77 52.70 52.55 52.30 51.96 51.57 51.19 50.93 50.88 51.07 51.45 51.91 52.30 52.54 52.59 52.47 52.20 51.81 51.29 50.67 50.03 49.46 49.08 48.98 49.14 49.50 49.95 50.36 50.58 50.46 49.94 49.08 48.04 47.05 46.33 46.03 46.19 46.79 47.76 48.94 50.19 51.32 52.20 52.71 52.79 52.43 51.65 50.55 49.27 47.98 46.79 45.80 45.05 44.58 44.42 44.54 44.83 45.18 45.47 45.69 45.90 46.21 46.69 47.33 47.96 48.40 48.50 48.26 47.79 47.32 47.02 47.00 47.23 47.62 48.04 48.39 48.62 48.76 48.87 49.03 49.33 49.79 50.36 50.94 51.38 51.64 51.71 51.65 51.54 51.43 51.31 51.19 51.07 50.96 50.86 50.75 50.57 50.22 49.62 48.69 47.41 45.89 44.31 42.97 42.12 41.87 42.20 42.90 43.69 44.33 44.72 44.91 45.05 45.32 45.83 46.59 47.51 48.43 49.23 49.83 50.25 50.53 50.72 50.80 50.72 50.44 49.94 49.33 48.74 48.31 48.11 48.08 48.01 47.61 46.43 43.96 39.64 33.02 23.94 12.75 0.31 0.01 0.00 0.00 0.00 0.00 0.00 0.00 0.00 0.00 0.00 0.00 0.00 0.00 0.00 0.00 0.00 0.00 0.00 0.00 0.00 0.00 0.00 0.00 0.00 0.00 0.00 0.00 0.00 0.00 0.00 0.00 0.00 0.00 0.00 0.00 0.00 0.00 0.00 0.00 0.00 0.00 0.00 0.00 0.00 0.00 0.02 0.91 39.00 
57.00 65.21 61.21 57.04 54.29 52.80 52.16 51.99 52.05 52.18 52.28 52.33 52.31 52.20 52.00 51.72 51.39 51.10 50.91 50.90 51.07 51.38 51.73 52.03 52.18 52.16 52.00 51.72 51.32 50.81 50.20 49.57 49.03 48.69 48.64 48.89 49.39 50.03 50.64 51.05 51.11 50.71 49.88 48.80 47.68 46.78 46.27 46.27 46.76 47.66 48.82 50.04 51.16 52.03 52.55 52.66 52.34 51.62 50.56 49.30 47.99 46.78 45.74 44.95 44.45 44.25 44.35 44.66 45.06 45.45 45.78 46.10 46.48 46.99 47.60 48.18 48.56 48.62 48.38 47.97 47.60 47.42 47.48 47.72 48.01 48.24 48.36 48.40 48.41 48.47 48.62 48.92 49.36 49.89 50.41 50.83 51.08 51.19 51.23 51.26 51.30 51.34 51.34 51.30 51.19 51.03 50.81 50.48 50.00 49.29 48.28 46.97 45.45 43.93 42.67 41.90 41.75 42.14 42.88 43.68 44.29 44.61 44.68 44.68 44.81 45.19 45.87 46.76 47.70 48.55 49.22 49.70 50.02 50.20 50.22 50.02 49.56 48.87 48.06 47.30 46.75 46.49 46.46 46.49 46.24 45.28 43.06 39.00 32.61 23.72 12.65 0.30 0.01 0.00 0.00 0.00 0.00 0.00 0.00 0.00 0.00 0.00 0.00 0.00 0.00 0.00 0.00 0.00 0.00 0.00 0.00 0.00 0.00 0.00 0.00 0.00 0.00 0.00 0.00 0.00 0.00 0.00 0.00 0.00 0.00 0.00 0.00 0.00 0.00 0.00 0.00 0.00 0.00 0.00 0.00 0.00 0.00 0.01 0.55 23.00 
99.00 73.46 62.23 56.60 53.67 52.23 51.64 51.53 51.63 51.81 51.97 52.06 52.06 51.95 51.74 51.47 51.19 50.96 50.84 50.85 50.99 51.22 51.47 51.67 51.77 51.73 51.58 51.32 50.97 50.51 49.97 49.41 48.94 48.67 48.69 49.01 49.58 50.28 50.96 51.43 51.54 51.19 50.39 49.30 48.12 47.11 46.48 46.34 46.71 47.52 48.61 49.78 50.84 51.66 52.16 52.29 52.04 51.42 50.48 49.36 48.18 47.07 46.11 45.36 44.86 44.64 44.71 45.02 45.46 45.91 46.32 46.69 47.09 47.56 48.07 48.53 48.78 48.74 48.44 48.02 47.68 47.54 47.62 47.81 47.98 48.03 47.95 47.82 47.75 47.79 47.97 48.30 48.76 49.28 49.79 50.21 50.50 50.69 50.84 50.98 51.14 51.29 51.39 51.39 51.28 51.07 50.76 50.32 49.72 48.92 47.86 46.56 45.12 43.73 42.62 42.01 41.97 42.45 43.22 44.02 44.60 44.86 44.84 44.71 44.67 44.88 45.39 46.14 46.99 47.78 48.44 48.93 49.26 49.42 49.36 49.04 48.41 47.53 46.54 45.62 44.96 44.67 44.71 44.89 44.88 44.22 42.32 38.55 32.40 23.65 12.65 0.30 0.01 0.00 0.00 0.00 0.00 0.00 0.00 0.00 0.00 0.00 0.00 0.00 0.00 0.00 0.00 0.00 0.00 0.00 0.00 0.00 0.00 0.00 0.00 0.00 0.00 0.00 0.00 0.00 0.00 0.00 0.00 0.00 0.00 0.00 0.00 0.00 0.00 0.00 0.00 0.00 0.00 0.00 0.00 0.00 0.00 0.00 0.13 5.00 
95.00 67.74 58.20 54.11 52.15 51.25 50.97 51.04 51.28 51.58 51.83 51.99 52.00 51.87 51.62 51.34 51.09 50.91 50.84 50.85 50.93 51.05 51.17 51.25 51.28 51.24 51.13 50.95 50.70 50.37 49.97 49.56 49.22 49.06 49.15 49.47 50.00 50.62 51.20 51.59 51.64 51.26 50.48 49.42 48.27 47.26 46.57 46.34 46.61 47.32 48.32 49.41 50.40 51.15 51.59 51.71 51.50 50.99 50.24 49.34 48.39 47.49 46.69 46.03 45.57 45.34 45.40 45.71 46.19 46.70 47.18 47.59 47.96 48.34 48.71 48.99 49.08 48.90 48.51 48.04 47.68 47.52 47.57 47.68 47.70 47.57 47.30 47.04 46.89 46.92 47.14 47.51 47.98 48.51 49.03 49.48 49.85 50.13 50.38 50.63 50.88 51.11 51.27 51.31 51.21 50.96 50.57 50.05 49.36 48.50 47.44 46.22 44.92 43.72 42.82 42.39 42.49 43.04 43.84 44.63 45.20 45.43 45.36 45.14 44.95 44.97 45.27 45.80 46.46 47.12 47.69 48.13 48.43 48.54 48.41 47.96 47.19 46.14 44.98 43.91 43.16 42.86 43.00 43.38 43.65 43.32 41.76 38.29 32.35 23.71 12.71 0.30 0.01 0.00 0.00 0.00 0.00 0.00 0.00 0.00 0.00 0.00 0.00 0.00 0.00 0.00 0.00 0.00 0.00 0.00 0.00 0.00 0.00 0.00 0.00 0.00 0.00 0.00 0.00 0.00 0.00 0.00 0.00 0.00 0.00 0.00 0.00 0.00 0.00 0.00 0.00 0.00 0.00 0.00 0.00 0.00 0.00 0.00 0.06 1.00 
26.00 44.59 49.25 50.09 50.08 50.05 50.19 50.51 50.95 51.41 51.80 52.03 52.07 51.93 51.66 51.36 51.13 51.00 50.95 50.93 50.92 50.89 50.84 50.78 50.71 50.65 50.58 50.52 50.42 50.29 50.12 49.93 49.79 49.76 49.87 50.12 50.49 50.89 51.25 51.44 51.36 50.93 50.18 49.20 48.14 47.19 46.52 46.24 46.43 47.05 47.96 48.97 49.87 50.53 50.89 50.96 50.76 50.35 49.78 49.14 48.48 47.85 47.26 46.73 46.29 46.06 46.09 46.41 46.94 47.55 48.11 48.58 48.93 49.22 49.45 49.57 49.49 49.19 48.70 48.19 47.80 47.61 47.59 47.58 47.45 47.12 46.67 46.27 46.03 46.04 46.26 46.63 47.10 47.61 48.14 48.64 49.08 49.47 49.82 50.16 50.49 50.79 51.01 51.08 50.99 50.71 50.26 49.66 48.92 48.05 47.05 45.96 44.87 43.91 43.24 42.99 43.19 43.78 44.57 45.36 45.94 46.19 46.12 45.85 45.55 45.39 45.46 45.75 46.19 46.66 47.09 47.44 47.66 47.70 47.48 46.93 46.04 44.86 43.55 42.37 41.55 41.26 41.50 42.10 42.67 42.67 41.43 38.23 32.46 23.87 12.82 0.31 0.01 0.00 0.00 0.00 0.00 0.00 0.00 0.00 0.00 0.00 0.00 0.00 0.00 0.00 0.00 0.00 0.00 0.00 0.00 0.00 0.00 0.00 0.00 0.00 0.00 0.00 0.00 0.00 0.00 0.00 0.00 0.00 0.00 0.00 0.00 0.00 0.00 0.00 0.00 0.00 0.00 0.00 0.00 0.00 0.00 0.03 1.31 56.00 
5.00 35.60 44.48 47.35 48.40 48.93 49.39 49.93 50.56 51.18 51.71 52.04 52.14 52.02 51.75 51.47 51.26 51.16 51.12 51.06 50.93 50.74 50.51 50.28 50.08 49.96 49.92 49.95 50.03 50.15 50.27 50.38 50.47 50.55 50.63 50.73 50.84 50.95 51.04 51.03 50.83 50.39 49.70 48.84 47.92 47.07 46.42 46.09 46.18 46.70 47.51 48.44 49.27 49.85 50.12 50.12 49.91 49.57 49.17 48.77 48.41 48.07 47.70 47.27 46.84 46.53 46.49 46.79 47.37 48.09 48.80 49.37 49.78 50.06 50.23 50.26 50.08 49.69 49.16 48.64 48.26 48.06 47.96 47.81 47.48 46.94 46.30 45.74 45.41 45.35 45.51 45.82 46.23 46.70 47.21 47.74 48.26 48.75 49.19 49.62 50.03 50.40 50.67 50.79 50.69 50.36 49.83 49.16 48.39 47.55 46.67 45.80 44.98 44.29 43.84 43.71 43.93 44.48 45.23 46.00 46.61 46.92 46.89 46.59 46.20 45.89 45.79 45.89 46.14 46.42 46.68 46.87 46.97 46.91 46.60 45.97 45.00 43.74 42.36 41.11 40.27 40.02 40.40 41.22 42.07 42.36 41.38 38.38 32.71 24.12 12.97 0.31 0.01 0.00 0.00 0.00 0.00 0.00 0.00 0.00 0.00 0.00 0.00 0.00 0.00 0.00 0.00 0.00 0.00 0.00 0.00 0.00 0.00 0.00 0.00 0.00 0.00 0.00 0.00 0.00 0.00 0.00 0.00 0.00 0.00 0.00 0.00 0.00 0.00 0.00 0.00 0.00 0.00 0.00 0.00 0.00 0.00 0.03 1.45 61.00 
75.00 48.47 45.91 46.65 47.42 48.01 48.57 49.24 50.00 50.76 51.40 51.84 52.04 51.99 51.77 51.49 51.30 51.22 51.17 51.05 50.85 50.54 50.17 49.79 49.47 49.26 49.20 49.27 49.47 49.81 50.24 50.70 51.05 51.22 51.21 51.07 50.88 50.70 50.60 50.53 50.37 50.01 49.45 48.75 47.98 47.20 46.50 46.03 45.94 46.28 46.99 47.85 48.63 49.15 49.35 49.31 49.12 48.85 48.57 48.35 48.25 48.20 48.06 47.71 47.19 46.68 46.46 46.64 47.20 48.02 48.91 49.69 50.26 50.68 50.96 51.06 50.89 50.48 49.96 49.52 49.25 49.10 48.93 48.60 48.02 47.22 46.34 45.62 45.18 45.01 45.06 45.25 45.56 45.94 46.41 46.97 47.58 48.16 48.68 49.18 49.67 50.10 50.41 50.53 50.38 49.94 49.29 48.53 47.72 46.94 46.25 45.70 45.25 44.85 44.55 44.43 44.55 44.93 45.55 46.31 46.99 47.41 47.43 47.11 46.62 46.20 46.01 46.03 46.18 46.32 46.38 46.36 46.28 46.10 45.70 45.02 44.04 42.79 41.42 40.19 39.40 39.25 39.81 40.87 41.98 42.50 41.69 38.78 33.12 24.45 13.15 0.32 0.01 0.00 0.00 0.00 0.00 0.00 0.00 0.00 0.00 0.00 0.00 0.00 0.00 0.00 0.00 0.00 0.00 0.00 0.00 0.00 0.00 0.00 0.00 0.00 0.00 0.00 0.00 0.00 0.00 0.00 0.00 0.00 0.00 0.00 0.00 0.00 0.00 0.00 0.00 0.00 0.00 0.00 0.00 0.00 0.00 0.04 1.65 69.00 
8.00 37.37 44.05 45.94 46.65 47.11 47.63 48.34 49.20 50.02 50.76 51.31 51.68 51.80 51.62 51.29 51.03 50.90 50.81 50.64 50.41 50.09 49.72 49.33 48.94 48.67 48.55 48.54 48.72 49.17 49.91 50.77 51.41 51.62 51.43 50.97 50.46 50.08 50.00 50.21 50.39 50.30 49.93 49.44 48.80 48.00 47.09 46.26 45.77 45.82 46.37 47.20 47.95 48.46 48.63 48.65 48.57 48.39 48.15 48.01 48.13 48.41 48.55 48.27 47.53 46.62 45.98 45.85 46.23 47.08 48.20 49.28 50.13 50.90 51.60 52.03 52.00 51.61 51.13 50.87 50.89 50.92 50.70 50.12 49.23 48.08 46.87 45.97 45.43 45.16 45.03 45.06 45.24 45.52 45.94 46.52 47.27 47.97 48.51 49.02 49.58 50.04 50.34 50.45 50.17 49.48 48.59 47.66 46.80 46.07 45.64 45.56 45.63 45.56 45.31 45.04 44.82 44.84 45.26 46.04 46.92 47.53 47.63 47.23 46.55 46.02 45.87 46.01 46.21 46.31 46.13 45.79 45.49 45.17 44.68 44.00 43.07 41.93 40.66 39.58 38.96 39.01 39.81 41.20 42.57 43.20 42.44 39.53 33.77 24.89 13.38 0.32 0.01 0.00 0.00 0.00 0.00 0.00 0.00 0.00 0.00 0.00 0.00 0.00 0.00 0.00 0.00 0.00 0.00 0.00 0.00 0.00 0.00 0.00 0.00 0.00 0.00 0.00 0.00 0.00 0.00 0.00 0.00 0.00 0.00 0.00 0.00 0.00 0.00 0.00 0.00 0.00 0.00 0.00 0.00 0.00 0.00 0.05 2.18 94.00 
61.00 48.91 46.89 46.30 46.02 46.10 46.44 47.15 48.16 48.93 49.73 50.38 51.08 51.56 51.39 50.77 50.23 49.92 49.70 49.38 49.23 49.09 48.97 48.88 48.55 48.33 48.21 47.92 47.79 48.12 49.11 50.60 51.64 51.76 51.23 50.29 49.44 48.93 49.22 50.29 51.35 51.72 51.55 51.38 50.89 49.94 48.55 46.91 45.68 45.21 45.61 46.54 47.29 47.90 48.02 48.23 48.46 48.49 48.11 47.79 48.09 48.86 49.55 49.41 48.26 46.50 45.12 44.43 44.33 45.05 46.48 48.03 49.18 50.56 52.17 53.35 53.57 53.08 52.56 52.59 53.28 53.74 53.50 52.53 51.22 49.58 47.81 46.75 46.22 45.88 45.48 45.28 45.41 45.54 45.91 46.51 47.59 48.47 48.85 49.25 49.95 50.35 50.56 50.68 50.18 48.93 47.60 46.38 45.44 44.62 44.46 45.14 46.09 46.44 46.02 45.44 44.50 43.83 43.92 44.89 46.28 47.38 47.55 46.98 45.81 45.09 45.23 45.78 46.29 46.51 45.96 45.07 44.48 44.07 43.46 42.80 42.00 41.09 39.95 39.18 38.92 39.29 40.44 42.39 44.07 44.66 43.77 40.77 34.80 25.52 13.66 0.33 0.01 0.00 0.00 0.00 0.00 0.00 0.00 0.00 0.00 0.00 0.00 0.00 0.00 0.00 0.00 0.00 0.00 0.00 0.00 0.00 0.00 0.00 0.00 0.00 0.00 0.00 0.00 0.00 0.00 0.00 0.00 0.00 0.00 0.00 0.00 0.00 0.00 0.00 0.00 0.00 0.00 0.00 0.00 0.00 0.00 0.00 0.15 4.00 
46.00 50.29 48.13 46.16 44.86 44.70 44.76 45.51 47.06 47.38 48.39 48.97 50.37 51.78 51.44 49.89 48.66 47.98 47.57 46.72 46.86 47.13 47.62 48.46 48.21 48.33 48.55 47.56 46.63 46.37 47.51 50.36 52.14 51.82 50.69 48.89 47.66 46.87 47.88 50.95 53.83 54.76 54.36 54.92 54.65 53.44 51.24 47.96 45.44 44.15 44.50 46.04 46.69 47.73 47.36 48.06 49.04 49.57 48.57 47.42 47.88 49.60 51.58 51.82 49.95 46.38 43.87 42.44 41.27 41.56 43.68 46.16 47.12 49.37 52.86 55.57 55.97 54.88 53.85 54.24 56.56 57.96 57.65 55.84 54.12 51.87 48.78 47.81 47.58 47.34 46.32 45.79 46.20 46.01 46.34 46.70 48.74 50.07 49.68 49.65 50.98 51.09 50.95 51.42 50.68 48.10 46.10 44.38 43.51 42.08 42.04 44.08 46.87 47.78 46.59 45.77 43.35 41.33 40.89 42.46 45.09 47.36 47.52 46.74 44.17 42.99 43.98 45.52 46.63 47.49 46.13 43.97 43.15 42.95 41.96 41.38 40.72 40.36 39.05 38.89 39.22 40.04 41.46 44.75 46.92 47.06 45.79 42.79 36.58 26.41 14.04 0.34 0.01 0.00 0.00 0.00 0.00 0.00 0.00 0.00 0.00 0.00 0.00 0.00 0.00 0.00 0.00 0.00 0.00 0.00 0.00 0.00 0.00 0.00 0.00 0.00 0.00 0.00 0.00 0.00 0.00 0.00 0.00 0.00 0.00 0.00 0.00 0.00 0.00 0.00 0.00 0.00 0.00 0.00 0.00 0.00 0.00 0.01 0.26 10.00 
72.00 58.02 49.02 45.13 42.36 42.91 42.26 42.92 46.96 44.83 47.16 46.50 49.54 53.69 52.67 48.44 46.00 44.87 44.63 41.65 42.99 43.79 45.12 48.77 47.54 48.56 50.59 47.62 45.07 43.24 43.96 50.72 54.14 52.00 50.12 46.35 45.06 42.92 44.73 52.37 59.05 60.13 57.34 60.46 60.49 58.98 55.91 48.96 44.50 41.80 42.39 46.51 45.69 49.01 45.81 47.96 50.57 52.76 49.70 45.87 46.72 50.32 55.56 56.62 53.73 45.63 41.89 40.30 36.51 35.70 39.72 44.96 43.04 46.44 54.10 60.06 60.01 56.86 54.10 54.45 61.31 64.47 63.88 59.62 58.13 55.62 48.35 48.84 49.62 50.20 47.24 45.89 48.18 46.59 47.39 45.87 51.20 53.91 50.62 49.07 53.52 52.24 50.76 53.23 52.74 46.30 43.85 41.05 41.60 37.58 36.96 41.74 49.03 50.74 46.27 47.09 41.12 36.44 34.98 38.14 43.50 48.76 47.85 47.83 40.84 38.53 42.12 45.71 47.27 50.76 47.17 41.57 41.18 42.51 39.88 39.80 38.92 40.48 37.14 38.59 39.90 41.27 41.72 49.04 52.11 50.46 48.36 46.15 40.13 27.52 14.52 0.39 0.06 0.02 0.05 0.02 0.04 0.04 0.01 0.02 0.04 0.02 0.03 0.02 0.02 0.00 0.01 0.02 0.00 0.02 0.04 0.02 0.04 0.05 0.05 0.02 0.02 0.02 0.05 0.03 0.05 0.03 0.05 0.05 0.04 0.04 0.05 0.03 0.02 0.01 0.05 0.04 0.03 0.04 0.03 0.04 0.02 0.05 1.08 45.00 
76.00 60.68 44.65 42.81 36.37 42.18 38.33 36.80 52.87 37.64 48.77 40.23 47.64 60.84 57.13 45.06 41.59 40.06 43.34 31.03 38.40 38.84 39.50 53.53 44.54 48.00 58.00 47.61 43.04 37.61 34.19 54.08 61.21 51.36 50.92 40.88 43.02 34.98 35.94 55.15 70.50 70.12 55.25 69.99 68.72 66.85 65.10 47.99 42.18 36.44 36.93 52.00 40.64 56.91 39.07 47.69 52.91 61.61 52.01 39.94 43.02 49.54 63.90 65.60 63.01 40.87 38.02 40.48 28.67 24.63 33.99 50.35 33.14 38.91 56.91 70.56 67.28 58.64 51.52 48.49 70.19 75.16 74.21 61.06 63.65 64.67 40.71 50.15 52.39 57.07 46.96 42.78 54.49 45.27 51.26 38.64 56.69 64.13 50.09 42.76 61.97 53.69 46.59 57.85 60.47 40.13 41.54 33.90 43.74 29.15 25.95 36.32 56.26 59.37 40.15 54.63 36.94 27.64 23.74 30.92 41.40 55.83 46.88 55.63 32.66 28.13 40.30 48.01 46.11 61.28 50.36 34.10 37.56 46.06 35.21 38.90 34.57 45.41 30.57 38.78 41.14 44.23 35.93 58.23 62.30 54.02 50.19 51.92 48.62 27.55 15.24 2.41 2.19 0.73 1.97 0.90 1.60 1.56 0.19 0.61 1.81 0.96 1.27 0.73 0.75 0.19 0.41 0.99 0.18 0.70 1.79 0.99 1.68 1.97 1.93 1.01 0.68 0.90 2.10 1.28 2.08 1.37 2.26 2.05 1.73 1.88 2.05 1.20 0.72 0.52 2.19 1.62 1.12 1.51 1.39 1.71 0.73 1.21 2.26 28.00 
82.00 64.00 26.00 45.00 18.00 51.00 32.00 13.00 90.00 4.00 70.00 18.00 40.00 85.00 70.00 33.00 35.00 30.00 57.00 0.00 40.00 33.00 20.00 81.00 29.00 41.00 86.00 42.00 42.00 30.00 1.00 70.00 85.00 41.00 61.00 23.00 51.00 18.00 9.00 62.00 98.00 95.00 24.00 96.00 78.00 75.00 90.00 36.00 40.00 25.00 17.00 84.00 8.00 99.00 6.00 51.00 52.00 89.00 57.00 19.00 36.00 41.00 85.00 79.00 92.00 17.00 29.00 55.00 13.00 0.00 21.00 89.00 0.00 19.00 64.00 98.00 80.00 59.00 45.00 18.00 96.00 92.00 97.00 47.00 71.00 99.00 0.00 59.00 53.00 79.00 41.00 24.00 82.00 29.00 74.00 1.00 73.00 96.00 43.00 10.00 98.00 54.00 24.00 71.00 91.00 12.00 48.00 9.00 70.00 9.00 1.00 21.00 80.00 90.00 0.00 94.00 24.00 13.00 1.00 20.00 35.00 86.00 28.00 95.00 6.00 1.00 43.00 60.00 28.00 98.00 59.00 7.00 29.00 69.00 16.00 46.00 15.00 76.00 1.00 45.00 42.00 59.00 0.00 86.00 85.00 53.00 46.00 62.00 74.00 18.00 16.00 88.00 93.00 28.00 85.00 36.00 68.00 67.00 6.00 25.00 78.00 39.00 54.00 30.00 32.00 7.00 17.00 43.00 6.00 29.00 77.00 40.00 71.00 83.00 82.00 42.00 28.00 37.00 90.00 52.00 89.00 56.00 96.00 86.00 72.00 79.00 87.00 50.00 30.00 20.00 94.00 68.00 46.00 64.00 58.00 73.00 29.00 50.00 69.00 51.00 

