200 200 3
43.00 53.33 48.33 38.00 73.67 19.67 18.33 45.00 64.00 43.00 45.00 36.67 69.00 53.33 71.33 54.67 50.67 35.00 60.67 43.00 45.67 26.00 37.67 70.67 37.67 37.67 36.33 41.33 39.00 51.00 38.67 66.67 30.33 47.33 45.33 77.33 35.67 50.33 58.33 59.67 70.33 57.00 16.33 56.33 67.00 42.67 54.00 42.00 48.67 40.00 88.33 32.00 51.33 18.33 40.33 52.67 42.00 65.00 61.33 43.00 58.00 57.00 68.00 44.00 25.00 29.00 58.33 69.67 66.00 66.33 41.67 27.67 48.67 42.67 79.33 48.00 43.00 79.33 50.33 59.00 63.33 23.67 44.33 37.67 52.00 27.67 21.33 54.67 35.33 47.33 14.00 72.33 34.00 46.00 51.67 64.67 62.00 55.00 42.33 34.33 35.67 36.67 57.00 62.00 70.33 44.67 37.00 53.67 38.33 72.00 79.67 20.67 43.00 52.33 36.00 21.33 35.00 55.67 43.00 43.00 27.33 43.00 70.33 26.33 63.67 31.67 43.00 40.00 53.67 7.67 31.33 53.33 63.67 55.00 43.33 77.33 37.67 39.33 58.33 40.33 66.00 65.00 63.00 18.33 34.33 45.33 19.00 62.67 27.33 54.33 55.33 70.33 35.00 33.33 36.33 61.67 26.67 35.67 44.67 34.67 32.67 57.00 42.00 83.33 38.67 52.67 36.67 59.33 53.33 35.00 46.00 41.33 51.33 51.00 21.33 13.33 53.67 22.67 35.33 31.33 64.00 53.67 29.67 66.67 66.00 51.00 61.67 37.67 23.33 60.33 19.00 25.00 33.67 63.33 55.33 42.67 59.00 43.33 39.00 61.00 
51.67 51.70 48.91 46.29 50.94 37.10 35.29 43.95 50.70 47.14 46.95 47.31 56.07 55.40 58.71 53.99 50.22 45.99 50.31 46.10 44.19 39.50 43.57 51.56 44.36 42.15 41.58 43.07 43.91 47.26 46.47 51.76 44.49 47.75 50.16 57.10 48.67 51.26 54.73 56.60 58.25 52.20 42.03 50.93 54.81 49.58 50.33 47.63 48.89 49.62 59.13 46.37 45.63 37.94 43.15 48.24 48.82 55.21 54.91 50.73 53.65 54.20 54.68 46.16 39.12 41.22 51.69 58.03 58.32 55.99 47.24 42.36 47.37 49.85 58.87 52.95 52.25 60.21 54.58 54.50 52.28 41.35 43.42 42.67 44.54 38.28 37.11 45.00 42.33 43.33 38.19 50.74 44.83 47.54 51.21 55.70 55.24 51.57 45.96 42.17 42.22 44.78 52.27 56.23 57.50 50.01 46.76 50.19 49.66 58.61 58.75 43.28 44.98 46.17 40.71 36.33 40.52 46.75 44.81 43.47 40.45 45.72 52.28 43.97 49.68 42.87 43.70 43.04 43.36 32.73 38.72 47.95 53.22 52.13 50.54 56.71 47.67 46.91 51.44 49.88 56.45 56.70 52.31 39.10 40.04 42.12 38.37 47.84 43.17 50.09 52.97 54.98 45.08 42.00 43.13 47.88 39.95 40.64 42.74 41.06 42.25 49.52 50.20 58.94 49.53 49.79 46.88 51.63 49.89 44.81 46.10 45.57 47.19 44.58 34.92 32.30 40.92 35.94 38.88 41.53 51.00 50.01 46.10 55.41 56.78 52.85 52.08 43.85 39.07 44.79 35.38 35.89 41.23 50.90 50.92 48.31 50.84 47.04 46.57 56.00 
61.67 52.92 49.32 47.36 46.74 42.55 41.75 44.75 47.61 47.75 48.22 49.43 52.48 53.41 54.08 52.34 50.22 48.38 48.46 46.86 45.47 44.17 45.48 47.55 45.92 44.83 44.60 45.24 46.10 47.46 48.02 49.26 47.96 48.92 50.39 52.26 50.74 51.45 52.91 53.90 53.97 51.54 48.63 50.49 51.68 50.46 50.06 49.30 49.64 50.41 52.15 48.63 46.73 44.50 45.92 48.19 49.72 52.02 52.33 51.37 51.76 51.59 50.53 47.04 44.36 45.34 49.45 52.69 53.47 52.24 49.06 47.27 48.68 50.62 53.47 52.80 52.97 54.76 53.38 52.22 50.03 46.12 45.39 45.02 45.07 43.51 43.43 45.49 45.28 45.21 44.56 47.55 47.11 48.25 50.10 51.86 51.81 50.15 47.73 46.07 46.16 47.85 51.03 53.14 53.46 51.18 49.89 50.72 51.57 54.06 53.43 48.66 47.38 46.53 44.25 42.67 43.87 45.89 45.87 45.45 45.10 46.99 48.89 47.39 47.98 46.14 45.58 44.84 43.79 41.04 42.86 46.61 49.33 49.96 50.18 51.46 49.45 49.21 50.65 51.27 53.19 53.01 50.35 45.61 44.45 44.58 44.38 47.01 47.31 49.79 51.34 51.41 48.19 46.30 46.10 46.60 44.42 44.04 44.46 44.48 45.67 48.55 50.32 52.68 50.69 50.04 49.37 50.31 49.69 48.09 47.85 47.47 47.09 45.06 41.31 39.90 41.61 41.16 42.53 44.76 48.30 49.18 49.27 52.08 52.89 51.58 49.97 46.55 44.21 44.27 41.74 41.88 44.43 48.11 49.15 48.84 49.02 47.39 44.22 30.33 
48.33 48.98 48.14 47.15 46.21 44.70 44.41 45.62 47.06 47.82 48.54 49.53 50.88 51.59 51.76 50.99 49.85 48.81 48.22 47.36 46.58 46.11 46.50 47.09 46.75 46.41 46.42 46.82 47.41 48.10 48.58 49.02 48.93 49.39 50.12 50.82 50.75 51.15 51.87 52.39 52.35 51.42 50.42 50.65 50.87 50.46 50.13 49.83 49.90 50.16 50.32 49.06 47.93 47.11 47.56 48.61 49.65 50.66 50.96 50.70 50.53 50.07 49.09 47.46 46.33 46.77 48.54 50.24 50.98 50.69 49.68 49.10 49.63 50.64 51.77 52.01 52.25 52.64 52.07 51.11 49.65 47.89 47.11 46.88 46.93 46.73 46.93 47.52 47.47 47.25 47.06 47.74 47.91 48.49 49.36 50.13 50.21 49.60 48.68 48.10 48.30 49.28 50.76 51.85 52.07 51.43 51.01 51.33 51.91 52.65 52.19 50.39 49.16 48.12 46.85 46.02 46.23 46.86 47.05 47.06 47.20 47.94 48.60 48.38 48.32 47.67 47.12 46.44 45.57 44.57 45.06 46.50 47.83 48.58 49.13 49.74 49.62 49.90 50.67 51.33 52.00 51.75 50.35 48.34 47.34 47.12 47.29 48.30 49.06 50.23 51.00 50.91 49.69 48.61 48.06 47.69 46.78 46.35 46.34 46.53 47.29 48.63 49.80 50.73 50.46 50.24 50.14 50.39 50.23 49.72 49.42 49.01 48.31 46.92 45.09 44.09 44.21 44.31 45.09 46.41 48.06 49.00 49.65 50.75 51.17 50.66 49.65 48.06 46.77 46.13 45.24 45.31 46.43 47.96 48.72 48.88 48.98 49.25 52.56 71.00 
45.00 46.52 47.17 46.96 46.40 45.75 45.65 46.22 47.04 47.73 48.37 49.06 49.77 50.19 50.26 49.89 49.29 48.68 48.19 47.69 47.28 47.06 47.17 47.36 47.34 47.32 47.46 47.77 48.15 48.53 48.82 49.03 49.14 49.41 49.82 50.23 50.48 50.86 51.35 51.72 51.77 51.42 50.96 50.78 50.63 50.35 50.11 49.94 49.90 49.90 49.74 49.14 48.52 48.13 48.27 48.76 49.34 49.84 50.03 49.93 49.70 49.26 48.57 47.72 47.18 47.36 48.21 49.20 49.88 50.10 49.98 49.93 50.21 50.70 51.20 51.45 51.60 51.65 51.29 50.63 49.73 48.83 48.40 48.40 48.66 48.92 49.18 49.33 49.14 48.77 48.45 48.44 48.47 48.69 49.08 49.45 49.58 49.46 49.24 49.18 49.44 50.04 50.80 51.39 51.61 51.53 51.49 51.72 52.08 52.35 52.10 51.29 50.43 49.56 48.68 48.05 47.88 47.99 48.09 48.17 48.31 48.60 48.85 48.85 48.80 48.55 48.20 47.69 47.03 46.41 46.34 46.77 47.35 47.89 48.47 49.08 49.57 50.15 50.81 51.36 51.70 51.53 50.82 49.85 49.21 48.97 49.09 49.59 50.17 50.83 51.26 51.22 50.68 50.02 49.45 48.93 48.34 47.93 47.76 47.82 48.19 48.83 49.48 49.99 50.14 50.23 50.39 50.64 50.76 50.72 50.60 50.30 49.71 48.75 47.64 46.84 46.53 46.50 46.85 47.52 48.34 49.00 49.55 50.12 50.40 50.27 49.81 49.10 48.42 47.92 47.49 47.46 47.88 48.49 48.85 48.90 48.69 48.00 45.71 34.33 
35.33 44.93 47.08 47.23 46.86 46.47 46.38 46.65 47.11 47.58 48.03 48.45 48.83 49.07 49.11 48.94 48.65 48.35 48.08 47.84 47.66 47.57 47.59 47.67 47.72 47.81 47.97 48.20 48.45 48.66 48.80 48.92 49.03 49.24 49.55 49.91 50.29 50.73 51.20 51.55 51.67 51.50 51.17 50.83 50.51 50.21 49.99 49.84 49.74 49.63 49.40 49.02 48.62 48.37 48.38 48.60 48.91 49.19 49.32 49.29 49.14 48.85 48.43 47.96 47.65 47.73 48.19 48.86 49.50 49.97 50.24 50.42 50.62 50.84 51.05 51.17 51.23 51.17 50.91 50.46 49.91 49.46 49.33 49.54 49.96 50.39 50.66 50.65 50.33 49.84 49.39 49.11 48.97 49.00 49.14 49.31 49.45 49.53 49.61 49.77 50.06 50.47 50.92 51.29 51.51 51.61 51.74 51.96 52.22 52.38 52.26 51.83 51.23 50.55 49.85 49.28 48.95 48.83 48.81 48.84 48.89 48.97 49.05 49.08 49.11 49.06 48.90 48.56 48.06 47.53 47.21 47.17 47.36 47.72 48.25 48.92 49.63 50.36 51.03 51.54 51.81 51.75 51.37 50.85 50.44 50.25 50.31 50.59 50.99 51.41 51.69 51.69 51.39 50.92 50.41 49.89 49.38 48.99 48.74 48.66 48.76 49.01 49.32 49.61 49.84 50.08 50.39 50.74 51.06 51.28 51.35 51.23 50.83 50.18 49.41 48.73 48.29 48.07 48.10 48.34 48.70 49.07 49.44 49.81 50.08 50.17 50.08 49.83 49.53 49.22 48.95 48.83 48.90 49.07 49.14 49.04 48.72 48.19 47.89 51.00 
57.00 50.81 49.03 48.17 47.57 47.15 46.97 47.04 47.24 47.48 47.69 47.89 48.05 48.15 48.17 48.12 48.03 47.95 47.89 47.86 47.83 47.82 47.84 47.87 47.91 47.98 48.10 48.26 48.41 48.53 48.61 48.69 48.80 49.01 49.32 49.74 50.22 50.75 51.25 51.62 51.75 51.62 51.27 50.83 50.40 50.03 49.77 49.60 49.46 49.29 49.05 48.75 48.45 48.25 48.21 48.30 48.47 48.65 48.77 48.81 48.77 48.64 48.43 48.18 48.00 48.03 48.32 48.84 49.46 50.03 50.47 50.75 50.92 51.02 51.07 51.08 51.05 50.94 50.72 50.40 50.07 49.87 49.94 50.30 50.83 51.33 51.59 51.52 51.13 50.59 50.07 49.69 49.46 49.37 49.38 49.45 49.55 49.69 49.87 50.11 50.40 50.73 51.05 51.31 51.50 51.65 51.82 52.03 52.24 52.35 52.29 52.01 51.56 51.00 50.41 49.88 49.50 49.28 49.18 49.14 49.12 49.12 49.13 49.18 49.27 49.36 49.36 49.17 48.80 48.33 47.91 47.66 47.64 47.87 48.35 49.03 49.83 50.63 51.33 51.84 52.10 52.10 51.88 51.55 51.26 51.11 51.14 51.32 51.60 51.89 52.07 52.07 51.85 51.46 50.99 50.50 50.04 49.66 49.38 49.20 49.12 49.13 49.22 49.36 49.55 49.82 50.18 50.61 51.05 51.42 51.67 51.72 51.53 51.12 50.57 50.01 49.54 49.22 49.05 49.02 49.10 49.24 49.45 49.71 49.97 50.18 50.30 50.30 50.20 50.02 49.79 49.61 49.50 49.44 49.34 49.12 48.70 47.96 46.52 42.67 
56.67 52.32 50.12 49.02 48.34 47.88 47.61 47.50 47.48 47.50 47.50 47.50 47.49 47.48 47.48 47.49 47.52 47.60 47.71 47.81 47.90 47.94 47.95 47.94 47.93 47.94 48.00 48.08 48.17 48.26 48.34 48.44 48.60 48.84 49.20 49.68 50.24 50.84 51.37 51.74 51.85 51.68 51.29 50.76 50.24 49.79 49.47 49.25 49.07 48.89 48.67 48.43 48.21 48.07 48.03 48.08 48.19 48.32 48.43 48.52 48.56 48.56 48.49 48.37 48.27 48.29 48.52 48.96 49.54 50.15 50.65 50.98 51.14 51.17 51.13 51.06 50.95 50.80 50.58 50.33 50.12 50.07 50.27 50.72 51.30 51.82 52.08 52.01 51.62 51.09 50.56 50.16 49.89 49.75 49.68 49.68 49.74 49.87 50.06 50.30 50.59 50.88 51.13 51.33 51.48 51.60 51.73 51.88 52.02 52.10 52.04 51.81 51.44 50.97 50.46 49.99 49.63 49.39 49.25 49.18 49.14 49.12 49.14 49.23 49.40 49.60 49.73 49.68 49.42 49.00 48.56 48.21 48.07 48.21 48.63 49.30 50.10 50.92 51.63 52.13 52.40 52.43 52.27 52.03 51.81 51.69 51.71 51.84 52.03 52.22 52.31 52.26 52.04 51.68 51.23 50.78 50.36 50.01 49.72 49.48 49.30 49.17 49.10 49.12 49.24 49.47 49.83 50.28 50.77 51.23 51.60 51.81 51.81 51.61 51.25 50.83 50.41 50.06 49.80 49.62 49.52 49.51 49.59 49.75 49.98 50.22 50.42 50.53 50.51 50.37 50.14 49.89 49.68 49.50 49.32 49.07 48.70 48.20 47.41 44.67 
60.67 51.72 50.23 49.66 49.14 48.68 48.32 48.06 47.86 47.68 47.50 47.34 47.21 47.12 47.09 47.12 47.23 47.40 47.60 47.79 47.92 47.98 47.97 47.92 47.85 47.79 47.77 47.80 47.86 47.96 48.10 48.27 48.49 48.80 49.20 49.72 50.32 50.93 51.45 51.78 51.85 51.64 51.19 50.61 50.02 49.52 49.13 48.86 48.66 48.48 48.32 48.18 48.08 48.03 48.04 48.10 48.19 48.29 48.38 48.46 48.53 48.57 48.57 48.53 48.48 48.52 48.71 49.11 49.66 50.26 50.78 51.13 51.28 51.27 51.17 51.02 50.85 50.64 50.41 50.19 50.05 50.09 50.36 50.85 51.43 51.95 52.22 52.17 51.84 51.36 50.88 50.49 50.22 50.05 49.95 49.90 49.92 50.01 50.18 50.42 50.69 50.95 51.16 51.29 51.36 51.39 51.43 51.50 51.57 51.59 51.50 51.29 50.97 50.57 50.15 49.77 49.46 49.25 49.13 49.07 49.06 49.08 49.16 49.33 49.59 49.89 50.12 50.18 50.01 49.65 49.20 48.81 48.59 48.64 48.99 49.60 50.37 51.16 51.85 52.34 52.60 52.63 52.50 52.31 52.14 52.06 52.09 52.18 52.30 52.38 52.38 52.24 51.97 51.59 51.16 50.73 50.36 50.05 49.77 49.52 49.29 49.09 48.94 48.88 48.92 49.10 49.41 49.84 50.34 50.84 51.29 51.62 51.78 51.76 51.59 51.31 50.99 50.68 50.41 50.17 49.98 49.86 49.83 49.90 50.07 50.28 50.47 50.59 50.56 50.39 50.11 49.80 49.52 49.29 49.07 48.81 48.52 48.46 50.14 61.33 
18.00 43.75 49.55 50.42 50.12 49.60 49.11 48.69 48.33 48.00 47.69 47.43 47.22 47.08 47.03 47.07 47.20 47.40 47.63 47.83 47.96 48.00 47.96 47.86 47.73 47.62 47.54 47.53 47.60 47.75 47.97 48.24 48.55 48.91 49.34 49.86 50.43 51.00 51.45 51.72 51.73 51.47 51.00 50.40 49.79 49.25 48.83 48.52 48.31 48.17 48.09 48.07 48.12 48.21 48.32 48.44 48.53 48.59 48.63 48.65 48.67 48.68 48.67 48.65 48.64 48.69 48.89 49.26 49.78 50.36 50.87 51.21 51.35 51.31 51.16 50.94 50.69 50.43 50.18 49.99 49.91 50.01 50.30 50.77 51.31 51.78 52.05 52.05 51.81 51.42 51.02 50.68 50.44 50.26 50.14 50.08 50.07 50.13 50.28 50.50 50.74 50.97 51.12 51.17 51.13 51.04 50.97 50.93 50.93 50.90 50.81 50.61 50.33 50.00 49.67 49.38 49.16 49.00 48.93 48.92 48.96 49.06 49.23 49.49 49.84 50.24 50.56 50.71 50.62 50.30 49.85 49.42 49.13 49.09 49.34 49.86 50.56 51.29 51.94 52.40 52.64 52.68 52.58 52.43 52.32 52.28 52.32 52.39 52.43 52.41 52.28 52.04 51.68 51.25 50.80 50.39 50.05 49.78 49.54 49.31 49.08 48.88 48.73 48.64 48.65 48.79 49.06 49.45 49.93 50.44 50.93 51.34 51.62 51.74 51.71 51.57 51.37 51.13 50.89 50.64 50.41 50.23 50.12 50.12 50.22 50.37 50.51 50.57 50.48 50.24 49.88 49.50 49.16 48.89 48.65 48.36 47.87 46.76 43.23 28.00 
59.67 55.82 53.92 52.52 51.44 50.59 49.90 49.32 48.81 48.38 48.01 47.71 47.48 47.34 47.28 47.31 47.43 47.60 47.80 47.96 48.05 48.05 47.97 47.83 47.66 47.50 47.39 47.37 47.47 47.70 48.02 48.40 48.80 49.20 49.64 50.11 50.61 51.08 51.43 51.61 51.55 51.27 50.80 50.22 49.62 49.08 48.64 48.31 48.10 48.00 48.01 48.13 48.33 48.58 48.82 49.01 49.13 49.17 49.13 49.06 48.96 48.87 48.79 48.74 48.74 48.81 49.01 49.36 49.85 50.40 50.90 51.23 51.36 51.29 51.08 50.79 50.48 50.17 49.92 49.76 49.73 49.86 50.15 50.55 51.00 51.40 51.64 51.68 51.54 51.28 50.99 50.74 50.54 50.39 50.28 50.22 50.20 50.26 50.39 50.59 50.80 50.98 51.06 51.01 50.84 50.62 50.42 50.30 50.24 50.21 50.13 49.97 49.75 49.49 49.24 49.03 48.88 48.78 48.75 48.79 48.90 49.08 49.34 49.69 50.13 50.60 51.00 51.22 51.18 50.90 50.47 50.00 49.65 49.52 49.66 50.05 50.63 51.27 51.86 52.29 52.53 52.58 52.52 52.43 52.39 52.41 52.47 52.51 52.48 52.35 52.10 51.72 51.26 50.74 50.25 49.84 49.52 49.28 49.08 48.90 48.73 48.60 48.51 48.47 48.49 48.62 48.87 49.24 49.70 50.21 50.71 51.16 51.50 51.71 51.78 51.74 51.62 51.46 51.25 51.01 50.77 50.55 50.41 50.37 50.41 50.51 50.58 50.55 50.37 50.05 49.62 49.17 48.78 48.48 48.24 48.00 47.68 47.37 47.93 55.00 
87.33 66.01 57.87 54.36 52.55 51.41 50.54 49.82 49.22 48.74 48.37 48.09 47.91 47.80 47.75 47.76 47.83 47.93 48.06 48.15 48.20 48.16 48.04 47.87 47.67 47.48 47.36 47.36 47.51 47.83 48.25 48.74 49.21 49.65 50.07 50.48 50.88 51.24 51.48 51.56 51.45 51.15 50.70 50.16 49.60 49.08 48.63 48.29 48.07 47.99 48.07 48.30 48.64 49.03 49.39 49.68 49.84 49.86 49.76 49.56 49.32 49.09 48.90 48.79 48.76 48.83 49.04 49.38 49.84 50.36 50.84 51.16 51.28 51.18 50.93 50.59 50.22 49.88 49.63 49.51 49.53 49.69 49.95 50.26 50.59 50.87 51.06 51.13 51.10 50.98 50.83 50.69 50.57 50.48 50.41 50.37 50.38 50.45 50.58 50.74 50.91 51.02 51.01 50.84 50.55 50.20 49.90 49.72 49.66 49.66 49.65 49.56 49.39 49.20 49.01 48.84 48.72 48.65 48.65 48.72 48.88 49.12 49.45 49.87 50.36 50.88 51.33 51.59 51.61 51.37 50.97 50.50 50.11 49.89 49.90 50.15 50.59 51.12 51.64 52.05 52.29 52.38 52.37 52.36 52.39 52.47 52.56 52.58 52.50 52.27 51.91 51.42 50.83 50.21 49.65 49.21 48.90 48.69 48.54 48.43 48.36 48.34 48.36 48.42 48.51 48.66 48.92 49.28 49.74 50.25 50.75 51.19 51.54 51.77 51.88 51.89 51.81 51.68 51.49 51.25 51.00 50.78 50.63 50.58 50.61 50.67 50.68 50.57 50.31 49.90 49.41 48.91 48.48 48.16 47.93 47.73 47.46 47.03 46.07 41.67 
78.33 63.07 57.22 54.49 52.91 51.80 50.89 50.12 49.49 49.01 48.69 48.50 48.40 48.35 48.32 48.30 48.30 48.31 48.35 48.38 48.37 48.31 48.18 47.99 47.77 47.57 47.45 47.48 47.70 48.10 48.63 49.20 49.74 50.21 50.61 50.96 51.28 51.52 51.67 51.67 51.52 51.22 50.80 50.31 49.79 49.28 48.83 48.46 48.22 48.15 48.26 48.54 48.97 49.45 49.91 50.27 50.47 50.49 50.33 50.03 49.65 49.27 48.96 48.76 48.68 48.74 48.94 49.26 49.70 50.19 50.65 50.96 51.08 50.97 50.70 50.32 49.91 49.56 49.33 49.25 49.31 49.48 49.69 49.90 50.10 50.26 50.39 50.49 50.56 50.59 50.60 50.60 50.58 50.57 50.56 50.58 50.63 50.73 50.85 50.99 51.11 51.13 51.02 50.74 50.32 49.88 49.52 49.33 49.31 49.38 49.46 49.46 49.38 49.23 49.06 48.89 48.75 48.65 48.62 48.69 48.86 49.13 49.49 49.94 50.46 50.99 51.45 51.74 51.80 51.63 51.28 50.84 50.44 50.15 50.04 50.15 50.44 50.86 51.32 51.70 51.96 52.09 52.16 52.22 52.33 52.48 52.60 52.63 52.52 52.25 51.81 51.22 50.53 49.82 49.19 48.71 48.39 48.21 48.11 48.09 48.13 48.24 48.39 48.54 48.71 48.92 49.21 49.59 50.06 50.57 51.05 51.47 51.78 51.97 52.05 52.04 51.95 51.81 51.60 51.36 51.10 50.88 50.75 50.72 50.76 50.81 50.77 50.60 50.27 49.80 49.27 48.74 48.30 47.97 47.76 47.61 47.44 47.23 47.63 53.67 
36.67 50.72 53.43 53.35 52.63 51.77 50.92 50.16 49.55 49.14 48.92 48.85 48.87 48.90 48.89 48.84 48.75 48.67 48.61 48.58 48.55 48.49 48.36 48.16 47.93 47.73 47.62 47.68 47.96 48.43 49.04 49.69 50.29 50.79 51.19 51.51 51.76 51.94 52.02 51.98 51.81 51.52 51.14 50.68 50.19 49.68 49.20 48.79 48.52 48.42 48.53 48.84 49.28 49.80 50.29 50.67 50.89 50.90 50.69 50.31 49.83 49.33 48.91 48.63 48.50 48.53 48.70 49.00 49.40 49.86 50.30 50.62 50.74 50.65 50.37 49.99 49.58 49.24 49.02 48.96 49.04 49.20 49.36 49.48 49.55 49.61 49.70 49.83 50.00 50.18 50.35 50.49 50.60 50.68 50.76 50.84 50.95 51.08 51.21 51.32 51.37 51.30 51.08 50.69 50.19 49.69 49.31 49.15 49.21 49.39 49.58 49.70 49.69 49.58 49.40 49.18 48.95 48.77 48.66 48.68 48.82 49.08 49.45 49.89 50.39 50.90 51.33 51.63 51.72 51.61 51.34 50.97 50.59 50.27 50.08 50.07 50.24 50.55 50.93 51.29 51.55 51.73 51.85 51.99 52.18 52.39 52.57 52.63 52.54 52.27 51.82 51.21 50.47 49.70 49.01 48.50 48.18 48.02 47.98 48.04 48.17 48.38 48.62 48.86 49.09 49.34 49.66 50.08 50.57 51.08 51.54 51.89 52.12 52.23 52.24 52.16 52.02 51.83 51.59 51.33 51.08 50.89 50.80 50.80 50.86 50.89 50.81 50.57 50.18 49.67 49.12 48.60 48.17 47.88 47.72 47.65 47.52 46.86 43.54 26.33 
41.67 49.73 52.41 52.77 52.27 51.50 50.69 49.97 49.42 49.11 49.02 49.10 49.25 49.38 49.40 49.32 49.14 48.96 48.81 48.73 48.69 48.64 48.53 48.34 48.10 47.89 47.79 47.88 48.20 48.73 49.41 50.12 50.77 51.31 51.72 52.02 52.25 52.40 52.46 52.42 52.26 52.00 51.64 51.20 50.71 50.17 49.65 49.21 48.90 48.79 48.89 49.18 49.59 50.06 50.50 50.84 51.02 51.00 50.76 50.34 49.80 49.24 48.75 48.40 48.22 48.20 48.33 48.60 48.97 49.39 49.81 50.13 50.27 50.20 49.96 49.60 49.22 48.90 48.71 48.66 48.74 48.87 48.97 49.00 48.98 48.97 49.03 49.20 49.47 49.79 50.12 50.40 50.63 50.81 50.98 51.14 51.30 51.46 51.60 51.68 51.66 51.49 51.17 50.69 50.13 49.61 49.26 49.17 49.32 49.63 49.95 50.18 50.25 50.17 49.96 49.65 49.31 48.98 48.75 48.68 48.77 49.00 49.34 49.76 50.21 50.65 51.03 51.29 51.40 51.35 51.16 50.89 50.57 50.26 50.03 49.94 50.02 50.24 50.55 50.85 51.09 51.27 51.43 51.63 51.88 52.16 52.40 52.53 52.51 52.31 51.93 51.37 50.65 49.88 49.19 48.67 48.35 48.22 48.22 48.32 48.51 48.76 49.04 49.30 49.55 49.83 50.17 50.62 51.13 51.63 52.05 52.33 52.46 52.47 52.38 52.21 51.99 51.74 51.46 51.19 50.97 50.83 50.79 50.83 50.88 50.87 50.72 50.41 49.95 49.41 48.87 48.39 48.03 47.81 47.78 47.92 48.27 49.22 53.38 75.33 
56.00 54.17 53.76 53.02 52.09 51.15 50.29 49.59 49.12 48.93 48.99 49.22 49.52 49.74 49.82 49.71 49.46 49.19 48.96 48.84 48.79 48.75 48.65 48.47 48.24 48.02 47.93 48.03 48.38 48.95 49.67 50.42 51.11 51.68 52.10 52.42 52.65 52.81 52.90 52.89 52.76 52.53 52.18 51.74 51.22 50.65 50.09 49.61 49.30 49.20 49.30 49.56 49.90 50.26 50.58 50.79 50.87 50.78 50.51 50.08 49.54 48.98 48.48 48.10 47.88 47.82 47.90 48.12 48.44 48.84 49.23 49.54 49.70 49.67 49.46 49.15 48.83 48.56 48.40 48.37 48.43 48.51 48.55 48.51 48.42 48.36 48.41 48.63 48.99 49.44 49.90 50.32 50.66 50.95 51.20 51.43 51.65 51.84 51.98 52.02 51.92 51.65 51.23 50.67 50.08 49.58 49.29 49.29 49.56 49.99 50.44 50.78 50.94 50.90 50.66 50.27 49.78 49.30 48.93 48.74 48.75 48.95 49.26 49.63 50.02 50.37 50.66 50.85 50.94 50.93 50.82 50.63 50.39 50.14 49.92 49.81 49.84 49.99 50.21 50.42 50.59 50.73 50.88 51.10 51.39 51.73 52.04 52.26 52.36 52.30 52.07 51.64 51.03 50.34 49.69 49.18 48.88 48.75 48.76 48.87 49.05 49.29 49.55 49.79 50.02 50.28 50.63 51.08 51.58 52.06 52.43 52.64 52.68 52.59 52.40 52.15 51.86 51.55 51.25 51.00 50.83 50.76 50.78 50.84 50.86 50.76 50.50 50.08 49.54 48.98 48.47 48.07 47.82 47.74 47.87 48.21 48.61 48.50 45.49 29.00 
54.67 57.35 55.61 53.64 52.03 50.79 49.83 49.14 48.74 48.65 48.84 49.22 49.66 50.00 50.13 50.03 49.74 49.40 49.11 48.94 48.88 48.83 48.74 48.57 48.33 48.12 48.03 48.14 48.49 49.08 49.81 50.58 51.29 51.86 52.30 52.62 52.87 53.07 53.20 53.24 53.16 52.95 52.60 52.14 51.58 50.97 50.39 49.92 49.64 49.57 49.70 49.93 50.19 50.41 50.54 50.57 50.49 50.30 50.00 49.60 49.12 48.63 48.17 47.80 47.55 47.44 47.47 47.63 47.91 48.26 48.63 48.93 49.09 49.08 48.93 48.68 48.42 48.23 48.12 48.12 48.16 48.21 48.18 48.08 47.94 47.84 47.89 48.14 48.58 49.12 49.70 50.23 50.69 51.08 51.41 51.71 51.97 52.19 52.31 52.30 52.11 51.74 51.21 50.60 50.00 49.54 49.34 49.43 49.80 50.34 50.91 51.37 51.63 51.65 51.41 50.96 50.36 49.74 49.22 48.92 48.86 49.01 49.28 49.61 49.91 50.15 50.33 50.43 50.48 50.47 50.42 50.30 50.14 49.96 49.80 49.72 49.73 49.82 49.94 50.04 50.10 50.14 50.23 50.42 50.73 51.11 51.49 51.82 52.06 52.18 52.15 51.92 51.49 50.93 50.36 49.90 49.59 49.45 49.42 49.49 49.62 49.81 50.00 50.19 50.38 50.62 50.95 51.37 51.84 52.28 52.60 52.75 52.73 52.58 52.32 52.01 51.67 51.32 51.03 50.83 50.74 50.75 50.82 50.87 50.81 50.58 50.17 49.61 48.98 48.40 47.95 47.67 47.57 47.69 48.07 48.77 49.79 50.91 51.19 47.00 
81.00 65.13 58.06 54.24 51.93 50.42 49.39 48.72 48.37 48.36 48.65 49.15 49.71 50.16 50.38 50.32 50.03 49.65 49.32 49.09 48.98 48.91 48.81 48.64 48.42 48.22 48.14 48.25 48.61 49.19 49.90 50.65 51.33 51.88 52.29 52.61 52.87 53.11 53.29 53.38 53.34 53.14 52.79 52.29 51.70 51.07 50.49 50.05 49.83 49.84 50.00 50.23 50.41 50.47 50.40 50.22 49.97 49.68 49.35 49.00 48.63 48.25 47.88 47.55 47.29 47.14 47.11 47.20 47.42 47.73 48.06 48.34 48.50 48.51 48.40 48.22 48.06 47.95 47.93 47.97 48.02 48.03 47.96 47.80 47.61 47.47 47.50 47.76 48.22 48.84 49.50 50.13 50.70 51.18 51.60 51.96 52.27 52.50 52.59 52.51 52.21 51.73 51.10 50.44 49.85 49.46 49.34 49.52 49.98 50.61 51.28 51.85 52.23 52.34 52.15 51.69 51.02 50.30 49.68 49.28 49.14 49.24 49.48 49.74 49.96 50.09 50.14 50.14 50.13 50.10 50.06 49.99 49.90 49.79 49.71 49.68 49.70 49.75 49.78 49.75 49.66 49.56 49.55 49.68 49.97 50.36 50.81 51.24 51.62 51.93 52.11 52.10 51.88 51.49 51.02 50.60 50.29 50.09 50.00 49.99 50.05 50.15 50.29 50.44 50.60 50.81 51.11 51.49 51.91 52.29 52.56 52.68 52.64 52.46 52.19 51.85 51.48 51.14 50.87 50.74 50.73 50.83 50.93 50.94 50.77 50.38 49.79 49.08 48.37 47.78 47.40 47.26 47.36 47.70 48.35 49.45 51.27 54.48 61.54 83.00 
76.33 64.41 57.70 53.86 51.54 50.04 49.04 48.41 48.10 48.13 48.48 49.05 49.71 50.28 50.60 50.62 50.37 49.99 49.61 49.32 49.13 49.01 48.88 48.71 48.51 48.35 48.30 48.44 48.79 49.33 50.00 50.68 51.28 51.76 52.11 52.39 52.65 52.90 53.12 53.26 53.24 53.05 52.68 52.15 51.54 50.91 50.35 49.97 49.83 49.91 50.13 50.35 50.47 50.41 50.17 49.81 49.41 49.03 48.70 48.43 48.18 47.93 47.67 47.39 47.13 46.93 46.83 46.87 47.03 47.28 47.57 47.82 47.98 48.01 47.95 47.86 47.79 47.80 47.88 47.99 48.07 48.07 47.96 47.75 47.50 47.31 47.28 47.50 47.95 48.58 49.30 50.01 50.67 51.24 51.75 52.18 52.52 52.74 52.78 52.61 52.20 51.60 50.90 50.21 49.65 49.32 49.28 49.54 50.05 50.74 51.49 52.18 52.69 52.92 52.82 52.40 51.74 50.98 50.30 49.83 49.64 49.69 49.87 50.07 50.19 50.20 50.13 50.03 49.94 49.87 49.81 49.76 49.72 49.68 49.68 49.71 49.76 49.78 49.72 49.56 49.32 49.07 48.93 48.98 49.21 49.61 50.09 50.61 51.12 51.59 51.96 52.15 52.11 51.87 51.50 51.12 50.78 50.53 50.35 50.26 50.23 50.28 50.37 50.49 50.65 50.85 51.12 51.46 51.83 52.16 52.40 52.51 52.48 52.32 52.06 51.72 51.36 51.03 50.81 50.74 50.82 50.98 51.09 51.04 50.74 50.17 49.41 48.57 47.79 47.21 46.93 46.95 47.24 47.79 48.63 49.89 51.80 54.56 57.68 55.67 
67.33 58.76 54.97 52.57 50.88 49.68 48.83 48.26 47.98 48.02 48.38 48.98 49.71 50.37 50.80 50.92 50.75 50.39 49.97 49.60 49.32 49.11 48.93 48.77 48.62 48.52 48.53 48.70 49.04 49.54 50.12 50.69 51.17 51.53 51.79 52.00 52.22 52.47 52.70 52.85 52.85 52.66 52.29 51.76 51.15 50.54 50.02 49.69 49.61 49.75 50.02 50.26 50.35 50.21 49.87 49.40 48.90 48.47 48.16 47.96 47.84 47.72 47.56 47.33 47.06 46.82 46.66 46.63 46.74 46.94 47.19 47.42 47.58 47.65 47.66 47.66 47.71 47.85 48.04 48.23 48.36 48.37 48.24 47.98 47.66 47.38 47.27 47.39 47.78 48.37 49.09 49.84 50.56 51.21 51.79 52.28 52.65 52.85 52.84 52.57 52.05 51.36 50.60 49.92 49.41 49.16 49.18 49.47 50.01 50.74 51.55 52.34 52.98 53.35 53.38 53.06 52.46 51.72 51.03 50.54 50.32 50.32 50.44 50.56 50.58 50.49 50.31 50.11 49.93 49.80 49.71 49.65 49.62 49.64 49.70 49.79 49.87 49.88 49.76 49.50 49.13 48.75 48.48 48.43 48.60 48.98 49.48 50.05 50.65 51.22 51.71 52.03 52.13 52.00 51.72 51.37 51.02 50.72 50.48 50.31 50.22 50.21 50.28 50.40 50.57 50.78 51.04 51.35 51.68 51.98 52.22 52.34 52.34 52.21 51.97 51.65 51.29 50.98 50.80 50.78 50.92 51.11 51.21 51.09 50.67 49.96 49.07 48.13 47.32 46.78 46.60 46.77 47.23 47.92 48.85 50.09 51.87 54.57 59.14 69.00 
33.67 48.59 51.34 51.13 50.30 49.47 48.78 48.28 48.01 48.03 48.35 48.95 49.71 50.44 50.98 51.22 51.13 50.80 50.35 49.89 49.48 49.17 48.93 48.78 48.70 48.70 48.80 49.02 49.35 49.78 50.24 50.66 50.99 51.21 51.35 51.48 51.64 51.85 52.06 52.21 52.22 52.05 51.70 51.21 50.63 50.05 49.57 49.28 49.24 49.41 49.71 49.97 50.06 49.91 49.54 49.03 48.50 48.07 47.79 47.67 47.64 47.62 47.53 47.33 47.07 46.79 46.59 46.50 46.56 46.72 46.93 47.16 47.34 47.47 47.57 47.69 47.88 48.14 48.44 48.72 48.90 48.93 48.78 48.47 48.07 47.70 47.46 47.45 47.72 48.22 48.87 49.60 50.33 51.02 51.65 52.19 52.59 52.78 52.70 52.34 51.73 50.98 50.22 49.58 49.14 48.96 49.03 49.33 49.87 50.59 51.45 52.32 53.08 53.60 53.77 53.58 53.09 52.44 51.81 51.34 51.11 51.08 51.15 51.18 51.11 50.91 50.62 50.32 50.06 49.86 49.72 49.63 49.60 49.64 49.74 49.88 50.00 50.03 49.89 49.57 49.11 48.63 48.27 48.13 48.25 48.59 49.09 49.68 50.29 50.89 51.42 51.78 51.95 51.89 51.67 51.36 51.03 50.72 50.45 50.25 50.12 50.07 50.12 50.23 50.40 50.62 50.89 51.20 51.54 51.85 52.11 52.26 52.29 52.18 51.95 51.62 51.25 50.93 50.75 50.75 50.91 51.10 51.18 51.00 50.51 49.72 48.76 47.79 46.99 46.51 46.41 46.70 47.27 48.04 48.93 49.96 51.22 52.89 55.41 60.33 
51.67 50.85 51.07 50.77 50.17 49.50 48.89 48.42 48.13 48.10 48.39 48.95 49.71 50.49 51.12 51.45 51.44 51.14 50.65 50.09 49.56 49.13 48.85 48.72 48.72 48.84 49.05 49.32 49.64 49.99 50.32 50.58 50.75 50.82 50.84 50.87 50.96 51.10 51.28 51.41 51.44 51.31 51.03 50.61 50.09 49.57 49.12 48.84 48.80 48.98 49.27 49.56 49.68 49.57 49.24 48.76 48.26 47.86 47.63 47.56 47.60 47.63 47.58 47.40 47.12 46.83 46.59 46.47 46.49 46.61 46.81 47.04 47.28 47.50 47.72 47.97 48.28 48.66 49.06 49.42 49.64 49.68 49.51 49.15 48.67 48.18 47.80 47.64 47.75 48.11 48.64 49.28 49.96 50.65 51.30 51.87 52.28 52.46 52.33 51.90 51.23 50.46 49.74 49.18 48.84 48.73 48.82 49.11 49.60 50.30 51.16 52.09 52.95 53.60 53.92 53.88 53.54 53.03 52.51 52.12 51.92 51.87 51.89 51.86 51.70 51.40 51.01 50.61 50.26 49.97 49.76 49.63 49.58 49.64 49.78 49.97 50.14 50.20 50.07 49.74 49.25 48.72 48.30 48.11 48.19 48.51 48.99 49.54 50.10 50.64 51.11 51.44 51.60 51.57 51.40 51.15 50.88 50.61 50.37 50.17 50.03 49.96 49.97 50.05 50.20 50.42 50.71 51.06 51.44 51.81 52.11 52.30 52.35 52.24 51.98 51.61 51.19 50.82 50.60 50.57 50.70 50.87 50.93 50.73 50.22 49.43 48.48 47.54 46.78 46.36 46.33 46.67 47.29 48.05 48.84 49.55 50.12 50.32 49.29 42.33 
55.00 52.22 51.61 51.05 50.39 49.73 49.12 48.62 48.29 48.21 48.43 48.95 49.69 50.49 51.17 51.57 51.62 51.34 50.81 50.15 49.51 48.99 48.67 48.58 48.67 48.91 49.22 49.54 49.85 50.11 50.31 50.42 50.44 50.39 50.31 50.25 50.25 50.32 50.43 50.55 50.60 50.55 50.37 50.06 49.65 49.19 48.77 48.49 48.41 48.56 48.84 49.13 49.30 49.26 49.00 48.61 48.19 47.85 47.67 47.65 47.71 47.77 47.73 47.54 47.26 46.95 46.69 46.55 46.53 46.63 46.82 47.08 47.38 47.71 48.06 48.44 48.87 49.33 49.81 50.21 50.46 50.50 50.29 49.87 49.31 48.71 48.21 47.90 47.85 48.03 48.40 48.90 49.49 50.13 50.77 51.35 51.76 51.91 51.73 51.25 50.57 49.83 49.20 48.75 48.51 48.45 48.54 48.77 49.20 49.84 50.67 51.62 52.54 53.29 53.75 53.87 53.71 53.38 53.02 52.75 52.62 52.60 52.59 52.50 52.27 51.89 51.41 50.91 50.45 50.07 49.78 49.59 49.53 49.60 49.78 50.02 50.24 50.36 50.28 49.98 49.51 48.98 48.55 48.35 48.42 48.71 49.14 49.61 50.06 50.46 50.80 51.03 51.14 51.11 50.99 50.81 50.62 50.44 50.27 50.12 49.99 49.90 49.85 49.88 49.99 50.19 50.50 50.91 51.38 51.85 52.22 52.46 52.51 52.38 52.06 51.60 51.08 50.62 50.30 50.19 50.26 50.40 50.44 50.27 49.81 49.09 48.23 47.37 46.69 46.31 46.30 46.64 47.23 47.93 48.58 49.02 49.12 48.82 48.98 56.00 
42.67 51.50 52.25 51.58 50.77 50.02 49.37 48.82 48.43 48.29 48.45 48.92 49.63 50.43 51.13 51.56 51.65 51.38 50.82 50.11 49.40 48.82 48.49 48.43 48.60 48.93 49.31 49.66 49.94 50.11 50.19 50.19 50.10 49.97 49.82 49.69 49.60 49.58 49.63 49.73 49.82 49.87 49.82 49.65 49.36 48.98 48.59 48.30 48.18 48.26 48.50 48.79 48.99 49.02 48.87 48.57 48.25 48.00 47.88 47.89 47.98 48.04 47.98 47.79 47.49 47.17 46.90 46.73 46.68 46.75 46.94 47.24 47.62 48.07 48.53 49.01 49.50 50.02 50.52 50.93 51.18 51.20 50.95 50.48 49.85 49.18 48.58 48.16 47.96 47.98 48.17 48.52 48.99 49.56 50.16 50.71 51.10 51.20 50.98 50.47 49.81 49.14 48.63 48.31 48.16 48.13 48.18 48.34 48.67 49.22 49.98 50.89 51.83 52.65 53.23 53.52 53.56 53.44 53.28 53.17 53.14 53.15 53.15 53.03 52.75 52.31 51.76 51.17 50.61 50.12 49.75 49.52 49.44 49.53 49.75 50.04 50.33 50.51 50.50 50.25 49.82 49.33 48.94 48.76 48.83 49.10 49.45 49.81 50.10 50.33 50.50 50.60 50.63 50.59 50.50 50.39 50.28 50.20 50.12 50.05 49.95 49.85 49.77 49.72 49.76 49.93 50.26 50.75 51.33 51.91 52.38 52.66 52.72 52.54 52.15 51.59 50.95 50.35 49.91 49.68 49.66 49.75 49.80 49.68 49.33 48.75 48.03 47.30 46.70 46.35 46.32 46.59 47.09 47.69 48.21 48.48 48.16 46.56 41.64 26.33 
71.67 58.87 54.30 52.23 51.05 50.21 49.53 48.95 48.53 48.33 48.44 48.87 49.54 50.32 51.01 51.46 51.57 51.31 50.75 50.03 49.30 48.73 48.41 48.38 48.60 48.97 49.37 49.70 49.92 50.01 50.00 49.91 49.77 49.60 49.41 49.23 49.07 48.97 48.96 49.03 49.17 49.32 49.41 49.40 49.24 48.96 48.61 48.31 48.14 48.16 48.34 48.59 48.81 48.90 48.82 48.63 48.41 48.25 48.20 48.26 48.36 48.41 48.35 48.15 47.84 47.50 47.20 46.99 46.90 46.94 47.13 47.47 47.93 48.47 49.01 49.55 50.06 50.57 51.04 51.43 51.65 51.63 51.35 50.84 50.18 49.49 48.86 48.38 48.09 47.97 48.02 48.22 48.57 49.05 49.59 50.09 50.42 50.47 50.19 49.67 49.04 48.48 48.09 47.89 47.81 47.79 47.79 47.85 48.06 48.48 49.13 49.97 50.87 51.72 52.40 52.86 53.11 53.22 53.28 53.34 53.43 53.50 53.51 53.40 53.11 52.64 52.05 51.39 50.74 50.17 49.73 49.45 49.37 49.48 49.74 50.10 50.45 50.69 50.73 50.54 50.16 49.72 49.36 49.21 49.29 49.53 49.82 50.04 50.18 50.22 50.22 50.19 50.15 50.09 50.02 49.95 49.91 49.89 49.90 49.89 49.85 49.77 49.66 49.55 49.53 49.66 50.00 50.55 51.24 51.93 52.49 52.83 52.89 52.69 52.23 51.57 50.81 50.06 49.46 49.10 48.98 49.02 49.09 49.06 48.86 48.46 47.92 47.34 46.83 46.50 46.41 46.58 46.94 47.41 47.87 48.16 48.09 47.30 44.48 34.67 
68.67 57.94 53.72 51.84 50.83 50.12 49.53 48.99 48.57 48.36 48.43 48.82 49.46 50.20 50.88 51.32 51.44 51.21 50.69 50.01 49.34 48.81 48.53 48.53 48.75 49.10 49.46 49.72 49.85 49.85 49.76 49.62 49.46 49.29 49.11 48.90 48.69 48.53 48.47 48.53 48.70 48.93 49.15 49.28 49.27 49.10 48.82 48.53 48.33 48.28 48.38 48.58 48.79 48.90 48.88 48.76 48.62 48.54 48.56 48.66 48.79 48.86 48.80 48.59 48.27 47.90 47.55 47.28 47.13 47.14 47.33 47.71 48.23 48.82 49.42 49.95 50.43 50.88 51.28 51.60 51.77 51.72 51.43 50.92 50.30 49.64 49.05 48.57 48.23 48.03 47.96 48.05 48.30 48.70 49.17 49.59 49.84 49.81 49.49 48.95 48.38 47.92 47.65 47.55 47.53 47.49 47.42 47.37 47.45 47.73 48.24 48.96 49.79 50.64 51.40 52.01 52.48 52.82 53.09 53.32 53.52 53.65 53.69 53.59 53.32 52.87 52.28 51.59 50.90 50.27 49.78 49.48 49.41 49.55 49.86 50.27 50.67 50.95 51.02 50.85 50.49 50.07 49.75 49.62 49.70 49.90 50.10 50.22 50.22 50.12 50.00 49.89 49.80 49.73 49.66 49.61 49.57 49.57 49.60 49.64 49.65 49.60 49.49 49.35 49.27 49.36 49.70 50.29 51.05 51.83 52.47 52.86 52.95 52.73 52.24 51.51 50.65 49.78 49.04 48.54 48.32 48.32 48.42 48.49 48.44 48.24 47.90 47.49 47.09 46.78 46.64 46.68 46.88 47.20 47.57 47.94 48.44 49.73 54.14 69.00 
46.67 50.40 50.60 50.34 50.05 49.72 49.34 48.94 48.58 48.39 48.45 48.81 49.41 50.12 50.76 51.20 51.33 51.15 50.71 50.13 49.56 49.12 48.92 48.94 49.13 49.41 49.65 49.79 49.79 49.69 49.52 49.36 49.20 49.06 48.90 48.69 48.47 48.29 48.19 48.24 48.44 48.73 49.04 49.29 49.40 49.35 49.16 48.91 48.70 48.60 48.64 48.79 48.95 49.04 49.04 48.96 48.86 48.83 48.90 49.04 49.19 49.29 49.24 49.04 48.71 48.30 47.90 47.56 47.34 47.31 47.49 47.88 48.44 49.07 49.66 50.16 50.57 50.92 51.22 51.46 51.57 51.50 51.24 50.80 50.26 49.70 49.20 48.78 48.44 48.18 48.03 48.03 48.19 48.51 48.91 49.26 49.43 49.32 48.95 48.43 47.91 47.54 47.38 47.36 47.36 47.30 47.17 47.02 46.96 47.09 47.45 48.03 48.76 49.57 50.38 51.14 51.79 52.35 52.80 53.18 53.46 53.65 53.72 53.64 53.41 53.01 52.46 51.80 51.11 50.48 49.98 49.69 49.64 49.81 50.17 50.61 51.04 51.32 51.37 51.17 50.79 50.36 50.03 49.89 49.94 50.10 50.24 50.28 50.19 50.03 49.86 49.73 49.65 49.59 49.53 49.45 49.37 49.33 49.33 49.37 49.41 49.39 49.29 49.14 49.02 49.06 49.36 49.95 50.74 51.56 52.25 52.69 52.82 52.63 52.14 51.40 50.48 49.52 48.67 48.07 47.77 47.72 47.84 47.99 48.09 48.09 47.97 47.75 47.48 47.23 47.04 46.96 46.99 47.12 47.28 47.45 47.73 48.78 53.17 70.33 
46.33 46.32 47.77 48.66 49.07 49.16 49.06 48.84 48.60 48.46 48.53 48.87 49.42 50.08 50.69 51.11 51.28 51.16 50.83 50.39 49.96 49.66 49.54 49.58 49.73 49.88 49.96 49.93 49.77 49.54 49.31 49.11 48.98 48.87 48.75 48.60 48.41 48.24 48.15 48.20 48.40 48.71 49.07 49.39 49.60 49.65 49.57 49.39 49.21 49.10 49.10 49.18 49.29 49.35 49.32 49.23 49.13 49.11 49.19 49.34 49.52 49.63 49.61 49.42 49.08 48.64 48.17 47.76 47.49 47.42 47.59 47.99 48.55 49.17 49.73 50.17 50.49 50.72 50.91 51.07 51.14 51.10 50.90 50.58 50.18 49.77 49.38 49.04 48.73 48.44 48.22 48.13 48.21 48.46 48.79 49.07 49.17 49.01 48.63 48.13 47.69 47.42 47.34 47.37 47.39 47.31 47.11 46.88 46.71 46.70 46.90 47.32 47.93 48.69 49.53 50.39 51.20 51.92 52.52 52.98 53.32 53.53 53.61 53.57 53.39 53.07 52.60 52.02 51.40 50.81 50.35 50.09 50.07 50.29 50.67 51.13 51.53 51.76 51.74 51.46 51.00 50.52 50.15 49.98 50.00 50.10 50.18 50.17 50.07 49.92 49.80 49.73 49.72 49.71 49.66 49.56 49.42 49.30 49.22 49.22 49.24 49.23 49.14 48.98 48.82 48.80 49.03 49.57 50.32 51.13 51.83 52.31 52.49 52.36 51.92 51.21 50.30 49.31 48.41 47.74 47.36 47.27 47.38 47.59 47.82 48.00 48.09 48.08 47.97 47.81 47.62 47.45 47.32 47.23 47.09 46.78 46.03 44.23 39.25 21.67 
26.67 40.75 45.42 47.37 48.27 48.68 48.82 48.79 48.68 48.62 48.72 49.02 49.51 50.09 50.64 51.05 51.25 51.23 51.03 50.75 50.50 50.34 50.32 50.38 50.46 50.48 50.38 50.14 49.80 49.43 49.11 48.88 48.76 48.70 48.66 48.58 48.47 48.37 48.33 48.40 48.59 48.89 49.23 49.57 49.83 49.97 49.98 49.89 49.77 49.68 49.66 49.72 49.78 49.79 49.72 49.58 49.45 49.39 49.45 49.58 49.75 49.85 49.84 49.65 49.30 48.83 48.32 47.87 47.56 47.47 47.63 48.03 48.58 49.17 49.67 50.04 50.25 50.38 50.48 50.57 50.63 50.63 50.54 50.37 50.14 49.90 49.65 49.39 49.10 48.78 48.49 48.32 48.31 48.48 48.74 48.96 49.02 48.85 48.50 48.07 47.72 47.55 47.55 47.64 47.67 47.57 47.33 47.02 46.75 46.61 46.66 46.94 47.43 48.12 48.97 49.89 50.79 51.61 52.28 52.79 53.13 53.33 53.41 53.38 53.26 53.02 52.67 52.21 51.69 51.19 50.80 50.60 50.63 50.88 51.27 51.69 52.03 52.16 52.02 51.62 51.07 50.52 50.10 49.89 49.85 49.89 49.92 49.90 49.82 49.75 49.74 49.81 49.92 50.01 50.02 49.92 49.75 49.54 49.38 49.29 49.27 49.24 49.13 48.94 48.73 48.62 48.75 49.18 49.83 50.59 51.27 51.77 52.01 51.96 51.62 51.00 50.15 49.19 48.29 47.57 47.14 46.99 47.07 47.30 47.62 47.94 48.23 48.43 48.52 48.47 48.33 48.11 47.85 47.55 47.15 46.46 45.14 42.59 37.74 29.33 
50.00 44.62 45.88 47.19 48.01 48.48 48.75 48.86 48.88 48.90 49.01 49.26 49.65 50.12 50.59 50.98 51.22 51.30 51.25 51.14 51.05 51.05 51.12 51.21 51.23 51.11 50.82 50.38 49.86 49.35 48.93 48.66 48.55 48.54 48.59 48.63 48.65 48.67 48.72 48.83 49.01 49.25 49.55 49.85 50.11 50.29 50.36 50.35 50.29 50.23 50.23 50.27 50.31 50.28 50.16 49.98 49.80 49.70 49.70 49.79 49.91 49.98 49.93 49.72 49.35 48.86 48.33 47.86 47.57 47.50 47.68 48.07 48.59 49.13 49.57 49.85 49.97 50.01 50.03 50.07 50.15 50.21 50.24 50.23 50.17 50.09 49.97 49.79 49.52 49.18 48.82 48.56 48.45 48.52 48.71 48.88 48.92 48.78 48.50 48.18 47.96 47.91 48.00 48.14 48.20 48.10 47.82 47.45 47.09 46.83 46.75 46.90 47.28 47.90 48.71 49.64 50.58 51.42 52.10 52.58 52.89 53.04 53.09 53.07 52.99 52.84 52.61 52.28 51.89 51.50 51.20 51.07 51.15 51.41 51.78 52.15 52.38 52.38 52.10 51.58 50.94 50.33 49.87 49.62 49.52 49.50 49.49 49.46 49.43 49.47 49.62 49.86 50.14 50.38 50.50 50.47 50.30 50.06 49.82 49.66 49.56 49.47 49.33 49.09 48.79 48.57 48.57 48.84 49.36 50.01 50.65 51.16 51.46 51.51 51.30 50.80 50.07 49.20 48.34 47.62 47.13 46.91 46.92 47.13 47.48 47.92 48.38 48.77 49.04 49.14 49.06 48.83 48.48 48.04 47.46 46.63 45.26 42.98 39.63 37.33 
22.67 41.98 46.48 47.74 48.27 48.64 48.92 49.11 49.22 49.30 49.39 49.56 49.83 50.16 50.52 50.86 51.13 51.31 51.40 51.46 51.53 51.65 51.81 51.92 51.90 51.66 51.22 50.60 49.92 49.28 48.78 48.47 48.36 48.40 48.55 48.74 48.93 49.11 49.28 49.44 49.61 49.79 50.00 50.23 50.43 50.60 50.69 50.72 50.70 50.67 50.68 50.71 50.74 50.70 50.57 50.37 50.16 50.02 49.97 50.00 50.05 50.06 49.94 49.67 49.25 48.73 48.20 47.77 47.53 47.52 47.75 48.16 48.66 49.14 49.50 49.70 49.74 49.70 49.66 49.69 49.78 49.91 50.04 50.16 50.25 50.31 50.30 50.20 49.96 49.60 49.19 48.83 48.62 48.58 48.67 48.78 48.82 48.73 48.56 48.38 48.31 48.40 48.61 48.82 48.91 48.80 48.50 48.07 47.63 47.28 47.09 47.13 47.42 47.97 48.74 49.62 50.52 51.31 51.93 52.35 52.58 52.67 52.67 52.63 52.57 52.48 52.35 52.14 51.88 51.60 51.39 51.33 51.44 51.71 52.05 52.34 52.46 52.32 51.91 51.29 50.59 49.96 49.50 49.22 49.07 48.98 48.92 48.88 48.90 49.05 49.36 49.78 50.26 50.68 50.95 51.04 50.94 50.72 50.46 50.24 50.07 49.92 49.72 49.40 49.01 48.65 48.48 48.59 48.95 49.48 50.06 50.57 50.93 51.09 51.02 50.68 50.11 49.38 48.60 47.89 47.36 47.04 46.96 47.10 47.43 47.92 48.49 49.04 49.46 49.70 49.70 49.48 49.08 48.56 47.93 47.17 46.09 44.22 40.32 30.67 
65.67 54.31 50.59 49.32 49.01 49.09 49.31 49.53 49.69 49.78 49.83 49.90 50.01 50.18 50.41 50.68 50.96 51.22 51.43 51.62 51.83 52.06 52.29 52.42 52.37 52.06 51.50 50.76 49.97 49.24 48.67 48.33 48.22 48.32 48.57 48.92 49.29 49.65 49.95 50.18 50.35 50.49 50.60 50.72 50.84 50.93 50.99 50.99 50.97 50.94 50.93 50.96 50.98 50.94 50.83 50.65 50.47 50.33 50.26 50.24 50.22 50.13 49.92 49.56 49.06 48.50 47.99 47.63 47.49 47.59 47.90 48.34 48.82 49.25 49.54 49.65 49.62 49.52 49.45 49.45 49.55 49.72 49.92 50.12 50.31 50.48 50.57 50.55 50.36 50.01 49.57 49.15 48.83 48.67 48.64 48.67 48.69 48.66 48.60 48.58 48.68 48.92 49.24 49.53 49.65 49.54 49.21 48.73 48.23 47.80 47.54 47.51 47.75 48.24 48.94 49.75 50.56 51.25 51.77 52.09 52.23 52.23 52.17 52.08 52.01 51.94 51.86 51.74 51.57 51.39 51.26 51.25 51.39 51.66 51.96 52.18 52.21 51.97 51.48 50.81 50.11 49.49 49.04 48.75 48.55 48.40 48.28 48.22 48.28 48.53 48.96 49.55 50.21 50.81 51.25 51.48 51.50 51.35 51.13 50.90 50.70 50.50 50.23 49.83 49.32 48.83 48.49 48.41 48.62 49.03 49.55 50.06 50.48 50.76 50.84 50.68 50.30 49.73 49.06 48.39 47.81 47.39 47.18 47.20 47.46 47.93 48.54 49.18 49.72 50.06 50.13 49.94 49.52 48.98 48.42 47.93 47.60 47.37 46.70 42.33 
81.00 59.17 52.50 50.28 49.62 49.59 49.79 50.03 50.20 50.27 50.26 50.20 50.15 50.16 50.26 50.46 50.73 51.03 51.32 51.60 51.90 52.21 52.49 52.65 52.59 52.24 51.64 50.85 50.01 49.24 48.65 48.29 48.19 48.34 48.69 49.18 49.73 50.25 50.69 51.00 51.19 51.29 51.33 51.34 51.35 51.33 51.29 51.22 51.13 51.05 50.99 50.98 50.98 50.96 50.89 50.78 50.65 50.56 50.51 50.47 50.39 50.22 49.90 49.44 48.86 48.27 47.79 47.51 47.49 47.72 48.12 48.61 49.09 49.47 49.69 49.74 49.65 49.51 49.40 49.39 49.49 49.65 49.86 50.09 50.33 50.57 50.75 50.81 50.70 50.40 49.97 49.50 49.09 48.80 48.64 48.58 48.57 48.57 48.60 48.72 48.97 49.34 49.76 50.09 50.22 50.10 49.75 49.24 48.70 48.24 47.95 47.90 48.11 48.58 49.22 49.95 50.65 51.22 51.62 51.82 51.87 51.79 51.65 51.49 51.36 51.27 51.18 51.09 50.97 50.86 50.78 50.82 50.98 51.24 51.52 51.70 51.69 51.41 50.90 50.25 49.58 49.01 48.59 48.29 48.06 47.84 47.67 47.59 47.68 47.99 48.52 49.22 50.00 50.74 51.33 51.71 51.86 51.82 51.67 51.48 51.29 51.07 50.75 50.28 49.67 49.04 48.55 48.31 48.37 48.68 49.14 49.66 50.15 50.53 50.76 50.79 50.60 50.21 49.67 49.05 48.45 47.93 47.58 47.44 47.57 47.95 48.53 49.19 49.78 50.19 50.32 50.16 49.76 49.23 48.75 48.57 49.05 51.03 56.79 74.33 
36.33 48.97 50.16 49.89 49.79 49.95 50.23 50.49 50.66 50.69 50.60 50.42 50.23 50.10 50.09 50.22 50.45 50.75 51.06 51.38 51.72 52.08 52.40 52.59 52.55 52.23 51.64 50.87 50.05 49.30 48.71 48.36 48.29 48.48 48.92 49.53 50.22 50.88 51.43 51.82 52.05 52.14 52.13 52.06 51.96 51.81 51.64 51.45 51.25 51.06 50.91 50.82 50.79 50.77 50.75 50.72 50.69 50.67 50.66 50.63 50.53 50.29 49.90 49.35 48.72 48.12 47.67 47.49 47.59 47.93 48.43 48.96 49.44 49.77 49.94 49.92 49.79 49.62 49.50 49.48 49.56 49.69 49.86 50.07 50.32 50.60 50.85 51.00 50.97 50.75 50.35 49.86 49.38 48.97 48.69 48.53 48.47 48.48 48.58 48.81 49.16 49.61 50.06 50.39 50.49 50.33 49.95 49.43 48.89 48.45 48.20 48.18 48.43 48.90 49.52 50.18 50.77 51.23 51.51 51.62 51.58 51.42 51.20 50.96 50.75 50.57 50.42 50.30 50.19 50.10 50.07 50.13 50.30 50.56 50.84 51.02 51.01 50.76 50.29 49.71 49.12 48.62 48.24 47.93 47.66 47.40 47.19 47.11 47.21 47.56 48.13 48.89 49.73 50.54 51.22 51.71 51.97 52.05 51.99 51.87 51.73 51.53 51.20 50.68 49.99 49.25 48.62 48.25 48.20 48.43 48.85 49.38 49.93 50.41 50.76 50.95 50.95 50.74 50.34 49.80 49.19 48.59 48.10 47.80 47.76 48.00 48.47 49.08 49.67 50.10 50.28 50.17 49.80 49.30 48.84 48.70 49.25 51.09 55.21 62.00 
55.67 50.27 49.38 49.41 49.72 50.12 50.52 50.82 50.97 50.95 50.79 50.52 50.23 50.01 49.92 49.99 50.18 50.43 50.71 51.01 51.35 51.71 52.06 52.29 52.31 52.05 51.54 50.84 50.09 49.39 48.85 48.54 48.51 48.75 49.25 49.94 50.72 51.47 52.11 52.58 52.86 52.97 52.94 52.82 52.62 52.35 52.04 51.70 51.36 51.04 50.78 50.60 50.50 50.47 50.49 50.53 50.58 50.64 50.68 50.68 50.57 50.32 49.89 49.31 48.66 48.08 47.70 47.61 47.82 48.24 48.79 49.33 49.79 50.08 50.19 50.14 49.99 49.82 49.71 49.69 49.73 49.83 49.94 50.10 50.32 50.60 50.90 51.12 51.17 51.02 50.66 50.17 49.63 49.15 48.78 48.55 48.45 48.47 48.62 48.89 49.28 49.73 50.13 50.38 50.39 50.16 49.74 49.23 48.74 48.38 48.22 48.30 48.63 49.15 49.78 50.40 50.92 51.29 51.48 51.52 51.41 51.20 50.92 50.59 50.27 49.98 49.73 49.54 49.39 49.29 49.27 49.34 49.53 49.80 50.08 50.29 50.32 50.13 49.75 49.27 48.78 48.35 48.00 47.70 47.41 47.14 46.93 46.86 46.99 47.35 47.92 48.66 49.48 50.28 50.98 51.52 51.87 52.04 52.09 52.06 51.98 51.82 51.50 50.96 50.22 49.41 48.70 48.25 48.12 48.29 48.69 49.22 49.79 50.34 50.79 51.11 51.26 51.22 50.96 50.51 49.91 49.27 48.67 48.23 48.02 48.09 48.42 48.92 49.45 49.88 50.09 50.03 49.72 49.24 48.75 48.42 48.47 49.16 51.12 57.33 
48.00 47.05 47.66 48.57 49.40 50.08 50.60 50.94 51.08 51.03 50.81 50.49 50.16 49.90 49.79 49.82 49.95 50.13 50.33 50.56 50.86 51.21 51.57 51.85 51.94 51.77 51.36 50.78 50.12 49.51 49.04 48.79 48.80 49.09 49.63 50.36 51.17 51.97 52.67 53.20 53.53 53.67 53.65 53.50 53.22 52.86 52.43 51.96 51.50 51.06 50.68 50.41 50.24 50.18 50.20 50.27 50.36 50.46 50.54 50.56 50.48 50.24 49.83 49.27 48.67 48.16 47.87 47.87 48.14 48.61 49.15 49.66 50.06 50.31 50.38 50.31 50.17 50.04 49.96 49.94 49.98 50.03 50.09 50.19 50.36 50.62 50.93 51.18 51.29 51.18 50.85 50.36 49.80 49.28 48.88 48.63 48.54 48.59 48.77 49.06 49.42 49.78 50.05 50.13 50.00 49.66 49.19 48.70 48.29 48.06 48.04 48.26 48.71 49.32 49.98 50.59 51.07 51.38 51.51 51.51 51.38 51.15 50.83 50.44 50.02 49.61 49.25 48.95 48.74 48.61 48.57 48.64 48.82 49.10 49.40 49.64 49.73 49.61 49.33 48.94 48.54 48.18 47.88 47.60 47.32 47.07 46.90 46.87 47.04 47.40 47.93 48.59 49.32 50.05 50.71 51.25 51.64 51.88 52.01 52.07 52.06 51.94 51.63 51.08 50.34 49.52 48.79 48.32 48.15 48.29 48.66 49.16 49.73 50.28 50.78 51.18 51.45 51.54 51.41 51.06 50.52 49.88 49.24 48.70 48.35 48.25 48.41 48.77 49.21 49.60 49.83 49.83 49.59 49.16 48.61 48.02 47.35 46.24 42.95 30.00 
38.00 42.22 45.52 47.60 48.95 49.87 50.49 50.86 51.00 50.93 50.70 50.37 50.04 49.80 49.70 49.72 49.80 49.90 50.01 50.16 50.39 50.70 51.07 51.38 51.53 51.46 51.16 50.70 50.15 49.64 49.24 49.05 49.10 49.42 49.97 50.69 51.50 52.31 53.03 53.61 53.98 54.16 54.15 53.97 53.65 53.23 52.73 52.18 51.64 51.14 50.70 50.36 50.13 50.02 50.00 50.04 50.11 50.19 50.25 50.28 50.22 50.03 49.68 49.21 48.71 48.30 48.11 48.18 48.49 48.94 49.43 49.86 50.18 50.36 50.41 50.36 50.27 50.20 50.18 50.20 50.24 50.27 50.28 50.32 50.44 50.66 50.93 51.18 51.29 51.20 50.88 50.40 49.85 49.34 48.97 48.78 48.75 48.87 49.09 49.36 49.63 49.85 49.92 49.79 49.46 48.99 48.46 48.00 47.69 47.59 47.74 48.12 48.69 49.39 50.09 50.70 51.16 51.43 51.53 51.52 51.40 51.19 50.88 50.48 50.01 49.51 49.05 48.66 48.36 48.17 48.09 48.14 48.32 48.59 48.90 49.17 49.29 49.23 49.01 48.70 48.37 48.07 47.81 47.56 47.33 47.14 47.04 47.08 47.29 47.65 48.13 48.69 49.30 49.91 50.48 50.97 51.37 51.66 51.86 51.98 52.00 51.89 51.59 51.05 50.34 49.57 48.90 48.47 48.32 48.44 48.76 49.20 49.69 50.20 50.68 51.11 51.44 51.63 51.62 51.38 50.93 50.35 49.72 49.14 48.71 48.48 48.49 48.70 49.02 49.34 49.56 49.61 49.45 49.08 48.53 47.80 46.86 45.67 44.54 46.33 
17.00 38.20 44.41 47.07 48.61 49.60 50.25 50.62 50.78 50.72 50.51 50.21 49.92 49.73 49.66 49.70 49.76 49.81 49.84 49.90 50.06 50.33 50.67 50.99 51.19 51.20 51.01 50.65 50.20 49.77 49.44 49.28 49.35 49.66 50.18 50.87 51.65 52.45 53.18 53.78 54.18 54.37 54.35 54.15 53.81 53.36 52.85 52.31 51.78 51.29 50.85 50.49 50.23 50.05 49.95 49.90 49.86 49.84 49.84 49.85 49.81 49.68 49.43 49.07 48.69 48.41 48.32 48.45 48.75 49.15 49.55 49.87 50.09 50.21 50.25 50.24 50.23 50.25 50.31 50.39 50.45 50.47 50.45 50.44 50.51 50.67 50.90 51.10 51.19 51.09 50.77 50.30 49.79 49.35 49.06 48.97 49.06 49.26 49.52 49.76 49.94 49.98 49.83 49.49 48.97 48.36 47.79 47.35 47.12 47.15 47.42 47.93 48.60 49.36 50.09 50.69 51.11 51.36 51.46 51.46 51.39 51.24 50.99 50.62 50.16 49.65 49.13 48.66 48.28 48.03 47.90 47.91 48.06 48.31 48.62 48.89 49.03 48.99 48.80 48.52 48.23 47.97 47.75 47.55 47.38 47.27 47.26 47.38 47.64 48.01 48.44 48.91 49.39 49.87 50.33 50.76 51.13 51.44 51.67 51.82 51.85 51.72 51.39 50.86 50.21 49.54 49.01 48.69 48.61 48.72 48.97 49.30 49.67 50.06 50.47 50.88 51.25 51.51 51.59 51.46 51.12 50.63 50.07 49.52 49.06 48.75 48.63 48.69 48.88 49.12 49.31 49.37 49.27 48.98 48.47 47.70 46.59 45.04 43.22 43.00 
68.33 49.04 46.60 47.35 48.45 49.33 49.95 50.33 50.50 50.48 50.30 50.05 49.81 49.67 49.66 49.73 49.81 49.84 49.83 49.85 49.96 50.18 50.49 50.80 51.02 51.08 50.96 50.69 50.32 49.94 49.64 49.48 49.52 49.77 50.24 50.86 51.60 52.38 53.12 53.74 54.15 54.32 54.27 54.04 53.68 53.25 52.80 52.34 51.90 51.50 51.13 50.80 50.51 50.27 50.05 49.83 49.63 49.46 49.34 49.29 49.26 49.21 49.06 48.84 48.59 48.43 48.42 48.58 48.87 49.18 49.46 49.67 49.78 49.85 49.89 49.95 50.04 50.18 50.33 50.47 50.55 50.56 50.52 50.49 50.51 50.63 50.81 50.97 51.03 50.90 50.59 50.15 49.69 49.33 49.15 49.19 49.39 49.68 49.97 50.19 50.26 50.15 49.83 49.31 48.64 47.95 47.34 46.92 46.75 46.85 47.20 47.77 48.48 49.24 49.96 50.53 50.91 51.14 51.24 51.28 51.28 51.21 51.05 50.77 50.38 49.90 49.38 48.88 48.46 48.14 47.96 47.92 48.03 48.26 48.55 48.80 48.93 48.89 48.70 48.43 48.15 47.90 47.70 47.55 47.44 47.40 47.47 47.67 47.99 48.37 48.79 49.20 49.58 49.94 50.29 50.62 50.95 51.24 51.48 51.62 51.61 51.43 51.06 50.54 49.96 49.44 49.08 48.93 48.94 49.07 49.24 49.42 49.63 49.88 50.18 50.54 50.91 51.22 51.38 51.34 51.11 50.72 50.25 49.76 49.32 48.98 48.77 48.71 48.78 48.91 49.04 49.09 49.03 48.81 48.40 47.68 46.51 44.50 40.22 26.67 
36.67 42.87 45.28 46.93 48.16 49.04 49.64 50.02 50.22 50.25 50.12 49.90 49.71 49.62 49.67 49.79 49.90 49.96 49.97 49.99 50.09 50.29 50.56 50.85 51.06 51.15 51.09 50.87 50.56 50.20 49.88 49.67 49.63 49.79 50.15 50.70 51.39 52.16 52.91 53.53 53.94 54.08 53.97 53.70 53.33 52.95 52.59 52.27 51.99 51.73 51.47 51.20 50.90 50.58 50.21 49.81 49.40 49.03 48.78 48.65 48.64 48.65 48.63 48.54 48.43 48.36 48.42 48.59 48.83 49.07 49.23 49.31 49.33 49.35 49.40 49.52 49.72 49.97 50.21 50.40 50.50 50.50 50.45 50.40 50.42 50.52 50.67 50.81 50.84 50.72 50.43 50.03 49.63 49.34 49.25 49.37 49.66 50.01 50.32 50.52 50.52 50.31 49.88 49.27 48.54 47.82 47.22 46.83 46.68 46.80 47.15 47.69 48.36 49.07 49.73 50.24 50.59 50.79 50.90 50.98 51.05 51.07 51.01 50.84 50.55 50.15 49.68 49.20 48.77 48.43 48.21 48.13 48.19 48.38 48.62 48.85 48.96 48.91 48.72 48.44 48.14 47.89 47.69 47.56 47.48 47.50 47.63 47.89 48.26 48.69 49.12 49.51 49.83 50.10 50.34 50.57 50.82 51.06 51.27 51.37 51.31 51.06 50.63 50.10 49.60 49.24 49.07 49.10 49.23 49.38 49.48 49.53 49.57 49.66 49.86 50.16 50.51 50.85 51.06 51.09 50.94 50.64 50.25 49.83 49.43 49.08 48.82 48.67 48.63 48.66 48.71 48.73 48.69 48.55 48.27 47.75 46.93 45.95 46.33 57.00 
29.33 40.29 44.36 46.53 47.89 48.77 49.36 49.75 49.98 50.04 49.95 49.77 49.61 49.56 49.64 49.81 49.98 50.10 50.16 50.23 50.36 50.56 50.82 51.09 51.30 51.41 51.38 51.22 50.93 50.57 50.21 49.91 49.75 49.76 50.00 50.45 51.10 51.86 52.62 53.25 53.63 53.72 53.55 53.23 52.86 52.54 52.29 52.14 52.02 51.92 51.77 51.56 51.26 50.86 50.35 49.76 49.15 48.60 48.21 48.02 48.02 48.11 48.21 48.26 48.27 48.30 48.40 48.57 48.76 48.91 48.97 48.94 48.86 48.82 48.87 49.04 49.32 49.65 49.96 50.18 50.28 50.28 50.22 50.18 50.21 50.32 50.49 50.64 50.69 50.60 50.34 49.99 49.64 49.40 49.35 49.50 49.81 50.18 50.50 50.67 50.65 50.41 49.95 49.33 48.64 47.97 47.41 47.05 46.91 46.99 47.27 47.71 48.28 48.89 49.46 49.91 50.22 50.40 50.53 50.65 50.76 50.85 50.87 50.79 50.59 50.28 49.90 49.48 49.09 48.77 48.55 48.44 48.47 48.60 48.80 48.98 49.08 49.03 48.85 48.57 48.27 47.99 47.78 47.63 47.57 47.60 47.76 48.06 48.47 48.95 49.43 49.83 50.13 50.32 50.45 50.56 50.71 50.88 51.03 51.08 50.97 50.65 50.16 49.62 49.18 48.95 48.96 49.16 49.41 49.59 49.65 49.59 49.50 49.48 49.58 49.82 50.16 50.49 50.73 50.79 50.68 50.43 50.08 49.70 49.32 48.97 48.69 48.49 48.38 48.33 48.32 48.31 48.28 48.22 48.09 47.80 47.16 45.75 41.99 29.33 
52.00 44.34 44.94 46.50 47.74 48.58 49.14 49.53 49.77 49.86 49.79 49.63 49.49 49.46 49.57 49.77 49.99 50.17 50.31 50.46 50.64 50.88 51.16 51.43 51.65 51.79 51.80 51.68 51.41 51.05 50.63 50.24 49.93 49.80 49.89 50.25 50.84 51.59 52.34 52.94 53.28 53.31 53.08 52.71 52.34 52.08 51.94 51.92 51.96 51.98 51.93 51.76 51.46 51.00 50.39 49.66 48.89 48.20 47.71 47.48 47.50 47.68 47.90 48.08 48.22 48.33 48.46 48.63 48.77 48.85 48.82 48.68 48.51 48.40 48.41 48.58 48.89 49.27 49.61 49.85 49.95 49.94 49.88 49.86 49.92 50.08 50.30 50.49 50.60 50.56 50.36 50.05 49.72 49.49 49.42 49.56 49.84 50.19 50.50 50.67 50.65 50.43 50.02 49.47 48.86 48.29 47.82 47.51 47.36 47.38 47.55 47.86 48.28 48.77 49.24 49.64 49.92 50.11 50.25 50.38 50.51 50.62 50.66 50.62 50.49 50.26 49.96 49.64 49.33 49.07 48.88 48.79 48.78 48.86 49.00 49.15 49.24 49.21 49.06 48.82 48.53 48.24 48.00 47.83 47.74 47.76 47.92 48.23 48.68 49.20 49.73 50.15 50.43 50.56 50.59 50.58 50.62 50.70 50.78 50.79 50.63 50.26 49.73 49.17 48.76 48.62 48.76 49.09 49.44 49.68 49.73 49.63 49.47 49.37 49.41 49.60 49.90 50.22 50.43 50.49 50.37 50.11 49.77 49.38 49.00 48.65 48.35 48.13 47.99 47.91 47.87 47.86 47.86 47.89 47.94 47.98 47.96 47.69 46.43 41.00 
28.67 39.88 44.13 46.37 47.68 48.48 48.99 49.36 49.59 49.68 49.62 49.48 49.35 49.33 49.45 49.67 49.91 50.13 50.34 50.56 50.83 51.13 51.45 51.76 52.02 52.20 52.26 52.18 51.95 51.59 51.14 50.66 50.24 49.97 49.94 50.20 50.72 51.41 52.11 52.66 52.93 52.88 52.58 52.18 51.81 51.59 51.54 51.62 51.75 51.85 51.86 51.73 51.43 50.95 50.30 49.50 48.66 47.91 47.37 47.13 47.19 47.45 47.79 48.10 48.34 48.52 48.69 48.86 48.97 48.99 48.88 48.66 48.39 48.17 48.11 48.24 48.53 48.90 49.25 49.49 49.59 49.57 49.51 49.51 49.61 49.83 50.11 50.38 50.56 50.58 50.44 50.16 49.83 49.57 49.46 49.54 49.78 50.10 50.40 50.59 50.60 50.42 50.08 49.63 49.14 48.67 48.30 48.05 47.91 47.88 47.95 48.11 48.39 48.75 49.15 49.51 49.78 49.98 50.13 50.25 50.36 50.43 50.44 50.39 50.27 50.09 49.87 49.65 49.45 49.28 49.17 49.10 49.07 49.11 49.19 49.30 49.39 49.41 49.33 49.15 48.91 48.64 48.39 48.18 48.06 48.05 48.18 48.48 48.94 49.49 50.04 50.48 50.74 50.81 50.74 50.63 50.56 50.56 50.59 50.56 50.37 49.96 49.40 48.82 48.41 48.30 48.50 48.91 49.35 49.65 49.75 49.68 49.53 49.41 49.42 49.56 49.81 50.05 50.21 50.22 50.05 49.74 49.35 48.93 48.52 48.15 47.85 47.64 47.51 47.45 47.44 47.45 47.51 47.63 47.86 48.24 48.94 50.55 55.01 69.00 
39.67 42.13 44.93 46.76 47.85 48.51 48.94 49.25 49.45 49.52 49.45 49.30 49.19 49.18 49.30 49.51 49.75 49.99 50.25 50.54 50.88 51.26 51.65 52.02 52.33 52.56 52.68 52.65 52.46 52.13 51.69 51.19 50.70 50.33 50.19 50.34 50.76 51.36 51.97 52.41 52.57 52.43 52.06 51.62 51.26 51.08 51.08 51.21 51.38 51.52 51.55 51.45 51.18 50.73 50.10 49.32 48.49 47.74 47.21 47.00 47.11 47.45 47.88 48.29 48.62 48.87 49.08 49.25 49.36 49.35 49.20 48.90 48.53 48.21 48.04 48.07 48.30 48.63 48.96 49.18 49.27 49.25 49.21 49.23 49.37 49.64 49.99 50.33 50.57 50.65 50.54 50.27 49.91 49.60 49.43 49.46 49.68 50.00 50.32 50.54 50.59 50.45 50.17 49.79 49.38 49.01 48.73 48.55 48.45 48.41 48.40 48.47 48.62 48.89 49.21 49.55 49.83 50.03 50.17 50.25 50.30 50.30 50.24 50.14 50.00 49.84 49.68 49.55 49.46 49.40 49.37 49.33 49.30 49.29 49.31 49.39 49.49 49.57 49.59 49.52 49.36 49.15 48.91 48.70 48.55 48.50 48.59 48.86 49.30 49.85 50.39 50.81 51.04 51.05 50.92 50.73 50.59 50.53 50.52 50.46 50.24 49.81 49.21 48.60 48.16 48.03 48.24 48.69 49.19 49.58 49.79 49.81 49.73 49.65 49.64 49.72 49.87 50.01 50.07 49.99 49.75 49.37 48.92 48.45 47.99 47.61 47.32 47.13 47.05 47.06 47.11 47.19 47.32 47.51 47.83 48.33 49.15 50.64 54.11 65.00 
36.33 43.82 46.35 47.55 48.24 48.67 48.98 49.21 49.35 49.37 49.27 49.13 49.03 49.03 49.16 49.36 49.59 49.83 50.10 50.44 50.84 51.30 51.76 52.19 52.56 52.85 53.01 53.04 52.90 52.63 52.23 51.75 51.25 50.84 50.61 50.66 50.95 51.42 51.88 52.18 52.21 51.95 51.51 51.05 50.70 50.55 50.58 50.73 50.91 51.04 51.07 50.99 50.76 50.37 49.82 49.12 48.37 47.70 47.23 47.07 47.23 47.63 48.13 48.60 48.98 49.28 49.52 49.72 49.85 49.85 49.68 49.34 48.91 48.48 48.20 48.12 48.25 48.51 48.79 48.99 49.08 49.06 49.04 49.08 49.25 49.56 49.95 50.34 50.62 50.73 50.62 50.32 49.92 49.55 49.34 49.35 49.59 49.96 50.34 50.60 50.67 50.55 50.27 49.90 49.53 49.21 49.01 48.90 48.87 48.87 48.86 48.87 48.95 49.14 49.41 49.72 49.99 50.19 50.29 50.31 50.28 50.20 50.08 49.92 49.75 49.59 49.48 49.42 49.42 49.46 49.49 49.49 49.44 49.38 49.35 49.40 49.53 49.69 49.82 49.88 49.84 49.71 49.53 49.33 49.17 49.08 49.13 49.36 49.75 50.25 50.75 51.13 51.32 51.31 51.14 50.92 50.75 50.66 50.61 50.53 50.28 49.82 49.18 48.53 48.04 47.87 48.05 48.49 49.04 49.54 49.89 50.07 50.11 50.09 50.06 50.05 50.07 50.06 49.99 49.80 49.48 49.06 48.57 48.06 47.58 47.19 46.91 46.77 46.76 46.85 46.98 47.14 47.32 47.57 47.91 48.38 48.89 48.93 45.89 27.33 
55.33 50.30 48.83 48.58 48.70 48.89 49.08 49.22 49.29 49.25 49.12 48.97 48.89 48.92 49.07 49.26 49.48 49.71 49.99 50.35 50.81 51.32 51.84 52.32 52.74 53.06 53.26 53.32 53.24 53.03 52.70 52.27 51.81 51.39 51.11 51.05 51.22 51.53 51.82 51.96 51.83 51.47 50.97 50.49 50.16 50.03 50.08 50.23 50.38 50.48 50.50 50.43 50.24 49.93 49.49 48.92 48.29 47.72 47.35 47.26 47.46 47.89 48.40 48.89 49.29 49.61 49.88 50.12 50.30 50.34 50.21 49.88 49.41 48.92 48.54 48.36 48.38 48.55 48.76 48.93 49.00 49.00 49.00 49.07 49.27 49.59 50.00 50.40 50.69 50.78 50.65 50.30 49.85 49.42 49.19 49.22 49.52 49.98 50.44 50.75 50.83 50.68 50.35 49.94 49.54 49.23 49.07 49.05 49.11 49.19 49.23 49.25 49.30 49.43 49.65 49.92 50.16 50.32 50.37 50.33 50.24 50.10 49.93 49.75 49.57 49.42 49.34 49.33 49.39 49.48 49.55 49.54 49.46 49.36 49.29 49.33 49.49 49.73 49.99 50.19 50.28 50.27 50.16 50.00 49.83 49.72 49.72 49.88 50.21 50.64 51.08 51.42 51.58 51.56 51.41 51.21 51.04 50.93 50.87 50.74 50.45 49.95 49.28 48.59 48.06 47.84 47.97 48.39 48.98 49.59 50.11 50.46 50.65 50.68 50.62 50.50 50.35 50.17 49.95 49.66 49.29 48.85 48.36 47.85 47.39 47.01 46.77 46.69 46.74 46.90 47.09 47.30 47.52 47.78 48.15 48.65 49.37 50.52 53.29 64.00 
63.00 53.08 49.92 49.08 48.98 49.08 49.20 49.29 49.28 49.18 49.02 48.87 48.81 48.88 49.04 49.25 49.47 49.69 49.98 50.36 50.85 51.39 51.94 52.45 52.89 53.23 53.44 53.51 53.46 53.29 53.02 52.67 52.26 51.86 51.55 51.42 51.47 51.63 51.76 51.74 51.49 51.03 50.49 50.00 49.69 49.58 49.64 49.77 49.90 49.96 49.95 49.87 49.72 49.48 49.14 48.70 48.21 47.76 47.49 47.46 47.69 48.10 48.59 49.04 49.42 49.74 50.05 50.34 50.58 50.70 50.64 50.36 49.91 49.40 48.95 48.68 48.60 48.66 48.80 48.92 48.98 49.00 49.03 49.14 49.37 49.71 50.11 50.49 50.75 50.80 50.61 50.21 49.70 49.25 49.01 49.08 49.46 50.01 50.56 50.92 50.99 50.78 50.36 49.85 49.39 49.06 48.92 48.97 49.13 49.31 49.44 49.50 49.55 49.65 49.81 50.02 50.21 50.31 50.31 50.23 50.10 49.95 49.79 49.63 49.47 49.35 49.29 49.30 49.38 49.47 49.51 49.48 49.36 49.22 49.14 49.19 49.39 49.71 50.08 50.40 50.62 50.71 50.69 50.57 50.42 50.29 50.24 50.34 50.59 50.95 51.33 51.63 51.80 51.82 51.71 51.55 51.41 51.30 51.20 51.03 50.69 50.15 49.46 48.76 48.21 47.95 48.04 48.45 49.07 49.77 50.43 50.94 51.25 51.34 51.23 50.98 50.65 50.30 49.94 49.57 49.18 48.76 48.32 47.87 47.46 47.13 46.94 46.91 47.01 47.20 47.41 47.61 47.81 48.07 48.42 48.92 49.62 50.67 52.86 59.00 
51.67 49.04 48.58 48.73 48.99 49.21 49.36 49.41 49.35 49.19 48.99 48.84 48.80 48.89 49.09 49.31 49.53 49.76 50.06 50.45 50.95 51.51 52.06 52.58 53.01 53.34 53.53 53.60 53.54 53.38 53.15 52.85 52.50 52.14 51.85 51.68 51.64 51.68 51.68 51.54 51.19 50.68 50.11 49.63 49.34 49.25 49.31 49.42 49.51 49.53 49.48 49.39 49.26 49.08 48.82 48.48 48.10 47.77 47.58 47.60 47.83 48.21 48.62 49.00 49.32 49.63 49.96 50.30 50.62 50.84 50.87 50.67 50.27 49.78 49.31 48.97 48.79 48.75 48.79 48.85 48.89 48.93 49.02 49.19 49.46 49.83 50.22 50.57 50.77 50.77 50.53 50.09 49.55 49.07 48.84 48.95 49.39 50.02 50.62 51.00 51.04 50.75 50.23 49.63 49.08 48.72 48.59 48.68 48.93 49.22 49.44 49.56 49.62 49.69 49.80 49.94 50.06 50.10 50.07 49.98 49.86 49.74 49.63 49.53 49.43 49.34 49.30 49.30 49.34 49.38 49.36 49.27 49.13 48.99 48.92 49.00 49.25 49.64 50.08 50.49 50.80 50.98 51.02 50.94 50.81 50.66 50.59 50.63 50.82 51.12 51.47 51.78 51.98 52.05 52.01 51.90 51.78 51.66 51.52 51.30 50.92 50.36 49.68 49.01 48.48 48.23 48.30 48.69 49.32 50.07 50.82 51.44 51.82 51.93 51.76 51.39 50.91 50.41 49.94 49.53 49.16 48.80 48.44 48.08 47.74 47.47 47.34 47.35 47.47 47.64 47.81 47.95 48.10 48.31 48.66 49.14 49.65 49.84 48.56 42.67 
33.67 42.81 46.61 48.26 49.04 49.43 49.60 49.62 49.51 49.30 49.06 48.89 48.85 48.95 49.15 49.38 49.60 49.84 50.14 50.55 51.06 51.61 52.16 52.66 53.08 53.38 53.55 53.57 53.47 53.28 53.04 52.77 52.48 52.19 51.94 51.77 51.70 51.67 51.58 51.36 50.96 50.43 49.87 49.41 49.13 49.05 49.10 49.19 49.25 49.23 49.15 49.05 48.92 48.75 48.54 48.27 47.97 47.73 47.61 47.68 47.89 48.20 48.51 48.79 49.04 49.32 49.65 50.04 50.43 50.73 50.85 50.75 50.43 49.98 49.51 49.11 48.84 48.70 48.63 48.62 48.64 48.71 48.86 49.12 49.47 49.88 50.28 50.60 50.76 50.71 50.44 49.98 49.44 48.97 48.75 48.88 49.33 49.97 50.57 50.93 50.92 50.55 49.95 49.27 48.67 48.27 48.14 48.26 48.57 48.92 49.21 49.39 49.47 49.52 49.58 49.66 49.71 49.72 49.67 49.59 49.51 49.46 49.44 49.42 49.39 49.36 49.32 49.28 49.24 49.17 49.07 48.93 48.78 48.66 48.65 48.79 49.09 49.52 50.00 50.45 50.80 51.02 51.09 51.04 50.91 50.77 50.68 50.72 50.89 51.17 51.52 51.86 52.11 52.25 52.27 52.19 52.07 51.92 51.73 51.46 51.07 50.53 49.92 49.32 48.87 48.66 48.74 49.11 49.72 50.46 51.21 51.85 52.24 52.33 52.11 51.66 51.08 50.49 49.97 49.55 49.22 48.94 48.65 48.36 48.09 47.89 47.81 47.84 47.94 48.06 48.14 48.19 48.25 48.44 48.81 49.41 50.14 50.60 48.93 35.67 
27.00 41.91 46.81 48.69 49.51 49.88 50.00 49.96 49.78 49.50 49.21 49.00 48.92 48.99 49.16 49.35 49.56 49.80 50.12 50.55 51.06 51.62 52.17 52.66 53.06 53.34 53.47 53.43 53.25 53.00 52.71 52.45 52.20 51.99 51.82 51.71 51.65 51.59 51.46 51.20 50.80 50.28 49.76 49.33 49.07 48.99 49.02 49.09 49.11 49.07 48.98 48.85 48.70 48.54 48.33 48.09 47.85 47.68 47.64 47.73 47.93 48.16 48.37 48.54 48.70 48.91 49.23 49.63 50.06 50.43 50.63 50.60 50.36 49.96 49.50 49.07 48.73 48.48 48.31 48.23 48.22 48.32 48.55 48.90 49.35 49.83 50.26 50.57 50.70 50.64 50.37 49.94 49.44 49.01 48.81 48.92 49.33 49.91 50.44 50.71 50.63 50.20 49.55 48.83 48.21 47.81 47.67 47.80 48.11 48.49 48.81 49.03 49.14 49.19 49.22 49.25 49.25 49.23 49.17 49.12 49.09 49.12 49.19 49.27 49.33 49.34 49.29 49.19 49.04 48.85 48.66 48.47 48.34 48.30 48.37 48.58 48.92 49.36 49.84 50.29 50.63 50.84 50.90 50.84 50.71 50.58 50.53 50.60 50.81 51.13 51.52 51.91 52.22 52.40 52.44 52.36 52.19 51.99 51.76 51.47 51.11 50.66 50.16 49.70 49.37 49.24 49.35 49.69 50.23 50.89 51.56 52.11 52.44 52.47 52.21 51.73 51.14 50.55 50.04 49.66 49.38 49.14 48.90 48.64 48.41 48.24 48.17 48.20 48.27 48.31 48.28 48.22 48.22 48.39 48.84 49.66 51.00 53.57 60.95 91.33 
58.33 51.04 50.02 50.18 50.43 50.57 50.56 50.41 50.14 49.78 49.42 49.13 48.97 48.95 49.03 49.16 49.33 49.56 49.90 50.35 50.89 51.47 52.03 52.52 52.92 53.19 53.28 53.18 52.91 52.56 52.21 51.92 51.72 51.60 51.54 51.51 51.49 51.44 51.31 51.05 50.67 50.21 49.75 49.38 49.14 49.05 49.07 49.11 49.11 49.06 48.94 48.79 48.62 48.43 48.21 47.99 47.81 47.71 47.74 47.87 48.06 48.23 48.33 48.38 48.43 48.56 48.83 49.21 49.65 50.04 50.28 50.32 50.14 49.79 49.35 48.90 48.49 48.16 47.92 47.77 47.74 47.86 48.15 48.60 49.15 49.71 50.19 50.50 50.63 50.58 50.35 49.99 49.58 49.22 49.04 49.12 49.45 49.90 50.29 50.45 50.27 49.79 49.12 48.42 47.82 47.43 47.29 47.39 47.66 48.01 48.33 48.57 48.72 48.79 48.83 48.83 48.80 48.75 48.68 48.64 48.65 48.73 48.88 49.06 49.20 49.26 49.20 49.03 48.76 48.45 48.16 47.95 47.86 47.91 48.08 48.37 48.76 49.19 49.64 50.05 50.35 50.51 50.52 50.42 50.28 50.17 50.18 50.33 50.63 51.04 51.51 51.94 52.29 52.47 52.49 52.35 52.12 51.85 51.59 51.33 51.06 50.75 50.43 50.15 49.97 49.95 50.09 50.41 50.85 51.35 51.84 52.22 52.40 52.35 52.06 51.61 51.08 50.57 50.14 49.82 49.58 49.35 49.10 48.83 48.58 48.41 48.34 48.34 48.35 48.30 48.18 48.04 47.99 48.17 48.68 49.57 50.80 51.86 50.04 31.00 
59.33 53.85 52.00 51.50 51.39 51.33 51.18 50.92 50.54 50.08 49.62 49.22 48.94 48.79 48.75 48.78 48.89 49.11 49.46 49.95 50.54 51.15 51.73 52.25 52.67 52.94 53.01 52.85 52.50 52.05 51.63 51.31 51.14 51.10 51.14 51.21 51.26 51.24 51.13 50.90 50.58 50.21 49.84 49.53 49.33 49.24 49.23 49.25 49.24 49.17 49.04 48.87 48.67 48.45 48.22 48.02 47.90 47.90 48.01 48.21 48.41 48.53 48.53 48.46 48.38 48.41 48.59 48.91 49.31 49.69 49.94 50.00 49.86 49.55 49.14 48.70 48.27 47.90 47.60 47.41 47.35 47.48 47.82 48.34 48.96 49.58 50.09 50.42 50.56 50.52 50.36 50.11 49.82 49.57 49.45 49.50 49.73 50.03 50.24 50.24 49.96 49.44 48.78 48.12 47.57 47.21 47.05 47.10 47.30 47.58 47.87 48.13 48.32 48.45 48.52 48.52 48.47 48.38 48.28 48.22 48.23 48.35 48.56 48.81 49.03 49.14 49.08 48.85 48.47 48.05 47.67 47.44 47.39 47.52 47.79 48.16 48.57 49.00 49.42 49.77 50.02 50.11 50.04 49.87 49.70 49.61 49.70 49.97 50.41 50.93 51.48 51.96 52.30 52.44 52.38 52.15 51.83 51.51 51.26 51.09 50.96 50.85 50.75 50.69 50.68 50.77 50.96 51.23 51.54 51.84 52.08 52.21 52.19 52.01 51.70 51.31 50.89 50.52 50.22 49.99 49.77 49.52 49.22 48.89 48.59 48.38 48.27 48.23 48.18 48.06 47.88 47.70 47.63 47.83 48.40 49.43 50.97 53.16 56.43 63.00 
53.33 52.95 52.48 52.22 52.09 51.95 51.71 51.34 50.87 50.32 49.75 49.24 48.83 48.52 48.33 48.25 48.30 48.51 48.89 49.43 50.07 50.72 51.34 51.90 52.35 52.64 52.70 52.50 52.08 51.55 51.06 50.72 50.58 50.60 50.73 50.88 50.99 51.01 50.93 50.76 50.52 50.26 50.00 49.79 49.63 49.55 49.53 49.52 49.49 49.41 49.27 49.07 48.84 48.60 48.38 48.24 48.20 48.30 48.52 48.79 49.01 49.10 49.02 48.84 48.64 48.54 48.61 48.84 49.17 49.50 49.72 49.77 49.65 49.37 48.99 48.58 48.18 47.81 47.51 47.30 47.23 47.35 47.68 48.21 48.86 49.49 50.01 50.33 50.47 50.47 50.38 50.26 50.12 50.01 49.97 50.02 50.16 50.30 50.34 50.19 49.81 49.24 48.60 47.99 47.50 47.16 46.98 46.95 47.06 47.26 47.52 47.79 48.05 48.26 48.39 48.42 48.36 48.22 48.06 47.93 47.90 48.00 48.24 48.55 48.84 49.01 48.97 48.69 48.23 47.71 47.26 46.99 46.96 47.15 47.48 47.90 48.34 48.77 49.16 49.48 49.67 49.69 49.53 49.29 49.07 49.01 49.17 49.58 50.16 50.81 51.42 51.91 52.21 52.27 52.10 51.76 51.36 51.03 50.84 50.81 50.88 51.01 51.15 51.30 51.47 51.67 51.90 52.12 52.29 52.38 52.34 52.17 51.90 51.56 51.20 50.87 50.59 50.38 50.23 50.08 49.88 49.60 49.22 48.81 48.44 48.18 48.03 47.93 47.83 47.67 47.46 47.27 47.23 47.45 48.05 49.09 50.76 53.59 59.60 77.00 
48.00 52.00 52.47 52.50 52.44 52.29 52.00 51.58 51.03 50.41 49.77 49.17 48.64 48.21 47.89 47.71 47.71 47.92 48.34 48.93 49.61 50.30 50.95 51.53 52.01 52.32 52.38 52.17 51.71 51.14 50.62 50.27 50.14 50.22 50.40 50.60 50.75 50.79 50.75 50.64 50.50 50.36 50.23 50.12 50.02 49.96 49.93 49.90 49.85 49.76 49.60 49.38 49.13 48.90 48.72 48.64 48.71 48.92 49.24 49.58 49.82 49.89 49.76 49.49 49.19 48.99 48.95 49.07 49.30 49.54 49.70 49.72 49.58 49.32 48.98 48.62 48.27 47.95 47.67 47.48 47.39 47.48 47.78 48.26 48.86 49.46 49.94 50.23 50.36 50.38 50.37 50.38 50.40 50.43 50.49 50.57 50.64 50.67 50.56 50.28 49.81 49.21 48.58 48.01 47.56 47.24 47.03 46.93 46.94 47.07 47.31 47.63 47.97 48.28 48.49 48.56 48.48 48.29 48.04 47.81 47.69 47.74 47.96 48.31 48.65 48.88 48.87 48.59 48.08 47.48 46.96 46.64 46.59 46.79 47.16 47.60 48.06 48.49 48.87 49.17 49.32 49.27 49.04 48.72 48.47 48.42 48.67 49.19 49.90 50.65 51.31 51.78 52.00 51.95 51.66 51.23 50.80 50.50 50.42 50.57 50.87 51.24 51.61 51.95 52.26 52.56 52.82 53.01 53.06 52.93 52.62 52.16 51.62 51.10 50.67 50.37 50.21 50.15 50.13 50.07 49.89 49.56 49.12 48.64 48.21 47.90 47.69 47.55 47.41 47.22 47.00 46.84 46.83 47.07 47.62 48.50 49.69 51.03 51.50 46.00 
66.33 54.42 52.59 52.42 52.41 52.28 51.98 51.53 50.95 50.31 49.66 49.03 48.44 47.94 47.54 47.30 47.29 47.51 47.97 48.59 49.29 49.99 50.66 51.25 51.73 52.05 52.12 51.90 51.44 50.87 50.35 50.02 49.93 50.03 50.23 50.44 50.58 50.63 50.61 50.56 50.52 50.50 50.49 50.48 50.46 50.43 50.39 50.35 50.28 50.16 49.98 49.75 49.50 49.29 49.17 49.19 49.36 49.67 50.06 50.43 50.69 50.75 50.60 50.29 49.95 49.68 49.55 49.58 49.70 49.84 49.91 49.86 49.68 49.41 49.09 48.78 48.49 48.24 48.02 47.85 47.77 47.81 48.03 48.42 48.93 49.45 49.86 50.11 50.21 50.25 50.30 50.41 50.57 50.74 50.89 51.00 51.04 50.99 50.79 50.42 49.89 49.26 48.64 48.10 47.68 47.36 47.13 46.98 46.94 47.02 47.27 47.65 48.10 48.51 48.80 48.90 48.80 48.54 48.18 47.84 47.61 47.57 47.75 48.09 48.48 48.75 48.79 48.53 48.02 47.38 46.80 46.42 46.32 46.49 46.84 47.29 47.75 48.18 48.55 48.83 48.95 48.86 48.58 48.21 47.93 47.90 48.22 48.84 49.64 50.46 51.13 51.55 51.68 51.51 51.13 50.64 50.21 50.00 50.07 50.41 50.93 51.51 52.06 52.54 52.95 53.32 53.60 53.76 53.73 53.44 52.90 52.19 51.41 50.71 50.18 49.89 49.81 49.88 49.97 49.97 49.81 49.46 48.97 48.45 47.98 47.62 47.36 47.17 46.98 46.77 46.57 46.45 46.49 46.75 47.23 47.91 48.73 49.50 49.48 45.00 
26.67 46.57 50.71 51.74 51.99 51.92 51.63 51.18 50.62 50.02 49.42 48.84 48.28 47.78 47.38 47.14 47.14 47.39 47.87 48.50 49.20 49.89 50.52 51.09 51.56 51.86 51.92 51.71 51.28 50.76 50.29 50.02 49.96 50.07 50.26 50.43 50.53 50.54 50.51 50.50 50.54 50.63 50.73 50.82 50.88 50.89 50.86 50.80 50.70 50.54 50.33 50.09 49.86 49.70 49.65 49.75 50.00 50.36 50.78 51.17 51.43 51.49 51.36 51.08 50.76 50.49 50.33 50.28 50.30 50.32 50.28 50.13 49.88 49.58 49.26 48.97 48.73 48.54 48.39 48.25 48.16 48.16 48.30 48.59 48.99 49.41 49.75 49.95 50.03 50.08 50.17 50.36 50.60 50.85 51.06 51.18 51.21 51.12 50.88 50.46 49.91 49.29 48.68 48.16 47.76 47.47 47.24 47.07 47.01 47.11 47.40 47.86 48.40 48.91 49.26 49.37 49.24 48.89 48.42 47.95 47.60 47.47 47.58 47.90 48.30 48.62 48.71 48.50 48.02 47.38 46.77 46.33 46.16 46.27 46.58 47.00 47.45 47.86 48.23 48.49 48.59 48.47 48.16 47.78 47.50 47.50 47.86 48.55 49.41 50.24 50.89 51.24 51.26 51.00 50.55 50.05 49.68 49.58 49.82 50.35 51.04 51.76 52.41 52.96 53.42 53.81 54.11 54.26 54.18 53.80 53.12 52.23 51.27 50.41 49.80 49.49 49.46 49.61 49.79 49.85 49.71 49.36 48.86 48.32 47.82 47.42 47.11 46.85 46.61 46.38 46.19 46.12 46.21 46.49 46.90 47.40 47.97 48.89 51.97 66.67 
72.33 54.32 51.65 51.43 51.42 51.29 51.00 50.58 50.09 49.59 49.10 48.64 48.19 47.78 47.44 47.25 47.28 47.56 48.05 48.67 49.33 49.96 50.54 51.05 51.48 51.75 51.81 51.63 51.25 50.80 50.42 50.22 50.20 50.31 50.45 50.54 50.55 50.48 50.42 50.41 50.51 50.68 50.90 51.09 51.22 51.28 51.27 51.19 51.04 50.83 50.57 50.31 50.09 49.98 50.00 50.18 50.47 50.85 51.25 51.61 51.86 51.94 51.87 51.69 51.47 51.27 51.12 51.04 50.97 50.87 50.70 50.43 50.09 49.71 49.36 49.07 48.85 48.70 48.59 48.49 48.41 48.38 48.45 48.65 48.96 49.30 49.58 49.75 49.82 49.88 50.00 50.22 50.49 50.76 50.96 51.07 51.08 50.96 50.71 50.31 49.78 49.19 48.63 48.16 47.80 47.53 47.34 47.20 47.17 47.32 47.67 48.22 48.85 49.41 49.78 49.88 49.68 49.25 48.68 48.09 47.63 47.41 47.46 47.74 48.13 48.48 48.62 48.48 48.06 47.47 46.86 46.38 46.15 46.19 46.44 46.80 47.21 47.59 47.92 48.16 48.24 48.12 47.82 47.45 47.20 47.24 47.64 48.36 49.23 50.03 50.62 50.88 50.81 50.48 49.99 49.53 49.24 49.28 49.66 50.33 51.14 51.92 52.59 53.13 53.57 53.95 54.25 54.40 54.32 53.92 53.19 52.22 51.16 50.21 49.53 49.19 49.19 49.40 49.65 49.78 49.69 49.37 48.89 48.34 47.82 47.37 46.99 46.66 46.36 46.09 45.92 45.88 46.02 46.30 46.64 46.90 46.88 46.14 42.83 27.33 
30.33 46.63 49.95 50.62 50.67 50.50 50.22 49.86 49.47 49.09 48.76 48.46 48.18 47.90 47.67 47.56 47.64 47.94 48.41 48.99 49.57 50.12 50.62 51.07 51.45 51.70 51.76 51.61 51.31 50.95 50.67 50.54 50.55 50.64 50.70 50.69 50.57 50.41 50.28 50.26 50.39 50.63 50.94 51.23 51.45 51.56 51.56 51.45 51.23 50.94 50.62 50.31 50.09 50.02 50.10 50.33 50.65 51.01 51.37 51.68 51.90 52.01 52.03 51.98 51.91 51.83 51.76 51.68 51.55 51.34 51.03 50.63 50.16 49.70 49.28 48.95 48.72 48.59 48.51 48.44 48.39 48.36 48.40 48.54 48.79 49.08 49.33 49.50 49.59 49.67 49.81 50.03 50.28 50.50 50.65 50.70 50.66 50.52 50.27 49.91 49.45 48.94 48.46 48.06 47.77 47.57 47.43 47.36 47.40 47.62 48.05 48.66 49.34 49.93 50.28 50.33 50.06 49.54 48.87 48.19 47.65 47.36 47.35 47.60 47.97 48.33 48.52 48.47 48.14 47.63 47.06 46.59 46.31 46.26 46.43 46.71 47.05 47.38 47.66 47.86 47.93 47.82 47.56 47.24 47.05 47.15 47.59 48.31 49.13 49.87 50.36 50.52 50.38 50.00 49.52 49.11 48.93 49.08 49.58 50.33 51.17 51.93 52.54 53.01 53.39 53.72 54.00 54.17 54.12 53.76 53.06 52.10 51.03 50.04 49.31 48.96 48.97 49.23 49.55 49.78 49.77 49.53 49.09 48.56 48.01 47.51 47.05 46.63 46.26 45.96 45.78 45.76 45.93 46.21 46.50 46.62 46.41 45.84 45.84 53.67 
57.00 51.92 50.88 50.39 50.02 49.72 49.43 49.14 48.86 48.63 48.45 48.32 48.20 48.08 47.97 47.96 48.08 48.38 48.81 49.30 49.78 50.23 50.64 51.03 51.37 51.62 51.71 51.62 51.40 51.15 50.96 50.88 50.89 50.92 50.90 50.76 50.53 50.27 50.07 50.03 50.18 50.49 50.88 51.26 51.55 51.70 51.70 51.54 51.25 50.86 50.43 50.06 49.82 49.77 49.90 50.16 50.49 50.83 51.14 51.39 51.59 51.73 51.83 51.92 51.99 52.05 52.07 52.01 51.84 51.54 51.11 50.58 50.00 49.43 48.93 48.55 48.29 48.16 48.11 48.09 48.08 48.08 48.13 48.26 48.47 48.73 48.98 49.17 49.31 49.43 49.60 49.80 50.01 50.15 50.21 50.16 50.04 49.86 49.61 49.30 48.92 48.53 48.16 47.88 47.68 47.57 47.51 47.52 47.64 47.93 48.43 49.08 49.77 50.34 50.64 50.62 50.27 49.66 48.91 48.17 47.59 47.25 47.22 47.43 47.80 48.16 48.41 48.44 48.24 47.85 47.37 46.91 46.60 46.48 46.54 46.72 46.96 47.21 47.43 47.60 47.66 47.58 47.39 47.16 47.07 47.24 47.71 48.40 49.16 49.79 50.17 50.23 50.02 49.62 49.18 48.83 48.74 48.98 49.55 50.31 51.11 51.79 52.30 52.65 52.93 53.19 53.45 53.63 53.63 53.35 52.74 51.85 50.81 49.83 49.08 48.71 48.73 49.05 49.48 49.83 49.96 49.84 49.48 48.98 48.42 47.86 47.31 46.81 46.37 46.03 45.82 45.80 45.96 46.24 46.48 46.51 46.10 44.77 40.91 27.33 
54.00 53.28 51.44 50.21 49.48 49.06 48.78 48.57 48.39 48.26 48.21 48.21 48.22 48.24 48.25 48.31 48.47 48.73 49.08 49.45 49.81 50.15 50.48 50.83 51.17 51.45 51.60 51.59 51.47 51.32 51.19 51.13 51.11 51.07 50.95 50.72 50.40 50.07 49.84 49.80 49.97 50.33 50.79 51.24 51.57 51.73 51.70 51.47 51.08 50.58 50.06 49.61 49.33 49.27 49.43 49.72 50.07 50.40 50.67 50.89 51.06 51.21 51.37 51.53 51.70 51.84 51.92 51.88 51.68 51.32 50.79 50.16 49.47 48.81 48.25 47.81 47.54 47.41 47.39 47.44 47.50 47.56 47.64 47.77 47.96 48.21 48.47 48.70 48.91 49.10 49.30 49.50 49.66 49.72 49.66 49.51 49.29 49.04 48.77 48.49 48.20 47.92 47.69 47.53 47.45 47.44 47.47 47.56 47.75 48.10 48.63 49.28 49.94 50.46 50.71 50.61 50.19 49.51 48.70 47.92 47.31 46.97 46.92 47.13 47.50 47.89 48.19 48.34 48.28 48.04 47.67 47.27 46.94 46.75 46.70 46.78 46.91 47.07 47.22 47.35 47.41 47.39 47.29 47.19 47.22 47.48 47.99 48.64 49.30 49.81 50.06 50.03 49.77 49.38 48.98 48.70 48.67 48.96 49.51 50.23 50.94 51.51 51.89 52.13 52.31 52.50 52.72 52.91 52.96 52.77 52.27 51.47 50.50 49.53 48.78 48.40 48.43 48.82 49.37 49.89 50.21 50.25 50.01 49.58 49.02 48.40 47.78 47.20 46.69 46.30 46.07 46.03 46.16 46.40 46.61 46.64 46.42 45.99 45.56 45.00 
69.33 55.97 51.75 49.95 49.05 48.60 48.37 48.23 48.13 48.06 48.06 48.12 48.21 48.32 48.41 48.52 48.68 48.89 49.13 49.37 49.59 49.82 50.09 50.43 50.80 51.15 51.39 51.48 51.46 51.39 51.31 51.24 51.17 51.05 50.86 50.57 50.23 49.90 49.69 49.67 49.88 50.28 50.77 51.24 51.57 51.70 51.59 51.28 50.79 50.19 49.58 49.07 48.75 48.68 48.84 49.16 49.53 49.87 50.15 50.36 50.52 50.65 50.79 50.94 51.09 51.20 51.23 51.14 50.89 50.47 49.89 49.19 48.45 47.74 47.13 46.68 46.40 46.30 46.34 46.46 46.60 46.72 46.84 46.98 47.16 47.39 47.66 47.94 48.22 48.49 48.75 48.96 49.08 49.06 48.91 48.64 48.32 47.99 47.68 47.40 47.17 46.99 46.88 46.85 46.88 46.98 47.10 47.26 47.49 47.86 48.37 48.99 49.60 50.05 50.24 50.08 49.60 48.87 48.02 47.22 46.60 46.26 46.23 46.45 46.84 47.28 47.67 47.94 48.04 47.97 47.74 47.44 47.14 46.92 46.82 46.81 46.86 46.94 47.03 47.12 47.20 47.23 47.25 47.31 47.49 47.86 48.40 49.01 49.56 49.92 50.05 49.94 49.66 49.29 48.93 48.70 48.70 48.97 49.46 50.07 50.66 51.10 51.37 51.52 51.62 51.75 51.94 52.13 52.22 52.10 51.69 50.99 50.09 49.15 48.40 48.01 48.07 48.53 49.22 49.92 50.45 50.68 50.60 50.25 49.72 49.07 48.40 47.76 47.21 46.79 46.53 46.46 46.55 46.72 46.84 46.82 46.67 46.98 50.22 66.67 
42.33 49.81 50.15 49.39 48.75 48.40 48.25 48.17 48.10 48.04 48.02 48.07 48.18 48.31 48.44 48.56 48.69 48.81 48.93 49.04 49.14 49.28 49.52 49.87 50.31 50.74 51.08 51.28 51.36 51.35 51.30 51.22 51.10 50.93 50.70 50.41 50.12 49.86 49.72 49.77 50.02 50.44 50.93 51.35 51.62 51.65 51.45 51.04 50.47 49.80 49.14 48.59 48.25 48.16 48.32 48.66 49.06 49.45 49.77 49.99 50.14 50.23 50.27 50.29 50.26 50.16 49.97 49.69 49.30 48.80 48.18 47.46 46.71 46.00 45.40 44.96 44.72 44.67 44.77 44.96 45.17 45.36 45.51 45.64 45.80 46.01 46.28 46.59 46.94 47.28 47.60 47.83 47.92 47.85 47.62 47.26 46.85 46.44 46.07 45.78 45.57 45.46 45.44 45.52 45.66 45.83 46.02 46.23 46.47 46.82 47.29 47.84 48.37 48.77 48.90 48.70 48.19 47.43 46.56 45.73 45.11 44.78 44.77 45.03 45.46 45.97 46.46 46.87 47.14 47.25 47.21 47.06 46.88 46.75 46.70 46.70 46.74 46.80 46.87 46.95 47.04 47.15 47.29 47.51 47.86 48.35 48.93 49.49 49.93 50.15 50.16 49.98 49.68 49.34 49.02 48.82 48.79 48.99 49.36 49.83 50.26 50.59 50.77 50.85 50.92 51.02 51.19 51.37 51.49 51.42 51.08 50.45 49.61 48.72 47.99 47.61 47.70 48.23 49.04 49.92 50.64 51.07 51.15 50.91 50.43 49.79 49.10 48.43 47.86 47.44 47.18 47.09 47.13 47.21 47.20 46.94 46.25 44.84 41.55 30.33 
53.00 51.12 50.25 49.40 48.80 48.51 48.41 48.37 48.29 48.19 48.10 48.09 48.15 48.26 48.38 48.47 48.53 48.57 48.57 48.56 48.57 48.65 48.89 49.28 49.78 50.31 50.74 51.04 51.20 51.25 51.22 51.12 50.98 50.79 50.57 50.35 50.15 50.02 50.00 50.13 50.43 50.85 51.28 51.62 51.76 51.67 51.35 50.84 50.21 49.53 48.87 48.33 47.99 47.89 48.05 48.38 48.82 49.27 49.65 49.92 50.07 50.08 49.95 49.68 49.26 48.71 48.04 47.34 46.66 46.00 45.32 44.61 43.90 43.24 42.69 42.31 42.12 42.12 42.28 42.53 42.79 43.02 43.18 43.30 43.43 43.61 43.86 44.19 44.58 44.98 45.32 45.56 45.64 45.53 45.25 44.83 44.36 43.89 43.48 43.17 42.97 42.90 42.94 43.09 43.30 43.54 43.76 43.98 44.21 44.50 44.89 45.35 45.81 46.14 46.24 46.03 45.51 44.75 43.87 43.04 42.42 42.10 42.12 42.41 42.89 43.46 44.05 44.59 45.02 45.33 45.50 45.60 45.71 45.88 46.10 46.32 46.50 46.64 46.76 46.86 46.99 47.17 47.43 47.82 48.33 48.94 49.57 50.09 50.41 50.51 50.41 50.16 49.85 49.52 49.22 49.01 48.93 49.01 49.22 49.51 49.79 50.00 50.12 50.18 50.24 50.34 50.50 50.67 50.79 50.74 50.45 49.90 49.13 48.31 47.64 47.30 47.43 48.01 48.90 49.88 50.75 51.33 51.56 51.44 51.04 50.45 49.78 49.14 48.60 48.21 47.98 47.90 47.91 47.92 47.79 47.35 46.35 44.40 40.74 35.00 
48.67 51.77 50.94 49.87 49.18 48.86 48.77 48.73 48.63 48.46 48.29 48.20 48.19 48.24 48.31 48.34 48.32 48.25 48.16 48.07 48.02 48.10 48.35 48.79 49.36 49.95 50.46 50.83 51.05 51.14 51.14 51.06 50.92 50.75 50.58 50.45 50.37 50.36 50.47 50.70 51.04 51.44 51.80 52.01 52.01 51.77 51.32 50.74 50.09 49.44 48.83 48.34 48.03 47.94 48.08 48.41 48.87 49.38 49.84 50.17 50.31 50.20 49.82 49.12 48.09 46.76 45.25 43.79 42.58 41.63 40.86 40.17 39.53 38.96 38.50 38.19 38.06 38.11 38.31 38.58 38.86 39.09 39.25 39.35 39.45 39.59 39.82 40.14 40.52 40.93 41.28 41.50 41.56 41.42 41.12 40.68 40.19 39.71 39.29 38.98 38.80 38.75 38.83 39.01 39.25 39.51 39.75 39.94 40.13 40.35 40.64 41.01 41.39 41.67 41.75 41.55 41.06 40.33 39.48 38.69 38.09 37.79 37.82 38.12 38.62 39.23 39.87 40.49 41.05 41.53 41.95 42.42 43.05 43.87 44.73 45.48 46.05 46.44 46.70 46.89 47.09 47.35 47.73 48.26 48.92 49.63 50.30 50.78 51.02 51.01 50.81 50.50 50.15 49.82 49.51 49.26 49.10 49.03 49.07 49.17 49.29 49.39 49.47 49.53 49.60 49.71 49.87 50.03 50.13 50.09 49.84 49.36 48.70 47.99 47.42 47.16 47.32 47.92 48.82 49.84 50.76 51.43 51.76 51.75 51.45 50.95 50.35 49.78 49.33 49.02 48.87 48.83 48.84 48.82 48.64 48.17 47.23 45.53 41.91 30.67 
69.67 56.70 52.46 50.61 49.71 49.34 49.22 49.15 49.01 48.79 48.57 48.41 48.33 48.32 48.31 48.26 48.15 48.00 47.84 47.70 47.64 47.72 48.00 48.47 49.08 49.72 50.28 50.69 50.96 51.10 51.14 51.10 50.99 50.87 50.76 50.70 50.71 50.82 51.02 51.33 51.71 52.10 52.38 52.48 52.33 51.95 51.40 50.77 50.13 49.53 49.01 48.60 48.33 48.25 48.37 48.69 49.17 49.71 50.24 50.62 50.74 50.49 49.77 48.50 46.60 44.12 41.28 38.56 36.54 35.21 34.31 33.65 33.10 32.64 32.29 32.06 31.99 32.06 32.25 32.51 32.76 32.97 33.11 33.20 33.27 33.38 33.56 33.83 34.18 34.54 34.85 35.04 35.07 34.92 34.63 34.23 33.77 33.33 32.96 32.68 32.53 32.50 32.58 32.77 33.01 33.25 33.46 33.61 33.74 33.88 34.08 34.35 34.65 34.88 34.95 34.78 34.35 33.71 32.96 32.26 31.73 31.47 31.50 31.78 32.25 32.82 33.44 34.06 34.67 35.26 35.93 36.87 38.30 40.28 42.31 44.02 45.28 46.13 46.67 47.03 47.33 47.68 48.16 48.81 49.58 50.38 51.07 51.53 51.70 51.61 51.33 50.96 50.56 50.19 49.85 49.55 49.29 49.09 48.96 48.88 48.86 48.87 48.90 48.96 49.04 49.16 49.31 49.45 49.52 49.47 49.26 48.86 48.34 47.80 47.37 47.21 47.42 47.99 48.83 49.79 50.68 51.36 51.74 51.81 51.61 51.21 50.73 50.29 49.96 49.78 49.74 49.78 49.83 49.81 49.64 49.24 48.68 48.42 50.64 65.33 
51.67 53.21 52.13 50.96 50.19 49.80 49.64 49.53 49.36 49.12 48.88 48.69 48.58 48.52 48.44 48.31 48.13 47.91 47.69 47.52 47.46 47.55 47.84 48.33 48.95 49.61 50.19 50.64 50.96 51.16 51.26 51.28 51.23 51.16 51.09 51.07 51.12 51.27 51.52 51.88 52.30 52.68 52.92 52.93 52.67 52.19 51.56 50.90 50.29 49.77 49.34 49.01 48.79 48.72 48.82 49.11 49.57 50.13 50.69 51.10 51.17 50.74 49.63 47.66 44.66 40.60 35.75 30.99 27.97 26.29 25.34 24.76 24.33 24.00 23.76 23.61 23.58 23.65 23.80 23.99 24.19 24.35 24.46 24.52 24.57 24.64 24.77 24.98 25.24 25.51 25.74 25.87 25.88 25.76 25.52 25.20 24.85 24.51 24.23 24.02 23.90 23.89 23.96 24.12 24.31 24.50 24.65 24.76 24.83 24.90 25.03 25.21 25.41 25.58 25.64 25.51 25.19 24.70 24.13 23.59 23.19 22.99 23.02 23.24 23.60 24.06 24.56 25.08 25.61 26.21 27.02 28.38 30.83 34.79 38.71 41.90 44.19 45.70 46.64 47.23 47.67 48.12 48.69 49.42 50.26 51.09 51.78 52.21 52.33 52.19 51.85 51.43 51.00 50.59 50.21 49.85 49.52 49.21 48.94 48.73 48.58 48.50 48.48 48.51 48.59 48.69 48.81 48.92 48.96 48.90 48.71 48.42 48.05 47.70 47.46 47.43 47.68 48.20 48.94 49.77 50.54 51.15 51.52 51.63 51.50 51.22 50.88 50.58 50.40 50.37 50.46 50.60 50.73 50.74 50.57 50.17 49.54 48.63 46.78 39.00 
50.00 52.63 52.35 51.45 50.70 50.24 50.00 49.83 49.64 49.40 49.18 49.00 48.88 48.79 48.67 48.49 48.25 47.99 47.74 47.55 47.47 47.55 47.82 48.29 48.89 49.53 50.13 50.63 51.02 51.30 51.48 51.58 51.61 51.58 51.53 51.49 51.51 51.63 51.88 52.25 52.69 53.09 53.32 53.29 52.98 52.44 51.78 51.11 50.53 50.06 49.71 49.45 49.27 49.21 49.28 49.53 49.95 50.49 51.05 51.43 51.42 50.79 49.25 46.52 42.26 36.25 28.51 20.05 16.36 14.78 14.05 13.66 13.41 13.23 13.10 13.03 13.02 13.06 13.15 13.26 13.36 13.45 13.51 13.55 13.58 13.62 13.69 13.80 13.94 14.09 14.22 14.29 14.29 14.21 14.08 13.89 13.69 13.50 13.34 13.23 13.17 13.16 13.21 13.30 13.41 13.52 13.60 13.65 13.68 13.71 13.77 13.87 13.98 14.07 14.10 14.03 13.85 13.58 13.26 12.96 12.73 12.62 12.63 12.76 12.96 13.23 13.52 13.83 14.16 14.57 15.23 16.58 19.82 27.43 34.20 39.32 42.88 45.19 46.61 47.48 48.08 48.63 49.25 50.01 50.85 51.65 52.29 52.67 52.76 52.58 52.24 51.81 51.36 50.94 50.54 50.15 49.77 49.39 49.04 48.73 48.48 48.32 48.24 48.22 48.26 48.33 48.41 48.46 48.46 48.38 48.22 48.01 47.81 47.66 47.62 47.73 48.03 48.52 49.13 49.80 50.41 50.90 51.20 51.29 51.21 51.01 50.79 50.63 50.60 50.71 50.93 51.18 51.39 51.45 51.30 50.90 50.28 49.51 48.71 48.33 
56.33 55.21 53.62 52.25 51.27 50.66 50.30 50.05 49.83 49.60 49.40 49.25 49.14 49.04 48.90 48.71 48.47 48.20 47.94 47.73 47.61 47.64 47.85 48.26 48.81 49.43 50.05 50.60 51.07 51.45 51.74 51.94 52.05 52.06 52.00 51.90 51.83 51.87 52.05 52.40 52.84 53.26 53.51 53.50 53.20 52.66 52.00 51.35 50.79 50.36 50.06 49.84 49.69 49.63 49.68 49.87 50.23 50.71 51.20 51.51 51.39 50.54 48.61 45.17 39.74 31.77 20.37 3.12 1.51 1.27 1.19 1.16 1.14 1.12 1.11 1.11 1.10 1.11 1.12 1.13 1.13 1.14 1.15 1.15 1.15 1.16 1.16 1.17 1.18 1.20 1.21 1.21 1.21 1.21 1.19 1.18 1.16 1.15 1.13 1.12 1.12 1.12 1.12 1.13 1.14 1.15 1.15 1.16 1.16 1.16 1.17 1.18 1.19 1.19 1.20 1.19 1.17 1.15 1.12 1.10 1.08 1.07 1.07 1.08 1.10 1.12 1.15 1.17 1.20 1.24 1.30 1.52 3.02 19.26 29.69 36.82 41.62 44.72 46.62 47.77 48.52 49.13 49.77 50.50 51.27 51.97 52.50 52.79 52.83 52.66 52.36 51.98 51.58 51.18 50.80 50.41 50.02 49.62 49.22 48.85 48.54 48.31 48.16 48.08 48.06 48.08 48.10 48.11 48.05 47.93 47.78 47.65 47.59 47.62 47.78 48.04 48.42 48.89 49.40 49.92 50.37 50.70 50.89 50.93 50.84 50.68 50.53 50.46 50.54 50.76 51.08 51.44 51.72 51.84 51.71 51.29 50.65 50.06 50.00 50.67 
66.33 58.43 55.01 53.03 51.79 51.02 50.54 50.21 49.95 49.72 49.53 49.38 49.26 49.16 49.03 48.86 48.65 48.42 48.18 47.96 47.81 47.77 47.89 48.21 48.68 49.27 49.90 50.51 51.07 51.56 51.96 52.26 52.44 52.49 52.40 52.23 52.04 51.95 52.04 52.32 52.73 53.16 53.46 53.51 53.27 52.79 52.17 51.56 51.02 50.62 50.34 50.16 50.04 49.98 50.00 50.14 50.41 50.79 51.17 51.36 51.09 50.04 47.78 43.84 37.67 28.78 16.76 1.54 0.24 0.12 0.10 0.10 0.10 0.10 0.09 0.09 0.09 0.09 0.09 0.10 0.10 0.10 0.10 0.10 0.10 0.10 0.10 0.10 0.10 0.10 0.10 0.10 0.10 0.10 0.10 0.10 0.10 0.10 0.10 0.10 0.09 0.09 0.10 0.10 0.10 0.10 0.10 0.10 0.10 0.10 0.10 0.10 0.10 0.10 0.10 0.10 0.10 0.10 0.10 0.09 0.09 0.09 0.09 0.09 0.09 0.10 0.10 0.10 0.10 0.11 0.12 0.23 1.45 15.73 26.88 35.05 40.73 44.44 46.73 48.10 48.96 49.60 50.21 50.85 51.47 52.00 52.37 52.54 52.53 52.39 52.17 51.91 51.62 51.32 50.99 50.63 50.25 49.84 49.42 49.03 48.68 48.40 48.19 48.05 47.97 47.94 47.91 47.85 47.73 47.56 47.40 47.31 47.35 47.55 47.88 48.31 48.79 49.28 49.74 50.14 50.44 50.63 50.70 50.65 50.51 50.33 50.18 50.15 50.26 50.55 50.95 51.38 51.74 51.91 51.76 51.24 50.41 49.64 50.33 57.33 
55.00 57.28 55.15 53.27 52.03 51.24 50.71 50.33 50.02 49.76 49.54 49.35 49.19 49.06 48.94 48.82 48.70 48.55 48.37 48.18 48.00 47.89 47.93 48.13 48.53 49.07 49.70 50.35 50.99 51.57 52.06 52.45 52.70 52.78 52.67 52.41 52.11 51.88 51.84 52.02 52.39 52.81 53.15 53.28 53.14 52.77 52.25 51.69 51.20 50.82 50.57 50.41 50.32 50.27 50.28 50.36 50.53 50.78 51.01 51.06 50.64 49.41 46.93 42.67 36.14 26.96 15.13 1.30 0.12 0.02 0.01 0.01 0.01 0.01 0.01 0.01 0.01 0.01 0.01 0.01 0.01 0.01 0.01 0.01 0.01 0.01 0.01 0.01 0.01 0.01 0.01 0.01 0.01 0.01 0.01 0.01 0.01 0.01 0.01 0.01 0.01 0.01 0.01 0.01 0.01 0.01 0.01 0.01 0.01 0.01 0.01 0.01 0.01 0.01 0.01 0.01 0.01 0.01 0.01 0.01 0.01 0.01 0.01 0.01 0.01 0.01 0.01 0.01 0.01 0.01 0.02 0.11 1.23 14.30 25.45 34.09 40.28 44.40 46.97 48.49 49.41 50.03 50.54 51.02 51.45 51.76 51.93 51.96 51.91 51.83 51.75 51.66 51.54 51.36 51.11 50.79 50.41 50.00 49.58 49.18 48.83 48.53 48.29 48.11 47.98 47.89 47.80 47.68 47.49 47.27 47.07 46.99 47.10 47.42 47.91 48.49 49.09 49.64 50.09 50.42 50.62 50.68 50.63 50.48 50.26 50.03 49.84 49.78 49.88 50.18 50.62 51.12 51.54 51.73 51.55 50.84 49.46 47.24 44.07 41.00 
76.00 60.53 55.05 52.87 51.84 51.22 50.77 50.38 50.04 49.72 49.43 49.15 48.91 48.73 48.61 48.55 48.53 48.51 48.43 48.31 48.15 48.01 47.97 48.07 48.37 48.84 49.45 50.12 50.80 51.44 52.00 52.45 52.75 52.85 52.72 52.41 52.01 51.66 51.49 51.55 51.84 52.23 52.61 52.83 52.82 52.59 52.19 51.73 51.29 50.95 50.72 50.60 50.55 50.54 50.55 50.58 50.65 50.76 50.84 50.73 50.17 48.80 46.17 41.75 35.08 25.87 14.32 1.22 0.10 0.01 0.00 0.00 0.00 0.00 0.00 0.00 0.00 0.00 0.00 0.00 0.00 0.00 0.00 0.00 0.00 0.00 0.00 0.00 0.00 0.00 0.00 0.00 0.00 0.00 0.00 0.00 0.00 0.00 0.00 0.00 0.00 0.00 0.00 0.00 0.00 0.00 0.00 0.00 0.00 0.00 0.00 0.00 0.00 0.00 0.00 0.00 0.00 0.00 0.00 0.00 0.00 0.00 0.00 0.00 0.00 0.00 0.00 0.00 0.00 0.00 0.01 0.10 1.17 13.75 24.84 33.70 40.18 44.56 47.30 48.91 49.82 50.37 50.75 51.03 51.23 51.32 51.29 51.20 51.13 51.14 51.22 51.33 51.39 51.35 51.17 50.87 50.49 50.07 49.65 49.27 48.94 48.67 48.43 48.23 48.07 47.92 47.77 47.57 47.31 47.02 46.78 46.70 46.85 47.26 47.87 48.59 49.31 49.93 50.40 50.69 50.80 50.76 50.61 50.37 50.09 49.79 49.55 49.43 49.50 49.78 50.24 50.78 51.25 51.47 51.27 50.45 48.71 45.25 37.40 15.33 
64.67 53.66 51.43 51.09 51.03 50.90 50.65 50.33 49.97 49.60 49.21 48.82 48.47 48.21 48.08 48.08 48.16 48.27 48.34 48.33 48.24 48.11 48.02 48.04 48.23 48.61 49.16 49.81 50.49 51.15 51.73 52.22 52.55 52.67 52.55 52.21 51.75 51.30 51.01 50.96 51.14 51.49 51.88 52.19 52.32 52.24 51.99 51.64 51.27 50.98 50.80 50.73 50.74 50.78 50.80 50.80 50.78 50.77 50.72 50.48 49.81 48.35 45.62 41.13 34.40 25.25 13.90 1.18 0.10 0.01 0.00 0.00 0.00 0.00 0.00 0.00 0.00 0.00 0.00 0.00 0.00 0.00 0.00 0.00 0.00 0.00 0.00 0.00 0.00 0.00 0.00 0.00 0.00 0.00 0.00 0.00 0.00 0.00 0.00 0.00 0.00 0.00 0.00 0.00 0.00 0.00 0.00 0.00 0.00 0.00 0.00 0.00 0.00 0.00 0.00 0.00 0.00 0.00 0.00 0.00 0.00 0.00 0.00 0.00 0.00 0.00 0.00 0.00 0.00 0.00 0.01 0.10 1.15 13.56 24.64 33.62 40.27 44.80 47.65 49.29 50.16 50.60 50.81 50.90 50.88 50.76 50.59 50.44 50.39 50.50 50.75 51.03 51.24 51.29 51.16 50.85 50.46 50.03 49.64 49.31 49.03 48.81 48.61 48.41 48.22 48.01 47.77 47.48 47.14 46.79 46.52 46.43 46.62 47.09 47.79 48.61 49.42 50.10 50.58 50.84 50.88 50.76 50.53 50.23 49.90 49.57 49.28 49.13 49.18 49.46 49.94 50.51 51.01 51.25 51.07 50.35 49.04 47.13 44.65 41.00 
15.33 37.79 45.55 48.59 49.87 50.34 50.36 50.14 49.79 49.35 48.87 48.38 47.93 47.60 47.45 47.49 47.67 47.92 48.13 48.26 48.27 48.19 48.08 48.03 48.12 48.39 48.84 49.42 50.06 50.68 51.26 51.76 52.11 52.26 52.16 51.84 51.36 50.86 50.48 50.31 50.38 50.66 51.05 51.43 51.69 51.77 51.66 51.42 51.14 50.91 50.79 50.78 50.85 50.94 50.99 50.96 50.89 50.79 50.66 50.35 49.61 48.10 45.33 40.79 34.06 24.93 13.70 1.16 0.10 0.01 0.00 0.00 0.00 0.00 0.00 0.00 0.00 0.00 0.00 0.00 0.00 0.00 0.00 0.00 0.00 0.00 0.00 0.00 0.00 0.00 0.00 0.00 0.00 0.00 0.00 0.00 0.00 0.00 0.00 0.00 0.00 0.00 0.00 0.00 0.00 0.00 0.00 0.00 0.00 0.00 0.00 0.00 0.00 0.00 0.00 0.00 0.00 0.00 0.00 0.00 0.00 0.00 0.00 0.00 0.00 0.00 0.00 0.00 0.00 0.00 0.01 0.10 1.14 13.50 24.59 33.64 40.39 45.01 47.91 49.56 50.37 50.69 50.74 50.64 50.45 50.21 49.97 49.82 49.83 50.05 50.42 50.82 51.11 51.19 51.05 50.73 50.31 49.90 49.56 49.30 49.12 48.97 48.82 48.65 48.43 48.15 47.81 47.42 46.99 46.58 46.29 46.22 46.43 46.94 47.69 48.57 49.42 50.13 50.59 50.80 50.77 50.57 50.28 49.94 49.60 49.27 49.00 48.87 48.94 49.25 49.77 50.38 50.89 51.12 50.93 50.27 49.35 49.09 52.76 72.00 
14.67 36.33 43.88 47.25 48.94 49.71 49.92 49.78 49.44 48.97 48.42 47.85 47.34 46.97 46.82 46.90 47.17 47.54 47.90 48.16 48.29 48.27 48.16 48.04 48.02 48.17 48.49 48.96 49.51 50.08 50.63 51.11 51.47 51.66 51.63 51.36 50.92 50.41 49.96 49.69 49.65 49.85 50.21 50.64 51.00 51.22 51.24 51.12 50.93 50.76 50.69 50.74 50.86 50.98 51.04 51.01 50.91 50.79 50.63 50.30 49.56 48.03 45.25 40.70 33.95 24.83 13.63 1.16 0.10 0.01 0.00 0.00 0.00 0.00 0.00 0.00 0.00 0.00 0.00 0.00 0.00 0.00 0.00 0.00 0.00 0.00 0.00 0.00 0.00 0.00 0.00 0.00 0.00 0.00 0.00 0.00 0.00 0.00 0.00 0.00 0.00 0.00 0.00 0.00 0.00 0.00 0.00 0.00 0.00 0.00 0.00 0.00 0.00 0.00 0.00 0.00 0.00 0.00 0.00 0.00 0.00 0.00 0.00 0.00 0.00 0.00 0.00 0.00 0.00 0.00 0.01 0.10 1.14 13.45 24.53 33.60 40.40 45.07 48.00 49.64 50.41 50.62 50.54 50.31 50.02 49.73 49.51 49.43 49.54 49.84 50.27 50.70 50.98 51.04 50.85 50.49 50.07 49.71 49.45 49.30 49.22 49.17 49.09 48.93 48.69 48.34 47.90 47.40 46.88 46.43 46.13 46.08 46.32 46.86 47.62 48.50 49.34 50.01 50.42 50.55 50.43 50.15 49.80 49.45 49.12 48.85 48.66 48.61 48.78 49.18 49.76 50.41 50.92 51.10 50.79 49.91 48.47 46.66 45.06 45.00 
71.67 48.67 45.82 46.91 48.22 49.04 49.35 49.26 48.93 48.46 47.89 47.31 46.79 46.44 46.32 46.46 46.81 47.28 47.75 48.14 48.36 48.39 48.28 48.11 47.98 47.98 48.16 48.50 48.94 49.42 49.91 50.37 50.75 50.99 51.04 50.87 50.51 50.03 49.54 49.18 49.02 49.12 49.44 49.88 50.33 50.65 50.80 50.78 50.66 50.55 50.52 50.60 50.74 50.87 50.92 50.88 50.79 50.69 50.55 50.26 49.56 48.06 45.30 40.75 33.98 24.85 13.64 1.16 0.10 0.01 0.00 0.00 0.00 0.00 0.00 0.00 0.00 0.00 0.00 0.00 0.00 0.00 0.00 0.00 0.00 0.00 0.00 0.00 0.00 0.00 0.00 0.00 0.00 0.00 0.00 0.00 0.00 0.00 0.00 0.00 0.00 0.00 0.00 0.00 0.00 0.00 0.00 0.00 0.00 0.00 0.00 0.00 0.00 0.00 0.00 0.00 0.00 0.00 0.00 0.00 0.00 0.00 0.00 0.00 0.00 0.00 0.00 0.00 0.00 0.00 0.01 0.10 1.13 13.38 24.41 33.46 40.26 44.94 47.89 49.53 50.26 50.41 50.24 49.95 49.63 49.39 49.26 49.29 49.50 49.86 50.29 50.66 50.86 50.82 50.55 50.16 49.77 49.47 49.32 49.30 49.34 49.38 49.36 49.24 48.99 48.58 48.05 47.45 46.86 46.37 46.08 46.06 46.32 46.86 47.60 48.43 49.20 49.78 50.10 50.12 49.89 49.52 49.11 48.75 48.46 48.28 48.22 48.33 48.66 49.19 49.88 50.57 51.08 51.20 50.76 49.59 47.45 43.61 35.58 14.67 
37.00 40.55 43.29 45.65 47.33 48.30 48.69 48.66 48.36 47.91 47.38 46.84 46.38 46.10 46.06 46.28 46.71 47.26 47.82 48.29 48.58 48.64 48.52 48.28 48.04 47.91 47.93 48.12 48.43 48.81 49.23 49.66 50.06 50.36 50.50 50.45 50.19 49.76 49.26 48.82 48.54 48.52 48.77 49.21 49.71 50.13 50.38 50.45 50.40 50.33 50.31 50.38 50.49 50.59 50.61 50.56 50.48 50.43 50.36 50.14 49.50 48.06 45.33 40.80 34.03 24.89 13.66 1.16 0.10 0.01 0.00 0.00 0.00 0.00 0.00 0.00 0.00 0.00 0.00 0.00 0.00 0.00 0.00 0.00 0.00 0.00 0.00 0.00 0.00 0.00 0.00 0.00 0.00 0.00 0.00 0.00 0.00 0.00 0.00 0.00 0.00 0.00 0.00 0.00 0.00 0.00 0.00 0.00 0.00 0.00 0.00 0.00 0.00 0.00 0.00 0.00 0.00 0.00 0.00 0.00 0.00 0.00 0.00 0.00 0.00 0.00 0.00 0.00 0.00 0.00 0.01 0.10 1.12 13.26 24.21 33.19 39.96 44.64 47.59 49.24 49.96 50.09 49.91 49.61 49.34 49.18 49.18 49.34 49.64 50.02 50.40 50.66 50.73 50.57 50.22 49.80 49.44 49.23 49.20 49.29 49.44 49.57 49.62 49.54 49.29 48.87 48.28 47.61 46.97 46.47 46.19 46.19 46.47 46.98 47.65 48.37 49.02 49.47 49.66 49.55 49.22 48.76 48.29 47.92 47.69 47.62 47.74 48.05 48.58 49.28 50.08 50.82 51.33 51.41 50.91 49.69 47.62 44.34 38.75 27.33 
14.67 32.97 40.67 44.47 46.56 47.65 48.09 48.10 47.86 47.46 47.00 46.56 46.22 46.05 46.12 46.44 46.95 47.56 48.18 48.69 49.00 49.07 48.91 48.60 48.27 48.01 47.89 47.93 48.10 48.37 48.71 49.09 49.49 49.84 50.07 50.13 49.98 49.62 49.12 48.60 48.22 48.09 48.25 48.67 49.20 49.69 50.02 50.17 50.18 50.12 50.09 50.11 50.15 50.17 50.13 50.05 49.99 49.99 50.00 49.87 49.31 47.93 45.25 40.74 34.00 24.86 13.65 1.16 0.10 0.01 0.00 0.00 0.00 0.00 0.00 0.00 0.00 0.00 0.00 0.00 0.00 0.00 0.00 0.00 0.00 0.00 0.00 0.00 0.00 0.00 0.00 0.00 0.00 0.00 0.00 0.00 0.00 0.00 0.00 0.00 0.00 0.00 0.00 0.00 0.00 0.00 0.00 0.00 0.00 0.00 0.00 0.00 0.00 0.00 0.00 0.00 0.00 0.00 0.00 0.00 0.00 0.00 0.00 0.00 0.00 0.00 0.00 0.00 0.00 0.00 0.01 0.09 1.11 13.13 23.95 32.85 39.56 44.22 47.17 48.84 49.59 49.75 49.59 49.34 49.15 49.11 49.24 49.51 49.88 50.25 50.55 50.69 50.62 50.33 49.91 49.47 49.15 49.03 49.10 49.30 49.52 49.71 49.81 49.78 49.57 49.15 48.56 47.88 47.23 46.74 46.49 46.50 46.76 47.21 47.76 48.33 48.81 49.11 49.14 48.91 48.48 47.95 47.45 47.08 46.92 46.98 47.29 47.82 48.55 49.41 50.31 51.09 51.59 51.65 51.13 50.01 48.41 46.95 47.51 55.00 
20.33 35.77 41.56 44.57 46.34 47.32 47.74 47.78 47.59 47.27 46.91 46.59 46.38 46.35 46.54 46.96 47.53 48.18 48.81 49.32 49.62 49.66 49.46 49.09 48.67 48.31 48.06 47.96 48.00 48.15 48.39 48.71 49.08 49.45 49.75 49.90 49.85 49.55 49.07 48.51 48.04 47.80 47.89 48.26 48.80 49.34 49.75 49.97 50.01 49.97 49.90 49.84 49.77 49.68 49.55 49.43 49.37 49.42 49.50 49.44 48.95 47.63 44.99 40.52 33.82 24.73 13.58 1.15 0.10 0.01 0.00 0.00 0.00 0.00 0.00 0.00 0.00 0.00 0.00 0.00 0.00 0.00 0.00 0.00 0.00 0.00 0.00 0.00 0.00 0.00 0.00 0.00 0.00 0.00 0.00 0.00 0.00 0.00 0.00 0.00 0.00 0.00 0.00 0.00 0.00 0.00 0.00 0.00 0.00 0.00 0.00 0.00 0.00 0.00 0.00 0.00 0.00 0.00 0.00 0.00 0.00 0.00 0.00 0.00 0.00 0.00 0.00 0.00 0.00 0.00 0.01 0.09 1.10 12.98 23.68 32.49 39.14 43.76 46.73 48.43 49.23 49.45 49.36 49.18 49.07 49.13 49.37 49.72 50.12 50.47 50.69 50.73 50.54 50.17 49.68 49.24 48.95 48.90 49.05 49.31 49.58 49.80 49.93 49.94 49.77 49.41 48.87 48.23 47.62 47.17 46.95 46.97 47.18 47.52 47.91 48.29 48.58 48.70 48.60 48.28 47.78 47.21 46.70 46.36 46.28 46.48 46.96 47.69 48.60 49.58 50.53 51.31 51.78 51.78 51.22 50.03 48.36 47.00 49.07 67.00 
70.67 48.06 44.96 45.59 46.62 47.36 47.74 47.80 47.67 47.43 47.17 46.96 46.88 46.97 47.27 47.75 48.36 49.01 49.62 50.09 50.34 50.34 50.10 49.69 49.21 48.76 48.41 48.19 48.10 48.13 48.27 48.50 48.82 49.17 49.49 49.71 49.73 49.51 49.06 48.49 47.97 47.66 47.67 48.00 48.52 49.09 49.56 49.84 49.94 49.90 49.78 49.63 49.44 49.21 48.98 48.80 48.73 48.79 48.91 48.90 48.45 47.16 44.56 40.13 33.48 24.48 13.44 1.14 0.10 0.01 0.00 0.00 0.00 0.00 0.00 0.00 0.00 0.00 0.00 0.00 0.00 0.00 0.00 0.00 0.00 0.00 0.00 0.00 0.00 0.00 0.00 0.00 0.00 0.00 0.00 0.00 0.00 0.00 0.00 0.00 0.00 0.00 0.00 0.00 0.00 0.00 0.00 0.00 0.00 0.00 0.00 0.00 0.00 0.00 0.00 0.00 0.00 0.00 0.00 0.00 0.00 0.00 0.00 0.00 0.00 0.00 0.00 0.00 0.00 0.00 0.01 0.09 1.09 12.84 23.44 32.16 38.76 43.38 46.37 48.12 48.99 49.28 49.27 49.16 49.13 49.25 49.54 49.92 50.32 50.64 50.81 50.78 50.53 50.10 49.59 49.15 48.89 48.88 49.07 49.36 49.64 49.86 49.99 50.01 49.89 49.60 49.15 48.60 48.09 47.71 47.53 47.53 47.66 47.86 48.06 48.23 48.33 48.30 48.09 47.71 47.20 46.64 46.16 45.88 45.88 46.20 46.83 47.70 48.73 49.78 50.73 51.46 51.85 51.78 51.12 49.69 47.23 43.03 34.42 10.33 
24.00 40.73 44.46 45.99 47.00 47.70 48.07 48.19 48.12 47.95 47.76 47.63 47.63 47.81 48.17 48.69 49.30 49.91 50.46 50.85 51.04 50.98 50.71 50.26 49.75 49.25 48.82 48.51 48.31 48.23 48.26 48.40 48.63 48.94 49.25 49.49 49.57 49.42 49.04 48.52 48.00 47.66 47.61 47.87 48.37 48.94 49.45 49.79 49.94 49.92 49.77 49.54 49.23 48.89 48.55 48.29 48.18 48.23 48.35 48.34 47.88 46.59 43.99 39.60 33.02 24.13 13.24 1.12 0.10 0.01 0.00 0.00 0.00 0.00 0.00 0.00 0.00 0.00 0.00 0.00 0.00 0.00 0.00 0.00 0.00 0.00 0.00 0.00 0.00 0.00 0.00 0.00 0.00 0.00 0.00 0.00 0.00 0.00 0.00 0.00 0.00 0.00 0.00 0.00 0.00 0.00 0.00 0.00 0.00 0.00 0.00 0.00 0.00 0.00 0.00 0.00 0.00 0.00 0.00 0.00 0.00 0.00 0.00 0.00 0.00 0.00 0.00 0.00 0.00 0.00 0.01 0.09 1.08 12.75 23.27 31.93 38.51 43.13 46.16 47.97 48.92 49.29 49.35 49.31 49.32 49.46 49.74 50.10 50.47 50.76 50.91 50.86 50.60 50.16 49.65 49.21 48.96 48.96 49.16 49.44 49.70 49.89 49.98 49.99 49.90 49.69 49.35 48.94 48.55 48.27 48.13 48.11 48.15 48.19 48.21 48.18 48.11 47.95 47.69 47.30 46.81 46.31 45.90 45.69 45.76 46.17 46.89 47.86 48.94 50.00 50.89 51.53 51.82 51.68 50.98 49.54 47.05 42.81 34.92 18.00 
51.00 46.31 46.01 46.71 47.55 48.23 48.66 48.84 48.84 48.72 48.57 48.47 48.51 48.71 49.09 49.59 50.16 50.71 51.16 51.47 51.58 51.47 51.16 50.71 50.18 49.64 49.17 48.78 48.50 48.33 48.27 48.32 48.47 48.71 48.98 49.22 49.34 49.27 48.99 48.56 48.09 47.76 47.67 47.88 48.32 48.87 49.40 49.80 50.02 50.04 49.90 49.61 49.22 48.77 48.33 48.00 47.82 47.81 47.88 47.81 47.30 45.96 43.34 38.96 32.46 23.71 13.00 1.10 0.09 0.01 0.00 0.00 0.00 0.00 0.00 0.00 0.00 0.00 0.00 0.00 0.00 0.00 0.00 0.00 0.00 0.00 0.00 0.00 0.00 0.00 0.00 0.00 0.00 0.00 0.00 0.00 0.00 0.00 0.00 0.00 0.00 0.00 0.00 0.00 0.00 0.00 0.00 0.00 0.00 0.00 0.00 0.00 0.00 0.00 0.00 0.00 0.00 0.00 0.00 0.00 0.00 0.00 0.00 0.00 0.00 0.00 0.00 0.00 0.00 0.00 0.01 0.09 1.08 12.70 23.19 31.84 38.42 43.07 46.14 48.01 49.03 49.48 49.60 49.61 49.64 49.76 49.99 50.29 50.61 50.87 51.01 50.98 50.75 50.34 49.85 49.41 49.15 49.13 49.29 49.54 49.76 49.90 49.94 49.91 49.82 49.67 49.44 49.17 48.92 48.74 48.64 48.61 48.57 48.48 48.34 48.16 47.96 47.73 47.45 47.09 46.68 46.26 45.93 45.79 45.92 46.37 47.14 48.13 49.21 50.23 51.05 51.58 51.78 51.58 50.92 49.70 47.88 45.65 44.10 48.00 
54.67 47.41 46.39 47.05 48.01 48.81 49.35 49.62 49.66 49.57 49.43 49.33 49.34 49.52 49.86 50.31 50.80 51.27 51.63 51.85 51.88 51.73 51.40 50.94 50.41 49.86 49.35 48.91 48.57 48.33 48.21 48.20 48.29 48.47 48.69 48.92 49.06 49.07 48.91 48.60 48.24 47.94 47.84 47.98 48.34 48.85 49.38 49.83 50.12 50.22 50.11 49.82 49.38 48.87 48.36 47.94 47.68 47.57 47.53 47.34 46.73 45.31 42.64 38.28 31.86 23.25 12.75 1.08 0.09 0.01 0.00 0.00 0.00 0.00 0.00 0.00 0.00 0.00 0.00 0.00 0.00 0.00 0.00 0.00 0.00 0.00 0.00 0.00 0.00 0.00 0.00 0.00 0.00 0.00 0.00 0.00 0.00 0.00 0.00 0.00 0.00 0.00 0.00 0.00 0.00 0.00 0.00 0.00 0.00 0.00 0.00 0.00 0.00 0.00 0.00 0.00 0.00 0.00 0.00 0.00 0.00 0.00 0.00 0.00 0.00 0.00 0.00 0.00 0.00 0.00 0.01 0.09 1.08 12.72 23.24 31.91 38.52 43.20 46.31 48.23 49.30 49.81 50.00 50.03 50.06 50.14 50.30 50.51 50.76 50.99 51.14 51.14 50.96 50.60 50.13 49.69 49.40 49.32 49.44 49.64 49.80 49.88 49.85 49.77 49.66 49.54 49.39 49.24 49.11 49.03 48.99 48.95 48.86 48.69 48.46 48.19 47.93 47.68 47.41 47.12 46.78 46.46 46.21 46.13 46.29 46.75 47.51 48.47 49.52 50.48 51.22 51.67 51.78 51.53 50.91 49.88 48.54 47.30 47.55 54.00 
37.67 42.17 44.85 46.79 48.25 49.30 49.98 50.34 50.43 50.36 50.20 50.06 50.01 50.12 50.37 50.74 51.16 51.54 51.82 51.96 51.95 51.76 51.43 50.97 50.43 49.86 49.31 48.83 48.44 48.18 48.04 48.01 48.07 48.20 48.38 48.58 48.74 48.83 48.79 48.63 48.39 48.16 48.05 48.12 48.39 48.83 49.33 49.82 50.19 50.37 50.35 50.10 49.67 49.13 48.57 48.08 47.72 47.49 47.30 46.96 46.21 44.69 41.97 37.61 31.27 22.81 12.50 1.06 0.09 0.01 0.00 0.00 0.00 0.00 0.00 0.00 0.00 0.00 0.00 0.00 0.00 0.00 0.00 0.00 0.00 0.00 0.00 0.00 0.00 0.00 0.00 0.00 0.00 0.00 0.00 0.00 0.00 0.00 0.00 0.00 0.00 0.00 0.00 0.00 0.00 0.00 0.00 0.00 0.00 0.00 0.00 0.00 0.00 0.00 0.00 0.00 0.00 0.00 0.00 0.00 0.00 0.00 0.00 0.00 0.00 0.00 0.00 0.00 0.00 0.00 0.01 0.09 1.09 12.81 23.40 32.14 38.79 43.50 46.64 48.59 49.70 50.25 50.47 50.53 50.54 50.57 50.64 50.77 50.94 51.13 51.29 51.34 51.21 50.89 50.45 49.98 49.64 49.50 49.54 49.68 49.79 49.81 49.72 49.57 49.42 49.29 49.19 49.12 49.08 49.08 49.09 49.07 48.98 48.80 48.55 48.27 48.01 47.78 47.57 47.34 47.10 46.86 46.69 46.65 46.82 47.25 47.95 48.86 49.85 50.76 51.45 51.84 51.89 51.60 50.95 49.96 48.66 47.09 44.59 35.00 
26.67 38.60 43.78 46.61 48.43 49.66 50.45 50.88 51.01 50.94 50.75 50.55 50.43 50.44 50.60 50.88 51.21 51.53 51.76 51.86 51.82 51.62 51.29 50.83 50.28 49.67 49.08 48.55 48.14 47.87 47.74 47.73 47.79 47.89 48.04 48.21 48.39 48.55 48.63 48.62 48.50 48.34 48.22 48.23 48.41 48.75 49.21 49.71 50.15 50.43 50.51 50.34 49.97 49.45 48.87 48.33 47.87 47.51 47.17 46.68 45.79 44.16 41.40 37.06 30.79 22.46 12.31 1.04 0.09 0.01 0.00 0.00 0.00 0.00 0.00 0.00 0.00 0.00 0.00 0.00 0.00 0.00 0.00 0.00 0.00 0.00 0.00 0.00 0.00 0.00 0.00 0.00 0.00 0.00 0.00 0.00 0.00 0.00 0.00 0.00 0.00 0.00 0.00 0.00 0.00 0.00 0.00 0.00 0.00 0.00 0.00 0.00 0.00 0.00 0.00 0.00 0.00 0.00 0.00 0.00 0.00 0.00 0.00 0.00 0.00 0.00 0.00 0.00 0.00 0.00 0.01 0.09 1.10 12.96 23.66 32.49 39.19 43.93 47.08 49.03 50.16 50.74 50.98 51.05 51.04 51.02 51.01 51.05 51.15 51.30 51.45 51.52 51.43 51.15 50.72 50.24 49.84 49.62 49.59 49.66 49.72 49.69 49.54 49.33 49.12 48.96 48.85 48.81 48.83 48.88 48.94 48.97 48.92 48.78 48.58 48.36 48.17 48.00 47.86 47.72 47.56 47.41 47.30 47.28 47.43 47.81 48.43 49.26 50.19 51.07 51.74 52.12 52.14 51.80 51.09 50.04 48.70 47.52 48.54 62.33 
37.33 41.60 44.70 46.97 48.65 49.87 50.69 51.15 51.31 51.24 51.02 50.77 50.56 50.48 50.55 50.75 51.03 51.32 51.53 51.63 51.58 51.39 51.05 50.58 49.99 49.34 48.69 48.12 47.69 47.44 47.35 47.37 47.45 47.55 47.66 47.81 48.00 48.23 48.43 48.54 48.54 48.43 48.30 48.24 48.32 48.58 48.98 49.48 49.96 50.33 50.51 50.45 50.16 49.70 49.14 48.57 48.06 47.60 47.14 46.54 45.54 43.84 41.05 36.73 30.52 22.27 12.21 1.03 0.09 0.01 0.00 0.00 0.00 0.00 0.00 0.00 0.00 0.00 0.00 0.00 0.00 0.00 0.00 0.00 0.00 0.00 0.00 0.00 0.00 0.00 0.00 0.00 0.00 0.00 0.00 0.00 0.00 0.00 0.00 0.00 0.00 0.00 0.00 0.00 0.00 0.00 0.00 0.00 0.00 0.00 0.00 0.00 0.00 0.00 0.00 0.00 0.00 0.00 0.00 0.00 0.00 0.00 0.00 0.00 0.00 0.00 0.00 0.00 0.00 0.00 0.01 0.09 1.11 13.15 24.00 32.93 39.68 44.44 47.57 49.52 50.64 51.23 51.48 51.55 51.51 51.44 51.36 51.32 51.36 51.47 51.60 51.67 51.60 51.35 50.92 50.42 49.98 49.70 49.60 49.61 49.62 49.54 49.34 49.07 48.79 48.56 48.42 48.37 48.39 48.48 48.58 48.66 48.68 48.64 48.55 48.44 48.35 48.28 48.23 48.18 48.11 48.04 47.99 47.99 48.10 48.40 48.92 49.66 50.53 51.40 52.09 52.48 52.49 52.11 51.32 50.09 48.31 45.50 39.56 20.33 
48.33 45.58 46.08 47.40 48.74 49.83 50.62 51.09 51.27 51.20 50.97 50.67 50.41 50.26 50.28 50.44 50.71 51.00 51.24 51.35 51.31 51.10 50.75 50.25 49.63 48.94 48.24 47.64 47.20 46.97 46.92 46.99 47.10 47.20 47.29 47.42 47.62 47.89 48.18 48.39 48.46 48.39 48.24 48.12 48.12 48.29 48.64 49.12 49.62 50.05 50.31 50.35 50.15 49.78 49.28 48.75 48.24 47.75 47.24 46.58 45.54 43.81 41.02 36.73 30.54 22.30 12.23 1.04 0.09 0.01 0.00 0.00 0.00 0.00 0.00 0.00 0.00 0.00 0.00 0.00 0.00 0.00 0.00 0.00 0.00 0.00 0.00 0.00 0.00 0.00 0.00 0.00 0.00 0.00 0.00 0.00 0.00 0.00 0.00 0.00 0.00 0.00 0.00 0.00 0.00 0.00 0.00 0.00 0.00 0.00 0.00 0.00 0.00 0.00 0.00 0.00 0.00 0.00 0.00 0.00 0.00 0.00 0.00 0.00 0.00 0.00 0.00 0.00 0.00 0.00 0.01 0.10 1.13 13.36 24.36 33.39 40.18 44.94 48.05 49.98 51.09 51.68 51.94 51.99 51.93 51.81 51.68 51.58 51.56 51.61 51.71 51.77 51.70 51.45 51.03 50.53 50.07 49.75 49.61 49.58 49.54 49.42 49.17 48.84 48.49 48.18 47.97 47.88 47.89 47.98 48.12 48.25 48.36 48.43 48.47 48.51 48.54 48.59 48.64 48.68 48.70 48.72 48.72 48.74 48.81 49.02 49.43 50.07 50.88 51.73 52.43 52.85 52.87 52.46 51.62 50.35 48.62 46.36 43.73 42.67 
50.67 46.12 46.24 47.32 48.47 49.45 50.19 50.65 50.84 50.79 50.56 50.27 50.00 49.85 49.86 50.05 50.35 50.69 50.96 51.09 51.05 50.82 50.42 49.88 49.23 48.52 47.81 47.20 46.77 46.57 46.56 46.67 46.80 46.90 46.96 47.07 47.26 47.55 47.88 48.15 48.26 48.21 48.04 47.87 47.80 47.92 48.22 48.67 49.17 49.62 49.93 50.03 49.93 49.65 49.26 48.82 48.38 47.95 47.48 46.83 45.82 44.12 41.36 37.08 30.88 22.57 12.39 1.05 0.09 0.01 0.00 0.00 0.00 0.00 0.00 0.00 0.00 0.00 0.00 0.00 0.00 0.00 0.00 0.00 0.00 0.00 0.00 0.00 0.00 0.00 0.00 0.00 0.00 0.00 0.00 0.00 0.00 0.00 0.00 0.00 0.00 0.00 0.00 0.00 0.00 0.00 0.00 0.00 0.00 0.00 0.00 0.00 0.00 0.00 0.00 0.00 0.00 0.00 0.00 0.00 0.00 0.00 0.00 0.00 0.00 0.00 0.00 0.00 0.00 0.00 0.01 0.10 1.15 13.55 24.70 33.80 40.62 45.36 48.44 50.35 51.45 52.05 52.31 52.35 52.27 52.11 51.92 51.78 51.70 51.71 51.76 51.78 51.70 51.45 51.05 50.58 50.13 49.82 49.66 49.60 49.54 49.39 49.10 48.71 48.29 47.91 47.62 47.47 47.46 47.55 47.70 47.88 48.07 48.25 48.43 48.60 48.77 48.93 49.07 49.20 49.32 49.41 49.48 49.51 49.55 49.67 49.96 50.49 51.22 52.03 52.72 53.13 53.15 52.72 51.87 50.63 49.07 47.33 46.18 49.33 
30.67 41.78 45.11 46.72 47.84 48.71 49.37 49.81 50.02 50.00 49.83 49.59 49.39 49.31 49.41 49.67 50.05 50.46 50.78 50.92 50.85 50.57 50.11 49.53 48.87 48.16 47.48 46.91 46.51 46.34 46.36 46.49 46.62 46.70 46.74 46.80 46.96 47.23 47.55 47.82 47.93 47.88 47.71 47.52 47.44 47.52 47.80 48.21 48.68 49.12 49.42 49.56 49.52 49.35 49.08 48.79 48.49 48.20 47.84 47.29 46.36 44.73 42.02 37.74 31.48 23.04 12.65 1.07 0.09 0.01 0.00 0.00 0.00 0.00 0.00 0.00 0.00 0.00 0.00 0.00 0.00 0.00 0.00 0.00 0.00 0.00 0.00 0.00 0.00 0.00 0.00 0.00 0.00 0.00 0.00 0.00 0.00 0.00 0.00 0.00 0.00 0.00 0.00 0.00 0.00 0.00 0.00 0.00 0.00 0.00 0.00 0.00 0.00 0.00 0.00 0.00 0.00 0.00 0.00 0.00 0.00 0.00 0.00 0.00 0.00 0.00 0.00 0.00 0.00 0.00 0.01 0.10 1.16 13.71 24.96 34.12 40.93 45.63 48.68 50.56 51.67 52.28 52.55 52.60 52.49 52.29 52.06 51.87 51.76 51.71 51.71 51.69 51.59 51.35 50.99 50.56 50.17 49.90 49.77 49.71 49.65 49.47 49.16 48.73 48.25 47.80 47.46 47.26 47.22 47.30 47.46 47.67 47.92 48.19 48.48 48.78 49.06 49.32 49.54 49.74 49.93 50.10 50.22 50.27 50.28 50.32 50.51 50.91 51.53 52.25 52.88 53.25 53.22 52.77 51.92 50.76 49.33 47.46 44.18 35.33 
47.67 45.09 45.46 46.26 47.03 47.70 48.23 48.62 48.83 48.89 48.84 48.74 48.70 48.78 49.02 49.42 49.91 50.39 50.74 50.87 50.74 50.39 49.87 49.26 48.60 47.95 47.34 46.83 46.48 46.33 46.36 46.48 46.60 46.64 46.62 46.62 46.70 46.90 47.16 47.39 47.49 47.44 47.29 47.13 47.07 47.16 47.42 47.80 48.23 48.61 48.89 49.02 49.01 48.92 48.79 48.66 48.56 48.46 48.27 47.87 47.06 45.53 42.87 38.59 32.24 23.62 12.99 1.10 0.09 0.01 0.00 0.00 0.00 0.00 0.00 0.00 0.00 0.00 0.00 0.00 0.00 0.00 0.00 0.00 0.00 0.00 0.00 0.00 0.00 0.00 0.00 0.00 0.00 0.00 0.00 0.00 0.00 0.00 0.00 0.00 0.00 0.00 0.00 0.00 0.00 0.00 0.00 0.00 0.00 0.00 0.00 0.00 0.00 0.00 0.00 0.00 0.00 0.00 0.00 0.00 0.00 0.00 0.00 0.00 0.00 0.00 0.00 0.00 0.00 0.00 0.01 0.10 1.17 13.82 25.13 34.29 41.08 45.73 48.73 50.60 51.72 52.36 52.64 52.68 52.54 52.31 52.04 51.81 51.65 51.56 51.51 51.46 51.33 51.12 50.81 50.47 50.18 49.99 49.91 49.90 49.84 49.68 49.36 48.91 48.39 47.90 47.52 47.30 47.24 47.31 47.47 47.69 47.97 48.30 48.67 49.06 49.42 49.73 50.01 50.27 50.51 50.74 50.91 50.99 50.97 50.95 51.02 51.30 51.78 52.36 52.87 53.13 53.03 52.53 51.71 50.70 49.70 48.82 47.64 41.67 
48.67 45.37 45.26 45.67 46.12 46.52 46.89 47.19 47.43 47.60 47.72 47.86 48.05 48.36 48.80 49.36 49.95 50.49 50.85 50.95 50.76 50.33 49.75 49.13 48.51 47.94 47.43 47.00 46.70 46.56 46.56 46.64 46.69 46.66 46.55 46.45 46.43 46.53 46.70 46.87 46.96 46.94 46.85 46.76 46.76 46.89 47.15 47.50 47.88 48.19 48.40 48.49 48.49 48.45 48.43 48.48 48.57 48.68 48.69 48.45 47.78 46.34 43.74 39.45 33.01 24.22 13.32 1.13 0.10 0.01 0.00 0.00 0.00 0.00 0.00 0.00 0.00 0.00 0.00 0.00 0.00 0.00 0.00 0.00 0.00 0.00 0.00 0.00 0.00 0.00 0.00 0.00 0.00 0.00 0.00 0.00 0.00 0.00 0.00 0.00 0.00 0.00 0.00 0.00 0.00 0.00 0.00 0.00 0.00 0.00 0.00 0.00 0.00 0.00 0.00 0.00 0.00 0.00 0.00 0.00 0.00 0.00 0.00 0.00 0.00 0.00 0.00 0.00 0.00 0.00 0.01 0.10 1.18 13.86 25.18 34.34 41.08 45.69 48.66 50.51 51.65 52.29 52.58 52.59 52.41 52.12 51.81 51.54 51.34 51.21 51.12 51.04 50.92 50.75 50.52 50.30 50.13 50.06 50.07 50.12 50.11 49.97 49.66 49.21 48.68 48.18 47.78 47.55 47.49 47.55 47.70 47.91 48.20 48.55 48.96 49.39 49.78 50.14 50.45 50.73 51.02 51.29 51.49 51.58 51.55 51.47 51.45 51.59 51.91 52.32 52.67 52.78 52.57 52.01 51.22 50.36 49.78 50.42 55.87 82.33 
33.33 42.48 44.55 45.07 45.25 45.38 45.54 45.75 46.01 46.32 46.68 47.10 47.59 48.16 48.81 49.51 50.18 50.73 51.07 51.12 50.88 50.40 49.80 49.19 48.64 48.16 47.74 47.39 47.12 46.96 46.90 46.88 46.82 46.67 46.46 46.24 46.10 46.09 46.18 46.30 46.39 46.43 46.43 46.44 46.52 46.71 46.98 47.31 47.63 47.89 48.03 48.07 48.04 48.03 48.09 48.26 48.52 48.81 48.99 48.92 48.37 47.03 44.47 40.18 33.67 24.73 13.61 1.15 0.10 0.01 0.00 0.00 0.00 0.00 0.00 0.00 0.00 0.00 0.00 0.00 0.00 0.00 0.00 0.00 0.00 0.00 0.00 0.00 0.00 0.00 0.00 0.00 0.00 0.00 0.00 0.00 0.00 0.00 0.00 0.00 0.00 0.00 0.00 0.00 0.00 0.00 0.00 0.00 0.00 0.00 0.00 0.00 0.00 0.00 0.00 0.00 0.00 0.00 0.00 0.00 0.00 0.00 0.00 0.00 0.00 0.00 0.00 0.00 0.00 0.00 0.01 0.10 1.17 13.85 25.16 34.29 41.01 45.59 48.54 50.39 51.52 52.15 52.40 52.35 52.09 51.73 51.36 51.04 50.80 50.64 50.53 50.44 50.34 50.24 50.13 50.05 50.04 50.10 50.22 50.34 50.38 50.28 50.00 49.56 49.05 48.55 48.17 47.95 47.89 47.94 48.06 48.25 48.52 48.87 49.27 49.69 50.09 50.45 50.78 51.09 51.41 51.70 51.92 52.01 51.95 51.82 51.71 51.72 51.89 52.13 52.30 52.27 51.94 51.34 50.54 49.65 48.69 47.27 43.17 25.67 
52.00 46.76 45.57 45.05 44.70 44.48 44.41 44.52 44.81 45.28 45.89 46.61 47.40 48.23 49.05 49.83 50.52 51.05 51.34 51.34 51.07 50.58 50.00 49.43 48.95 48.56 48.24 47.95 47.69 47.47 47.30 47.13 46.91 46.62 46.27 45.95 45.72 45.62 45.66 45.76 45.88 45.99 46.09 46.20 46.37 46.60 46.89 47.20 47.49 47.71 47.80 47.80 47.73 47.71 47.80 48.05 48.42 48.83 49.14 49.18 48.73 47.47 44.97 40.69 34.14 25.09 13.82 1.17 0.10 0.01 0.00 0.00 0.00 0.00 0.00 0.00 0.00 0.00 0.00 0.00 0.00 0.00 0.00 0.00 0.00 0.00 0.00 0.00 0.00 0.00 0.00 0.00 0.00 0.00 0.00 0.00 0.00 0.00 0.00 0.00 0.00 0.00 0.00 0.00 0.00 0.00 0.00 0.00 0.00 0.00 0.00 0.00 0.00 0.00 0.00 0.00 0.00 0.00 0.00 0.00 0.00 0.00 0.00 0.00 0.00 0.00 0.00 0.00 0.00 0.00 0.01 0.10 1.17 13.82 25.11 34.22 40.94 45.52 48.49 50.34 51.45 52.02 52.19 52.03 51.67 51.21 50.76 50.38 50.10 49.90 49.77 49.69 49.64 49.63 49.67 49.76 49.91 50.12 50.35 50.54 50.64 50.57 50.33 49.92 49.43 48.96 48.60 48.39 48.33 48.36 48.45 48.61 48.85 49.15 49.52 49.90 50.28 50.63 50.97 51.31 51.65 51.96 52.18 52.24 52.15 51.96 51.77 51.69 51.72 51.82 51.84 51.69 51.30 50.69 49.95 49.15 48.29 47.01 43.99 35.00 
46.33 47.15 46.23 45.26 44.50 43.97 43.70 43.71 44.04 44.65 45.50 46.48 47.52 48.52 49.44 50.23 50.87 51.32 51.54 51.52 51.25 50.80 50.27 49.78 49.38 49.07 48.82 48.57 48.30 48.00 47.68 47.33 46.93 46.49 46.03 45.62 45.34 45.21 45.24 45.36 45.53 45.70 45.88 46.07 46.30 46.56 46.85 47.16 47.44 47.64 47.72 47.69 47.60 47.55 47.63 47.88 48.28 48.74 49.11 49.22 48.84 47.64 45.19 40.94 34.38 25.29 13.93 1.18 0.10 0.01 0.00 0.00 0.00 0.00 0.00 0.00 0.00 0.00 0.00 0.00 0.00 0.00 0.00 0.00 0.00 0.00 0.00 0.00 0.00 0.00 0.00 0.00 0.00 0.00 0.00 0.00 0.00 0.00 0.00 0.00 0.00 0.00 0.00 0.00 0.00 0.00 0.00 0.00 0.00 0.00 0.00 0.00 0.00 0.00 0.00 0.00 0.00 0.00 0.00 0.00 0.00 0.00 0.00 0.00 0.00 0.00 0.00 0.00 0.00 0.00 0.01 0.10 1.17 13.78 25.06 34.19 40.94 45.57 48.57 50.42 51.49 51.99 52.04 51.74 51.24 50.67 50.13 49.68 49.34 49.11 48.96 48.90 48.91 49.01 49.20 49.46 49.78 50.13 50.46 50.71 50.85 50.82 50.60 50.23 49.77 49.34 49.00 48.80 48.72 48.73 48.79 48.91 49.10 49.35 49.66 49.98 50.31 50.65 50.99 51.36 51.73 52.05 52.26 52.29 52.15 51.91 51.67 51.51 51.46 51.45 51.38 51.17 50.77 50.22 49.60 49.03 48.66 48.80 50.95 63.00 
54.33 49.51 47.33 45.84 44.73 43.96 43.54 43.48 43.82 44.54 45.54 46.70 47.88 48.96 49.88 50.60 51.13 51.46 51.61 51.56 51.33 50.96 50.52 50.12 49.80 49.56 49.37 49.15 48.86 48.47 48.01 47.49 46.92 46.34 45.80 45.37 45.09 44.99 45.05 45.22 45.42 45.64 45.85 46.07 46.32 46.58 46.87 47.18 47.46 47.68 47.77 47.75 47.65 47.56 47.59 47.80 48.16 48.59 48.97 49.10 48.75 47.60 45.19 40.97 34.44 25.34 13.97 1.19 0.10 0.01 0.00 0.00 0.00 0.00 0.00 0.00 0.00 0.00 0.00 0.00 0.00 0.00 0.00 0.00 0.00 0.00 0.00 0.00 0.00 0.00 0.00 0.00 0.00 0.00 0.00 0.00 0.00 0.00 0.00 0.00 0.00 0.00 0.00 0.00 0.00 0.00 0.00 0.00 0.00 0.00 0.00 0.00 0.00 0.00 0.00 0.00 0.00 0.00 0.00 0.00 0.00 0.00 0.00 0.00 0.00 0.00 0.00 0.00 0.00 0.00 0.01 0.10 1.17 13.77 25.05 34.21 41.03 45.72 48.77 50.64 51.66 52.06 51.98 51.55 50.92 50.23 49.59 49.06 48.66 48.38 48.21 48.17 48.26 48.48 48.81 49.24 49.70 50.16 50.56 50.86 51.01 51.00 50.82 50.48 50.07 49.67 49.36 49.15 49.05 49.01 49.04 49.11 49.25 49.43 49.65 49.90 50.18 50.50 50.86 51.26 51.67 52.01 52.20 52.20 52.02 51.74 51.46 51.26 51.16 51.10 51.00 50.79 50.43 49.97 49.48 49.08 48.87 48.88 48.17 38.67 
47.33 49.50 48.21 46.66 45.39 44.48 43.96 43.85 44.18 44.92 45.98 47.19 48.38 49.44 50.27 50.85 51.23 51.43 51.49 51.43 51.25 50.97 50.64 50.33 50.09 49.93 49.78 49.59 49.28 48.84 48.27 47.62 46.94 46.29 45.74 45.33 45.11 45.08 45.19 45.40 45.63 45.85 46.06 46.25 46.47 46.70 46.98 47.27 47.57 47.81 47.94 47.94 47.84 47.72 47.68 47.80 48.07 48.45 48.79 48.91 48.58 47.45 45.07 40.89 34.38 25.31 13.96 1.18 0.10 0.01 0.00 0.00 0.00 0.00 0.00 0.00 0.00 0.00 0.00 0.00 0.00 0.00 0.00 0.00 0.00 0.00 0.00 0.00 0.00 0.00 0.00 0.00 0.00 0.00 0.00 0.00 0.00 0.00 0.00 0.00 0.00 0.00 0.00 0.00 0.00 0.00 0.00 0.00 0.00 0.00 0.00 0.00 0.00 0.00 0.00 0.00 0.00 0.00 0.00 0.00 0.00 0.00 0.00 0.00 0.00 0.00 0.00 0.00 0.00 0.00 0.01 0.10 1.17 13.78 25.08 34.30 41.17 45.93 49.02 50.89 51.88 52.20 52.02 51.49 50.75 49.96 49.23 48.62 48.14 47.81 47.62 47.61 47.77 48.10 48.58 49.13 49.71 50.24 50.68 50.99 51.15 51.15 50.98 50.69 50.33 49.96 49.65 49.43 49.28 49.20 49.18 49.20 49.27 49.37 49.50 49.67 49.89 50.20 50.59 51.04 51.49 51.85 52.05 52.03 51.83 51.53 51.23 51.02 50.91 50.84 50.75 50.56 50.27 49.90 49.52 49.23 49.17 49.94 54.31 77.00 
60.33 53.19 49.84 47.80 46.41 45.46 44.90 44.74 45.03 45.71 46.71 47.84 48.94 49.87 50.55 50.96 51.16 51.22 51.20 51.12 50.98 50.78 50.55 50.34 50.18 50.09 50.00 49.84 49.55 49.09 48.48 47.79 47.08 46.43 45.92 45.59 45.45 45.50 45.68 45.92 46.16 46.36 46.52 46.66 46.80 46.98 47.20 47.47 47.75 48.01 48.18 48.21 48.12 47.97 47.86 47.89 48.07 48.37 48.66 48.77 48.43 47.32 44.95 40.78 34.29 25.25 13.92 1.18 0.10 0.01 0.00 0.00 0.00 0.00 0.00 0.00 0.00 0.00 0.00 0.00 0.00 0.00 0.00 0.00 0.00 0.00 0.00 0.00 0.00 0.00 0.00 0.00 0.00 0.00 0.00 0.00 0.00 0.00 0.00 0.00 0.00 0.00 0.00 0.00 0.00 0.00 0.00 0.00 0.00 0.00 0.00 0.00 0.00 0.00 0.00 0.00 0.00 0.00 0.00 0.00 0.00 0.00 0.00 0.00 0.00 0.00 0.00 0.00 0.00 0.00 0.01 0.10 1.17 13.81 25.14 34.40 41.32 46.12 49.23 51.09 52.05 52.33 52.10 51.51 50.72 49.87 49.06 48.37 47.82 47.43 47.25 47.27 47.51 47.94 48.52 49.17 49.82 50.38 50.83 51.12 51.27 51.26 51.12 50.87 50.54 50.21 49.90 49.64 49.43 49.29 49.20 49.16 49.15 49.15 49.19 49.28 49.46 49.77 50.20 50.71 51.21 51.61 51.83 51.82 51.64 51.35 51.07 50.88 50.77 50.70 50.62 50.46 50.23 49.93 49.62 49.30 48.84 47.51 42.23 19.67 
58.33 53.30 50.58 48.83 47.60 46.72 46.18 46.00 46.19 46.76 47.59 48.55 49.47 50.22 50.71 50.94 50.98 50.90 50.79 50.69 50.57 50.44 50.29 50.16 50.08 50.06 50.03 49.93 49.69 49.27 48.69 48.03 47.37 46.79 46.37 46.13 46.09 46.21 46.43 46.70 46.94 47.11 47.22 47.28 47.34 47.43 47.57 47.77 48.02 48.26 48.45 48.51 48.43 48.27 48.11 48.06 48.16 48.39 48.64 48.73 48.39 47.28 44.91 40.74 34.25 25.21 13.90 1.18 0.10 0.01 0.00 0.00 0.00 0.00 0.00 0.00 0.00 0.00 0.00 0.00 0.00 0.00 0.00 0.00 0.00 0.00 0.00 0.00 0.00 0.00 0.00 0.00 0.00 0.00 0.00 0.00 0.00 0.00 0.00 0.00 0.00 0.00 0.00 0.00 0.00 0.00 0.00 0.00 0.00 0.00 0.00 0.00 0.00 0.00 0.00 0.00 0.00 0.00 0.00 0.00 0.00 0.00 0.00 0.00 0.00 0.00 0.00 0.00 0.00 0.00 0.01 0.10 1.17 13.84 25.20 34.48 41.41 46.22 49.32 51.16 52.11 52.38 52.16 51.58 50.78 49.90 49.03 48.26 47.65 47.24 47.06 47.13 47.44 47.96 48.62 49.32 50.00 50.57 50.99 51.26 51.38 51.36 51.23 51.00 50.71 50.39 50.07 49.76 49.49 49.27 49.10 48.98 48.88 48.79 48.73 48.76 48.92 49.24 49.73 50.30 50.87 51.31 51.57 51.60 51.45 51.22 51.00 50.83 50.73 50.66 50.56 50.41 50.20 49.96 49.73 49.56 49.43 49.10 47.46 40.00 
52.33 51.30 50.64 49.72 48.82 48.09 47.60 47.38 47.48 47.88 48.51 49.24 49.93 50.46 50.76 50.84 50.74 50.55 50.37 50.22 50.10 50.01 49.93 49.88 49.88 49.92 49.96 49.93 49.75 49.41 48.93 48.36 47.80 47.33 47.01 46.86 46.89 47.05 47.31 47.59 47.84 48.01 48.08 48.08 48.05 48.03 48.06 48.16 48.33 48.54 48.73 48.81 48.75 48.60 48.42 48.32 48.36 48.54 48.76 48.83 48.49 47.37 44.99 40.79 34.27 25.21 13.89 1.18 0.10 0.01 0.00 0.00 0.00 0.00 0.00 0.00 0.00 0.00 0.00 0.00 0.00 0.00 0.00 0.00 0.00 0.00 0.00 0.00 0.00 0.00 0.00 0.00 0.00 0.00 0.00 0.00 0.00 0.00 0.00 0.00 0.00 0.00 0.00 0.00 0.00 0.00 0.00 0.00 0.00 0.00 0.00 0.00 0.00 0.00 0.00 0.00 0.00 0.00 0.00 0.00 0.00 0.00 0.00 0.00 0.00 0.00 0.00 0.00 0.00 0.00 0.01 0.10 1.17 13.85 25.23 34.50 41.42 46.18 49.24 51.07 52.02 52.33 52.16 51.64 50.87 49.98 49.07 48.25 47.59 47.16 47.00 47.13 47.52 48.10 48.80 49.53 50.19 50.73 51.12 51.35 51.44 51.41 51.28 51.08 50.81 50.50 50.14 49.77 49.42 49.12 48.88 48.68 48.50 48.32 48.20 48.18 48.33 48.70 49.24 49.88 50.50 50.98 51.27 51.35 51.28 51.12 50.97 50.84 50.74 50.63 50.49 50.29 50.06 49.84 49.69 49.73 50.20 52.00 58.52 83.67 
36.33 49.05 51.15 50.81 50.06 49.39 48.91 48.67 48.67 48.90 49.32 49.81 50.28 50.61 50.75 50.70 50.50 50.24 50.00 49.81 49.69 49.62 49.59 49.61 49.68 49.79 49.89 49.93 49.83 49.59 49.22 48.78 48.34 47.97 47.73 47.63 47.68 47.85 48.12 48.42 48.70 48.89 48.97 48.94 48.83 48.70 48.60 48.58 48.67 48.84 49.01 49.11 49.09 48.96 48.79 48.68 48.69 48.83 49.01 49.06 48.70 47.56 45.14 40.91 34.35 25.25 13.91 1.18 0.10 0.01 0.00 0.00 0.00 0.00 0.00 0.00 0.00 0.00 0.00 0.00 0.00 0.00 0.00 0.00 0.00 0.00 0.00 0.00 0.00 0.00 0.00 0.00 0.00 0.00 0.00 0.00 0.00 0.00 0.00 0.00 0.00 0.00 0.00 0.00 0.00 0.00 0.00 0.00 0.00 0.00 0.00 0.00 0.00 0.00 0.00 0.00 0.00 0.00 0.00 0.00 0.00 0.00 0.00 0.00 0.00 0.00 0.00 0.00 0.00 0.00 0.01 0.10 1.17 13.86 25.22 34.46 41.32 46.02 49.02 50.82 51.78 52.16 52.09 51.66 50.95 50.07 49.14 48.27 47.58 47.15 47.02 47.21 47.65 48.28 48.99 49.70 50.33 50.83 51.17 51.36 51.42 51.38 51.26 51.07 50.81 50.49 50.09 49.65 49.22 48.84 48.53 48.28 48.05 47.84 47.69 47.66 47.83 48.23 48.82 49.50 50.15 50.65 50.96 51.08 51.07 51.00 50.91 50.81 50.70 50.53 50.30 50.02 49.74 49.50 49.35 49.37 49.61 50.16 50.95 49.67 
66.33 57.51 54.22 52.40 51.22 50.44 49.94 49.66 49.59 49.70 49.95 50.25 50.52 50.68 50.70 50.57 50.32 50.02 49.74 49.54 49.41 49.36 49.37 49.46 49.59 49.76 49.91 49.99 49.97 49.82 49.57 49.25 48.92 48.62 48.41 48.31 48.33 48.47 48.73 49.05 49.38 49.63 49.75 49.72 49.56 49.34 49.13 49.02 49.03 49.15 49.31 49.44 49.46 49.37 49.23 49.12 49.11 49.20 49.33 49.33 48.93 47.76 45.31 41.03 34.42 25.29 13.92 1.18 0.10 0.01 0.00 0.00 0.00 0.00 0.00 0.00 0.00 0.00 0.00 0.00 0.00 0.00 0.00 0.00 0.00 0.00 0.00 0.00 0.00 0.00 0.00 0.00 0.00 0.00 0.00 0.00 0.00 0.00 0.00 0.00 0.00 0.00 0.00 0.00 0.00 0.00 0.00 0.00 0.00 0.00 0.00 0.00 0.00 0.00 0.00 0.00 0.00 0.00 0.00 0.00 0.00 0.00 0.00 0.00 0.00 0.00 0.00 0.00 0.00 0.00 0.01 0.10 1.17 13.84 25.18 34.37 41.15 45.75 48.67 50.42 51.41 51.88 51.92 51.61 51.00 50.17 49.24 48.35 47.64 47.20 47.10 47.32 47.80 48.43 49.12 49.78 50.35 50.79 51.09 51.25 51.29 51.25 51.14 50.96 50.70 50.35 49.91 49.40 48.90 48.46 48.12 47.86 47.64 47.45 47.32 47.32 47.53 47.96 48.57 49.25 49.88 50.35 50.64 50.77 50.79 50.78 50.73 50.65 50.51 50.27 49.94 49.57 49.22 48.94 48.80 48.76 48.70 48.08 45.46 37.00 
71.00 60.53 55.92 53.41 51.93 51.05 50.53 50.26 50.16 50.21 50.35 50.53 50.67 50.72 50.66 50.48 50.21 49.91 49.62 49.41 49.29 49.26 49.33 49.46 49.64 49.83 50.00 50.11 50.14 50.08 49.93 49.72 49.47 49.22 49.00 48.85 48.80 48.88 49.10 49.43 49.80 50.12 50.30 50.30 50.13 49.86 49.59 49.42 49.39 49.49 49.65 49.80 49.85 49.81 49.71 49.61 49.57 49.60 49.65 49.57 49.11 47.89 45.40 41.08 34.44 25.28 13.91 1.18 0.10 0.01 0.00 0.00 0.00 0.00 0.00 0.00 0.00 0.00 0.00 0.00 0.00 0.00 0.00 0.00 0.00 0.00 0.00 0.00 0.00 0.00 0.00 0.00 0.00 0.00 0.00 0.00 0.00 0.00 0.00 0.00 0.00 0.00 0.00 0.00 0.00 0.00 0.00 0.00 0.00 0.00 0.00 0.00 0.00 0.00 0.00 0.00 0.00 0.00 0.00 0.00 0.00 0.00 0.00 0.00 0.00 0.00 0.00 0.00 0.00 0.00 0.01 0.10 1.17 13.83 25.13 34.25 40.93 45.41 48.22 49.92 50.92 51.47 51.66 51.50 51.02 50.27 49.39 48.51 47.79 47.36 47.26 47.48 47.95 48.54 49.18 49.76 50.25 50.62 50.87 51.00 51.04 51.01 50.92 50.75 50.49 50.10 49.59 49.02 48.47 48.01 47.68 47.47 47.32 47.22 47.17 47.25 47.50 47.95 48.54 49.17 49.71 50.09 50.31 50.40 50.42 50.42 50.39 50.31 50.13 49.82 49.42 48.97 48.56 48.29 48.20 48.30 48.44 48.10 45.84 37.33 
52.67 57.79 55.64 53.45 52.01 51.16 50.68 50.45 50.39 50.44 50.56 50.68 50.76 50.76 50.67 50.47 50.20 49.90 49.63 49.42 49.30 49.30 49.39 49.55 49.74 49.93 50.09 50.20 50.27 50.28 50.23 50.11 49.94 49.72 49.48 49.26 49.13 49.13 49.29 49.60 50.00 50.36 50.59 50.63 50.48 50.21 49.95 49.78 49.75 49.85 50.02 50.18 50.26 50.25 50.16 50.06 49.97 49.91 49.86 49.68 49.14 47.86 45.34 40.99 34.34 25.20 13.86 1.18 0.10 0.01 0.00 0.00 0.00 0.00 0.00 0.00 0.00 0.00 0.00 0.00 0.00 0.00 0.00 0.00 0.00 0.00 0.00 0.00 0.00 0.00 0.00 0.00 0.00 0.00 0.00 0.00 0.00 0.00 0.00 0.00 0.00 0.00 0.00 0.00 0.00 0.00 0.00 0.00 0.00 0.00 0.00 0.00 0.00 0.00 0.00 0.00 0.00 0.00 0.00 0.00 0.00 0.00 0.00 0.00 0.00 0.00 0.00 0.00 0.00 0.00 0.01 0.10 1.17 13.82 25.09 34.13 40.69 45.03 47.71 49.33 50.33 50.96 51.29 51.30 50.98 50.37 49.58 48.76 48.07 47.64 47.52 47.71 48.11 48.63 49.17 49.65 50.05 50.34 50.54 50.66 50.71 50.71 50.64 50.47 50.18 49.75 49.18 48.55 47.97 47.52 47.26 47.15 47.14 47.18 47.28 47.46 47.78 48.23 48.76 49.27 49.66 49.88 49.96 49.96 49.94 49.92 49.89 49.80 49.60 49.27 48.82 48.33 47.91 47.66 47.70 48.09 48.89 50.20 52.58 59.33 
87.67 62.43 55.59 52.90 51.56 50.83 50.46 50.33 50.35 50.46 50.62 50.76 50.85 50.84 50.75 50.56 50.30 50.00 49.71 49.49 49.37 49.36 49.44 49.58 49.75 49.90 50.03 50.14 50.24 50.33 50.39 50.38 50.30 50.12 49.87 49.61 49.40 49.31 49.41 49.67 50.05 50.41 50.66 50.72 50.61 50.39 50.19 50.07 50.08 50.21 50.38 50.54 50.63 50.62 50.53 50.39 50.24 50.08 49.90 49.61 48.97 47.64 45.09 40.74 34.12 25.03 13.76 1.17 0.10 0.01 0.00 0.00 0.00 0.00 0.00 0.00 0.00 0.00 0.00 0.00 0.00 0.00 0.00 0.00 0.00 0.00 0.00 0.00 0.00 0.00 0.00 0.00 0.00 0.00 0.00 0.00 0.00 0.00 0.00 0.00 0.00 0.00 0.00 0.00 0.00 0.00 0.00 0.00 0.00 0.00 0.00 0.00 0.00 0.00 0.00 0.00 0.00 0.00 0.00 0.00 0.00 0.00 0.00 0.00 0.00 0.00 0.00 0.00 0.00 0.00 0.01 0.10 1.17 13.82 25.07 34.03 40.46 44.65 47.18 48.70 49.68 50.37 50.83 51.01 50.88 50.44 49.78 49.06 48.43 48.01 47.88 48.00 48.31 48.71 49.12 49.49 49.78 49.99 50.14 50.25 50.32 50.35 50.31 50.16 49.84 49.34 48.71 48.04 47.45 47.05 46.88 46.91 47.07 47.30 47.57 47.90 48.29 48.73 49.17 49.51 49.68 49.69 49.59 49.46 49.36 49.32 49.29 49.22 49.04 48.72 48.28 47.80 47.38 47.17 47.30 47.93 49.23 51.50 55.09 58.67 
25.67 48.82 51.59 51.22 50.62 50.22 50.03 50.02 50.15 50.38 50.62 50.83 50.96 50.98 50.90 50.72 50.46 50.15 49.83 49.56 49.38 49.32 49.35 49.43 49.53 49.62 49.71 49.82 49.97 50.15 50.34 50.48 50.51 50.42 50.21 49.94 49.69 49.54 49.55 49.74 50.04 50.35 50.56 50.62 50.55 50.41 50.29 50.26 50.34 50.50 50.68 50.83 50.90 50.88 50.77 50.58 50.34 50.06 49.76 49.35 48.63 47.25 44.68 40.37 33.80 24.79 13.63 1.16 0.10 0.01 0.00 0.00 0.00 0.00 0.00 0.00 0.00 0.00 0.00 0.00 0.00 0.00 0.00 0.00 0.00 0.00 0.00 0.00 0.00 0.00 0.00 0.00 0.00 0.00 0.00 0.00 0.00 0.00 0.00 0.00 0.00 0.00 0.00 0.00 0.00 0.00 0.00 0.00 0.00 0.00 0.00 0.00 0.00 0.00 0.00 0.00 0.00 0.00 0.00 0.00 0.00 0.00 0.00 0.00 0.00 0.00 0.00 0.00 0.00 0.00 0.01 0.10 1.17 13.82 25.04 33.93 40.25 44.30 46.69 48.10 49.04 49.76 50.31 50.63 50.66 50.39 49.90 49.31 48.78 48.41 48.26 48.32 48.53 48.81 49.09 49.32 49.50 49.63 49.73 49.83 49.92 49.99 49.99 49.84 49.49 48.95 48.26 47.56 46.98 46.64 46.57 46.75 47.09 47.52 47.98 48.47 48.94 49.38 49.69 49.83 49.76 49.52 49.21 48.93 48.76 48.70 48.70 48.68 48.57 48.32 47.95 47.51 47.11 46.90 47.04 47.70 49.12 51.85 57.78 73.67 
81.33 55.69 50.93 49.96 49.67 49.55 49.54 49.67 49.92 50.26 50.61 50.91 51.09 51.16 51.10 50.93 50.65 50.30 49.91 49.56 49.28 49.11 49.03 49.01 49.01 49.02 49.07 49.20 49.42 49.73 50.07 50.38 50.58 50.63 50.51 50.28 50.01 49.82 49.76 49.85 50.04 50.24 50.37 50.39 50.34 50.27 50.25 50.32 50.47 50.66 50.85 50.98 51.04 51.00 50.85 50.61 50.28 49.91 49.49 48.99 48.20 46.78 44.23 39.95 33.45 24.54 13.50 1.14 0.10 0.01 0.00 0.00 0.00 0.00 0.00 0.00 0.00 0.00 0.00 0.00 0.00 0.00 0.00 0.00 0.00 0.00 0.00 0.00 0.00 0.00 0.00 0.00 0.00 0.00 0.00 0.00 0.00 0.00 0.00 0.00 0.00 0.00 0.00 0.00 0.00 0.00 0.00 0.00 0.00 0.00 0.00 0.00 0.00 0.00 0.00 0.00 0.00 0.00 0.00 0.00 0.00 0.00 0.00 0.00 0.00 0.00 0.00 0.00 0.00 0.00 0.01 0.10 1.17 13.80 24.98 33.82 40.05 43.99 46.28 47.59 48.47 49.18 49.77 50.18 50.33 50.20 49.86 49.42 49.02 48.73 48.61 48.64 48.77 48.94 49.09 49.20 49.27 49.31 49.36 49.44 49.54 49.65 49.68 49.54 49.19 48.61 47.90 47.18 46.61 46.32 46.35 46.65 47.15 47.76 48.41 49.05 49.62 50.05 50.26 50.19 49.86 49.37 48.85 48.44 48.22 48.17 48.23 48.31 48.32 48.19 47.92 47.54 47.16 46.92 46.96 47.39 48.24 49.42 50.74 52.33 
23.00 41.74 46.59 48.15 48.72 48.95 49.12 49.36 49.73 50.18 50.63 51.00 51.24 51.34 51.30 51.12 50.81 50.40 49.93 49.46 49.05 48.74 48.52 48.35 48.24 48.17 48.19 48.35 48.66 49.11 49.63 50.13 50.52 50.72 50.73 50.57 50.33 50.11 49.99 49.97 50.04 50.10 50.12 50.08 50.02 50.00 50.06 50.21 50.41 50.63 50.82 50.95 51.00 50.95 50.79 50.51 50.13 49.68 49.20 48.63 47.81 46.38 43.85 39.62 33.18 24.35 13.39 1.14 0.10 0.01 0.00 0.00 0.00 0.00 0.00 0.00 0.00 0.00 0.00 0.00 0.00 0.00 0.00 0.00 0.00 0.00 0.00 0.00 0.00 0.00 0.00 0.00 0.00 0.00 0.00 0.00 0.00 0.00 0.00 0.00 0.00 0.00 0.00 0.00 0.00 0.00 0.00 0.00 0.00 0.00 0.00 0.00 0.00 0.00 0.00 0.00 0.00 0.00 0.00 0.00 0.00 0.00 0.00 0.00 0.00 0.00 0.00 0.00 0.00 0.00 0.01 0.10 1.17 13.75 24.89 33.68 39.87 43.75 45.97 47.22 48.04 48.70 49.26 49.68 49.89 49.85 49.65 49.36 49.10 48.92 48.87 48.90 49.00 49.09 49.15 49.16 49.13 49.08 49.06 49.10 49.20 49.33 49.39 49.28 48.94 48.37 47.65 46.93 46.39 46.14 46.23 46.61 47.22 47.97 48.78 49.56 50.23 50.66 50.78 50.54 49.99 49.27 48.58 48.07 47.83 47.83 48.00 48.21 48.36 48.36 48.20 47.89 47.52 47.24 47.15 47.32 47.58 47.23 43.61 26.00 
34.33 41.68 45.56 47.36 48.18 48.56 48.82 49.14 49.59 50.12 50.65 51.09 51.37 51.48 51.44 51.25 50.91 50.44 49.88 49.30 48.76 48.30 47.92 47.61 47.37 47.23 47.24 47.43 47.84 48.42 49.10 49.78 50.35 50.71 50.84 50.77 50.57 50.34 50.16 50.05 49.99 49.93 49.83 49.72 49.63 49.63 49.73 49.92 50.15 50.38 50.56 50.69 50.76 50.74 50.60 50.34 49.95 49.49 48.98 48.40 47.58 46.17 43.66 39.47 33.07 24.28 13.36 1.13 0.10 0.01 0.00 0.00 0.00 0.00 0.00 0.00 0.00 0.00 0.00 0.00 0.00 0.00 0.00 0.00 0.00 0.00 0.00 0.00 0.00 0.00 0.00 0.00 0.00 0.00 0.00 0.00 0.00 0.00 0.00 0.00 0.00 0.00 0.00 0.00 0.00 0.00 0.00 0.00 0.00 0.00 0.00 0.00 0.00 0.00 0.00 0.00 0.00 0.00 0.00 0.00 0.00 0.00 0.00 0.00 0.00 0.00 0.00 0.00 0.00 0.00 0.01 0.10 1.16 13.67 24.76 33.52 39.70 43.59 45.80 47.02 47.77 48.36 48.85 49.22 49.41 49.43 49.32 49.16 49.04 49.00 49.03 49.11 49.20 49.26 49.26 49.20 49.08 48.94 48.84 48.83 48.91 49.03 49.12 49.05 48.76 48.22 47.53 46.84 46.33 46.10 46.22 46.64 47.31 48.15 49.06 49.95 50.70 51.16 51.22 50.87 50.16 49.29 48.48 47.92 47.68 47.76 48.03 48.38 48.66 48.80 48.73 48.48 48.14 47.82 47.64 47.67 47.96 48.63 50.61 58.33 
44.00 45.02 46.50 47.49 48.05 48.37 48.64 48.99 49.49 50.08 50.66 51.13 51.43 51.55 51.50 51.29 50.93 50.43 49.82 49.17 48.53 47.94 47.42 46.98 46.63 46.42 46.41 46.65 47.13 47.82 48.62 49.44 50.13 50.62 50.84 50.83 50.66 50.42 50.20 50.02 49.86 49.69 49.50 49.31 49.19 49.18 49.28 49.47 49.70 49.91 50.09 50.23 50.34 50.38 50.32 50.12 49.80 49.38 48.91 48.35 47.55 46.17 43.70 39.53 33.15 24.34 13.39 1.14 0.10 0.01 0.00 0.00 0.00 0.00 0.00 0.00 0.00 0.00 0.00 0.00 0.00 0.00 0.00 0.00 0.00 0.00 0.00 0.00 0.00 0.00 0.00 0.00 0.00 0.00 0.00 0.00 0.00 0.00 0.00 0.00 0.00 0.00 0.00 0.00 0.00 0.00 0.00 0.00 0.00 0.00 0.00 0.00 0.00 0.00 0.00 0.00 0.00 0.00 0.00 0.00 0.00 0.00 0.00 0.00 0.00 0.00 0.00 0.00 0.00 0.00 0.01 0.10 1.15 13.58 24.61 33.37 39.59 43.52 45.77 46.99 47.69 48.18 48.56 48.84 49.00 49.03 48.99 48.95 48.95 49.02 49.13 49.25 49.36 49.41 49.38 49.27 49.08 48.86 48.69 48.61 48.65 48.76 48.87 48.85 48.62 48.17 47.56 46.93 46.45 46.24 46.35 46.77 47.44 48.29 49.25 50.20 51.00 51.49 51.56 51.16 50.39 49.46 48.60 48.02 47.81 47.96 48.33 48.78 49.17 49.39 49.40 49.20 48.88 48.53 48.26 48.13 48.22 48.90 51.96 64.33 
45.33 47.80 47.78 47.87 48.06 48.26 48.50 48.86 49.38 50.00 50.61 51.09 51.39 51.50 51.45 51.24 50.88 50.39 49.79 49.13 48.45 47.79 47.18 46.63 46.19 45.93 45.91 46.16 46.69 47.44 48.31 49.20 49.96 50.50 50.76 50.77 50.61 50.36 50.11 49.87 49.64 49.39 49.13 48.89 48.72 48.67 48.74 48.90 49.09 49.28 49.45 49.61 49.78 49.92 49.98 49.91 49.70 49.37 48.96 48.46 47.70 46.36 43.92 39.76 33.36 24.51 13.49 1.14 0.10 0.01 0.00 0.00 0.00 0.00 0.00 0.00 0.00 0.00 0.00 0.00 0.00 0.00 0.00 0.00 0.00 0.00 0.00 0.00 0.00 0.00 0.00 0.00 0.00 0.00 0.00 0.00 0.00 0.00 0.00 0.00 0.00 0.00 0.00 0.00 0.00 0.00 0.00 0.00 0.00 0.00 0.00 0.00 0.00 0.00 0.00 0.00 0.00 0.00 0.00 0.00 0.00 0.00 0.00 0.00 0.00 0.00 0.00 0.00 0.00 0.00 0.01 0.10 1.14 13.49 24.48 33.26 39.54 43.56 45.87 47.10 47.76 48.15 48.42 48.61 48.71 48.76 48.78 48.83 48.92 49.05 49.19 49.33 49.44 49.48 49.45 49.31 49.09 48.83 48.59 48.45 48.44 48.54 48.65 48.69 48.56 48.22 47.73 47.20 46.78 46.58 46.67 47.03 47.64 48.44 49.37 50.31 51.12 51.64 51.74 51.39 50.66 49.75 48.92 48.36 48.19 48.38 48.82 49.33 49.78 50.06 50.11 49.95 49.63 49.26 48.89 48.51 47.97 46.84 43.98 36.67 
70.67 52.95 48.75 47.92 47.91 48.08 48.33 48.71 49.25 49.88 50.49 50.96 51.25 51.35 51.28 51.08 50.76 50.32 49.79 49.19 48.55 47.89 47.24 46.65 46.16 45.86 45.82 46.07 46.61 47.37 48.26 49.14 49.90 50.43 50.68 50.68 50.51 50.24 49.94 49.65 49.35 49.05 48.73 48.45 48.24 48.14 48.16 48.26 48.40 48.55 48.72 48.92 49.17 49.43 49.64 49.72 49.64 49.43 49.10 48.65 47.93 46.62 44.19 40.04 33.62 24.71 13.61 1.15 0.10 0.01 0.00 0.00 0.00 0.00 0.00 0.00 0.00 0.00 0.00 0.00 0.00 0.00 0.00 0.00 0.00 0.00 0.00 0.00 0.00 0.00 0.00 0.00 0.00 0.00 0.00 0.00 0.00 0.00 0.00 0.00 0.00 0.00 0.00 0.00 0.00 0.00 0.00 0.00 0.00 0.00 0.00 0.00 0.00 0.00 0.00 0.00 0.00 0.00 0.00 0.00 0.00 0.00 0.00 0.00 0.00 0.00 0.00 0.00 0.00 0.00 0.01 0.10 1.14 13.42 24.38 33.19 39.54 43.66 46.04 47.29 47.90 48.21 48.39 48.50 48.59 48.66 48.74 48.85 48.98 49.12 49.24 49.34 49.41 49.44 49.41 49.30 49.08 48.81 48.55 48.37 48.32 48.39 48.51 48.61 48.58 48.38 48.05 47.65 47.31 47.14 47.18 47.46 47.95 48.63 49.44 50.29 51.06 51.59 51.76 51.51 50.90 50.12 49.37 48.88 48.74 48.96 49.41 49.95 50.42 50.71 50.78 50.63 50.33 49.94 49.51 49.03 48.26 46.39 40.40 18.33 
37.00 44.47 46.15 46.91 47.42 47.79 48.14 48.55 49.09 49.71 50.30 50.75 51.01 51.08 51.00 50.81 50.54 50.19 49.77 49.30 48.76 48.18 47.57 46.98 46.50 46.19 46.14 46.38 46.90 47.63 48.48 49.32 50.02 50.49 50.70 50.67 50.46 50.16 49.81 49.45 49.09 48.72 48.36 48.03 47.77 47.62 47.57 47.61 47.70 47.82 47.99 48.24 48.57 48.96 49.32 49.55 49.62 49.50 49.24 48.83 48.12 46.82 44.40 40.25 33.82 24.87 13.70 1.16 0.10 0.01 0.00 0.00 0.00 0.00 0.00 0.00 0.00 0.00 0.00 0.00 0.00 0.00 0.00 0.00 0.00 0.00 0.00 0.00 0.00 0.00 0.00 0.00 0.00 0.00 0.00 0.00 0.00 0.00 0.00 0.00 0.00 0.00 0.00 0.00 0.00 0.00 0.00 0.00 0.00 0.00 0.00 0.00 0.00 0.00 0.00 0.00 0.00 0.00 0.00 0.00 0.00 0.00 0.00 0.00 0.00 0.00 0.00 0.00 0.00 0.00 0.01 0.10 1.13 13.36 24.31 33.14 39.57 43.76 46.20 47.46 48.03 48.28 48.39 48.48 48.58 48.70 48.86 49.01 49.15 49.24 49.28 49.28 49.28 49.29 49.28 49.21 49.05 48.82 48.57 48.38 48.30 48.35 48.48 48.63 48.71 48.67 48.50 48.26 48.02 47.87 47.86 48.02 48.35 48.84 49.46 50.16 50.82 51.33 51.56 51.46 51.05 50.45 49.86 49.46 49.37 49.59 50.04 50.57 51.03 51.31 51.38 51.23 50.91 50.50 50.07 49.68 49.47 49.91 52.78 65.00 
39.00 41.65 44.27 45.92 46.91 47.51 47.96 48.41 48.93 49.51 50.06 50.48 50.70 50.74 50.64 50.45 50.21 49.95 49.67 49.35 48.97 48.52 48.02 47.52 47.09 46.81 46.77 46.99 47.48 48.16 48.94 49.70 50.32 50.72 50.87 50.80 50.56 50.22 49.81 49.38 48.93 48.49 48.07 47.69 47.38 47.16 47.06 47.03 47.08 47.17 47.35 47.64 48.06 48.56 49.05 49.42 49.59 49.55 49.33 48.92 48.21 46.89 44.47 40.32 33.89 24.94 13.74 1.17 0.10 0.01 0.00 0.00 0.00 0.00 0.00 0.00 0.00 0.00 0.00 0.00 0.00 0.00 0.00 0.00 0.00 0.00 0.00 0.00 0.00 0.00 0.00 0.00 0.00 0.00 0.00 0.00 0.00 0.00 0.00 0.00 0.00 0.00 0.00 0.00 0.00 0.00 0.00 0.00 0.00 0.00 0.00 0.00 0.00 0.00 0.00 0.00 0.00 0.00 0.00 0.00 0.00 0.00 0.00 0.00 0.00 0.00 0.00 0.00 0.00 0.00 0.01 0.10 1.13 13.31 24.23 33.07 39.54 43.78 46.26 47.52 48.07 48.28 48.37 48.47 48.62 48.83 49.05 49.25 49.37 49.37 49.29 49.16 49.07 49.05 49.08 49.10 49.04 48.89 48.69 48.52 48.43 48.46 48.59 48.78 48.95 49.04 49.04 48.95 48.81 48.68 48.62 48.65 48.80 49.06 49.45 49.92 50.43 50.88 51.17 51.22 51.02 50.66 50.26 50.00 49.97 50.21 50.64 51.14 51.57 51.84 51.88 51.70 51.35 50.89 50.40 49.98 49.85 50.81 55.71 75.00 
28.67 38.76 43.17 45.39 46.63 47.37 47.87 48.31 48.80 49.32 49.81 50.18 50.37 50.37 50.23 50.02 49.80 49.60 49.44 49.27 49.07 48.80 48.46 48.09 47.77 47.56 47.55 47.78 48.22 48.84 49.53 50.19 50.72 51.05 51.16 51.06 50.81 50.42 49.96 49.45 48.92 48.41 47.93 47.50 47.14 46.87 46.69 46.61 46.61 46.69 46.88 47.21 47.68 48.27 48.84 49.30 49.54 49.54 49.33 48.90 48.16 46.82 44.39 40.25 33.83 24.90 13.73 1.16 0.10 0.01 0.00 0.00 0.00 0.00 0.00 0.00 0.00 0.00 0.00 0.00 0.00 0.00 0.00 0.00 0.00 0.00 0.00 0.00 0.00 0.00 0.00 0.00 0.00 0.00 0.00 0.00 0.00 0.00 0.00 0.00 0.00 0.00 0.00 0.00 0.00 0.00 0.00 0.00 0.00 0.00 0.00 0.00 0.00 0.00 0.00 0.00 0.00 0.00 0.00 0.00 0.00 0.00 0.00 0.00 0.00 0.00 0.00 0.00 0.00 0.00 0.01 0.10 1.12 13.24 24.12 32.95 39.42 43.68 46.16 47.41 47.95 48.14 48.25 48.40 48.63 48.94 49.25 49.50 49.59 49.51 49.29 49.04 48.86 48.82 48.90 49.01 49.08 49.04 48.93 48.79 48.71 48.72 48.84 49.04 49.27 49.47 49.60 49.63 49.58 49.47 49.35 49.26 49.22 49.25 49.38 49.62 49.95 50.31 50.62 50.80 50.82 50.70 50.52 50.41 50.47 50.73 51.15 51.62 52.03 52.26 52.26 52.04 51.62 51.09 50.48 49.81 49.00 47.62 44.18 33.00 
35.00 41.46 44.07 45.68 46.74 47.43 47.90 48.31 48.72 49.17 49.59 49.91 50.06 50.03 49.86 49.62 49.38 49.21 49.11 49.07 49.02 48.93 48.78 48.58 48.39 48.29 48.34 48.57 48.97 49.51 50.10 50.66 51.10 51.38 51.46 51.36 51.10 50.70 50.20 49.64 49.06 48.50 47.98 47.52 47.12 46.80 46.57 46.44 46.40 46.46 46.65 46.99 47.50 48.11 48.72 49.21 49.47 49.48 49.26 48.81 48.04 46.67 44.22 40.08 33.69 24.79 13.67 1.16 0.10 0.01 0.00 0.00 0.00 0.00 0.00 0.00 0.00 0.00 0.00 0.00 0.00 0.00 0.00 0.00 0.00 0.00 0.00 0.00 0.00 0.00 0.00 0.00 0.00 0.00 0.00 0.00 0.00 0.00 0.00 0.00 0.00 0.00 0.00 0.00 0.00 0.00 0.00 0.00 0.00 0.00 0.00 0.00 0.00 0.00 0.00 0.00 0.00 0.00 0.00 0.00 0.00 0.00 0.00 0.00 0.00 0.00 0.00 0.00 0.00 0.00 0.01 0.09 1.12 13.17 23.99 32.77 39.21 43.43 45.89 47.13 47.66 47.86 48.01 48.23 48.56 48.98 49.39 49.68 49.77 49.63 49.32 48.97 48.72 48.67 48.80 49.01 49.20 49.28 49.25 49.17 49.11 49.12 49.22 49.42 49.67 49.92 50.12 50.23 50.23 50.14 49.98 49.78 49.58 49.41 49.31 49.31 49.45 49.69 49.99 50.28 50.48 50.57 50.60 50.65 50.81 51.11 51.53 51.98 52.35 52.54 52.50 52.22 51.75 51.15 50.46 49.69 48.60 46.41 40.34 20.00 
63.67 47.92 45.83 46.33 47.09 47.67 48.08 48.41 48.73 49.08 49.43 49.70 49.84 49.80 49.61 49.33 49.05 48.87 48.80 48.83 48.89 48.95 48.95 48.91 48.86 48.87 48.98 49.22 49.59 50.04 50.53 50.98 51.35 51.58 51.66 51.57 51.32 50.94 50.44 49.88 49.30 48.74 48.22 47.76 47.36 47.01 46.75 46.58 46.51 46.56 46.73 47.07 47.56 48.14 48.72 49.16 49.39 49.38 49.14 48.67 47.89 46.50 44.03 39.89 33.52 24.66 13.59 1.15 0.10 0.01 0.00 0.00 0.00 0.00 0.00 0.00 0.00 0.00 0.00 0.00 0.00 0.00 0.00 0.00 0.00 0.00 0.00 0.00 0.00 0.00 0.00 0.00 0.00 0.00 0.00 0.00 0.00 0.00 0.00 0.00 0.00 0.00 0.00 0.00 0.00 0.00 0.00 0.00 0.00 0.00 0.00 0.00 0.00 0.00 0.00 0.00 0.00 0.00 0.00 0.00 0.00 0.00 0.00 0.00 0.00 0.00 0.00 0.00 0.00 0.00 0.01 0.09 1.11 13.10 23.84 32.55 38.92 43.09 45.50 46.72 47.25 47.48 47.68 47.97 48.40 48.93 49.43 49.80 49.91 49.75 49.39 48.99 48.71 48.65 48.81 49.10 49.38 49.56 49.62 49.61 49.58 49.61 49.71 49.89 50.13 50.37 50.58 50.71 50.74 50.65 50.46 50.19 49.88 49.55 49.26 49.06 49.02 49.14 49.41 49.75 50.07 50.34 50.54 50.72 50.97 51.30 51.72 52.15 52.50 52.66 52.58 52.26 51.74 51.11 50.45 49.81 49.25 49.02 50.74 63.00 
26.00 40.68 44.88 46.59 47.51 48.05 48.38 48.62 48.84 49.09 49.37 49.61 49.74 49.71 49.51 49.22 48.91 48.69 48.61 48.65 48.77 48.90 49.00 49.07 49.14 49.23 49.40 49.65 49.98 50.35 50.74 51.11 51.41 51.62 51.70 51.63 51.42 51.08 50.62 50.10 49.57 49.07 48.61 48.19 47.81 47.48 47.22 47.05 46.97 47.00 47.15 47.45 47.88 48.37 48.85 49.20 49.35 49.28 49.01 48.53 47.75 46.36 43.89 39.75 33.39 24.56 13.53 1.15 0.10 0.01 0.00 0.00 0.00 0.00 0.00 0.00 0.00 0.00 0.00 0.00 0.00 0.00 0.00 0.00 0.00 0.00 0.00 0.00 0.00 0.00 0.00 0.00 0.00 0.00 0.00 0.00 0.00 0.00 0.00 0.00 0.00 0.00 0.00 0.00 0.00 0.00 0.00 0.00 0.00 0.00 0.00 0.00 0.00 0.00 0.00 0.00 0.00 0.00 0.00 0.00 0.00 0.00 0.00 0.00 0.00 0.00 0.00 0.00 0.00 0.00 0.01 0.09 1.11 13.03 23.71 32.34 38.62 42.72 45.09 46.30 46.83 47.09 47.33 47.69 48.20 48.81 49.41 49.85 50.03 49.90 49.54 49.12 48.82 48.75 48.92 49.24 49.57 49.83 49.98 50.04 50.08 50.14 50.26 50.42 50.62 50.83 51.00 51.10 51.11 51.01 50.81 50.51 50.13 49.70 49.28 48.93 48.74 48.75 48.96 49.31 49.70 50.06 50.36 50.64 50.93 51.28 51.69 52.11 52.44 52.59 52.50 52.15 51.61 50.98 50.36 49.87 49.58 49.68 50.58 52.00 
39.33 43.86 46.34 47.57 48.21 48.58 48.80 48.94 49.06 49.22 49.42 49.62 49.75 49.74 49.57 49.28 48.96 48.71 48.59 48.60 48.71 48.84 48.98 49.09 49.21 49.35 49.55 49.81 50.10 50.42 50.74 51.05 51.31 51.51 51.61 51.58 51.41 51.12 50.73 50.29 49.84 49.42 49.04 48.69 48.38 48.10 47.88 47.74 47.68 47.72 47.85 48.09 48.43 48.80 49.13 49.33 49.36 49.20 48.90 48.42 47.64 46.27 43.81 39.68 33.32 24.51 13.51 1.15 0.10 0.01 0.00 0.00 0.00 0.00 0.00 0.00 0.00 0.00 0.00 0.00 0.00 0.00 0.00 0.00 0.00 0.00 0.00 0.00 0.00 0.00 0.00 0.00 0.00 0.00 0.00 0.00 0.00 0.00 0.00 0.00 0.00 0.00 0.00 0.00 0.00 0.00 0.00 0.00 0.00 0.00 0.00 0.00 0.00 0.00 0.00 0.00 0.00 0.00 0.00 0.00 0.00 0.00 0.00 0.00 0.00 0.00 0.00 0.00 0.00 0.00 0.01 0.09 1.10 13.00 23.63 32.19 38.40 42.44 44.78 45.99 46.55 46.83 47.10 47.48 48.02 48.69 49.36 49.89 50.14 50.07 49.75 49.34 49.03 48.94 49.08 49.38 49.73 50.03 50.26 50.42 50.55 50.69 50.84 51.00 51.15 51.28 51.38 51.41 51.38 51.25 51.04 50.73 50.34 49.87 49.37 48.93 48.64 48.56 48.71 49.02 49.42 49.80 50.13 50.41 50.70 51.03 51.42 51.82 52.16 52.32 52.23 51.88 51.34 50.72 50.16 49.76 49.55 49.54 49.91 52.33 
51.00 49.12 49.07 49.12 49.16 49.22 49.28 49.32 49.36 49.43 49.55 49.70 49.82 49.83 49.69 49.43 49.12 48.86 48.71 48.67 48.72 48.81 48.90 48.99 49.10 49.26 49.46 49.72 50.00 50.29 50.59 50.88 51.14 51.36 51.48 51.49 51.38 51.14 50.82 50.45 50.08 49.74 49.44 49.17 48.92 48.72 48.57 48.49 48.48 48.53 48.66 48.86 49.10 49.33 49.50 49.54 49.43 49.17 48.81 48.32 47.57 46.22 43.79 39.67 33.34 24.53 13.52 1.15 0.10 0.01 0.00 0.00 0.00 0.00 0.00 0.00 0.00 0.00 0.00 0.00 0.00 0.00 0.00 0.00 0.00 0.00 0.00 0.00 0.00 0.00 0.00 0.00 0.00 0.00 0.00 0.00 0.00 0.00 0.00 0.00 0.00 0.00 0.00 0.00 0.00 0.00 0.00 0.00 0.00 0.00 0.00 0.00 0.00 0.00 0.00 0.00 0.00 0.00 0.00 0.00 0.00 0.00 0.00 0.00 0.00 0.00 0.00 0.00 0.00 0.00 0.01 0.09 1.10 13.01 23.63 32.15 38.32 42.33 44.69 45.92 46.51 46.81 47.07 47.44 47.97 48.65 49.37 49.96 50.29 50.29 50.01 49.62 49.29 49.16 49.24 49.49 49.82 50.14 50.44 50.71 50.97 51.20 51.41 51.57 51.68 51.72 51.72 51.66 51.55 51.39 51.16 50.86 50.47 50.01 49.50 49.02 48.67 48.53 48.62 48.88 49.23 49.57 49.85 50.08 50.29 50.56 50.90 51.28 51.62 51.81 51.75 51.43 50.92 50.34 49.85 49.54 49.37 49.05 47.19 37.33 
47.67 52.62 51.85 50.79 50.15 49.86 49.75 49.70 49.66 49.65 49.69 49.77 49.84 49.85 49.74 49.53 49.26 49.02 48.85 48.78 48.76 48.77 48.79 48.82 48.88 49.01 49.20 49.45 49.73 50.04 50.36 50.67 50.98 51.23 51.39 51.44 51.37 51.19 50.92 50.60 50.29 49.99 49.73 49.51 49.33 49.20 49.12 49.11 49.15 49.24 49.37 49.54 49.71 49.84 49.88 49.78 49.53 49.17 48.74 48.23 47.49 46.18 43.79 39.72 33.40 24.60 13.56 1.15 0.10 0.01 0.00 0.00 0.00 0.00 0.00 0.00 0.00 0.00 0.00 0.00 0.00 0.00 0.00 0.00 0.00 0.00 0.00 0.00 0.00 0.00 0.00 0.00 0.00 0.00 0.00 0.00 0.00 0.00 0.00 0.00 0.00 0.00 0.00 0.00 0.00 0.00 0.00 0.00 0.00 0.00 0.00 0.00 0.00 0.00 0.00 0.00 0.00 0.00 0.00 0.00 0.00 0.00 0.00 0.00 0.00 0.00 0.00 0.00 0.00 0.00 0.01 0.09 1.11 13.08 23.73 32.27 38.44 42.47 44.87 46.16 46.79 47.10 47.32 47.62 48.10 48.74 49.47 50.10 50.49 50.54 50.30 49.91 49.56 49.36 49.37 49.55 49.83 50.17 50.54 50.93 51.32 51.67 51.94 52.11 52.16 52.12 52.00 51.84 51.64 51.42 51.17 50.87 50.51 50.08 49.59 49.13 48.77 48.60 48.64 48.84 49.12 49.37 49.55 49.66 49.76 49.92 50.19 50.54 50.88 51.09 51.08 50.80 50.34 49.84 49.45 49.30 49.47 50.18 52.48 61.67 
83.33 62.02 55.18 52.30 50.95 50.35 50.10 49.98 49.88 49.79 49.74 49.73 49.73 49.71 49.61 49.45 49.24 49.05 48.91 48.82 48.76 48.71 48.66 48.63 48.64 48.71 48.88 49.11 49.41 49.75 50.12 50.49 50.84 51.13 51.34 51.43 51.41 51.27 51.04 50.75 50.43 50.13 49.88 49.67 49.53 49.44 49.42 49.44 49.52 49.64 49.79 49.96 50.11 50.19 50.15 49.95 49.60 49.15 48.67 48.14 47.41 46.14 43.80 39.78 33.50 24.70 13.63 1.16 0.10 0.01 0.00 0.00 0.00 0.00 0.00 0.00 0.00 0.00 0.00 0.00 0.00 0.00 0.00 0.00 0.00 0.00 0.00 0.00 0.00 0.00 0.00 0.00 0.00 0.00 0.00 0.00 0.00 0.00 0.00 0.00 0.00 0.00 0.00 0.00 0.00 0.00 0.00 0.00 0.00 0.00 0.00 0.00 0.00 0.00 0.00 0.00 0.00 0.00 0.00 0.00 0.00 0.00 0.00 0.00 0.00 0.00 0.00 0.00 0.00 0.00 0.01 0.10 1.12 13.22 23.97 32.57 38.79 42.87 45.33 46.68 47.36 47.66 47.83 48.04 48.42 48.99 49.68 50.31 50.71 50.79 50.57 50.18 49.80 49.54 49.47 49.57 49.81 50.16 50.60 51.10 51.61 52.06 52.39 52.55 52.55 52.42 52.19 51.92 51.64 51.35 51.06 50.76 50.43 50.04 49.62 49.20 48.87 48.69 48.70 48.84 49.04 49.19 49.25 49.23 49.19 49.23 49.41 49.70 50.03 50.25 50.28 50.06 49.69 49.28 49.00 48.97 49.24 49.87 50.94 51.67 
53.33 57.19 54.95 52.69 51.28 50.57 50.26 50.10 49.96 49.81 49.67 49.56 49.47 49.39 49.28 49.15 49.02 48.90 48.81 48.75 48.69 48.63 48.57 48.51 48.48 48.52 48.64 48.85 49.15 49.51 49.91 50.33 50.71 51.04 51.28 51.41 51.44 51.35 51.14 50.85 50.50 50.16 49.87 49.65 49.51 49.44 49.42 49.46 49.54 49.67 49.85 50.04 50.21 50.30 50.24 50.00 49.60 49.11 48.59 48.05 47.33 46.10 43.83 39.86 33.62 24.81 13.70 1.16 0.10 0.01 0.00 0.00 0.00 0.00 0.00 0.00 0.00 0.00 0.00 0.00 0.00 0.00 0.00 0.00 0.00 0.00 0.00 0.00 0.00 0.00 0.00 0.00 0.00 0.00 0.00 0.00 0.00 0.00 0.00 0.00 0.00 0.00 0.00 0.00 0.00 0.00 0.00 0.00 0.00 0.00 0.00 0.00 0.00 0.00 0.00 0.00 0.00 0.00 0.00 0.00 0.00 0.00 0.00 0.00 0.00 0.00 0.00 0.00 0.00 0.00 0.01 0.10 1.14 13.42 24.33 33.05 39.34 43.48 45.99 47.40 48.11 48.40 48.51 48.62 48.88 49.36 49.97 50.55 50.94 51.01 50.80 50.41 50.01 49.71 49.58 49.62 49.82 50.18 50.67 51.25 51.85 52.37 52.72 52.87 52.82 52.60 52.28 51.92 51.55 51.20 50.88 50.57 50.26 49.93 49.57 49.22 48.94 48.78 48.76 48.85 48.97 49.04 48.99 48.85 48.69 48.62 48.71 48.94 49.23 49.45 49.50 49.35 49.06 48.77 48.61 48.66 48.94 49.33 49.86 52.33 
62.00 58.73 55.19 52.70 51.25 50.53 50.22 50.05 49.90 49.70 49.49 49.29 49.11 48.95 48.82 48.70 48.62 48.57 48.55 48.56 48.57 48.57 48.56 48.55 48.53 48.55 48.63 48.79 49.05 49.39 49.79 50.19 50.57 50.89 51.15 51.32 51.39 51.34 51.16 50.85 50.46 50.06 49.72 49.46 49.30 49.22 49.19 49.20 49.27 49.39 49.57 49.81 50.03 50.16 50.14 49.92 49.53 49.04 48.52 47.99 47.30 46.11 43.88 39.96 33.74 24.93 13.77 1.17 0.10 0.01 0.00 0.00 0.00 0.00 0.00 0.00 0.00 0.00 0.00 0.00 0.00 0.00 0.00 0.00 0.00 0.00 0.00 0.00 0.00 0.00 0.00 0.00 0.00 0.00 0.00 0.00 0.00 0.00 0.00 0.00 0.00 0.00 0.00 0.00 0.00 0.00 0.00 0.00 0.00 0.00 0.00 0.00 0.00 0.00 0.00 0.00 0.00 0.00 0.00 0.00 0.00 0.00 0.00 0.00 0.00 0.00 0.00 0.00 0.00 0.00 0.01 0.10 1.16 13.68 24.79 33.63 40.00 44.19 46.73 48.17 48.89 49.17 49.22 49.24 49.40 49.76 50.27 50.77 51.11 51.16 50.95 50.58 50.19 49.90 49.74 49.75 49.93 50.28 50.79 51.41 52.04 52.57 52.92 53.03 52.92 52.64 52.27 51.85 51.43 51.04 50.68 50.36 50.07 49.79 49.50 49.21 48.98 48.83 48.80 48.85 48.91 48.91 48.79 48.57 48.34 48.20 48.22 48.39 48.64 48.84 48.90 48.81 48.61 48.44 48.40 48.57 48.89 48.95 46.97 35.67 
76.67 60.83 54.86 52.16 50.86 50.27 50.02 49.90 49.76 49.56 49.31 49.03 48.77 48.53 48.35 48.22 48.16 48.16 48.22 48.32 48.45 48.59 48.72 48.81 48.86 48.89 48.93 49.02 49.20 49.45 49.76 50.09 50.41 50.68 50.92 51.11 51.22 51.22 51.05 50.71 50.27 49.81 49.41 49.12 48.95 48.86 48.80 48.78 48.81 48.91 49.11 49.38 49.66 49.86 49.90 49.75 49.41 48.97 48.50 48.01 47.36 46.20 44.00 40.10 33.88 25.04 13.84 1.18 0.10 0.01 0.00 0.00 0.00 0.00 0.00 0.00 0.00 0.00 0.00 0.00 0.00 0.00 0.00 0.00 0.00 0.00 0.00 0.00 0.00 0.00 0.00 0.00 0.00 0.00 0.00 0.00 0.00 0.00 0.00 0.00 0.00 0.00 0.00 0.00 0.00 0.00 0.00 0.00 0.00 0.00 0.00 0.00 0.00 0.00 0.00 0.00 0.00 0.00 0.00 0.00 0.00 0.00 0.00 0.00 0.00 0.00 0.00 0.00 0.00 0.00 0.01 0.10 1.18 13.95 25.26 34.24 40.67 44.87 47.40 48.82 49.53 49.79 49.82 49.79 49.87 50.12 50.52 50.92 51.18 51.20 51.00 50.68 50.35 50.11 49.99 50.01 50.18 50.51 50.99 51.57 52.16 52.65 52.94 53.01 52.85 52.55 52.16 51.73 51.31 50.90 50.53 50.20 49.91 49.66 49.42 49.20 49.00 48.87 48.82 48.84 48.86 48.81 48.65 48.41 48.17 48.01 48.01 48.15 48.36 48.54 48.61 48.55 48.43 48.36 48.43 48.77 49.51 50.89 53.56 59.67 
55.33 53.29 51.68 50.64 50.07 49.82 49.75 49.72 49.64 49.48 49.22 48.91 48.57 48.25 48.00 47.82 47.75 47.78 47.90 48.12 48.40 48.73 49.06 49.31 49.47 49.53 49.53 49.53 49.58 49.70 49.88 50.08 50.27 50.47 50.65 50.83 50.95 50.96 50.78 50.41 49.91 49.39 48.95 48.65 48.49 48.40 48.34 48.30 48.30 48.38 48.58 48.88 49.22 49.49 49.61 49.54 49.30 48.95 48.56 48.13 47.52 46.38 44.19 40.28 34.03 25.16 13.91 1.18 0.10 0.01 0.00 0.00 0.00 0.00 0.00 0.00 0.00 0.00 0.00 0.00 0.00 0.00 0.00 0.00 0.00 0.00 0.00 0.00 0.00 0.00 0.00 0.00 0.00 0.00 0.00 0.00 0.00 0.00 0.00 0.00 0.00 0.00 0.00 0.00 0.00 0.00 0.00 0.00 0.00 0.00 0.00 0.00 0.00 0.00 0.00 0.00 0.00 0.00 0.00 0.00 0.00 0.00 0.00 0.00 0.00 0.00 0.00 0.00 0.00 0.00 0.01 0.10 1.21 14.19 25.68 34.77 41.23 45.40 47.88 49.25 49.92 50.18 50.20 50.17 50.21 50.39 50.68 50.97 51.14 51.13 50.96 50.71 50.49 50.35 50.31 50.38 50.55 50.84 51.24 51.72 52.19 52.57 52.78 52.79 52.63 52.34 51.99 51.61 51.22 50.83 50.46 50.12 49.83 49.59 49.39 49.20 49.03 48.90 48.83 48.81 48.79 48.71 48.56 48.34 48.13 48.02 48.05 48.20 48.41 48.57 48.64 48.61 48.54 48.51 48.61 48.97 49.82 51.78 56.86 72.00 
35.67 45.48 48.20 48.96 49.21 49.35 49.48 49.59 49.62 49.53 49.31 48.98 48.59 48.19 47.84 47.60 47.49 47.52 47.70 48.03 48.48 49.01 49.54 49.97 50.24 50.34 50.31 50.23 50.15 50.12 50.14 50.18 50.24 50.33 50.43 50.56 50.64 50.61 50.38 49.95 49.39 48.82 48.37 48.09 47.96 47.91 47.88 47.85 47.83 47.90 48.09 48.40 48.76 49.09 49.29 49.32 49.21 48.98 48.70 48.34 47.75 46.62 44.41 40.46 34.17 25.25 13.95 1.18 0.10 0.01 0.00 0.00 0.00 0.00 0.00 0.00 0.00 0.00 0.00 0.00 0.00 0.00 0.00 0.00 0.00 0.00 0.00 0.00 0.00 0.00 0.00 0.00 0.00 0.00 0.00 0.00 0.00 0.00 0.00 0.00 0.00 0.00 0.00 0.00 0.00 0.00 0.00 0.00 0.00 0.00 0.00 0.00 0.00 0.00 0.00 0.00 0.00 0.00 0.00 0.00 0.00 0.00 0.00 0.00 0.00 0.00 0.00 0.00 0.00 0.00 0.01 0.10 1.22 14.37 25.98 35.13 41.60 45.72 48.12 49.41 50.05 50.31 50.37 50.37 50.41 50.55 50.76 50.94 51.03 50.98 50.84 50.68 50.58 50.59 50.68 50.82 51.01 51.23 51.50 51.81 52.12 52.35 52.47 52.44 52.29 52.07 51.80 51.52 51.20 50.85 50.48 50.13 49.83 49.59 49.39 49.22 49.06 48.93 48.83 48.77 48.72 48.62 48.48 48.30 48.17 48.14 48.25 48.46 48.69 48.87 48.96 48.94 48.88 48.83 48.84 48.98 49.27 49.74 50.21 49.33 
43.00 44.86 46.82 47.97 48.59 48.97 49.26 49.51 49.67 49.70 49.55 49.23 48.79 48.32 47.88 47.56 47.40 47.43 47.65 48.07 48.66 49.35 50.05 50.63 51.01 51.15 51.10 50.96 50.78 50.63 50.52 50.44 50.38 50.35 50.36 50.39 50.39 50.26 49.94 49.42 48.80 48.20 47.74 47.50 47.44 47.47 47.50 47.49 47.47 47.51 47.67 47.95 48.32 48.68 48.96 49.10 49.12 49.03 48.85 48.56 48.00 46.85 44.60 40.60 34.27 25.31 13.98 1.19 0.10 0.01 0.00 0.00 0.00 0.00 0.00 0.00 0.00 0.00 0.00 0.00 0.00 0.00 0.00 0.00 0.00 0.00 0.00 0.00 0.00 0.00 0.00 0.00 0.00 0.00 0.00 0.00 0.00 0.00 0.00 0.00 0.00 0.00 0.00 0.00 0.00 0.00 0.00 0.00 0.00 0.00 0.00 0.00 0.00 0.00 0.00 0.00 0.00 0.00 0.00 0.00 0.00 0.00 0.00 0.00 0.00 0.00 0.00 0.00 0.00 0.00 0.01 0.10 1.23 14.46 26.13 35.31 41.76 45.83 48.15 49.38 49.98 50.26 50.38 50.44 50.53 50.65 50.79 50.88 50.88 50.79 50.67 50.60 50.65 50.81 51.05 51.28 51.48 51.62 51.74 51.85 51.96 52.04 52.08 52.04 51.95 51.82 51.68 51.50 51.27 50.97 50.61 50.24 49.91 49.65 49.45 49.28 49.13 49.00 48.88 48.79 48.69 48.57 48.43 48.30 48.25 48.32 48.52 48.81 49.11 49.33 49.44 49.45 49.38 49.27 49.15 49.01 48.71 47.84 45.00 35.00 
43.00 44.17 46.30 47.57 48.25 48.70 49.08 49.45 49.76 49.91 49.85 49.57 49.12 48.59 48.08 47.70 47.49 47.50 47.75 48.22 48.88 49.67 50.46 51.12 51.55 51.73 51.70 51.54 51.34 51.15 50.98 50.83 50.70 50.59 50.50 50.41 50.27 50.01 49.56 48.95 48.26 47.63 47.20 47.01 47.03 47.15 47.25 47.28 47.26 47.25 47.34 47.56 47.90 48.27 48.61 48.87 49.01 49.04 48.97 48.73 48.17 46.99 44.70 40.66 34.30 25.32 13.99 1.19 0.10 0.01 0.00 0.00 0.00 0.00 0.00 0.00 0.00 0.00 0.00 0.00 0.00 0.00 0.00 0.00 0.00 0.00 0.00 0.00 0.00 0.00 0.00 0.00 0.00 0.00 0.00 0.00 0.00 0.00 0.00 0.00 0.00 0.00 0.00 0.00 0.00 0.00 0.00 0.00 0.00 0.00 0.00 0.00 0.00 0.00 0.00 0.00 0.00 0.00 0.00 0.00 0.00 0.00 0.00 0.00 0.00 0.00 0.00 0.00 0.00 0.00 0.01 0.10 1.23 14.48 26.16 35.34 41.78 45.80 48.08 49.26 49.85 50.16 50.34 50.49 50.63 50.75 50.83 50.83 50.74 50.61 50.50 50.51 50.68 51.00 51.37 51.70 51.90 51.96 51.91 51.83 51.77 51.73 51.71 51.70 51.70 51.69 51.67 51.61 51.46 51.19 50.83 50.43 50.07 49.78 49.57 49.41 49.28 49.16 49.04 48.92 48.79 48.64 48.48 48.37 48.37 48.51 48.80 49.18 49.55 49.83 50.00 50.03 49.95 49.80 49.60 49.32 48.85 48.02 47.00 49.67 
25.33 42.49 46.59 47.72 48.16 48.49 48.88 49.34 49.77 50.06 50.11 49.89 49.45 48.91 48.38 47.97 47.74 47.74 47.97 48.44 49.09 49.86 50.62 51.27 51.71 51.92 51.94 51.84 51.70 51.57 51.44 51.31 51.16 51.01 50.84 50.64 50.36 49.95 49.38 48.66 47.91 47.26 46.85 46.72 46.82 47.03 47.21 47.27 47.22 47.15 47.14 47.27 47.55 47.91 48.29 48.62 48.87 49.01 49.00 48.79 48.23 47.03 44.70 40.64 34.28 25.31 13.99 1.19 0.10 0.01 0.00 0.00 0.00 0.00 0.00 0.00 0.00 0.00 0.00 0.00 0.00 0.00 0.00 0.00 0.00 0.00 0.00 0.00 0.00 0.00 0.00 0.00 0.00 0.00 0.00 0.00 0.00 0.00 0.00 0.00 0.00 0.00 0.00 0.00 0.00 0.00 0.00 0.00 0.00 0.00 0.00 0.00 0.00 0.00 0.00 0.00 0.00 0.00 0.00 0.00 0.00 0.00 0.00 0.00 0.00 0.00 0.00 0.00 0.00 0.00 0.01 0.10 1.23 14.48 26.16 35.32 41.74 45.75 48.00 49.17 49.78 50.12 50.38 50.60 50.78 50.90 50.93 50.84 50.66 50.46 50.35 50.41 50.68 51.12 51.61 52.01 52.21 52.20 52.03 51.80 51.60 51.49 51.47 51.52 51.61 51.73 51.83 51.86 51.76 51.51 51.13 50.70 50.30 49.98 49.76 49.62 49.53 49.45 49.36 49.23 49.07 48.88 48.69 48.56 48.57 48.74 49.08 49.51 49.95 50.31 50.53 50.60 50.54 50.38 50.17 49.91 49.51 48.53 45.42 33.33 
69.00 53.80 49.76 48.53 48.19 48.26 48.60 49.11 49.65 50.06 50.22 50.10 49.73 49.23 48.73 48.33 48.11 48.10 48.30 48.69 49.23 49.85 50.49 51.03 51.42 51.66 51.76 51.80 51.81 51.82 51.81 51.77 51.67 51.51 51.30 51.03 50.65 50.13 49.45 48.66 47.86 47.20 46.80 46.72 46.88 47.15 47.38 47.46 47.38 47.22 47.11 47.13 47.32 47.65 48.04 48.42 48.73 48.93 48.97 48.78 48.21 46.99 44.65 40.61 34.29 25.36 14.04 1.19 0.10 0.01 0.00 0.00 0.00 0.00 0.00 0.00 0.00 0.00 0.00 0.00 0.00 0.00 0.00 0.00 0.00 0.00 0.00 0.00 0.00 0.00 0.00 0.00 0.00 0.00 0.00 0.00 0.00 0.00 0.00 0.00 0.00 0.00 0.00 0.00 0.00 0.00 0.00 0.00 0.00 0.00 0.00 0.00 0.00 0.00 0.00 0.00 0.00 0.00 0.00 0.00 0.00 0.00 0.00 0.00 0.00 0.00 0.00 0.00 0.00 0.00 0.01 0.10 1.23 14.54 26.22 35.37 41.76 45.76 48.03 49.22 49.85 50.25 50.55 50.82 51.02 51.13 51.09 50.92 50.64 50.37 50.23 50.31 50.65 51.18 51.75 52.20 52.40 52.33 52.08 51.76 51.50 51.37 51.38 51.50 51.70 51.92 52.12 52.22 52.15 51.90 51.50 51.02 50.58 50.23 50.01 49.90 49.86 49.84 49.80 49.70 49.53 49.30 49.06 48.90 48.87 49.04 49.38 49.83 50.30 50.71 50.98 51.09 51.06 50.94 50.81 50.79 50.96 51.40 52.93 62.00 
62.67 53.91 50.03 48.45 47.89 47.87 48.20 48.76 49.38 49.90 50.18 50.16 49.91 49.51 49.09 48.76 48.58 48.56 48.69 48.94 49.28 49.67 50.06 50.43 50.74 50.99 51.22 51.44 51.66 51.87 52.03 52.11 52.10 51.99 51.78 51.49 51.07 50.50 49.77 48.95 48.13 47.47 47.08 47.01 47.19 47.49 47.74 47.82 47.70 47.47 47.25 47.17 47.27 47.53 47.90 48.29 48.63 48.86 48.93 48.75 48.18 46.97 44.67 40.71 34.49 25.64 14.26 1.21 0.10 0.01 0.00 0.00 0.00 0.00 0.00 0.00 0.00 0.00 0.00 0.00 0.00 0.00 0.00 0.00 0.00 0.00 0.00 0.00 0.00 0.00 0.00 0.00 0.00 0.00 0.00 0.00 0.00 0.00 0.00 0.00 0.00 0.00 0.00 0.00 0.00 0.00 0.00 0.00 0.00 0.00 0.00 0.00 0.00 0.00 0.00 0.00 0.00 0.00 0.00 0.00 0.00 0.00 0.00 0.00 0.00 0.00 0.00 0.00 0.00 0.00 0.01 0.11 1.25 14.76 26.50 35.62 41.96 45.93 48.20 49.43 50.10 50.54 50.88 51.16 51.36 51.42 51.32 51.05 50.68 50.32 50.13 50.21 50.59 51.16 51.78 52.26 52.46 52.37 52.08 51.72 51.45 51.35 51.41 51.62 51.90 52.22 52.48 52.62 52.57 52.30 51.87 51.36 50.87 50.50 50.28 50.20 50.21 50.26 50.28 50.22 50.06 49.82 49.56 49.36 49.30 49.42 49.72 50.15 50.61 51.03 51.33 51.47 51.47 51.41 51.42 51.71 52.44 53.49 53.11 41.00 
50.00 49.08 47.97 47.39 47.21 47.34 47.74 48.35 49.03 49.63 50.01 50.12 50.00 49.73 49.44 49.21 49.08 49.05 49.10 49.17 49.26 49.35 49.46 49.60 49.80 50.08 50.43 50.86 51.31 51.74 52.07 52.28 52.36 52.31 52.16 51.90 51.51 50.96 50.26 49.46 48.66 48.01 47.63 47.54 47.71 47.98 48.21 48.27 48.12 47.83 47.54 47.37 47.38 47.57 47.89 48.25 48.60 48.85 48.93 48.78 48.25 47.09 44.90 41.12 35.11 26.39 14.90 1.28 0.12 0.02 0.01 0.01 0.01 0.01 0.01 0.01 0.01 0.01 0.01 0.01 0.01 0.01 0.01 0.01 0.01 0.01 0.01 0.01 0.01 0.01 0.01 0.01 0.01 0.01 0.01 0.01 0.01 0.01 0.01 0.01 0.01 0.01 0.01 0.01 0.01 0.01 0.01 0.01 0.01 0.01 0.01 0.01 0.01 0.01 0.01 0.01 0.01 0.01 0.01 0.01 0.01 0.01 0.01 0.01 0.01 0.01 0.01 0.01 0.01 0.01 0.02 0.12 1.32 15.36 27.23 36.24 42.43 46.31 48.55 49.79 50.50 50.96 51.31 51.58 51.74 51.75 51.57 51.21 50.74 50.30 50.06 50.11 50.48 51.08 51.72 52.21 52.42 52.32 52.03 51.69 51.45 51.38 51.51 51.78 52.14 52.52 52.83 52.99 52.94 52.65 52.19 51.64 51.12 50.73 50.50 50.44 50.49 50.60 50.68 50.67 50.55 50.34 50.09 49.89 49.80 49.88 50.13 50.49 50.90 51.29 51.57 51.71 51.74 51.72 51.86 52.47 54.01 57.41 65.24 87.33 
45.00 44.40 45.35 46.03 46.45 46.84 47.34 47.98 48.68 49.32 49.79 50.02 50.04 49.93 49.76 49.63 49.55 49.51 49.47 49.36 49.19 48.99 48.81 48.73 48.82 49.11 49.58 50.20 50.85 51.46 51.94 52.26 52.41 52.43 52.35 52.17 51.86 51.39 50.77 50.05 49.31 48.71 48.33 48.21 48.32 48.54 48.71 48.72 48.54 48.22 47.89 47.66 47.59 47.71 47.96 48.29 48.63 48.90 49.03 48.93 48.47 47.44 45.46 42.00 36.41 28.06 16.47 1.52 0.24 0.12 0.11 0.11 0.10 0.10 0.10 0.10 0.10 0.10 0.10 0.10 0.10 0.10 0.10 0.10 0.10 0.10 0.10 0.10 0.10 0.10 0.10 0.10 0.10 0.10 0.09 0.09 0.09 0.09 0.09 0.09 0.09 0.09 0.10 0.10 0.10 0.10 0.10 0.10 0.10 0.10 0.10 0.10 0.10 0.10 0.10 0.10 0.10 0.09 0.09 0.09 0.09 0.09 0.09 0.10 0.10 0.10 0.10 0.10 0.10 0.10 0.12 0.24 1.55 16.84 28.78 37.44 43.28 46.93 49.07 50.28 50.99 51.45 51.77 52.00 52.11 52.06 51.82 51.38 50.83 50.31 50.00 50.01 50.36 50.95 51.59 52.08 52.29 52.21 51.94 51.63 51.43 51.41 51.59 51.91 52.32 52.74 53.08 53.26 53.20 52.90 52.41 51.83 51.29 50.87 50.62 50.55 50.62 50.76 50.89 50.93 50.88 50.73 50.54 50.39 50.32 50.38 50.56 50.84 51.16 51.47 51.69 51.81 51.82 51.81 51.97 52.61 54.17 57.33 63.38 75.67 
24.33 38.14 43.02 45.01 45.96 46.57 47.13 47.76 48.44 49.09 49.61 49.95 50.11 50.12 50.06 50.00 49.95 49.88 49.74 49.48 49.10 48.66 48.25 48.00 47.99 48.27 48.83 49.58 50.38 51.12 51.70 52.08 52.28 52.36 52.35 52.26 52.05 51.70 51.19 50.57 49.93 49.39 49.04 48.90 48.95 49.08 49.16 49.11 48.89 48.56 48.21 47.94 47.82 47.86 48.06 48.36 48.70 49.01 49.20 49.20 48.87 48.04 46.39 43.45 38.61 31.21 20.24 3.16 1.57 1.33 1.27 1.24 1.23 1.22 1.21 1.20 1.20 1.19 1.19 1.19 1.19 1.19 1.19 1.18 1.18 1.18 1.17 1.17 1.16 1.15 1.14 1.13 1.12 1.12 1.12 1.11 1.11 1.10 1.10 1.10 1.10 1.12 1.13 1.16 1.18 1.20 1.21 1.21 1.21 1.20 1.19 1.19 1.18 1.17 1.15 1.14 1.13 1.11 1.10 1.10 1.10 1.10 1.11 1.13 1.14 1.15 1.16 1.16 1.17 1.20 1.27 1.51 3.13 20.39 31.67 39.41 44.56 47.79 49.72 50.85 51.51 51.92 52.18 52.35 52.41 52.31 52.01 51.52 50.91 50.33 49.95 49.91 50.22 50.77 51.39 51.87 52.09 52.03 51.79 51.52 51.36 51.39 51.60 51.96 52.40 52.83 53.19 53.38 53.33 53.03 52.52 51.92 51.35 50.89 50.62 50.52 50.57 50.71 50.86 50.96 50.97 50.92 50.84 50.77 50.76 50.83 50.97 51.15 51.36 51.56 51.70 51.75 51.72 51.66 51.73 52.16 53.20 54.80 55.56 47.67 
35.33 40.76 43.56 45.09 46.00 46.62 47.16 47.74 48.37 49.00 49.56 49.98 50.24 50.35 50.36 50.32 50.25 50.12 49.90 49.52 49.00 48.42 47.88 47.52 47.44 47.71 48.30 49.10 49.98 50.77 51.39 51.80 52.04 52.17 52.22 52.20 52.08 51.82 51.42 50.92 50.40 49.95 49.65 49.51 49.50 49.54 49.53 49.40 49.15 48.80 48.44 48.15 47.98 47.98 48.13 48.42 48.78 49.14 49.42 49.54 49.38 48.82 47.59 45.35 41.68 36.21 28.88 20.66 17.08 15.58 14.93 14.63 14.48 14.37 14.26 14.16 14.09 14.05 14.05 14.07 14.08 14.07 14.02 13.97 13.92 13.87 13.83 13.76 13.67 13.56 13.44 13.34 13.26 13.22 13.18 13.14 13.08 13.02 12.96 12.95 13.02 13.16 13.38 13.64 13.90 14.10 14.23 14.28 14.26 14.18 14.09 13.98 13.87 13.75 13.60 13.44 13.27 13.12 13.00 12.94 12.95 13.02 13.14 13.29 13.45 13.57 13.66 13.73 13.85 14.12 14.79 16.37 20.10 28.59 36.26 42.11 46.19 48.83 50.46 51.43 51.99 52.32 52.50 52.59 52.58 52.45 52.13 51.62 50.98 50.36 49.93 49.83 50.08 50.58 51.15 51.60 51.81 51.76 51.55 51.32 51.21 51.28 51.53 51.91 52.36 52.80 53.17 53.36 53.32 53.03 52.52 51.92 51.32 50.82 50.50 50.35 50.36 50.48 50.63 50.76 50.85 50.90 50.94 50.99 51.06 51.15 51.25 51.36 51.45 51.54 51.59 51.57 51.46 51.32 51.24 51.41 52.07 53.53 56.63 65.00 
51.67 45.94 45.28 45.78 46.40 46.93 47.41 47.91 48.47 49.08 49.66 50.15 50.49 50.65 50.67 50.60 50.45 50.24 49.92 49.48 48.91 48.30 47.73 47.34 47.23 47.46 48.01 48.79 49.65 50.45 51.07 51.49 51.76 51.92 52.02 52.05 51.98 51.77 51.45 51.05 50.64 50.31 50.08 49.97 49.93 49.90 49.81 49.61 49.32 48.96 48.59 48.29 48.10 48.06 48.19 48.47 48.85 49.27 49.63 49.87 49.89 49.61 48.85 47.36 44.88 41.28 36.76 32.18 29.25 27.65 26.82 26.39 26.14 25.94 25.75 25.59 25.49 25.46 25.49 25.55 25.59 25.58 25.53 25.45 25.36 25.29 25.21 25.08 24.90 24.69 24.46 24.27 24.13 24.03 23.96 23.87 23.76 23.64 23.54 23.54 23.66 23.93 24.33 24.80 25.26 25.63 25.87 25.95 25.91 25.79 25.62 25.43 25.23 25.01 24.76 24.49 24.21 23.95 23.77 23.67 23.68 23.81 24.02 24.27 24.52 24.72 24.86 24.96 25.11 25.46 26.27 27.96 31.08 35.95 40.84 44.89 47.86 49.89 51.18 51.96 52.40 52.61 52.69 52.70 52.64 52.49 52.18 51.69 51.06 50.42 49.95 49.78 49.95 50.37 50.86 51.25 51.43 51.38 51.19 51.02 50.97 51.09 51.37 51.77 52.22 52.66 53.01 53.21 53.18 52.90 52.42 51.82 51.20 50.68 50.30 50.09 50.05 50.12 50.25 50.40 50.55 50.70 50.85 51.00 51.16 51.29 51.38 51.42 51.44 51.43 51.40 51.31 51.13 50.88 50.61 50.45 50.52 50.98 52.67 60.00 
50.00 45.98 45.69 46.24 46.84 47.35 47.78 48.22 48.73 49.30 49.90 50.44 50.83 51.01 51.00 50.84 50.59 50.27 49.87 49.39 48.86 48.30 47.80 47.44 47.31 47.48 47.95 48.63 49.40 50.12 50.72 51.15 51.46 51.67 51.80 51.85 51.78 51.59 51.30 50.97 50.67 50.45 50.32 50.27 50.25 50.18 50.03 49.78 49.45 49.08 48.73 48.43 48.23 48.17 48.27 48.54 48.92 49.35 49.76 50.08 50.27 50.25 49.91 49.08 47.60 45.43 42.76 40.10 38.09 36.80 36.02 35.55 35.23 34.96 34.73 34.55 34.47 34.49 34.59 34.73 34.83 34.87 34.83 34.76 34.67 34.58 34.47 34.29 34.03 33.72 33.39 33.11 32.90 32.76 32.63 32.50 32.34 32.17 32.06 32.07 32.26 32.65 33.19 33.82 34.43 34.92 35.23 35.34 35.29 35.12 34.89 34.64 34.37 34.09 33.77 33.44 33.11 32.83 32.62 32.53 32.56 32.72 32.97 33.28 33.57 33.80 33.94 34.02 34.13 34.42 35.09 36.41 38.57 41.51 44.56 47.22 49.30 50.78 51.78 52.38 52.70 52.80 52.78 52.71 52.61 52.45 52.17 51.72 51.13 50.51 50.02 49.79 49.86 50.16 50.54 50.84 50.96 50.90 50.75 50.63 50.64 50.82 51.15 51.56 52.00 52.41 52.74 52.93 52.91 52.67 52.22 51.65 51.03 50.47 50.05 49.78 49.68 49.70 49.81 49.97 50.15 50.36 50.60 50.85 51.08 51.25 51.35 51.37 51.34 51.29 51.20 51.06 50.82 50.47 50.04 49.58 48.96 47.59 43.28 28.00 
34.00 42.17 45.07 46.42 47.22 47.76 48.18 48.58 49.05 49.61 50.22 50.79 51.20 51.38 51.31 51.05 50.67 50.24 49.78 49.31 48.86 48.42 48.04 47.75 47.62 47.71 48.02 48.54 49.15 49.78 50.33 50.78 51.13 51.40 51.57 51.62 51.53 51.31 51.03 50.75 50.54 50.43 50.42 50.45 50.47 50.41 50.24 49.97 49.62 49.26 48.91 48.63 48.43 48.36 48.43 48.65 48.98 49.37 49.76 50.12 50.41 50.59 50.58 50.25 49.50 48.31 46.80 45.24 43.94 42.98 42.31 41.82 41.43 41.11 40.86 40.72 40.71 40.83 41.04 41.27 41.46 41.56 41.58 41.54 41.48 41.39 41.26 41.05 40.73 40.34 39.93 39.58 39.31 39.11 38.94 38.76 38.57 38.39 38.29 38.34 38.60 39.07 39.71 40.43 41.11 41.65 41.99 42.12 42.04 41.84 41.57 41.26 40.95 40.62 40.29 39.95 39.65 39.40 39.23 39.18 39.24 39.42 39.68 39.98 40.27 40.48 40.60 40.64 40.68 40.84 41.29 42.16 43.53 45.30 47.17 48.88 50.29 51.38 52.15 52.63 52.85 52.88 52.79 52.66 52.52 52.36 52.12 51.73 51.20 50.62 50.13 49.84 49.81 49.98 50.23 50.41 50.45 50.37 50.24 50.18 50.27 50.51 50.86 51.28 51.69 52.07 52.37 52.55 52.54 52.34 51.94 51.40 50.80 50.23 49.77 49.46 49.31 49.29 49.36 49.51 49.71 49.96 50.25 50.58 50.88 51.11 51.25 51.29 51.26 51.19 51.09 50.92 50.63 50.23 49.75 49.23 48.63 47.56 45.13 40.33 
36.33 43.52 45.76 46.89 47.63 48.15 48.54 48.92 49.37 49.91 50.52 51.09 51.50 51.65 51.52 51.17 50.69 50.17 49.68 49.27 48.93 48.66 48.42 48.22 48.07 48.04 48.17 48.47 48.90 49.39 49.89 50.36 50.77 51.10 51.30 51.35 51.23 50.99 50.70 50.46 50.33 50.33 50.43 50.57 50.66 50.64 50.48 50.20 49.86 49.50 49.18 48.92 48.73 48.65 48.67 48.80 49.03 49.31 49.62 49.94 50.26 50.57 50.78 50.79 50.52 49.93 49.10 48.18 47.33 46.60 46.00 45.48 45.03 44.67 44.43 44.36 44.45 44.69 45.01 45.35 45.62 45.79 45.87 45.88 45.87 45.82 45.70 45.48 45.14 44.70 44.25 43.84 43.52 43.27 43.07 42.88 42.68 42.52 42.47 42.59 42.91 43.44 44.12 44.85 45.52 46.05 46.37 46.46 46.35 46.10 45.78 45.44 45.09 44.74 44.42 44.12 43.89 43.73 43.65 43.67 43.78 43.97 44.22 44.50 44.75 44.93 45.00 45.00 44.97 45.02 45.26 45.77 46.57 47.61 48.74 49.82 50.79 51.61 52.24 52.65 52.84 52.85 52.74 52.58 52.43 52.27 52.04 51.71 51.25 50.72 50.25 49.93 49.81 49.85 49.94 49.99 49.94 49.84 49.74 49.74 49.88 50.16 50.53 50.92 51.31 51.65 51.91 52.08 52.09 51.93 51.59 51.11 50.54 49.97 49.49 49.14 48.95 48.88 48.92 49.04 49.24 49.52 49.87 50.26 50.65 50.96 51.17 51.27 51.28 51.24 51.14 50.95 50.65 50.24 49.80 49.46 49.33 49.43 49.68 50.67 
65.00 49.69 47.32 47.49 48.01 48.46 48.83 49.18 49.60 50.11 50.70 51.25 51.63 51.74 51.56 51.14 50.59 50.04 49.58 49.26 49.08 48.99 48.90 48.77 48.60 48.44 48.36 48.43 48.65 49.01 49.45 49.93 50.40 50.78 51.01 51.05 50.90 50.63 50.34 50.14 50.10 50.21 50.44 50.68 50.85 50.88 50.75 50.48 50.14 49.80 49.50 49.26 49.09 48.98 48.94 48.96 49.04 49.15 49.32 49.55 49.85 50.21 50.55 50.77 50.78 50.53 50.08 49.51 48.91 48.32 47.74 47.18 46.69 46.30 46.09 46.09 46.28 46.63 47.05 47.46 47.79 48.01 48.14 48.22 48.27 48.27 48.21 48.01 47.68 47.24 46.77 46.33 45.98 45.71 45.50 45.32 45.17 45.08 45.12 45.32 45.71 46.27 46.92 47.59 48.18 48.62 48.85 48.87 48.69 48.39 48.01 47.62 47.25 46.90 46.60 46.37 46.23 46.18 46.22 46.33 46.50 46.71 46.96 47.21 47.42 47.56 47.60 47.56 47.49 47.46 47.55 47.81 48.24 48.82 49.48 50.16 50.85 51.49 52.05 52.46 52.68 52.73 52.65 52.51 52.35 52.18 51.97 51.66 51.25 50.78 50.34 50.01 49.82 49.73 49.68 49.60 49.48 49.35 49.27 49.31 49.49 49.78 50.13 50.49 50.83 51.13 51.37 51.53 51.58 51.47 51.20 50.77 50.25 49.70 49.21 48.84 48.60 48.49 48.49 48.57 48.77 49.08 49.49 49.98 50.46 50.89 51.20 51.38 51.46 51.46 51.37 51.19 50.88 50.48 50.13 50.03 50.49 51.75 53.85 56.33 
30.33 42.81 46.13 47.47 48.21 48.67 49.01 49.32 49.68 50.15 50.68 51.17 51.51 51.58 51.36 50.91 50.35 49.83 49.44 49.26 49.27 49.37 49.44 49.37 49.16 48.86 48.59 48.44 48.48 48.71 49.10 49.58 50.07 50.48 50.72 50.74 50.56 50.26 49.99 49.85 49.90 50.14 50.48 50.83 51.07 51.15 51.03 50.77 50.42 50.08 49.79 49.57 49.41 49.29 49.18 49.07 48.97 48.89 48.89 48.99 49.24 49.61 50.01 50.35 50.51 50.45 50.20 49.82 49.35 48.83 48.27 47.69 47.16 46.77 46.58 46.64 46.91 47.33 47.80 48.24 48.58 48.81 48.97 49.10 49.21 49.30 49.31 49.18 48.90 48.49 48.02 47.57 47.21 46.94 46.75 46.62 46.57 46.61 46.78 47.09 47.54 48.09 48.68 49.23 49.68 49.97 50.06 49.96 49.68 49.30 48.87 48.44 48.03 47.69 47.42 47.24 47.19 47.25 47.40 47.61 47.86 48.11 48.37 48.61 48.81 48.92 48.94 48.87 48.77 48.69 48.69 48.79 49.00 49.29 49.65 50.08 50.57 51.11 51.65 52.10 52.42 52.56 52.57 52.47 52.33 52.14 51.90 51.59 51.19 50.76 50.36 50.03 49.78 49.60 49.43 49.25 49.06 48.91 48.86 48.92 49.10 49.36 49.65 49.95 50.24 50.50 50.74 50.92 51.01 50.96 50.76 50.41 49.95 49.44 48.95 48.56 48.28 48.11 48.05 48.10 48.30 48.65 49.15 49.75 50.37 50.92 51.35 51.63 51.79 51.82 51.75 51.56 51.24 50.85 50.55 50.62 51.53 53.85 58.01 61.67 
45.00 44.97 46.72 47.83 48.45 48.82 49.08 49.32 49.61 50.00 50.45 50.87 51.14 51.17 50.93 50.49 49.98 49.53 49.27 49.26 49.46 49.75 49.97 49.97 49.73 49.32 48.88 48.56 48.45 48.58 48.92 49.37 49.86 50.25 50.47 50.45 50.23 49.93 49.69 49.62 49.78 50.13 50.58 51.01 51.31 51.40 51.28 51.00 50.64 50.28 49.99 49.77 49.62 49.47 49.30 49.08 48.81 48.55 48.38 48.35 48.53 48.89 49.33 49.73 49.98 50.03 49.89 49.61 49.24 48.77 48.23 47.66 47.13 46.74 46.58 46.66 46.95 47.38 47.85 48.26 48.56 48.77 48.92 49.07 49.24 49.41 49.51 49.47 49.26 48.90 48.46 48.02 47.66 47.41 47.27 47.25 47.34 47.55 47.87 48.30 48.80 49.33 49.83 50.24 50.51 50.61 50.53 50.28 49.89 49.42 48.92 48.44 48.02 47.67 47.41 47.28 47.29 47.43 47.68 47.99 48.32 48.64 48.94 49.20 49.39 49.49 49.48 49.40 49.28 49.17 49.12 49.14 49.22 49.35 49.53 49.79 50.15 50.63 51.17 51.69 52.11 52.39 52.51 52.49 52.37 52.15 51.86 51.49 51.07 50.64 50.25 49.92 49.64 49.39 49.14 48.88 48.66 48.52 48.48 48.55 48.71 48.90 49.11 49.32 49.55 49.79 50.03 50.25 50.39 50.42 50.30 50.04 49.65 49.19 48.73 48.33 48.01 47.77 47.64 47.65 47.84 48.24 48.84 49.57 50.33 51.01 51.56 51.95 52.17 52.24 52.16 51.94 51.59 51.18 50.82 50.82 51.69 54.64 62.98 87.67 
34.00 45.27 47.81 48.48 48.74 48.91 49.04 49.19 49.40 49.70 50.05 50.39 50.60 50.60 50.37 49.97 49.53 49.19 49.07 49.24 49.64 50.10 50.44 50.51 50.25 49.77 49.22 48.80 48.60 48.67 48.95 49.37 49.81 50.14 50.29 50.21 49.95 49.66 49.46 49.49 49.75 50.20 50.72 51.19 51.51 51.59 51.45 51.13 50.74 50.35 50.04 49.83 49.68 49.53 49.31 48.99 48.59 48.18 47.85 47.72 47.83 48.17 48.64 49.09 49.41 49.54 49.48 49.28 48.98 48.58 48.09 47.56 47.06 46.70 46.54 46.61 46.87 47.25 47.64 47.97 48.19 48.32 48.43 48.57 48.78 49.02 49.21 49.26 49.14 48.84 48.44 48.02 47.68 47.47 47.43 47.54 47.81 48.21 48.70 49.24 49.79 50.28 50.67 50.93 51.01 50.92 50.65 50.24 49.73 49.17 48.62 48.10 47.65 47.29 47.03 46.90 46.93 47.12 47.44 47.84 48.26 48.67 49.05 49.36 49.58 49.67 49.63 49.51 49.36 49.23 49.17 49.17 49.21 49.27 49.35 49.51 49.79 50.21 50.76 51.34 51.87 52.27 52.51 52.58 52.47 52.21 51.83 51.36 50.87 50.39 49.97 49.63 49.33 49.05 48.76 48.48 48.26 48.14 48.13 48.20 48.31 48.42 48.52 48.63 48.79 49.00 49.26 49.52 49.73 49.83 49.81 49.64 49.35 48.98 48.56 48.16 47.80 47.50 47.29 47.23 47.40 47.84 48.53 49.38 50.27 51.08 51.73 52.20 52.46 52.54 52.44 52.18 51.78 51.28 50.76 50.32 50.08 50.34 51.80 56.67 
65.00 54.23 50.66 49.39 48.97 48.88 48.90 48.97 49.11 49.32 49.59 49.85 50.01 50.00 49.80 49.47 49.12 48.89 48.92 49.24 49.78 50.38 50.81 50.93 50.68 50.17 49.59 49.13 48.90 48.94 49.18 49.54 49.90 50.15 50.20 50.04 49.75 49.47 49.33 49.44 49.79 50.30 50.86 51.33 51.62 51.67 51.49 51.15 50.72 50.32 50.01 49.80 49.65 49.49 49.25 48.87 48.38 47.86 47.42 47.20 47.26 47.59 48.08 48.58 48.97 49.17 49.18 49.05 48.83 48.51 48.11 47.67 47.23 46.90 46.74 46.76 46.93 47.20 47.47 47.66 47.75 47.77 47.79 47.89 48.10 48.39 48.65 48.80 48.76 48.54 48.20 47.82 47.52 47.38 47.45 47.72 48.17 48.75 49.39 50.03 50.60 51.05 51.34 51.45 51.37 51.10 50.67 50.12 49.50 48.86 48.26 47.71 47.23 46.84 46.55 46.40 46.42 46.62 46.98 47.44 47.96 48.48 48.97 49.36 49.61 49.70 49.63 49.45 49.26 49.12 49.08 49.11 49.17 49.23 49.30 49.41 49.64 50.02 50.55 51.15 51.75 52.25 52.58 52.71 52.60 52.29 51.80 51.20 50.57 50.00 49.52 49.14 48.83 48.54 48.26 48.01 47.82 47.75 47.77 47.84 47.90 47.92 47.91 47.91 47.99 48.17 48.44 48.74 49.01 49.19 49.27 49.21 49.04 48.76 48.41 48.03 47.64 47.27 46.97 46.85 46.99 47.44 48.18 49.11 50.09 50.98 51.71 52.22 52.51 52.58 52.43 52.11 51.65 51.09 50.41 49.48 47.96 44.89 37.24 14.33 
68.33 55.97 51.15 49.37 48.79 48.66 48.67 48.73 48.83 48.98 49.17 49.37 49.50 49.50 49.36 49.11 48.86 48.75 48.88 49.29 49.92 50.58 51.06 51.20 50.98 50.49 49.94 49.51 49.30 49.33 49.54 49.83 50.09 50.23 50.17 49.95 49.63 49.37 49.30 49.47 49.88 50.41 50.95 51.38 51.61 51.61 51.41 51.06 50.65 50.26 49.97 49.78 49.65 49.50 49.24 48.84 48.30 47.72 47.21 46.93 46.94 47.25 47.75 48.30 48.74 49.01 49.09 49.04 48.89 48.68 48.39 48.05 47.70 47.41 47.23 47.17 47.22 47.33 47.43 47.46 47.40 47.27 47.18 47.20 47.37 47.67 47.99 48.22 48.28 48.15 47.88 47.58 47.35 47.30 47.49 47.91 48.53 49.26 50.01 50.70 51.26 51.66 51.86 51.86 51.65 51.26 50.71 50.04 49.33 48.63 47.99 47.41 46.90 46.48 46.15 45.95 45.94 46.11 46.48 46.99 47.59 48.23 48.83 49.32 49.63 49.71 49.60 49.37 49.14 49.00 48.99 49.09 49.23 49.36 49.47 49.58 49.78 50.12 50.60 51.18 51.78 52.31 52.68 52.83 52.71 52.32 51.71 50.95 50.17 49.45 48.87 48.43 48.10 47.83 47.60 47.41 47.29 47.28 47.33 47.40 47.42 47.35 47.24 47.14 47.14 47.28 47.54 47.87 48.19 48.45 48.62 48.67 48.60 48.43 48.17 47.82 47.42 46.99 46.63 46.43 46.51 46.94 47.69 48.64 49.64 50.57 51.33 51.86 52.14 52.17 51.97 51.59 51.10 50.53 49.85 48.84 47.09 43.76 37.80 31.00 
55.67 50.19 48.58 48.15 48.14 48.26 48.41 48.53 48.63 48.75 48.90 49.05 49.17 49.20 49.12 48.97 48.83 48.81 49.00 49.45 50.08 50.72 51.19 51.33 51.14 50.71 50.24 49.88 49.72 49.77 49.94 50.16 50.31 50.33 50.19 49.91 49.59 49.37 49.35 49.56 49.97 50.47 50.94 51.28 51.44 51.41 51.22 50.92 50.58 50.28 50.06 49.92 49.81 49.67 49.42 49.02 48.48 47.88 47.35 47.01 46.98 47.25 47.74 48.30 48.79 49.10 49.25 49.26 49.20 49.07 48.90 48.67 48.41 48.16 47.95 47.80 47.70 47.63 47.55 47.40 47.16 46.88 46.65 46.57 46.68 46.96 47.31 47.62 47.77 47.75 47.59 47.38 47.25 47.31 47.61 48.16 48.90 49.71 50.51 51.20 51.73 52.07 52.21 52.13 51.86 51.39 50.77 50.04 49.27 48.53 47.85 47.25 46.72 46.26 45.89 45.65 45.58 45.73 46.08 46.61 47.28 48.01 48.71 49.28 49.63 49.71 49.57 49.30 49.05 48.92 48.97 49.16 49.41 49.65 49.83 49.99 50.18 50.46 50.87 51.38 51.92 52.41 52.76 52.88 52.72 52.25 51.50 50.58 49.62 48.72 47.99 47.45 47.08 46.84 46.67 46.56 46.53 46.57 46.65 46.71 46.68 46.54 46.34 46.17 46.10 46.19 46.44 46.78 47.14 47.45 47.68 47.82 47.85 47.77 47.58 47.28 46.89 46.44 46.03 45.77 45.79 46.16 46.85 47.76 48.73 49.63 50.37 50.89 51.15 51.13 50.87 50.45 49.96 49.48 48.99 48.32 47.17 44.80 38.92 20.00 
25.33 40.53 44.87 46.50 47.34 47.87 48.21 48.43 48.58 48.69 48.81 48.93 49.03 49.09 49.09 49.05 49.01 49.06 49.28 49.70 50.26 50.82 51.22 51.34 51.17 50.83 50.47 50.21 50.13 50.19 50.33 50.46 50.51 50.43 50.21 49.91 49.61 49.43 49.45 49.66 50.03 50.43 50.78 51.01 51.11 51.09 50.97 50.79 50.60 50.44 50.34 50.28 50.22 50.11 49.89 49.51 49.01 48.43 47.89 47.53 47.44 47.65 48.09 48.62 49.10 49.44 49.62 49.68 49.68 49.63 49.55 49.41 49.23 49.02 48.78 48.53 48.29 48.04 47.77 47.44 47.05 46.62 46.26 46.07 46.10 46.34 46.70 47.06 47.31 47.39 47.35 47.26 47.24 47.40 47.80 48.43 49.21 50.03 50.81 51.46 51.95 52.24 52.33 52.24 51.95 51.47 50.84 50.08 49.28 48.52 47.82 47.20 46.65 46.18 45.79 45.53 45.44 45.55 45.87 46.40 47.09 47.85 48.59 49.20 49.57 49.65 49.49 49.21 48.97 48.89 49.02 49.31 49.68 50.02 50.29 50.50 50.69 50.92 51.24 51.63 52.06 52.45 52.72 52.78 52.56 52.00 51.14 50.06 48.88 47.75 46.79 46.07 45.60 45.35 45.23 45.20 45.24 45.32 45.40 45.43 45.34 45.15 44.89 44.66 44.54 44.60 44.83 45.16 45.53 45.87 46.14 46.32 46.40 46.39 46.26 46.02 45.66 45.24 44.82 44.52 44.48 44.77 45.36 46.16 47.04 47.87 48.56 49.03 49.24 49.17 48.87 48.43 47.99 47.66 47.47 47.42 47.62 48.64 52.66 67.33 
42.00 41.72 43.85 45.62 46.84 47.64 48.16 48.47 48.66 48.77 48.86 48.96 49.05 49.14 49.21 49.25 49.30 49.40 49.63 49.99 50.45 50.89 51.18 51.26 51.12 50.86 50.62 50.49 50.48 50.56 50.66 50.71 50.67 50.50 50.24 49.94 49.67 49.53 49.55 49.72 49.99 50.26 50.48 50.61 50.67 50.68 50.68 50.68 50.69 50.73 50.79 50.85 50.87 50.80 50.62 50.30 49.86 49.33 48.82 48.44 48.29 48.42 48.76 49.21 49.64 49.96 50.14 50.22 50.24 50.23 50.20 50.13 50.01 49.83 49.57 49.25 48.88 48.48 48.05 47.57 47.04 46.51 46.04 45.75 45.69 45.88 46.22 46.60 46.91 47.09 47.16 47.18 47.26 47.51 47.97 48.61 49.37 50.15 50.85 51.43 51.86 52.11 52.21 52.14 51.89 51.46 50.85 50.11 49.31 48.54 47.83 47.22 46.68 46.22 45.86 45.62 45.54 45.64 45.94 46.43 47.07 47.79 48.49 49.06 49.40 49.47 49.32 49.07 48.88 48.88 49.09 49.48 49.93 50.36 50.69 50.93 51.12 51.31 51.53 51.78 52.06 52.32 52.48 52.47 52.18 51.56 50.59 49.34 47.90 46.43 45.09 44.02 43.32 42.96 42.84 42.85 42.93 43.02 43.08 43.05 42.92 42.67 42.38 42.12 41.98 42.01 42.22 42.54 42.89 43.22 43.49 43.67 43.77 43.79 43.71 43.52 43.23 42.85 42.46 42.17 42.08 42.27 42.74 43.40 44.15 44.86 45.46 45.86 46.02 45.91 45.59 45.17 44.81 44.63 44.70 45.11 46.09 48.52 55.21 75.67 
37.00 40.43 43.11 45.18 46.64 47.62 48.25 48.61 48.82 48.93 49.00 49.07 49.16 49.27 49.38 49.49 49.59 49.73 49.94 50.24 50.59 50.91 51.11 51.14 51.02 50.85 50.73 50.70 50.77 50.87 50.94 50.93 50.81 50.59 50.30 50.00 49.76 49.62 49.61 49.71 49.84 49.97 50.05 50.10 50.15 50.24 50.38 50.58 50.82 51.08 51.33 51.53 51.64 51.64 51.51 51.27 50.91 50.46 49.99 49.62 49.41 49.43 49.64 49.97 50.29 50.54 50.69 50.75 50.76 50.75 50.73 50.69 50.61 50.46 50.21 49.85 49.40 48.90 48.35 47.78 47.17 46.56 46.03 45.66 45.53 45.65 45.94 46.29 46.62 46.85 46.99 47.10 47.26 47.56 48.03 48.64 49.32 50.00 50.60 51.10 51.47 51.72 51.85 51.84 51.67 51.32 50.77 50.08 49.31 48.56 47.88 47.28 46.79 46.39 46.10 45.93 45.91 46.03 46.31 46.73 47.26 47.84 48.39 48.84 49.10 49.15 49.02 48.85 48.76 48.85 49.16 49.60 50.10 50.55 50.90 51.15 51.33 51.46 51.57 51.69 51.82 51.94 52.00 51.92 51.60 50.94 49.88 48.41 46.60 44.58 42.57 40.86 39.72 39.11 38.90 38.90 38.97 39.05 39.06 38.98 38.79 38.52 38.21 37.95 37.81 37.83 38.01 38.29 38.61 38.90 39.13 39.29 39.38 39.41 39.36 39.23 39.01 38.70 38.38 38.11 37.99 38.10 38.44 38.94 39.53 40.11 40.59 40.91 41.02 40.89 40.59 40.22 39.94 39.88 40.11 40.67 41.63 42.93 43.31 34.67 
37.00 39.78 42.80 45.11 46.72 47.78 48.43 48.80 48.99 49.09 49.14 49.20 49.28 49.40 49.52 49.65 49.79 49.94 50.13 50.37 50.64 50.88 51.01 51.01 50.93 50.83 50.79 50.85 50.98 51.11 51.18 51.13 50.98 50.73 50.42 50.12 49.87 49.71 49.63 49.61 49.61 49.60 49.58 49.58 49.64 49.81 50.09 50.47 50.92 51.39 51.82 52.16 52.37 52.46 52.41 52.25 51.97 51.60 51.19 50.83 50.58 50.49 50.56 50.72 50.91 51.05 51.12 51.14 51.11 51.06 51.02 50.98 50.93 50.82 50.61 50.27 49.80 49.26 48.67 48.06 47.42 46.79 46.23 45.82 45.63 45.67 45.87 46.16 46.44 46.66 46.83 46.98 47.19 47.50 47.94 48.47 49.04 49.60 50.10 50.52 50.86 51.12 51.30 51.37 51.29 51.04 50.58 49.98 49.29 48.60 47.97 47.44 47.03 46.72 46.54 46.48 46.54 46.70 46.95 47.27 47.62 47.99 48.33 48.59 48.74 48.75 48.67 48.59 48.62 48.82 49.19 49.66 50.14 50.55 50.86 51.07 51.20 51.27 51.29 51.30 51.30 51.31 51.30 51.19 50.87 50.19 49.03 47.27 44.90 41.99 38.84 36.01 34.14 33.16 32.78 32.71 32.75 32.79 32.76 32.65 32.44 32.16 31.88 31.64 31.52 31.53 31.68 31.90 32.16 32.39 32.57 32.69 32.76 32.79 32.76 32.68 32.52 32.30 32.06 31.84 31.72 31.76 31.98 32.33 32.76 33.19 33.55 33.78 33.85 33.73 33.47 33.18 32.99 33.01 33.31 33.96 35.07 36.87 39.65 44.33 
29.00 38.73 42.92 45.40 47.02 48.04 48.64 48.96 49.12 49.18 49.23 49.29 49.38 49.49 49.60 49.72 49.83 49.96 50.13 50.34 50.57 50.77 50.88 50.90 50.85 50.80 50.82 50.94 51.11 51.27 51.36 51.33 51.19 50.94 50.63 50.31 50.02 49.78 49.60 49.47 49.35 49.23 49.15 49.13 49.22 49.45 49.83 50.35 50.94 51.57 52.14 52.60 52.93 53.10 53.14 53.05 52.85 52.55 52.19 51.84 51.55 51.37 51.30 51.31 51.34 51.36 51.35 51.29 51.20 51.10 51.02 50.98 50.95 50.90 50.75 50.47 50.06 49.56 49.00 48.40 47.79 47.17 46.62 46.19 45.95 45.91 46.01 46.19 46.38 46.54 46.68 46.84 47.05 47.35 47.72 48.16 48.61 49.05 49.46 49.82 50.15 50.43 50.65 50.79 50.81 50.65 50.32 49.84 49.27 48.71 48.19 47.78 47.47 47.28 47.21 47.26 47.40 47.59 47.79 47.98 48.13 48.25 48.34 48.39 48.41 48.39 48.36 48.38 48.53 48.81 49.21 49.65 50.05 50.36 50.57 50.69 50.75 50.75 50.70 50.62 50.54 50.49 50.45 50.35 50.07 49.39 48.10 45.96 42.78 38.52 33.53 28.74 25.96 24.62 24.09 23.95 23.95 23.96 23.92 23.80 23.61 23.39 23.16 22.98 22.88 22.89 22.99 23.15 23.33 23.49 23.61 23.69 23.73 23.75 23.74 23.70 23.60 23.47 23.30 23.15 23.05 23.06 23.18 23.39 23.67 23.95 24.19 24.34 24.37 24.28 24.10 23.90 23.79 23.85 24.15 24.79 26.00 28.38 33.31 43.67 
45.33 43.03 44.38 46.14 47.49 48.35 48.82 49.05 49.14 49.19 49.24 49.32 49.42 49.53 49.62 49.69 49.74 49.82 49.94 50.13 50.35 50.56 50.70 50.76 50.76 50.75 50.80 50.93 51.12 51.32 51.46 51.50 51.41 51.20 50.90 50.54 50.19 49.86 49.57 49.33 49.12 48.95 48.84 48.82 48.93 49.21 49.64 50.21 50.88 51.58 52.24 52.79 53.20 53.46 53.58 53.56 53.41 53.16 52.82 52.47 52.16 51.91 51.74 51.62 51.53 51.44 51.33 51.20 51.05 50.89 50.77 50.71 50.71 50.71 50.65 50.47 50.17 49.77 49.29 48.77 48.20 47.63 47.10 46.68 46.41 46.29 46.29 46.34 46.40 46.47 46.55 46.69 46.89 47.15 47.46 47.81 48.16 48.51 48.85 49.18 49.49 49.78 50.03 50.21 50.29 50.24 50.04 49.72 49.34 48.95 48.61 48.34 48.17 48.10 48.12 48.24 48.42 48.60 48.73 48.77 48.72 48.60 48.45 48.32 48.22 48.17 48.19 48.30 48.53 48.87 49.25 49.60 49.86 50.02 50.09 50.09 50.06 50.00 49.90 49.78 49.67 49.60 49.57 49.51 49.27 48.60 47.16 44.54 40.36 34.31 26.47 17.97 14.69 13.44 12.98 12.85 12.83 12.83 12.79 12.72 12.61 12.48 12.35 12.25 12.20 12.20 12.25 12.34 12.43 12.51 12.57 12.61 12.63 12.64 12.64 12.62 12.58 12.51 12.43 12.35 12.29 12.29 12.34 12.44 12.58 12.72 12.83 12.91 12.92 12.87 12.78 12.68 12.63 12.68 12.87 13.29 14.17 16.14 20.86 32.00 
47.00 43.45 45.07 46.83 48.00 48.65 48.94 49.03 49.04 49.07 49.14 49.27 49.42 49.53 49.59 49.59 49.57 49.56 49.62 49.76 49.98 50.22 50.42 50.55 50.60 50.63 50.69 50.81 51.01 51.24 51.45 51.58 51.58 51.44 51.15 50.77 50.34 49.92 49.55 49.24 48.99 48.81 48.71 48.70 48.83 49.10 49.53 50.10 50.75 51.45 52.12 52.70 53.16 53.49 53.66 53.70 53.59 53.35 53.03 52.68 52.35 52.07 51.84 51.65 51.47 51.30 51.13 50.94 50.73 50.53 50.37 50.29 50.30 50.36 50.39 50.33 50.15 49.88 49.51 49.08 48.58 48.06 47.56 47.16 46.87 46.70 46.60 46.53 46.48 46.44 46.47 46.57 46.74 46.98 47.24 47.53 47.82 48.12 48.43 48.73 49.03 49.31 49.55 49.75 49.86 49.89 49.82 49.68 49.51 49.35 49.22 49.14 49.10 49.12 49.20 49.33 49.49 49.61 49.64 49.55 49.33 49.02 48.70 48.43 48.25 48.19 48.24 48.41 48.68 49.01 49.33 49.56 49.66 49.64 49.54 49.41 49.28 49.16 49.03 48.90 48.79 48.73 48.73 48.72 48.53 47.86 46.26 43.19 38.02 30.11 18.57 0.85 0.36 0.32 0.31 0.31 0.31 0.31 0.31 0.30 0.30 0.30 0.30 0.29 0.29 0.29 0.29 0.30 0.30 0.30 0.30 0.30 0.30 0.30 0.30 0.30 0.30 0.30 0.30 0.30 0.29 0.29 0.30 0.30 0.30 0.30 0.31 0.31 0.31 0.31 0.31 0.30 0.30 0.30 0.31 0.32 0.34 0.41 1.62 48.67 
15.67 38.51 45.28 47.68 48.63 48.95 48.98 48.89 48.81 48.82 48.94 49.14 49.35 49.50 49.55 49.49 49.37 49.26 49.22 49.30 49.49 49.75 50.00 50.20 50.33 50.39 50.45 50.56 50.75 50.99 51.27 51.49 51.60 51.54 51.30 50.91 50.44 49.97 49.55 49.22 48.99 48.83 48.75 48.76 48.88 49.13 49.51 50.00 50.58 51.20 51.80 52.36 52.83 53.19 53.41 53.47 53.38 53.16 52.84 52.50 52.18 51.91 51.67 51.46 51.25 51.06 50.85 50.63 50.39 50.15 49.96 49.86 49.88 49.97 50.06 50.10 50.04 49.88 49.62 49.27 48.83 48.36 47.91 47.53 47.24 47.04 46.87 46.72 46.57 46.46 46.43 46.50 46.66 46.88 47.12 47.38 47.65 47.95 48.25 48.56 48.85 49.11 49.32 49.49 49.62 49.69 49.73 49.76 49.80 49.87 49.96 50.05 50.15 50.23 50.32 50.42 50.50 50.53 50.46 50.26 49.92 49.50 49.07 48.72 48.50 48.43 48.50 48.70 48.98 49.27 49.49 49.58 49.52 49.33 49.07 48.80 48.57 48.38 48.22 48.09 47.99 47.95 47.98 47.99 47.83 47.14 45.44 42.05 36.28 27.55 15.52 0.38 0.02 0.01 0.01 0.01 0.01 0.01 0.01 0.01 0.01 0.01 0.01 0.01 0.01 0.01 0.01 0.01 0.01 0.01 0.01 0.01 0.01 0.01 0.01 0.01 0.01 0.01 0.01 0.01 0.01 0.01 0.01 0.01 0.01 0.01 0.01 0.01 0.01 0.01 0.01 0.01 0.01 0.01 0.01 0.01 0.01 0.04 1.35 57.00 
50.67 49.51 49.62 49.69 49.57 49.30 48.96 48.64 48.45 48.45 48.62 48.91 49.23 49.45 49.52 49.42 49.22 48.98 48.82 48.79 48.91 49.15 49.44 49.71 49.90 50.02 50.10 50.20 50.36 50.61 50.91 51.20 51.40 51.41 51.23 50.88 50.42 49.96 49.57 49.29 49.11 49.00 48.95 48.95 49.04 49.23 49.52 49.91 50.36 50.85 51.34 51.82 52.25 52.61 52.85 52.93 52.86 52.64 52.34 52.03 51.75 51.52 51.33 51.15 50.98 50.80 50.61 50.39 50.14 49.88 49.67 49.56 49.57 49.66 49.78 49.87 49.88 49.80 49.61 49.32 48.94 48.51 48.11 47.77 47.50 47.29 47.10 46.89 46.68 46.51 46.44 46.49 46.64 46.85 47.09 47.36 47.65 47.98 48.32 48.65 48.94 49.18 49.36 49.49 49.59 49.68 49.78 49.93 50.13 50.38 50.66 50.91 51.11 51.25 51.33 51.37 51.37 51.31 51.14 50.86 50.45 49.98 49.51 49.14 48.91 48.84 48.93 49.13 49.39 49.62 49.76 49.73 49.53 49.19 48.78 48.38 48.04 47.77 47.56 47.41 47.30 47.26 47.28 47.30 47.13 46.43 44.66 41.11 35.09 26.12 14.25 0.34 0.01 0.00 0.00 0.00 0.00 0.00 0.00 0.00 0.00 0.00 0.00 0.00 0.00 0.00 0.00 0.00 0.00 0.00 0.00 0.00 0.00 0.00 0.00 0.00 0.00 0.00 0.00 0.00 0.00 0.00 0.00 0.00 0.00 0.00 0.00 0.00 0.00 0.00 0.00 0.00 0.00 0.00 0.00 0.00 0.00 0.02 0.67 27.33 
75.00 59.15 53.87 51.71 50.50 49.61 48.88 48.33 48.03 48.00 48.23 48.63 49.06 49.39 49.51 49.41 49.13 48.78 48.47 48.29 48.30 48.48 48.78 49.10 49.37 49.56 49.67 49.77 49.91 50.13 50.42 50.73 50.97 51.05 50.94 50.65 50.28 49.91 49.62 49.44 49.35 49.30 49.27 49.24 49.26 49.36 49.54 49.79 50.09 50.41 50.76 51.12 51.49 51.83 52.07 52.16 52.09 51.89 51.62 51.35 51.14 51.00 50.90 50.81 50.71 50.60 50.45 50.26 50.03 49.79 49.58 49.46 49.45 49.53 49.63 49.71 49.73 49.67 49.51 49.26 48.93 48.56 48.21 47.92 47.70 47.51 47.30 47.07 46.83 46.63 46.53 46.55 46.67 46.87 47.12 47.41 47.75 48.13 48.53 48.90 49.21 49.44 49.59 49.68 49.74 49.81 49.91 50.11 50.39 50.76 51.16 51.53 51.82 52.00 52.08 52.08 52.03 51.90 51.69 51.36 50.93 50.45 49.98 49.60 49.37 49.32 49.42 49.62 49.86 50.06 50.12 50.01 49.71 49.27 48.75 48.23 47.77 47.40 47.10 46.88 46.73 46.65 46.63 46.61 46.42 45.70 43.90 40.30 34.22 25.26 13.64 0.33 0.01 0.00 0.00 0.00 0.00 0.00 0.00 0.00 0.00 0.00 0.00 0.00 0.00 0.00 0.00 0.00 0.00 0.00 0.00 0.00 0.00 0.00 0.00 0.00 0.00 0.00 0.00 0.00 0.00 0.00 0.00 0.00 0.00 0.00 0.00 0.00 0.00 0.00 0.00 0.00 0.00 0.00 0.00 0.00 0.00 0.02 0.88 36.00 
63.00 58.24 55.00 52.76 51.11 49.80 48.76 48.01 47.59 47.54 47.82 48.33 48.90 49.35 49.55 49.46 49.13 48.66 48.20 47.87 47.74 47.84 48.11 48.47 48.81 49.08 49.25 49.36 49.48 49.65 49.89 50.16 50.39 50.50 50.46 50.28 50.03 49.81 49.69 49.66 49.69 49.71 49.67 49.59 49.51 49.48 49.53 49.62 49.76 49.91 50.11 50.35 50.64 50.94 51.16 51.25 51.19 51.01 50.78 50.57 50.45 50.41 50.42 50.45 50.46 50.44 50.37 50.25 50.07 49.86 49.67 49.57 49.55 49.60 49.66 49.68 49.65 49.56 49.39 49.16 48.87 48.57 48.29 48.08 47.91 47.75 47.57 47.34 47.08 46.85 46.70 46.67 46.75 46.91 47.15 47.45 47.84 48.28 48.74 49.17 49.51 49.74 49.87 49.92 49.93 49.94 50.01 50.18 50.48 50.89 51.36 51.80 52.16 52.40 52.52 52.54 52.49 52.35 52.12 51.78 51.35 50.87 50.41 50.04 49.82 49.77 49.89 50.11 50.34 50.52 50.55 50.40 50.05 49.55 48.96 48.35 47.78 47.28 46.86 46.53 46.27 46.11 46.03 45.96 45.72 44.98 43.17 39.58 33.53 24.68 13.28 0.32 0.01 0.00 0.00 0.00 0.00 0.00 0.00 0.00 0.00 0.00 0.00 0.00 0.00 0.00 0.00 0.00 0.00 0.00 0.00 0.00 0.00 0.00 0.00 0.00 0.00 0.00 0.00 0.00 0.00 0.00 0.00 0.00 0.00 0.00 0.00 0.00 0.00 0.00 0.00 0.00 0.00 0.00 0.00 0.00 0.00 0.05 2.01 86.00 
50.67 55.87 55.22 53.36 51.51 49.92 48.66 47.74 47.24 47.16 47.49 48.08 48.76 49.32 49.61 49.55 49.18 48.62 48.03 47.56 47.30 47.31 47.54 47.91 48.32 48.66 48.90 49.04 49.14 49.26 49.42 49.62 49.80 49.91 49.92 49.85 49.77 49.73 49.80 49.95 50.12 50.20 50.15 50.00 49.79 49.61 49.49 49.42 49.38 49.38 49.43 49.57 49.78 50.03 50.23 50.30 50.24 50.08 49.89 49.76 49.73 49.80 49.94 50.09 50.22 50.31 50.34 50.29 50.18 50.04 49.91 49.83 49.82 49.84 49.84 49.79 49.67 49.51 49.32 49.09 48.85 48.62 48.44 48.31 48.21 48.10 47.95 47.73 47.46 47.19 46.97 46.86 46.85 46.95 47.14 47.45 47.85 48.34 48.84 49.31 49.67 49.92 50.04 50.05 50.00 49.93 49.93 50.04 50.30 50.70 51.20 51.70 52.13 52.46 52.66 52.77 52.77 52.68 52.47 52.15 51.73 51.25 50.78 50.41 50.19 50.16 50.29 50.53 50.78 50.95 50.97 50.80 50.45 49.93 49.31 48.65 48.00 47.39 46.83 46.36 45.98 45.71 45.54 45.41 45.13 44.35 42.54 38.97 32.99 24.25 13.03 0.31 0.01 0.00 0.00 0.00 0.00 0.00 0.00 0.00 0.00 0.00 0.00 0.00 0.00 0.00 0.00 0.00 0.00 0.00 0.00 0.00 0.00 0.00 0.00 0.00 0.00 0.00 0.00 0.00 0.00 0.00 0.00 0.00 0.00 0.00 0.00 0.00 0.00 0.00 0.00 0.00 0.00 0.00 0.00 0.00 0.00 0.03 1.48 62.33 
61.67 59.46 56.83 54.17 51.88 50.03 48.59 47.58 47.01 46.92 47.27 47.92 48.67 49.30 49.64 49.61 49.23 48.62 47.95 47.38 47.03 46.96 47.14 47.50 47.93 48.34 48.64 48.82 48.93 49.00 49.09 49.21 49.33 49.43 49.48 49.51 49.58 49.73 50.00 50.32 50.61 50.76 50.70 50.45 50.10 49.75 49.45 49.21 49.01 48.86 48.78 48.82 48.97 49.17 49.33 49.39 49.33 49.18 49.04 48.98 49.04 49.22 49.46 49.74 49.99 50.18 50.31 50.36 50.33 50.27 50.21 50.19 50.20 50.19 50.14 50.00 49.80 49.56 49.32 49.09 48.90 48.76 48.68 48.64 48.63 48.58 48.47 48.26 47.97 47.65 47.35 47.12 47.01 47.01 47.13 47.40 47.78 48.26 48.76 49.23 49.61 49.85 49.96 49.94 49.83 49.70 49.62 49.66 49.87 50.24 50.74 51.29 51.81 52.25 52.60 52.83 52.95 52.94 52.78 52.48 52.07 51.58 51.10 50.72 50.50 50.47 50.63 50.89 51.15 51.31 51.32 51.15 50.79 50.29 49.69 49.03 48.34 47.65 46.99 46.39 45.89 45.51 45.26 45.06 44.73 43.92 42.09 38.53 32.60 23.95 12.86 0.31 0.01 0.00 0.00 0.00 0.00 0.00 0.00 0.00 0.00 0.00 0.00 0.00 0.00 0.00 0.00 0.00 0.00 0.00 0.00 0.00 0.00 0.00 0.00 0.00 0.00 0.00 0.00 0.00 0.00 0.00 0.00 0.00 0.00 0.00 0.00 0.00 0.00 0.00 0.00 0.00 0.00 0.00 0.00 0.00 0.00 0.01 0.57 22.33 
67.00 63.64 58.69 54.88 52.12 50.07 48.56 47.51 46.93 46.83 47.17 47.83 48.59 49.24 49.60 49.59 49.23 48.62 47.94 47.34 46.94 46.80 46.92 47.23 47.65 48.08 48.43 48.66 48.79 48.86 48.91 48.98 49.07 49.16 49.25 49.37 49.56 49.87 50.29 50.75 51.15 51.34 51.25 50.92 50.43 49.91 49.43 49.01 48.66 48.37 48.19 48.14 48.22 48.38 48.51 48.56 48.50 48.39 48.30 48.32 48.46 48.72 49.06 49.43 49.78 50.07 50.29 50.43 50.50 50.53 50.56 50.59 50.62 50.60 50.49 50.28 50.00 49.69 49.40 49.18 49.04 48.98 49.01 49.08 49.14 49.16 49.09 48.90 48.59 48.21 47.83 47.49 47.26 47.15 47.18 47.36 47.67 48.08 48.53 48.96 49.30 49.53 49.61 49.57 49.43 49.26 49.13 49.12 49.27 49.61 50.11 50.71 51.33 51.91 52.42 52.81 53.07 53.16 53.06 52.79 52.38 51.89 51.40 51.01 50.79 50.79 50.96 51.23 51.47 51.61 51.58 51.37 51.01 50.53 49.97 49.36 48.70 48.01 47.30 46.62 46.03 45.57 45.25 45.00 44.62 43.78 41.91 38.33 32.39 23.78 12.76 0.31 0.01 0.00 0.00 0.00 0.00 0.00 0.00 0.00 0.00 0.00 0.00 0.00 0.00 0.00 0.00 0.00 0.00 0.00 0.00 0.00 0.00 0.00 0.00 0.00 0.00 0.00 0.00 0.00 0.00 0.00 0.00 0.00 0.00 0.00 0.00 0.00 0.00 0.00 0.00 0.00 0.00 0.00 0.00 0.00 0.00 0.03 1.38 59.33 
96.00 69.53 59.66 54.84 51.93 49.94 48.49 47.49 46.94 46.84 47.16 47.77 48.49 49.10 49.45 49.46 49.14 48.60 47.99 47.43 47.03 46.83 46.86 47.09 47.44 47.84 48.20 48.47 48.64 48.74 48.82 48.91 49.02 49.15 49.29 49.47 49.74 50.13 50.65 51.20 51.65 51.86 51.75 51.35 50.75 50.08 49.43 48.85 48.35 47.94 47.65 47.52 47.55 47.66 47.77 47.81 47.78 47.73 47.71 47.80 48.02 48.36 48.77 49.22 49.64 50.01 50.31 50.53 50.69 50.81 50.91 50.99 51.03 50.99 50.83 50.57 50.22 49.86 49.54 49.32 49.23 49.27 49.40 49.56 49.71 49.79 49.75 49.58 49.27 48.85 48.40 47.98 47.65 47.44 47.37 47.44 47.62 47.90 48.23 48.56 48.83 49.02 49.09 49.04 48.91 48.74 48.60 48.56 48.68 48.99 49.49 50.12 50.84 51.55 52.22 52.77 53.17 53.36 53.32 53.08 52.68 52.19 51.70 51.32 51.13 51.15 51.33 51.59 51.79 51.86 51.75 51.48 51.08 50.61 50.10 49.57 49.00 48.38 47.70 47.01 46.38 45.88 45.52 45.24 44.84 43.96 42.03 38.39 32.39 23.75 12.74 0.31 0.01 0.00 0.00 0.00 0.00 0.00 0.00 0.00 0.00 0.00 0.00 0.00 0.00 0.00 0.00 0.00 0.00 0.00 0.00 0.00 0.00 0.00 0.00 0.00 0.00 0.00 0.00 0.00 0.00 0.00 0.00 0.00 0.00 0.00 0.00 0.00 0.00 0.00 0.00 0.00 0.00 0.00 0.00 0.00 0.00 0.02 0.86 35.33 
59.67 58.94 55.78 53.12 51.11 49.56 48.36 47.50 47.02 46.92 47.19 47.72 48.34 48.89 49.20 49.24 49.00 48.59 48.10 47.63 47.26 47.02 46.94 47.02 47.25 47.56 47.89 48.17 48.39 48.56 48.73 48.90 49.10 49.31 49.52 49.75 50.06 50.48 51.01 51.58 52.03 52.24 52.11 51.66 50.98 50.20 49.43 48.72 48.09 47.56 47.18 46.97 46.94 47.01 47.11 47.18 47.20 47.22 47.29 47.46 47.76 48.16 48.64 49.13 49.61 50.03 50.38 50.67 50.91 51.10 51.26 51.36 51.40 51.32 51.11 50.78 50.38 49.98 49.65 49.46 49.43 49.56 49.78 50.04 50.26 50.39 50.40 50.24 49.94 49.52 49.05 48.60 48.22 47.95 47.78 47.72 47.74 47.84 47.99 48.17 48.34 48.47 48.53 48.51 48.42 48.29 48.19 48.16 48.26 48.54 49.02 49.67 50.44 51.26 52.05 52.74 53.24 53.52 53.54 53.33 52.95 52.48 52.03 51.69 51.53 51.57 51.76 51.99 52.13 52.10 51.88 51.50 51.04 50.56 50.11 49.67 49.23 48.72 48.14 47.51 46.91 46.42 46.08 45.80 45.40 44.48 42.48 38.73 32.63 23.89 12.80 0.31 0.01 0.00 0.00 0.00 0.00 0.00 0.00 0.00 0.00 0.00 0.00 0.00 0.00 0.00 0.00 0.00 0.00 0.00 0.00 0.00 0.00 0.00 0.00 0.00 0.00 0.00 0.00 0.00 0.00 0.00 0.00 0.00 0.00 0.00 0.00 0.00 0.00 0.00 0.00 0.00 0.00 0.00 0.00 0.00 0.00 0.03 1.24 52.33 
46.00 50.87 51.52 50.94 50.02 49.07 48.20 47.53 47.12 47.03 47.23 47.66 48.17 48.62 48.91 48.99 48.87 48.61 48.29 47.95 47.62 47.33 47.12 47.03 47.08 47.26 47.50 47.76 48.01 48.26 48.53 48.84 49.18 49.51 49.81 50.09 50.41 50.81 51.29 51.81 52.23 52.41 52.27 51.80 51.09 50.26 49.41 48.61 47.88 47.26 46.79 46.52 46.44 46.48 46.59 46.69 46.78 46.88 47.04 47.30 47.67 48.13 48.65 49.18 49.68 50.13 50.51 50.84 51.13 51.37 51.56 51.66 51.65 51.51 51.23 50.84 50.39 49.97 49.65 49.50 49.55 49.77 50.10 50.45 50.73 50.91 50.94 50.82 50.54 50.16 49.73 49.31 48.95 48.66 48.43 48.24 48.09 47.98 47.93 47.93 47.97 48.03 48.08 48.10 48.09 48.06 48.03 48.04 48.14 48.39 48.81 49.43 50.20 51.06 51.92 52.69 53.28 53.62 53.69 53.53 53.18 52.76 52.35 52.06 51.95 52.02 52.20 52.38 52.44 52.31 51.97 51.49 50.95 50.45 50.03 49.69 49.38 49.02 48.59 48.08 47.57 47.15 46.86 46.63 46.25 45.30 43.22 39.34 33.07 24.17 12.93 0.31 0.01 0.00 0.00 0.00 0.00 0.00 0.00 0.00 0.00 0.00 0.00 0.00 0.00 0.00 0.00 0.00 0.00 0.00 0.00 0.00 0.00 0.00 0.00 0.00 0.00 0.00 0.00 0.00 0.00 0.00 0.00 0.00 0.00 0.00 0.00 0.00 0.00 0.00 0.00 0.00 0.00 0.00 0.00 0.00 0.00 0.03 1.37 58.33 
45.67 47.03 48.53 49.13 49.06 48.64 48.10 47.60 47.26 47.15 47.29 47.60 48.00 48.37 48.64 48.78 48.79 48.71 48.56 48.34 48.06 47.72 47.38 47.11 46.96 46.96 47.09 47.28 47.53 47.84 48.22 48.66 49.14 49.61 50.01 50.34 50.65 51.00 51.42 51.86 52.22 52.36 52.21 51.75 51.06 50.23 49.37 48.52 47.74 47.07 46.56 46.25 46.14 46.18 46.30 46.44 46.58 46.75 46.98 47.30 47.72 48.22 48.77 49.32 49.83 50.28 50.67 51.02 51.32 51.58 51.76 51.83 51.75 51.52 51.15 50.68 50.19 49.75 49.46 49.38 49.52 49.86 50.29 50.72 51.06 51.27 51.32 51.23 51.01 50.71 50.36 50.04 49.76 49.50 49.24 48.96 48.66 48.37 48.11 47.93 47.84 47.82 47.85 47.92 48.01 48.09 48.16 48.24 48.35 48.55 48.91 49.44 50.15 50.97 51.82 52.61 53.23 53.62 53.74 53.62 53.33 52.95 52.60 52.36 52.28 52.36 52.53 52.67 52.66 52.43 52.00 51.44 50.85 50.32 49.93 49.66 49.48 49.28 49.01 48.66 48.29 47.99 47.80 47.66 47.32 46.36 44.19 40.16 33.69 24.57 13.13 0.31 0.01 0.00 0.00 0.00 0.00 0.00 0.00 0.00 0.00 0.00 0.00 0.00 0.00 0.00 0.00 0.00 0.00 0.00 0.00 0.00 0.00 0.00 0.00 0.00 0.00 0.00 0.00 0.00 0.00 0.00 0.00 0.00 0.00 0.00 0.00 0.00 0.00 0.00 0.00 0.00 0.00 0.00 0.00 0.00 0.00 0.02 0.89 36.67 
38.00 42.99 46.33 47.90 48.43 48.39 48.10 47.74 47.46 47.33 47.38 47.59 47.89 48.20 48.47 48.66 48.80 48.87 48.87 48.77 48.53 48.16 47.70 47.26 46.93 46.75 46.73 46.83 47.05 47.37 47.82 48.36 48.96 49.52 50.00 50.37 50.69 51.00 51.36 51.73 52.03 52.15 52.01 51.59 50.94 50.16 49.33 48.50 47.73 47.07 46.57 46.26 46.16 46.21 46.35 46.52 46.69 46.88 47.13 47.46 47.89 48.40 48.96 49.51 50.02 50.46 50.84 51.17 51.46 51.69 51.83 51.82 51.65 51.31 50.84 50.30 49.77 49.33 49.08 49.08 49.34 49.78 50.32 50.82 51.21 51.43 51.51 51.46 51.30 51.10 50.88 50.69 50.53 50.36 50.13 49.81 49.41 48.96 48.54 48.19 47.97 47.86 47.87 47.97 48.13 48.32 48.49 48.64 48.78 48.96 49.24 49.67 50.25 50.96 51.73 52.47 53.08 53.49 53.65 53.58 53.34 53.02 52.71 52.50 52.44 52.51 52.65 52.74 52.67 52.40 51.92 51.33 50.71 50.19 49.82 49.63 49.55 49.50 49.40 49.22 49.01 48.86 48.81 48.77 48.49 47.53 45.28 41.08 34.39 25.04 13.37 0.32 0.01 0.00 0.00 0.00 0.00 0.00 0.00 0.00 0.00 0.00 0.00 0.00 0.00 0.00 0.00 0.00 0.00 0.00 0.00 0.00 0.00 0.00 0.00 0.00 0.00 0.00 0.00 0.00 0.00 0.00 0.00 0.00 0.00 0.00 0.00 0.00 0.00 0.00 0.00 0.00 0.00 0.00 0.00 0.00 0.00 0.02 1.03 42.33 
20.67 40.48 45.68 47.50 48.20 48.36 48.22 47.97 47.73 47.58 47.57 47.68 47.89 48.14 48.40 48.65 48.88 49.07 49.19 49.17 48.97 48.57 48.05 47.49 47.01 46.68 46.51 46.51 46.66 46.96 47.42 48.00 48.64 49.25 49.77 50.18 50.50 50.80 51.13 51.47 51.74 51.86 51.74 51.37 50.80 50.10 49.34 48.58 47.89 47.30 46.86 46.62 46.57 46.66 46.82 46.99 47.15 47.30 47.50 47.77 48.14 48.61 49.15 49.70 50.20 50.62 50.97 51.27 51.52 51.69 51.76 51.66 51.38 50.94 50.39 49.79 49.22 48.79 48.59 48.67 49.02 49.58 50.19 50.74 51.15 51.40 51.49 51.48 51.40 51.31 51.23 51.19 51.17 51.12 50.96 50.66 50.21 49.68 49.14 48.67 48.33 48.14 48.10 48.18 48.37 48.61 48.86 49.08 49.26 49.44 49.66 49.99 50.44 51.01 51.65 52.29 52.84 53.23 53.41 53.37 53.18 52.90 52.63 52.44 52.37 52.41 52.49 52.53 52.43 52.15 51.68 51.11 50.52 50.02 49.70 49.57 49.59 49.67 49.72 49.71 49.66 49.67 49.75 49.83 49.61 48.64 46.31 41.96 35.07 25.49 13.59 0.33 0.01 0.00 0.00 0.00 0.00 0.00 0.00 0.00 0.00 0.00 0.00 0.00 0.00 0.00 0.00 0.00 0.00 0.00 0.00 0.00 0.00 0.00 0.00 0.00 0.00 0.00 0.00 0.00 0.00 0.00 0.00 0.00 0.00 0.00 0.00 0.00 0.00 0.00 0.00 0.00 0.00 0.00 0.00 0.00 0.00 0.04 1.87 79.67 
75.67 52.37 48.11 47.89 48.25 48.46 48.44 48.29 48.09 47.92 47.85 47.88 48.00 48.20 48.44 48.72 49.01 49.27 49.45 49.49 49.32 48.93 48.38 47.76 47.19 46.74 46.47 46.37 46.44 46.70 47.11 47.66 48.27 48.87 49.39 49.80 50.13 50.46 50.80 51.15 51.43 51.57 51.50 51.20 50.71 50.10 49.44 48.80 48.22 47.76 47.45 47.32 47.35 47.49 47.67 47.82 47.93 47.99 48.06 48.19 48.45 48.83 49.31 49.82 50.31 50.72 51.05 51.31 51.51 51.63 51.61 51.41 51.04 50.52 49.91 49.27 48.69 48.27 48.10 48.24 48.66 49.28 49.93 50.50 50.92 51.17 51.29 51.33 51.34 51.35 51.40 51.49 51.60 51.66 51.59 51.35 50.93 50.38 49.80 49.27 48.84 48.56 48.44 48.47 48.61 48.84 49.11 49.37 49.59 49.79 50.00 50.27 50.61 51.04 51.54 52.06 52.52 52.86 53.02 53.01 52.85 52.61 52.37 52.18 52.08 52.06 52.08 52.06 51.94 51.68 51.26 50.76 50.24 49.81 49.54 49.48 49.58 49.76 49.94 50.07 50.17 50.31 50.51 50.67 50.50 49.52 47.11 42.64 35.60 25.84 13.76 0.33 0.01 0.00 0.00 0.00 0.00 0.00 0.00 0.00 0.00 0.00 0.00 0.00 0.00 0.00 0.00 0.00 0.00 0.00 0.00 0.00 0.00 0.00 0.00 0.00 0.00 0.00 0.00 0.00 0.00 0.00 0.00 0.00 0.00 0.00 0.00 0.00 0.00 0.00 0.00 0.00 0.00 0.00 0.00 0.00 0.00 0.03 1.33 55.67 
44.33 45.00 46.10 47.27 48.12 48.57 48.71 48.66 48.51 48.35 48.23 48.19 48.23 48.37 48.59 48.87 49.17 49.45 49.65 49.71 49.57 49.21 48.67 48.05 47.44 46.93 46.58 46.42 46.43 46.62 46.97 47.44 47.97 48.49 48.95 49.34 49.70 50.06 50.44 50.84 51.17 51.35 51.34 51.12 50.72 50.21 49.66 49.14 48.71 48.41 48.25 48.25 48.37 48.57 48.77 48.89 48.91 48.85 48.75 48.70 48.77 49.00 49.38 49.85 50.31 50.72 51.05 51.31 51.48 51.54 51.45 51.18 50.75 50.20 49.56 48.92 48.35 47.93 47.76 47.90 48.33 48.94 49.58 50.13 50.53 50.79 50.95 51.06 51.15 51.25 51.38 51.55 51.74 51.88 51.90 51.74 51.40 50.91 50.36 49.82 49.36 49.01 48.80 48.71 48.75 48.89 49.11 49.36 49.61 49.86 50.10 50.35 50.65 50.99 51.38 51.79 52.15 52.42 52.54 52.52 52.38 52.17 51.96 51.77 51.63 51.55 51.48 51.41 51.27 51.04 50.70 50.29 49.87 49.52 49.33 49.32 49.49 49.74 50.01 50.24 50.44 50.68 50.95 51.16 51.00 49.99 47.53 42.97 35.84 25.99 13.83 0.33 0.01 0.00 0.00 0.00 0.00 0.00 0.00 0.00 0.00 0.00 0.00 0.00 0.00 0.00 0.00 0.00 0.00 0.00 0.00 0.00 0.00 0.00 0.00 0.00 0.00 0.00 0.00 0.00 0.00 0.00 0.00 0.00 0.00 0.00 0.00 0.00 0.00 0.00 0.00 0.00 0.00 0.00 0.00 0.00 0.00 0.03 1.17 49.00 
16.67 36.96 43.61 46.52 47.99 48.72 49.01 49.05 48.95 48.80 48.65 48.55 48.54 48.62 48.81 49.07 49.36 49.63 49.81 49.86 49.73 49.40 48.91 48.31 47.72 47.20 46.82 46.61 46.59 46.73 47.01 47.39 47.80 48.21 48.59 48.94 49.30 49.70 50.14 50.60 50.99 51.24 51.29 51.15 50.83 50.42 49.98 49.59 49.30 49.14 49.13 49.25 49.47 49.72 49.92 50.01 49.95 49.74 49.46 49.20 49.07 49.13 49.38 49.76 50.20 50.61 50.97 51.24 51.41 51.46 51.34 51.05 50.62 50.08 49.47 48.85 48.28 47.85 47.65 47.74 48.09 48.62 49.18 49.67 50.05 50.33 50.55 50.73 50.89 51.03 51.18 51.36 51.55 51.72 51.79 51.72 51.48 51.11 50.66 50.18 49.74 49.35 49.04 48.81 48.69 48.69 48.80 49.01 49.27 49.57 49.87 50.17 50.49 50.82 51.17 51.50 51.79 51.97 52.03 51.97 51.83 51.65 51.46 51.28 51.11 50.95 50.81 50.67 50.52 50.33 50.08 49.77 49.46 49.21 49.08 49.12 49.32 49.61 49.92 50.19 50.44 50.71 51.00 51.20 51.01 49.97 47.46 42.87 35.72 25.88 13.77 0.33 0.01 0.00 0.00 0.00 0.00 0.00 0.00 0.00 0.00 0.00 0.00 0.00 0.00 0.00 0.00 0.00 0.00 0.00 0.00 0.00 0.00 0.00 0.00 0.00 0.00 0.00 0.00 0.00 0.00 0.00 0.00 0.00 0.00 0.00 0.00 0.00 0.00 0.00 0.00 0.00 0.00 0.00 0.00 0.00 0.00 0.02 0.94 39.00 
47.00 42.29 44.46 46.72 48.18 48.97 49.32 49.39 49.32 49.17 49.01 48.88 48.82 48.89 49.06 49.31 49.59 49.82 49.96 49.97 49.83 49.53 49.08 48.54 47.98 47.47 47.10 46.88 46.84 46.96 47.19 47.48 47.78 48.08 48.37 48.67 49.02 49.45 49.94 50.45 50.90 51.21 51.34 51.27 51.03 50.71 50.37 50.08 49.90 49.86 49.96 50.16 50.44 50.73 50.93 50.99 50.85 50.53 50.08 49.64 49.30 49.18 49.29 49.58 49.97 50.40 50.79 51.11 51.32 51.39 51.30 51.05 50.67 50.20 49.67 49.10 48.54 48.08 47.80 47.78 48.00 48.39 48.83 49.23 49.58 49.88 50.15 50.40 50.59 50.73 50.83 50.93 51.04 51.16 51.24 51.24 51.13 50.91 50.61 50.25 49.87 49.46 49.06 48.70 48.41 48.24 48.22 48.36 48.62 48.97 49.36 49.75 50.14 50.53 50.90 51.22 51.46 51.57 51.57 51.46 51.31 51.14 50.97 50.79 50.59 50.36 50.14 49.94 49.78 49.63 49.47 49.27 49.07 48.91 48.84 48.92 49.13 49.40 49.68 49.93 50.16 50.40 50.65 50.79 50.54 49.45 46.91 42.34 35.25 25.53 13.58 0.33 0.01 0.00 0.00 0.00 0.00 0.00 0.00 0.00 0.00 0.00 0.00 0.00 0.00 0.00 0.00 0.00 0.00 0.00 0.00 0.00 0.00 0.00 0.00 0.00 0.00 0.00 0.00 0.00 0.00 0.00 0.00 0.00 0.00 0.00 0.00 0.00 0.00 0.00 0.00 0.00 0.00 0.00 0.00 0.00 0.00 0.03 1.06 44.33 
32.67 40.50 44.81 47.26 48.62 49.30 49.58 49.62 49.53 49.36 49.19 49.05 49.00 49.08 49.28 49.55 49.82 50.02 50.10 50.06 49.89 49.60 49.19 48.70 48.19 47.71 47.35 47.14 47.10 47.21 47.41 47.65 47.88 48.10 48.31 48.57 48.90 49.34 49.86 50.41 50.90 51.26 51.43 51.43 51.27 51.02 50.75 50.54 50.43 50.46 50.61 50.86 51.17 51.46 51.66 51.69 51.49 51.09 50.53 49.94 49.44 49.16 49.13 49.33 49.68 50.10 50.53 50.90 51.17 51.31 51.29 51.14 50.87 50.52 50.10 49.60 49.08 48.58 48.23 48.07 48.12 48.33 48.61 48.91 49.22 49.53 49.85 50.13 50.32 50.40 50.38 50.32 50.29 50.30 50.36 50.41 50.42 50.37 50.24 50.02 49.70 49.30 48.83 48.33 47.88 47.56 47.42 47.50 47.78 48.19 48.67 49.19 49.69 50.18 50.62 50.97 51.20 51.27 51.21 51.06 50.89 50.72 50.56 50.37 50.13 49.85 49.56 49.32 49.15 49.03 48.95 48.86 48.76 48.69 48.68 48.78 48.96 49.18 49.38 49.54 49.68 49.83 49.99 50.03 49.68 48.53 45.99 41.47 34.52 25.00 13.30 0.32 0.01 0.00 0.00 0.00 0.00 0.00 0.00 0.00 0.00 0.00 0.00 0.00 0.00 0.00 0.00 0.00 0.00 0.00 0.00 0.00 0.00 0.00 0.00 0.00 0.00 0.00 0.00 0.00 0.00 0.00 0.00 0.00 0.00 0.00 0.00 0.00 0.00 0.00 0.00 0.00 0.00 0.00 0.00 0.00 0.00 0.03 1.46 62.33 
28.00 42.03 46.64 48.48 49.31 49.66 49.74 49.66 49.49 49.29 49.10 48.98 48.97 49.11 49.37 49.70 49.99 50.18 50.22 50.13 49.93 49.64 49.26 48.81 48.32 47.87 47.51 47.30 47.27 47.38 47.58 47.80 48.00 48.17 48.34 48.57 48.89 49.33 49.86 50.43 50.94 51.32 51.54 51.58 51.47 51.28 51.06 50.90 50.82 50.87 51.04 51.29 51.59 51.86 52.04 52.04 51.82 51.37 50.75 50.07 49.47 49.07 48.93 49.03 49.33 49.74 50.19 50.61 50.94 51.16 51.24 51.22 51.12 50.93 50.66 50.28 49.81 49.32 48.90 48.62 48.50 48.52 48.64 48.82 49.06 49.36 49.69 49.96 50.11 50.09 49.92 49.68 49.47 49.36 49.37 49.45 49.57 49.67 49.68 49.58 49.32 48.91 48.37 47.75 47.17 46.72 46.50 46.56 46.87 47.37 47.97 48.60 49.24 49.83 50.36 50.76 51.00 51.06 50.98 50.80 50.62 50.46 50.30 50.10 49.83 49.49 49.15 48.87 48.69 48.60 48.58 48.58 48.58 48.60 48.64 48.74 48.87 49.00 49.09 49.12 49.12 49.14 49.15 49.07 48.62 47.40 44.87 40.45 33.67 24.39 12.98 0.31 0.01 0.00 0.00 0.00 0.00 0.00 0.00 0.00 0.00 0.00 0.00 0.00 0.00 0.00 0.00 0.00 0.00 0.00 0.00 0.00 0.00 0.00 0.00 0.00 0.00 0.00 0.00 0.00 0.00 0.00 0.00 0.00 0.00 0.00 0.00 0.00 0.00 0.00 0.00 0.00 0.00 0.00 0.00 0.00 0.00 0.02 0.86 34.67 
58.67 52.82 50.95 50.35 50.12 49.95 49.74 49.48 49.20 48.94 48.73 48.64 48.70 48.93 49.29 49.70 50.05 50.25 50.27 50.16 49.94 49.65 49.28 48.86 48.39 47.93 47.56 47.34 47.29 47.40 47.60 47.83 48.03 48.20 48.37 48.58 48.90 49.33 49.86 50.43 50.95 51.36 51.60 51.68 51.61 51.46 51.27 51.11 51.04 51.09 51.23 51.46 51.73 51.96 52.10 52.07 51.83 51.36 50.72 50.02 49.37 48.90 48.68 48.71 48.96 49.34 49.80 50.24 50.62 50.90 51.10 51.23 51.30 51.31 51.21 50.99 50.64 50.21 49.78 49.42 49.15 49.00 48.94 48.98 49.13 49.37 49.66 49.90 49.98 49.85 49.54 49.15 48.80 48.59 48.55 48.66 48.86 49.06 49.16 49.12 48.87 48.41 47.78 47.05 46.34 45.81 45.55 45.62 46.01 46.61 47.34 48.11 48.85 49.54 50.14 50.59 50.86 50.94 50.86 50.70 50.52 50.37 50.21 50.00 49.70 49.34 48.96 48.65 48.45 48.37 48.39 48.46 48.55 48.63 48.72 48.81 48.89 48.91 48.86 48.74 48.59 48.46 48.33 48.11 47.55 46.29 43.78 39.46 32.86 23.82 12.68 0.30 0.01 0.00 0.00 0.00 0.00 0.00 0.00 0.00 0.00 0.00 0.00 0.00 0.00 0.00 0.00 0.00 0.00 0.00 0.00 0.00 0.00 0.00 0.00 0.00 0.00 0.00 0.00 0.00 0.00 0.00 0.00 0.00 0.00 0.00 0.00 0.00 0.00 0.00 0.00 0.00 0.00 0.00 0.00 0.00 0.00 0.04 1.57 66.67 
75.67 59.51 53.79 51.60 50.62 50.03 49.56 49.12 48.72 48.39 48.17 48.11 48.23 48.55 49.01 49.51 49.92 50.17 50.22 50.11 49.91 49.64 49.29 48.87 48.40 47.92 47.51 47.25 47.17 47.26 47.46 47.70 47.92 48.11 48.29 48.51 48.83 49.26 49.80 50.37 50.91 51.33 51.61 51.71 51.67 51.53 51.34 51.18 51.10 51.12 51.23 51.42 51.63 51.81 51.90 51.83 51.57 51.11 50.49 49.79 49.14 48.64 48.37 48.36 48.56 48.92 49.35 49.80 50.19 50.53 50.82 51.08 51.33 51.53 51.65 51.62 51.45 51.14 50.77 50.38 50.01 49.69 49.46 49.34 49.36 49.51 49.72 49.90 49.92 49.73 49.34 48.87 48.45 48.19 48.15 48.29 48.54 48.78 48.90 48.83 48.51 47.95 47.19 46.33 45.53 44.93 44.66 44.78 45.26 45.99 46.86 47.74 48.57 49.32 49.96 50.44 50.74 50.85 50.81 50.68 50.55 50.42 50.27 50.06 49.76 49.38 48.99 48.66 48.44 48.35 48.38 48.49 48.63 48.76 48.88 48.95 48.97 48.89 48.72 48.47 48.19 47.93 47.67 47.32 46.67 45.36 42.88 38.65 32.21 23.36 12.44 0.30 0.01 0.00 0.00 0.00 0.00 0.00 0.00 0.00 0.00 0.00 0.00 0.00 0.00 0.00 0.00 0.00 0.00 0.00 0.00 0.00 0.00 0.00 0.00 0.00 0.00 0.00 0.00 0.00 0.00 0.00 0.00 0.00 0.00 0.00 0.00 0.00 0.00 0.00 0.00 0.00 0.00 0.00 0.00 0.00 0.00 0.04 1.64 69.33 
61.67 55.70 52.98 51.51 50.58 49.87 49.26 48.70 48.20 47.81 47.56 47.51 47.68 48.07 48.59 49.15 49.62 49.92 50.02 49.97 49.82 49.60 49.29 48.89 48.40 47.88 47.41 47.09 46.95 47.00 47.19 47.43 47.67 47.88 48.09 48.33 48.66 49.10 49.64 50.22 50.79 51.25 51.55 51.68 51.65 51.50 51.30 51.12 51.01 51.01 51.09 51.22 51.37 51.48 51.50 51.39 51.11 50.66 50.07 49.41 48.79 48.30 48.02 47.98 48.15 48.48 48.89 49.32 49.71 50.07 50.41 50.77 51.17 51.55 51.87 52.07 52.12 51.99 51.73 51.36 50.91 50.45 50.04 49.75 49.61 49.65 49.78 49.91 49.91 49.71 49.33 48.87 48.47 48.24 48.24 48.43 48.71 48.95 49.02 48.85 48.39 47.66 46.74 45.75 44.84 44.19 43.92 44.10 44.68 45.54 46.52 47.50 48.40 49.17 49.81 50.29 50.61 50.75 50.76 50.70 50.62 50.52 50.39 50.20 49.92 49.56 49.18 48.85 48.61 48.50 48.51 48.62 48.77 48.93 49.04 49.08 49.04 48.88 48.63 48.30 47.95 47.60 47.25 46.81 46.08 44.72 42.25 38.09 31.75 23.05 12.28 0.29 0.01 0.00 0.00 0.00 0.00 0.00 0.00 0.00 0.00 0.00 0.00 0.00 0.00 0.00 0.00 0.00 0.00 0.00 0.00 0.00 0.00 0.00 0.00 0.00 0.00 0.00 0.00 0.00 0.00 0.00 0.00 0.00 0.00 0.00 0.00 0.00 0.00 0.00 0.00 0.00 0.00 0.00 0.00 0.00 0.00 0.03 1.41 59.67 
36.00 48.64 50.90 50.83 50.26 49.61 48.96 48.34 47.78 47.35 47.08 47.02 47.20 47.59 48.13 48.70 49.19 49.52 49.68 49.72 49.66 49.52 49.28 48.90 48.41 47.86 47.34 46.95 46.75 46.75 46.90 47.12 47.35 47.57 47.80 48.06 48.40 48.85 49.40 50.02 50.61 51.11 51.45 51.59 51.56 51.39 51.16 50.95 50.82 50.79 50.83 50.92 51.00 51.02 50.97 50.80 50.51 50.08 49.54 48.94 48.36 47.91 47.65 47.61 47.78 48.09 48.48 48.88 49.24 49.59 49.95 50.36 50.85 51.38 51.89 52.31 52.57 52.65 52.52 52.19 51.68 51.09 50.51 50.04 49.76 49.68 49.76 49.87 49.90 49.77 49.48 49.11 48.81 48.67 48.75 49.00 49.31 49.52 49.51 49.18 48.54 47.62 46.52 45.40 44.40 43.71 43.44 43.66 44.31 45.26 46.33 47.37 48.29 49.06 49.68 50.14 50.46 50.63 50.70 50.69 50.64 50.58 50.47 50.31 50.06 49.76 49.43 49.12 48.88 48.74 48.72 48.79 48.92 49.05 49.13 49.13 49.03 48.83 48.55 48.22 47.85 47.49 47.09 46.59 45.80 44.39 41.90 37.77 31.49 22.87 12.19 0.29 0.01 0.00 0.00 0.00 0.00 0.00 0.00 0.00 0.00 0.00 0.00 0.00 0.00 0.00 0.00 0.00 0.00 0.00 0.00 0.00 0.00 0.00 0.00 0.00 0.00 0.00 0.00 0.00 0.00 0.00 0.00 0.00 0.00 0.00 0.00 0.00 0.00 0.00 0.00 0.00 0.00 0.00 0.00 0.00 0.00 0.02 0.89 36.67 
57.33 51.96 51.18 50.66 50.05 49.41 48.76 48.15 47.59 47.14 46.85 46.77 46.91 47.26 47.73 48.24 48.69 49.02 49.23 49.36 49.43 49.40 49.25 48.94 48.48 47.93 47.38 46.95 46.70 46.64 46.73 46.90 47.09 47.29 47.51 47.77 48.12 48.58 49.15 49.79 50.41 50.93 51.29 51.43 51.38 51.18 50.92 50.68 50.53 50.47 50.49 50.52 50.52 50.47 50.35 50.15 49.85 49.46 48.97 48.44 47.94 47.55 47.34 47.33 47.52 47.83 48.19 48.55 48.87 49.17 49.51 49.94 50.47 51.09 51.74 52.33 52.80 53.06 53.04 52.74 52.18 51.46 50.72 50.10 49.70 49.56 49.61 49.76 49.86 49.84 49.69 49.48 49.33 49.32 49.50 49.82 50.15 50.34 50.23 49.76 48.94 47.84 46.58 45.34 44.28 43.56 43.29 43.51 44.18 45.14 46.24 47.29 48.21 48.97 49.55 49.99 50.29 50.48 50.58 50.60 50.57 50.51 50.41 50.27 50.10 49.88 49.63 49.38 49.15 48.99 48.91 48.92 48.99 49.06 49.08 49.03 48.90 48.71 48.47 48.20 47.90 47.57 47.18 46.64 45.79 44.32 41.79 37.64 31.37 22.78 12.15 0.29 0.01 0.00 0.00 0.00 0.00 0.00 0.00 0.00 0.00 0.00 0.00 0.00 0.00 0.00 0.00 0.00 0.00 0.00 0.00 0.00 0.00 0.00 0.00 0.00 0.00 0.00 0.00 0.00 0.00 0.00 0.00 0.00 0.00 0.00 0.00 0.00 0.00 0.00 0.00 0.00 0.00 0.00 0.00 0.00 0.00 0.02 0.93 39.00 
43.33 50.69 51.23 50.61 49.92 49.29 48.72 48.17 47.66 47.23 46.93 46.80 46.88 47.13 47.48 47.87 48.22 48.50 48.74 48.96 49.14 49.26 49.24 49.03 48.64 48.13 47.61 47.18 46.90 46.79 46.80 46.88 47.00 47.14 47.32 47.57 47.91 48.37 48.94 49.57 50.19 50.72 51.06 51.19 51.11 50.88 50.59 50.33 50.16 50.08 50.06 50.05 49.99 49.87 49.71 49.49 49.22 48.89 48.49 48.05 47.63 47.32 47.18 47.23 47.44 47.75 48.09 48.39 48.65 48.90 49.20 49.59 50.12 50.77 51.50 52.21 52.81 53.20 53.27 52.98 52.35 51.52 50.64 49.90 49.43 49.26 49.33 49.55 49.76 49.89 49.91 49.87 49.87 49.99 50.27 50.66 51.01 51.18 51.01 50.44 49.48 48.25 46.90 45.59 44.49 43.76 43.47 43.66 44.28 45.19 46.22 47.24 48.12 48.84 49.40 49.81 50.11 50.30 50.40 50.42 50.37 50.28 50.17 50.07 49.96 49.85 49.71 49.54 49.34 49.16 49.03 48.96 48.94 48.93 48.89 48.80 48.68 48.55 48.42 48.27 48.09 47.84 47.48 46.92 46.00 44.45 41.85 37.65 31.37 22.77 12.14 0.29 0.01 0.00 0.00 0.00 0.00 0.00 0.00 0.00 0.00 0.00 0.00 0.00 0.00 0.00 0.00 0.00 0.00 0.00 0.00 0.00 0.00 0.00 0.00 0.00 0.00 0.00 0.00 0.00 0.00 0.00 0.00 0.00 0.00 0.00 0.00 0.00 0.00 0.00 0.00 0.00 0.00 0.00 0.00 0.00 0.00 0.02 0.99 41.67 
65.00 56.27 52.46 50.68 49.76 49.20 48.76 48.36 47.95 47.57 47.27 47.10 47.09 47.21 47.42 47.64 47.86 48.07 48.30 48.58 48.88 49.14 49.27 49.19 48.92 48.51 48.06 47.67 47.39 47.23 47.15 47.12 47.13 47.18 47.30 47.51 47.83 48.27 48.80 49.39 49.97 50.44 50.75 50.84 50.74 50.49 50.19 49.93 49.75 49.66 49.60 49.54 49.43 49.28 49.11 48.93 48.73 48.49 48.19 47.85 47.53 47.31 47.25 47.35 47.58 47.89 48.19 48.43 48.63 48.80 49.03 49.38 49.86 50.50 51.23 52.00 52.67 53.13 53.23 52.92 52.23 51.29 50.31 49.50 48.99 48.82 48.95 49.26 49.60 49.88 50.07 50.19 50.34 50.57 50.92 51.33 51.70 51.86 51.66 51.05 50.04 48.76 47.37 46.06 44.98 44.26 43.95 44.08 44.58 45.35 46.26 47.16 47.98 48.65 49.19 49.60 49.89 50.09 50.18 50.16 50.07 49.93 49.80 49.72 49.69 49.69 49.67 49.59 49.43 49.24 49.04 48.89 48.77 48.67 48.57 48.48 48.43 48.41 48.44 48.47 48.43 48.29 47.96 47.38 46.39 44.76 42.06 37.79 31.45 22.82 12.16 0.29 0.01 0.00 0.00 0.00 0.00 0.00 0.00 0.00 0.00 0.00 0.00 0.00 0.00 0.00 0.00 0.00 0.00 0.00 0.00 0.00 0.00 0.00 0.00 0.00 0.00 0.00 0.00 0.00 0.00 0.00 0.00 0.00 0.00 0.00 0.00 0.00 0.00 0.00 0.00 0.00 0.00 0.00 0.00 0.00 0.00 0.03 1.11 46.33 
74.33 56.97 51.72 49.94 49.27 48.99 48.81 48.61 48.36 48.06 47.77 47.56 47.46 47.46 47.52 47.59 47.68 47.80 48.01 48.33 48.74 49.13 49.40 49.47 49.33 49.04 48.70 48.38 48.12 47.92 47.75 47.61 47.49 47.44 47.47 47.63 47.90 48.28 48.74 49.24 49.71 50.10 50.35 50.41 50.31 50.08 49.81 49.56 49.38 49.26 49.17 49.07 48.93 48.79 48.66 48.56 48.47 48.34 48.15 47.91 47.69 47.55 47.55 47.68 47.92 48.19 48.43 48.60 48.72 48.83 49.00 49.27 49.69 50.26 50.97 51.72 52.42 52.89 53.01 52.67 51.91 50.90 49.84 48.98 48.46 48.32 48.51 48.90 49.36 49.79 50.13 50.40 50.67 50.98 51.36 51.78 52.13 52.28 52.08 51.48 50.49 49.23 47.89 46.64 45.63 44.95 44.64 44.69 45.04 45.61 46.32 47.07 47.78 48.40 48.91 49.32 49.62 49.82 49.91 49.87 49.73 49.54 49.38 49.32 49.36 49.47 49.55 49.56 49.44 49.23 48.97 48.73 48.52 48.36 48.24 48.19 48.25 48.40 48.63 48.84 48.97 48.92 48.62 48.01 46.95 45.21 42.41 38.05 31.63 22.94 12.22 0.29 0.01 0.00 0.00 0.00 0.00 0.00 0.00 0.00 0.00 0.00 0.00 0.00 0.00 0.00 0.00 0.00 0.00 0.00 0.00 0.00 0.00 0.00 0.00 0.00 0.00 0.00 0.00 0.00 0.00 0.00 0.00 0.00 0.00 0.00 0.00 0.00 0.00 0.00 0.00 0.00 0.00 0.00 0.00 0.00 0.00 0.03 1.37 58.00 
38.33 45.60 47.60 48.18 48.44 48.65 48.81 48.86 48.77 48.56 48.30 48.06 47.88 47.78 47.73 47.69 47.68 47.73 47.93 48.29 48.77 49.27 49.66 49.85 49.84 49.67 49.43 49.18 48.95 48.72 48.48 48.23 48.00 47.84 47.80 47.89 48.11 48.40 48.75 49.10 49.42 49.69 49.87 49.93 49.86 49.71 49.50 49.29 49.12 48.98 48.86 48.72 48.59 48.48 48.44 48.46 48.49 48.48 48.39 48.23 48.07 47.98 48.00 48.12 48.32 48.52 48.69 48.79 48.84 48.89 49.00 49.20 49.54 50.04 50.68 51.39 52.07 52.55 52.66 52.30 51.51 50.44 49.34 48.45 47.93 47.81 48.05 48.51 49.07 49.61 50.08 50.48 50.85 51.21 51.59 51.98 52.30 52.42 52.23 51.67 50.75 49.58 48.33 47.19 46.29 45.69 45.41 45.39 45.59 45.95 46.44 46.99 47.56 48.10 48.58 48.97 49.29 49.52 49.62 49.57 49.41 49.19 49.02 48.97 49.07 49.25 49.43 49.50 49.42 49.20 48.89 48.58 48.31 48.11 48.01 48.05 48.25 48.60 49.02 49.42 49.67 49.70 49.42 48.77 47.64 45.81 42.91 38.43 31.91 23.12 12.31 0.29 0.01 0.00 0.00 0.00 0.00 0.00 0.00 0.00 0.00 0.00 0.00 0.00 0.00 0.00 0.00 0.00 0.00 0.00 0.00 0.00 0.00 0.00 0.00 0.00 0.00 0.00 0.00 0.00 0.00 0.00 0.00 0.00 0.00 0.00 0.00 0.00 0.00 0.00 0.00 0.00 0.00 0.00 0.00 0.00 0.00 0.03 1.16 47.33 
19.67 39.61 45.07 46.88 47.74 48.34 48.79 49.06 49.12 48.99 48.74 48.47 48.25 48.09 47.98 47.89 47.84 47.87 48.06 48.45 48.99 49.56 50.02 50.29 50.35 50.27 50.10 49.90 49.69 49.44 49.16 48.83 48.53 48.30 48.20 48.23 48.37 48.56 48.76 48.94 49.09 49.23 49.34 49.42 49.45 49.40 49.30 49.16 49.02 48.87 48.72 48.58 48.47 48.44 48.50 48.64 48.79 48.87 48.83 48.71 48.56 48.46 48.44 48.51 48.62 48.74 48.82 48.86 48.87 48.88 48.94 49.09 49.35 49.76 50.33 51.00 51.65 52.13 52.25 51.90 51.10 50.02 48.91 48.01 47.48 47.37 47.63 48.12 48.73 49.35 49.92 50.43 50.88 51.29 51.67 52.01 52.27 52.35 52.17 51.65 50.81 49.75 48.63 47.62 46.85 46.36 46.13 46.09 46.17 46.35 46.63 46.98 47.39 47.82 48.23 48.60 48.92 49.18 49.32 49.32 49.17 48.96 48.79 48.75 48.88 49.12 49.35 49.47 49.43 49.21 48.89 48.54 48.25 48.05 48.02 48.17 48.52 49.04 49.63 50.15 50.49 50.55 50.28 49.60 48.41 46.50 43.50 38.91 32.27 23.36 12.43 0.30 0.01 0.00 0.00 0.00 0.00 0.00 0.00 0.00 0.00 0.00 0.00 0.00 0.00 0.00 0.00 0.00 0.00 0.00 0.00 0.00 0.00 0.00 0.00 0.00 0.00 0.00 0.00 0.00 0.00 0.00 0.00 0.00 0.00 0.00 0.00 0.00 0.00 0.00 0.00 0.00 0.00 0.00 0.00 0.00 0.00 0.05 2.10 90.00 
62.00 48.25 46.43 46.76 47.46 48.19 48.81 49.23 49.38 49.28 49.04 48.76 48.51 48.35 48.24 48.15 48.11 48.16 48.36 48.77 49.33 49.91 50.39 50.67 50.75 50.68 50.54 50.37 50.17 49.93 49.64 49.29 48.95 48.69 48.55 48.54 48.61 48.70 48.75 48.75 48.74 48.76 48.83 48.95 49.09 49.18 49.21 49.16 49.06 48.92 48.78 48.65 48.59 48.64 48.80 49.04 49.26 49.38 49.35 49.20 49.00 48.83 48.72 48.68 48.67 48.69 48.70 48.70 48.71 48.73 48.77 48.87 49.07 49.40 49.89 50.51 51.15 51.64 51.78 51.47 50.71 49.67 48.58 47.68 47.16 47.04 47.28 47.77 48.38 49.04 49.68 50.27 50.79 51.25 51.63 51.94 52.14 52.17 51.98 51.49 50.72 49.76 48.76 47.88 47.25 46.89 46.75 46.73 46.75 46.80 46.90 47.08 47.33 47.61 47.92 48.24 48.56 48.86 49.07 49.14 49.06 48.89 48.74 48.71 48.86 49.11 49.38 49.54 49.53 49.35 49.05 48.72 48.44 48.30 48.34 48.60 49.08 49.71 50.39 50.96 51.32 51.38 51.08 50.38 49.15 47.19 44.10 39.41 32.66 23.62 12.56 0.30 0.01 0.00 0.00 0.00 0.00 0.00 0.00 0.00 0.00 0.00 0.00 0.00 0.00 0.00 0.00 0.00 0.00 0.00 0.00 0.00 0.00 0.00 0.00 0.00 0.00 0.00 0.00 0.00 0.00 0.00 0.00 0.00 0.00 0.00 0.00 0.00 0.00 0.00 0.00 0.00 0.00 0.00 0.00 0.00 0.00 0.03 1.36 56.67 
39.67 45.12 45.92 46.56 47.36 48.18 48.90 49.37 49.56 49.47 49.22 48.93 48.69 48.54 48.47 48.45 48.45 48.53 48.76 49.15 49.68 50.21 50.64 50.86 50.90 50.80 50.65 50.48 50.30 50.10 49.83 49.51 49.18 48.93 48.78 48.74 48.76 48.76 48.69 48.57 48.43 48.36 48.40 48.56 48.79 49.01 49.16 49.22 49.17 49.07 48.96 48.88 48.89 49.02 49.25 49.53 49.76 49.85 49.77 49.54 49.24 48.95 48.70 48.52 48.39 48.31 48.29 48.30 48.35 48.41 48.47 48.54 48.68 48.93 49.35 49.93 50.55 51.05 51.25 51.00 50.33 49.37 48.35 47.50 46.99 46.86 47.06 47.51 48.09 48.74 49.41 50.05 50.64 51.15 51.55 51.84 52.00 51.99 51.77 51.30 50.58 49.70 48.80 48.05 47.54 47.29 47.24 47.26 47.27 47.26 47.25 47.28 47.37 47.51 47.70 47.94 48.25 48.59 48.90 49.07 49.08 48.98 48.87 48.86 49.00 49.26 49.54 49.74 49.79 49.67 49.44 49.16 48.95 48.86 48.98 49.32 49.86 50.53 51.20 51.74 52.05 52.05 51.72 50.99 49.74 47.74 44.60 39.84 32.98 23.83 12.67 0.30 0.01 0.00 0.00 0.00 0.00 0.00 0.00 0.00 0.00 0.00 0.00 0.00 0.00 0.00 0.00 0.00 0.00 0.00 0.00 0.00 0.00 0.00 0.00 0.00 0.00 0.00 0.00 0.00 0.00 0.00 0.00 0.00 0.00 0.00 0.00 0.00 0.00 0.00 0.00 0.00 0.00 0.00 0.00 0.00 0.00 0.02 1.00 41.67 
56.67 46.79 45.82 46.46 47.39 48.30 49.05 49.53 49.71 49.61 49.35 49.06 48.84 48.73 48.73 48.77 48.83 48.94 49.15 49.49 49.92 50.34 50.64 50.77 50.72 50.57 50.39 50.22 50.08 49.93 49.73 49.47 49.20 48.98 48.84 48.80 48.78 48.74 48.61 48.41 48.21 48.09 48.11 48.28 48.57 48.87 49.12 49.25 49.28 49.25 49.20 49.19 49.27 49.45 49.71 49.98 50.16 50.17 49.98 49.63 49.20 48.76 48.37 48.04 47.80 47.66 47.63 47.71 47.84 47.97 48.07 48.13 48.21 48.39 48.73 49.24 49.84 50.36 50.61 50.47 49.93 49.10 48.20 47.45 46.98 46.85 47.02 47.40 47.93 48.54 49.20 49.87 50.50 51.06 51.50 51.79 51.93 51.88 51.63 51.15 50.47 49.67 48.86 48.20 47.78 47.62 47.63 47.69 47.71 47.66 47.59 47.52 47.49 47.49 47.55 47.72 48.01 48.40 48.80 49.09 49.21 49.19 49.12 49.13 49.27 49.53 49.83 50.08 50.20 50.18 50.04 49.86 49.72 49.70 49.86 50.23 50.76 51.38 51.95 52.37 52.56 52.47 52.08 51.32 50.07 48.06 44.90 40.08 33.16 23.95 12.72 0.30 0.01 0.00 0.00 0.00 0.00 0.00 0.00 0.00 0.00 0.00 0.00 0.00 0.00 0.00 0.00 0.00 0.00 0.00 0.00 0.00 0.00 0.00 0.00 0.00 0.00 0.00 0.00 0.00 0.00 0.00 0.00 0.00 0.00 0.00 0.00 0.00 0.00 0.00 0.00 0.00 0.00 0.00 0.00 0.00 0.00 0.02 0.95 39.67 
22.33 39.67 44.26 46.23 47.52 48.52 49.26 49.71 49.86 49.74 49.49 49.22 49.04 48.99 49.04 49.14 49.24 49.33 49.48 49.69 49.95 50.20 50.34 50.35 50.22 50.02 49.83 49.69 49.60 49.52 49.41 49.24 49.04 48.86 48.75 48.71 48.70 48.66 48.53 48.34 48.13 48.00 48.00 48.15 48.42 48.74 49.03 49.22 49.33 49.38 49.42 49.50 49.64 49.86 50.10 50.31 50.39 50.29 49.98 49.50 48.93 48.35 47.81 47.36 47.03 46.86 46.87 47.02 47.26 47.48 47.63 47.68 47.71 47.81 48.06 48.50 49.06 49.58 49.89 49.87 49.48 48.84 48.12 47.51 47.14 47.04 47.18 47.50 47.95 48.50 49.12 49.78 50.45 51.04 51.52 51.83 51.95 51.87 51.59 51.11 50.47 49.73 49.01 48.44 48.09 47.96 47.97 48.02 48.02 47.96 47.85 47.72 47.59 47.49 47.46 47.56 47.84 48.27 48.75 49.14 49.36 49.41 49.40 49.43 49.58 49.85 50.18 50.50 50.72 50.80 50.78 50.69 50.62 50.65 50.82 51.16 51.61 52.10 52.51 52.76 52.80 52.59 52.13 51.34 50.08 48.08 44.93 40.11 33.18 23.95 12.72 0.30 0.01 0.00 0.00 0.00 0.00 0.00 0.00 0.00 0.00 0.00 0.00 0.00 0.00 0.00 0.00 0.00 0.00 0.00 0.00 0.00 0.00 0.00 0.00 0.00 0.00 0.00 0.00 0.00 0.00 0.00 0.00 0.00 0.00 0.00 0.00 0.00 0.00 0.00 0.00 0.00 0.00 0.00 0.00 0.00 0.00 0.03 1.21 51.33 
56.00 45.30 45.36 46.67 47.87 48.82 49.50 49.89 50.01 49.90 49.68 49.47 49.35 49.35 49.45 49.56 49.64 49.67 49.68 49.70 49.75 49.78 49.76 49.65 49.47 49.27 49.10 49.01 48.99 48.99 48.97 48.87 48.74 48.61 48.54 48.53 48.55 48.55 48.49 48.36 48.21 48.08 48.06 48.15 48.36 48.63 48.90 49.13 49.30 49.44 49.58 49.75 49.95 50.18 50.38 50.51 50.49 50.27 49.84 49.25 48.56 47.86 47.21 46.67 46.28 46.10 46.15 46.39 46.73 47.04 47.24 47.29 47.26 47.27 47.42 47.77 48.26 48.77 49.13 49.22 49.02 48.59 48.09 47.66 47.42 47.38 47.52 47.80 48.18 48.66 49.22 49.86 50.52 51.13 51.63 51.95 52.06 51.96 51.66 51.18 50.58 49.92 49.30 48.80 48.48 48.33 48.28 48.25 48.20 48.09 47.95 47.78 47.61 47.45 47.36 47.42 47.70 48.16 48.70 49.17 49.45 49.55 49.57 49.62 49.79 50.09 50.47 50.86 51.18 51.39 51.47 51.47 51.47 51.51 51.66 51.92 52.24 52.56 52.78 52.84 52.71 52.39 51.86 51.05 49.81 47.84 44.73 39.96 33.06 23.87 12.68 0.30 0.01 0.00 0.00 0.00 0.00 0.00 0.00 0.00 0.00 0.00 0.00 0.00 0.00 0.00 0.00 0.00 0.00 0.00 0.00 0.00 0.00 0.00 0.00 0.00 0.00 0.00 0.00 0.00 0.00 0.00 0.00 0.00 0.00 0.00 0.00 0.00 0.00 0.00 0.00 0.00 0.00 0.00 0.00 0.00 0.00 0.03 1.05 44.00 
20.67 40.13 45.11 47.07 48.25 49.09 49.68 50.02 50.12 50.06 49.92 49.79 49.76 49.81 49.92 50.02 50.02 49.93 49.75 49.54 49.34 49.16 48.99 48.81 48.63 48.48 48.38 48.36 48.41 48.47 48.49 48.45 48.36 48.27 48.24 48.28 48.37 48.45 48.49 48.46 48.38 48.29 48.23 48.25 48.35 48.53 48.75 48.99 49.22 49.45 49.69 49.93 50.18 50.40 50.57 50.63 50.53 50.23 49.72 49.04 48.27 47.49 46.75 46.14 45.72 45.55 45.64 45.96 46.38 46.76 46.98 47.03 46.94 46.86 46.90 47.14 47.56 48.03 48.42 48.61 48.56 48.34 48.06 47.84 47.75 47.79 47.96 48.22 48.56 48.98 49.49 50.08 50.71 51.32 51.81 52.13 52.23 52.11 51.80 51.33 50.78 50.20 49.67 49.24 48.92 48.70 48.53 48.38 48.20 48.02 47.85 47.67 47.49 47.32 47.22 47.28 47.57 48.05 48.61 49.10 49.40 49.51 49.54 49.59 49.78 50.11 50.54 51.00 51.42 51.72 51.90 51.98 52.02 52.08 52.18 52.34 52.52 52.66 52.69 52.58 52.31 51.90 51.33 50.53 49.34 47.45 44.42 39.72 32.90 23.77 12.63 0.30 0.01 0.00 0.00 0.00 0.00 0.00 0.00 0.00 0.00 0.00 0.00 0.00 0.00 0.00 0.00 0.00 0.00 0.00 0.00 0.00 0.00 0.00 0.00 0.00 0.00 0.00 0.00 0.00 0.00 0.00 0.00 0.00 0.00 0.00 0.00 0.00 0.00 0.00 0.00 0.00 0.00 0.00 0.00 0.00 0.00 0.02 0.94 38.67 
61.33 49.36 47.67 47.99 48.66 49.27 49.74 50.02 50.15 50.16 50.14 50.15 50.21 50.33 50.44 50.47 50.36 50.10 49.71 49.27 48.84 48.47 48.20 48.01 47.88 47.82 47.82 47.88 47.96 48.04 48.06 48.02 47.95 47.90 47.92 48.03 48.19 48.38 48.52 48.60 48.59 48.53 48.44 48.37 48.37 48.45 48.61 48.84 49.12 49.42 49.73 50.03 50.30 50.53 50.69 50.72 50.60 50.27 49.73 49.01 48.19 47.34 46.56 45.91 45.48 45.31 45.44 45.81 46.28 46.70 46.94 46.96 46.81 46.63 46.57 46.70 47.03 47.45 47.83 48.08 48.16 48.12 48.03 47.99 48.04 48.17 48.38 48.65 48.97 49.37 49.85 50.40 50.99 51.57 52.04 52.34 52.42 52.28 51.95 51.50 50.99 50.49 50.03 49.64 49.30 48.99 48.67 48.35 48.04 47.77 47.56 47.39 47.23 47.10 47.03 47.12 47.42 47.90 48.45 48.92 49.20 49.29 49.28 49.31 49.48 49.81 50.27 50.78 51.26 51.64 51.90 52.05 52.13 52.19 52.25 52.31 52.35 52.33 52.20 51.96 51.61 51.17 50.62 49.89 48.80 47.03 44.12 39.53 32.78 23.71 12.61 0.30 0.01 0.00 0.00 0.00 0.00 0.00 0.00 0.00 0.00 0.00 0.00 0.00 0.00 0.00 0.00 0.00 0.00 0.00 0.00 0.00 0.00 0.00 0.00 0.00 0.00 0.00 0.00 0.00 0.00 0.00 0.00 0.00 0.00 0.00 0.00 0.00 0.00 0.00 0.00 0.00 0.00 0.00 0.00 0.00 0.00 0.03 1.48 63.67 
49.00 48.19 47.99 48.28 48.76 49.22 49.60 49.86 50.03 50.15 50.29 50.45 50.64 50.82 50.92 50.88 50.65 50.22 49.63 48.98 48.36 47.87 47.55 47.39 47.36 47.42 47.52 47.64 47.73 47.78 47.75 47.68 47.60 47.58 47.65 47.83 48.08 48.35 48.57 48.72 48.77 48.71 48.59 48.46 48.37 48.37 48.49 48.71 49.01 49.35 49.69 50.03 50.32 50.57 50.75 50.82 50.73 50.43 49.91 49.18 48.34 47.48 46.67 46.01 45.57 45.42 45.56 45.95 46.45 46.88 47.12 47.10 46.89 46.62 46.45 46.48 46.71 47.06 47.41 47.68 47.83 47.91 47.96 48.06 48.21 48.42 48.67 48.97 49.32 49.72 50.19 50.72 51.27 51.81 52.24 52.50 52.56 52.40 52.06 51.62 51.14 50.67 50.26 49.88 49.50 49.08 48.63 48.15 47.72 47.37 47.14 46.99 46.88 46.81 46.80 46.93 47.24 47.71 48.23 48.66 48.89 48.93 48.87 48.83 48.93 49.21 49.64 50.15 50.66 51.08 51.40 51.61 51.74 51.81 51.83 51.81 51.73 51.57 51.34 51.02 50.66 50.27 49.82 49.22 48.29 46.68 43.92 39.46 32.79 23.75 12.64 0.30 0.01 0.00 0.00 0.00 0.00 0.00 0.00 0.00 0.00 0.00 0.00 0.00 0.00 0.00 0.00 0.00 0.00 0.00 0.00 0.00 0.00 0.00 0.00 0.00 0.00 0.00 0.00 0.00 0.00 0.00 0.00 0.00 0.00 0.00 0.00 0.00 0.00 0.00 0.00 0.00 0.00 0.00 0.00 0.00 0.00 0.02 0.68 28.00 
39.00 46.29 47.63 48.12 48.54 48.93 49.26 49.52 49.75 50.00 50.30 50.64 50.97 51.23 51.33 51.24 50.90 50.33 49.59 48.79 48.05 47.49 47.17 47.07 47.14 47.32 47.51 47.67 47.74 47.72 47.62 47.49 47.40 47.41 47.54 47.78 48.09 48.39 48.64 48.80 48.85 48.78 48.63 48.46 48.33 48.29 48.38 48.59 48.89 49.23 49.57 49.91 50.22 50.50 50.74 50.90 50.90 50.68 50.22 49.53 48.71 47.85 47.04 46.39 45.95 45.80 45.95 46.34 46.84 47.26 47.46 47.40 47.13 46.78 46.52 46.45 46.59 46.86 47.16 47.41 47.59 47.73 47.87 48.04 48.25 48.50 48.78 49.11 49.49 49.92 50.41 50.94 51.46 51.95 52.34 52.56 52.58 52.40 52.05 51.60 51.12 50.67 50.26 49.87 49.45 48.96 48.40 47.82 47.30 46.91 46.66 46.54 46.50 46.49 46.55 46.72 47.04 47.49 47.97 48.36 48.54 48.53 48.39 48.26 48.25 48.42 48.77 49.23 49.71 50.16 50.51 50.77 50.94 51.02 51.02 50.92 50.74 50.48 50.18 49.85 49.54 49.25 48.97 48.58 47.86 46.46 43.87 39.53 32.93 23.89 12.73 0.30 0.01 0.00 0.00 0.00 0.00 0.00 0.00 0.00 0.00 0.00 0.00 0.00 0.00 0.00 0.00 0.00 0.00 0.00 0.00 0.00 0.00 0.00 0.00 0.00 0.00 0.00 0.00 0.00 0.00 0.00 0.00 0.00 0.00 0.00 0.00 0.00 0.00 0.00 0.00 0.00 0.00 0.00 0.00 0.00 0.00 0.01 0.24 9.00 
62.67 50.29 48.00 47.85 48.13 48.46 48.76 49.03 49.33 49.71 50.18 50.69 51.16 51.50 51.63 51.51 51.11 50.47 49.65 48.78 47.99 47.41 47.11 47.07 47.23 47.49 47.74 47.91 47.95 47.87 47.71 47.54 47.45 47.48 47.65 47.92 48.23 48.52 48.72 48.83 48.83 48.73 48.56 48.38 48.25 48.22 48.30 48.49 48.76 49.06 49.37 49.68 50.00 50.34 50.67 50.94 51.07 50.97 50.59 49.97 49.19 48.37 47.59 46.94 46.51 46.35 46.48 46.84 47.30 47.69 47.86 47.76 47.44 47.03 46.70 46.56 46.62 46.82 47.06 47.28 47.46 47.61 47.78 47.97 48.19 48.42 48.70 49.04 49.44 49.92 50.43 50.97 51.48 51.93 52.27 52.45 52.43 52.22 51.84 51.38 50.89 50.43 50.02 49.62 49.18 48.65 48.05 47.43 46.88 46.47 46.24 46.15 46.16 46.21 46.32 46.52 46.85 47.28 47.72 48.07 48.22 48.16 47.95 47.72 47.57 47.61 47.83 48.19 48.63 49.06 49.43 49.72 49.92 50.00 49.97 49.80 49.54 49.21 48.86 48.56 48.34 48.21 48.13 47.97 47.50 46.32 43.92 39.69 33.14 24.08 12.84 0.31 0.01 0.00 0.00 0.00 0.00 0.00 0.00 0.00 0.00 0.00 0.00 0.00 0.00 0.00 0.00 0.00 0.00 0.00 0.00 0.00 0.00 0.00 0.00 0.00 0.00 0.00 0.00 0.00 0.00 0.00 0.00 0.00 0.00 0.00 0.00 0.00 0.00 0.00 0.00 0.00 0.00 0.00 0.00 0.00 0.00 0.02 0.82 35.00 
39.33 44.21 46.19 47.07 47.56 47.89 48.17 48.46 48.84 49.33 49.94 50.60 51.20 51.62 51.79 51.68 51.29 50.65 49.83 48.96 48.18 47.62 47.34 47.34 47.54 47.83 48.10 48.26 48.27 48.15 47.97 47.80 47.74 47.80 47.99 48.25 48.50 48.70 48.81 48.82 48.75 48.61 48.45 48.30 48.20 48.19 48.27 48.43 48.63 48.86 49.10 49.38 49.71 50.11 50.54 50.94 51.21 51.22 50.95 50.42 49.71 48.94 48.20 47.56 47.11 46.91 46.98 47.29 47.70 48.04 48.17 48.04 47.70 47.28 46.93 46.75 46.77 46.91 47.11 47.30 47.46 47.62 47.79 47.96 48.12 48.30 48.52 48.82 49.21 49.69 50.22 50.76 51.26 51.69 51.99 52.13 52.07 51.83 51.44 50.96 50.47 50.02 49.61 49.22 48.78 48.26 47.67 47.07 46.54 46.16 45.96 45.91 45.95 46.05 46.19 46.40 46.70 47.09 47.49 47.81 47.95 47.87 47.61 47.29 47.01 46.90 46.98 47.24 47.61 48.01 48.37 48.67 48.88 48.95 48.88 48.65 48.32 47.93 47.57 47.30 47.18 47.21 47.34 47.42 47.19 46.22 43.98 39.86 33.35 24.26 12.95 0.31 0.01 0.00 0.00 0.00 0.00 0.00 0.00 0.00 0.00 0.00 0.00 0.00 0.00 0.00 0.00 0.00 0.00 0.00 0.00 0.00 0.00 0.00 0.00 0.00 0.00 0.00 0.00 0.00 0.00 0.00 0.00 0.00 0.00 0.00 0.00 0.00 0.00 0.00 0.00 0.00 0.00 0.00 0.00 0.00 0.00 0.02 1.03 42.67 
21.67 41.06 45.54 46.73 47.14 47.37 47.60 47.91 48.35 48.94 49.66 50.42 51.10 51.59 51.82 51.76 51.42 50.84 50.09 49.28 48.55 48.03 47.77 47.77 47.95 48.21 48.44 48.56 48.54 48.42 48.27 48.17 48.17 48.28 48.46 48.66 48.81 48.88 48.87 48.80 48.69 48.55 48.42 48.33 48.29 48.30 48.37 48.46 48.58 48.70 48.86 49.09 49.43 49.89 50.42 50.94 51.32 51.44 51.26 50.81 50.19 49.48 48.78 48.14 47.64 47.36 47.35 47.56 47.88 48.16 48.27 48.14 47.82 47.44 47.12 46.97 46.98 47.12 47.30 47.48 47.66 47.83 47.99 48.11 48.19 48.25 48.35 48.54 48.85 49.27 49.77 50.29 50.79 51.21 51.49 51.61 51.53 51.28 50.89 50.42 49.95 49.54 49.17 48.82 48.41 47.93 47.38 46.83 46.35 46.02 45.86 45.85 45.94 46.06 46.20 46.38 46.63 46.95 47.29 47.58 47.72 47.65 47.37 46.98 46.61 46.37 46.33 46.51 46.81 47.17 47.51 47.79 47.97 48.02 47.91 47.63 47.24 46.82 46.45 46.22 46.18 46.34 46.65 46.93 46.89 46.09 43.98 39.95 33.49 24.39 13.03 0.31 0.01 0.00 0.00 0.00 0.00 0.00 0.00 0.00 0.00 0.00 0.00 0.00 0.00 0.00 0.00 0.00 0.00 0.00 0.00 0.00 0.00 0.00 0.00 0.00 0.00 0.00 0.00 0.00 0.00 0.00 0.00 0.00 0.00 0.00 0.00 0.00 0.00 0.00 0.00 0.00 0.00 0.00 0.00 0.00 0.00 0.04 1.67 70.67 
76.00 52.93 48.34 47.32 47.04 47.00 47.13 47.45 47.98 48.65 49.44 50.25 50.97 51.50 51.76 51.76 51.50 51.01 50.36 49.64 49.00 48.52 48.26 48.23 48.34 48.50 48.63 48.66 48.60 48.50 48.42 48.44 48.56 48.73 48.90 49.01 49.03 48.98 48.90 48.82 48.75 48.70 48.66 48.66 48.69 48.71 48.72 48.70 48.67 48.66 48.73 48.93 49.29 49.80 50.40 51.00 51.47 51.67 51.54 51.13 50.56 49.92 49.24 48.58 48.01 47.63 47.49 47.58 47.79 47.99 48.08 47.99 47.74 47.45 47.24 47.17 47.25 47.42 47.63 47.86 48.09 48.32 48.49 48.55 48.51 48.39 48.28 48.29 48.44 48.73 49.13 49.62 50.11 50.52 50.80 50.91 50.85 50.62 50.26 49.84 49.45 49.13 48.87 48.60 48.26 47.81 47.29 46.78 46.34 46.05 45.94 45.99 46.14 46.29 46.40 46.50 46.62 46.82 47.07 47.33 47.50 47.46 47.20 46.77 46.32 45.99 45.87 45.99 46.27 46.59 46.88 47.11 47.25 47.27 47.13 46.81 46.39 45.95 45.59 45.38 45.39 45.65 46.09 46.53 46.62 45.91 43.89 39.95 33.55 24.48 13.09 0.31 0.01 0.00 0.00 0.00 0.00 0.00 0.00 0.00 0.00 0.00 0.00 0.00 0.00 0.00 0.00 0.00 0.00 0.00 0.00 0.00 0.00 0.00 0.00 0.00 0.00 0.00 0.00 0.00 0.00 0.00 0.00 0.00 0.00 0.00 0.00 0.00 0.00 0.00 0.00 0.00 0.00 0.00 0.00 0.00 0.00 0.04 1.66 70.67 
33.00 46.46 47.82 47.42 46.96 46.70 46.77 47.19 47.87 48.64 49.45 50.25 50.95 51.46 51.72 51.74 51.53 51.12 50.56 49.93 49.36 48.93 48.68 48.62 48.63 48.64 48.61 48.49 48.33 48.21 48.22 48.43 48.75 48.99 49.15 49.15 49.02 48.88 48.84 48.89 49.04 49.21 49.36 49.51 49.61 49.60 49.48 49.24 48.99 48.81 48.80 49.00 49.40 49.97 50.60 51.25 51.79 51.99 51.81 51.34 50.76 50.14 49.49 48.81 48.16 47.67 47.43 47.39 47.45 47.53 47.59 47.56 47.41 47.27 47.23 47.34 47.54 47.81 48.10 48.42 48.79 49.15 49.38 49.39 49.17 48.80 48.40 48.17 48.08 48.14 48.38 48.78 49.26 49.65 49.94 50.08 50.07 49.91 49.62 49.30 49.06 48.92 48.87 48.78 48.51 48.04 47.49 46.94 46.49 46.17 46.08 46.24 46.53 46.73 46.76 46.70 46.61 46.60 46.73 46.98 47.23 47.29 47.05 46.59 46.06 45.64 45.49 45.62 45.92 46.22 46.42 46.54 46.63 46.65 46.47 46.13 45.69 45.27 44.94 44.76 44.82 45.15 45.71 46.28 46.43 45.71 43.72 39.90 33.62 24.61 13.18 0.32 0.01 0.00 0.00 0.00 0.00 0.00 0.00 0.00 0.00 0.00 0.00 0.00 0.00 0.00 0.00 0.00 0.00 0.00 0.00 0.00 0.00 0.00 0.00 0.00 0.00 0.00 0.00 0.00 0.00 0.00 0.00 0.00 0.00 0.00 0.00 0.00 0.00 0.00 0.00 0.00 0.00 0.00 0.00 0.00 0.00 0.02 0.86 36.00 
61.33 52.23 49.32 47.88 47.00 46.44 46.46 47.15 48.21 49.11 49.89 50.58 51.25 51.67 51.85 51.80 51.59 51.17 50.63 49.99 49.51 49.12 48.87 48.90 48.81 48.64 48.43 48.02 47.66 47.43 47.48 48.00 48.66 48.99 49.14 49.00 48.66 48.45 48.61 49.02 49.64 50.22 50.65 51.07 51.27 51.16 50.78 50.14 49.52 49.11 49.07 49.38 49.87 50.52 51.13 51.78 52.42 52.58 52.16 51.39 50.67 50.05 49.45 48.76 48.02 47.44 47.22 47.07 46.94 46.82 46.84 46.88 46.81 46.86 47.06 47.45 47.83 48.28 48.71 49.14 49.77 50.43 50.79 50.72 50.29 49.55 48.68 48.22 47.85 47.55 47.53 47.86 48.37 48.67 48.92 49.06 49.16 49.14 48.95 48.77 48.82 48.98 49.31 49.58 49.37 48.77 48.05 47.33 46.76 46.26 46.07 46.45 47.05 47.37 47.23 46.92 46.47 46.12 46.07 46.40 46.87 47.15 46.90 46.36 45.71 45.15 45.00 45.25 45.70 46.01 46.03 45.92 45.95 46.05 45.85 45.45 44.99 44.65 44.37 44.26 44.35 44.74 45.49 46.29 46.46 45.51 43.49 39.91 33.90 24.98 13.45 0.32 0.01 0.00 0.00 0.00 0.00 0.00 0.00 0.00 0.00 0.00 0.00 0.00 0.00 0.00 0.00 0.00 0.00 0.00 0.00 0.00 0.00 0.00 0.00 0.00 0.00 0.00 0.00 0.00 0.00 0.00 0.00 0.00 0.00 0.00 0.00 0.00 0.00 0.00 0.00 0.00 0.00 0.00 0.00 0.00 0.00 0.01 0.22 8.00 
58.00 51.98 49.61 48.12 47.07 45.97 45.94 47.28 49.33 50.32 50.95 51.39 52.10 52.33 52.31 52.04 51.76 51.12 50.55 49.62 49.33 48.99 48.60 49.15 48.92 48.53 48.23 47.26 46.56 46.04 45.93 47.03 48.50 48.71 48.97 48.61 47.79 47.41 48.06 49.08 50.62 51.90 52.56 53.51 53.89 53.54 52.74 51.33 50.13 49.38 49.41 50.11 50.74 51.64 51.98 52.53 53.63 53.67 52.67 51.09 50.10 49.50 49.05 48.43 47.51 46.83 46.97 46.80 46.39 45.79 45.84 46.05 45.86 46.14 46.62 47.56 48.08 48.86 49.44 49.90 50.98 52.29 52.90 52.68 51.96 50.70 48.85 48.51 47.87 46.95 46.51 46.84 47.64 47.58 47.75 47.73 48.04 48.31 48.16 48.09 48.67 49.22 50.23 51.31 51.12 50.06 49.00 47.88 47.18 46.14 45.50 46.35 47.78 48.34 47.72 47.13 46.01 45.12 44.78 45.37 46.39 47.21 46.79 46.03 45.19 44.26 44.15 44.72 45.60 46.04 45.64 44.98 44.99 45.47 45.17 44.62 44.05 43.94 43.72 43.76 43.82 44.25 45.35 46.79 47.03 45.28 43.10 40.22 34.79 26.03 14.16 0.34 0.01 0.00 0.00 0.00 0.00 0.00 0.00 0.00 0.00 0.00 0.00 0.00 0.00 0.00 0.00 0.00 0.00 0.00 0.00 0.00 0.00 0.00 0.00 0.00 0.00 0.00 0.00 0.00 0.00 0.00 0.00 0.00 0.00 0.00 0.00 0.00 0.00 0.00 0.00 0.00 0.00 0.00 0.00 0.00 0.00 0.02 0.77 33.00 
41.33 48.23 49.24 48.22 47.50 44.82 44.48 47.25 52.11 52.52 52.81 52.48 53.87 53.60 53.29 52.43 52.26 50.85 50.58 48.30 48.87 48.60 47.14 49.98 49.00 48.20 48.56 46.08 45.07 43.97 42.86 45.33 49.19 47.98 48.97 48.29 46.14 45.12 47.09 48.74 52.14 54.61 54.73 57.11 57.80 56.82 55.65 52.53 50.48 49.14 49.44 51.39 51.83 53.78 53.02 52.98 56.02 55.79 53.60 49.93 48.74 48.34 48.35 48.01 46.53 45.34 47.08 46.84 46.06 44.06 44.53 45.43 44.28 45.10 45.63 48.07 48.09 49.72 50.43 50.26 52.22 55.11 56.09 55.33 54.41 52.67 47.79 49.39 48.48 46.16 44.96 45.50 47.79 46.15 46.51 45.73 46.61 47.58 47.13 46.75 48.70 49.28 51.44 54.76 54.17 51.77 50.41 48.31 48.08 45.65 43.33 45.53 49.15 50.28 47.94 47.60 45.01 43.29 42.23 43.60 45.81 48.19 46.74 45.52 44.60 42.44 42.58 43.83 45.88 46.80 45.33 43.15 43.29 45.39 44.44 43.52 42.41 43.18 42.75 43.29 43.05 43.26 44.97 48.38 49.12 44.57 42.00 41.31 37.13 28.57 15.86 0.40 0.04 0.03 0.04 0.03 0.03 0.03 0.02 0.03 0.04 0.04 0.04 0.03 0.03 0.02 0.02 0.02 0.01 0.01 0.03 0.03 0.05 0.04 0.04 0.02 0.03 0.02 0.03 0.04 0.04 0.03 0.02 0.03 0.04 0.03 0.03 0.03 0.02 0.02 0.04 0.03 0.03 0.04 0.04 0.04 0.02 0.04 0.58 22.67 
48.33 50.48 51.05 48.24 50.14 41.60 40.27 45.53 59.85 55.38 55.81 52.34 57.73 55.29 55.08 52.28 54.04 49.34 52.39 43.87 48.93 49.13 41.13 54.42 48.78 46.58 51.63 43.33 43.55 41.74 36.00 41.95 54.67 44.70 50.33 49.14 43.11 39.68 46.38 46.72 54.77 59.98 55.00 62.83 63.76 60.62 60.74 52.78 50.25 47.43 48.07 54.52 51.79 58.99 53.60 50.56 61.76 59.86 55.90 46.05 46.25 46.35 47.58 48.38 45.05 40.82 49.18 47.50 47.01 39.86 42.72 46.78 40.59 44.26 42.64 50.97 46.49 51.56 52.39 48.65 52.70 60.05 61.17 58.31 57.81 57.95 40.42 53.02 50.72 44.49 41.89 42.55 51.91 42.65 46.18 41.79 44.73 48.00 45.82 43.03 50.16 47.94 51.75 62.43 59.39 52.79 52.87 47.09 51.29 45.04 36.55 43.08 52.79 55.45 45.90 50.05 42.85 40.49 36.99 40.71 44.77 52.75 46.20 44.49 45.10 38.19 39.80 42.06 47.21 49.84 45.60 38.82 39.41 48.09 43.43 42.36 38.67 43.42 40.70 43.56 41.86 40.84 42.92 52.55 56.18 41.19 38.00 44.61 42.47 34.07 19.64 1.28 1.15 1.46 1.53 1.04 1.39 1.17 0.79 1.36 1.61 1.63 1.66 1.29 1.32 0.95 0.64 1.04 0.37 0.52 1.37 1.06 2.02 1.48 1.73 0.95 1.14 0.74 1.31 1.51 1.80 1.33 0.96 1.18 1.71 1.16 1.13 1.38 0.96 0.98 1.52 1.18 1.22 1.62 1.50 1.69 0.65 1.02 1.91 44.67 
52.00 54.33 56.33 43.67 63.33 31.33 29.67 35.00 86.67 53.67 63.00 43.67 69.67 55.00 59.67 47.67 62.33 40.00 65.67 25.67 53.67 57.67 13.67 77.67 45.00 37.67 68.00 32.00 44.00 43.33 17.33 31.67 82.67 25.67 58.33 54.67 37.33 24.00 52.00 37.00 60.33 75.67 42.67 75.67 74.00 61.33 74.00 47.67 50.33 42.33 41.00 67.00 42.00 77.00 52.00 34.00 80.67 66.00 64.00 32.00 43.67 43.00 47.00 52.67 44.33 23.67 61.33 47.00 54.67 25.67 39.67 58.33 27.00 48.67 29.67 66.67 35.33 57.67 59.00 39.33 50.00 71.33 70.33 59.00 60.67 81.00 3.00 71.67 57.00 39.33 35.67 31.00 74.67 26.33 53.67 30.33 42.33 53.67 45.00 29.33 61.00 40.67 45.33 84.00 68.33 47.33 61.33 36.00 65.00 46.67 14.67 37.33 63.33 72.67 30.00 63.67 35.67 38.67 24.33 37.33 39.67 71.67 40.67 41.00 53.00 25.33 36.33 37.33 51.00 59.67 48.33 27.00 27.33 64.00 38.67 43.67 26.33 51.00 33.00 48.33 40.00 35.33 33.33 62.67 81.67 25.67 23.67 56.00 53.33 45.00 27.00 35.00 48.00 61.67 64.67 42.67 59.00 49.33 32.33 57.33 68.00 68.33 70.00 53.67 55.67 39.67 26.00 44.67 14.67 21.33 58.67 43.33 86.33 61.33 73.67 39.00 48.33 30.00 55.33 63.33 76.33 55.67 39.67 49.33 73.00 48.00 47.33 58.67 39.67 40.67 64.67 49.00 50.67 68.67 62.67 72.33 25.67 42.33 37.67 46.33 
