=================================================
  MPI Parallel Traffic Simulation Output
  Group 10
=================================================
Grid Size  : 200 x 200
Lanes      : 3
Time Steps : 200
Processes  : 8
Exec Time  : 0.019252 seconds

--- Lane 0 ---
83.00 15.00 86.00 21.00 90.00 26.00 72.00 68.00 82.00 23.00 29.00 58.00 93.00 42.00 21.00 37.00 15.00 26.00 56.00 70.00 5.00 27.00 46.00 57.00 82.00 67.00 43.00 8.00 88.00 51.00 32.00 68.00 26.00 39.00 34.00 1.00 17.00 56.00 86.00 89.00 40.00 17.00 81.00 27.00 97.00 65.00 19.00 71.00 3.00 68.00 40.00 23.00 46.00 55.00 64.00 50.00 34.00 14.00 43.00 65.00 32.00 28.00 74.00 95.00 35.00 28.00 28.00 4.00 13.00 40.00 28.00 17.00 24.00 83.00 72.00 90.00 54.00 82.00 97.00 4.00 22.00 43.00 40.00 10.00 61.00 5.00 44.00 65.00 82.00 37.00 0.00 99.00 68.00 31.00 33.00 63.00 99.00 73.00 90.00 66.00 90.00 42.00 45.00 18.00 48.00 9.00 42.00 1.00 21.00 99.00 39.00 67.00 27.00 58.00 22.00 81.00 92.00 50.00 22.00 42.00 98.00 90.00 19.00 55.00 79.00 76.00 60.00 84.00 21.00 13.00 26.00 2.00 84.00 68.00 72.00 98.00 53.00 33.00 90.00 46.00 0.00 97.00 3.00 97.00 86.00 96.00 57.00 60.00 60.00 27.00 56.00 97.00 39.00 3.00 47.00 51.00 39.00 27.00 49.00 29.00 77.00 71.00 67.00 95.00 29.00 40.00 26.00 42.00 23.00 9.00 96.00 34.00 24.00 68.00 12.00 46.00 16.00 29.00 47.00 80.00 57.00 86.00 12.00 79.00 89.00 41.00 87.00 66.00 56.00 60.00 5.00 18.00 73.00 37.00 7.00 14.00 0.00 38.00 74.00 81.00 
70.00 43.69 55.30 46.08 59.72 49.59 59.63 61.08 60.35 43.90 43.44 53.24 61.26 46.91 37.01 37.01 32.36 36.85 46.76 48.82 33.07 37.05 45.74 53.65 61.41 56.69 46.65 39.15 56.51 49.88 44.29 49.39 39.25 38.67 34.90 27.16 34.35 51.05 64.28 64.67 49.64 42.89 56.34 49.96 64.77 56.78 44.03 50.71 37.91 50.38 45.35 41.32 47.79 52.57 54.49 48.61 40.52 34.61 42.19 48.29 41.67 43.02 57.35 62.28 45.14 36.83 32.21 25.12 27.83 35.76 34.91 34.35 42.18 61.98 66.26 70.47 63.16 67.44 64.56 37.69 35.72 40.14 38.92 33.28 42.94 33.99 45.04 55.11 59.02 46.23 39.40 62.80 58.17 47.39 48.50 60.70 73.36 70.73 72.80 66.70 66.70 51.45 44.93 36.13 38.92 30.34 34.93 28.37 38.47 60.25 51.50 54.40 46.06 51.24 47.86 64.02 67.93 55.08 45.87 53.14 69.39 66.70 48.76 55.64 64.03 64.18 59.35 58.31 38.39 30.66 32.26 33.48 57.69 62.14 66.39 71.34 59.02 52.91 62.90 50.93 40.69 60.28 47.36 70.32 74.10 74.49 62.72 58.75 55.01 47.04 54.64 62.74 45.77 33.61 42.57 45.29 42.29 39.97 45.66 46.28 60.47 63.20 63.50 65.55 46.84 42.67 37.76 39.19 34.72 35.53 55.80 43.81 39.69 46.78 34.80 38.95 33.60 38.72 48.76 60.55 59.15 62.84 48.65 64.08 68.60 59.24 67.14 61.52 55.08 49.19 32.96 35.13 47.66 38.30 27.28 26.35 26.93 41.05 49.63 20.00 
13.00 34.43 45.39 48.20 53.14 52.92 55.79 56.37 54.56 49.08 47.98 50.65 52.24 47.61 43.22 41.66 40.48 42.22 45.34 45.52 41.53 42.53 46.40 50.54 53.39 51.78 47.87 45.62 49.16 47.82 45.94 45.89 42.74 41.21 39.43 38.07 41.93 49.38 55.30 55.77 51.11 48.72 51.69 51.89 55.43 53.32 49.47 49.62 47.14 49.77 49.14 48.58 50.68 52.44 52.32 49.09 44.73 41.84 43.16 44.76 43.91 45.57 50.49 51.87 46.47 41.83 38.57 36.04 36.96 39.83 41.10 42.98 48.16 56.35 60.53 62.43 60.75 60.09 56.13 46.51 42.98 42.82 42.11 41.04 43.27 42.79 46.98 51.35 52.78 49.55 48.58 54.62 54.43 51.86 52.95 58.08 63.25 64.06 64.11 61.58 58.81 52.22 47.02 42.47 40.92 38.20 38.70 38.74 43.95 51.69 52.03 52.71 51.26 52.74 53.88 59.05 60.44 56.41 53.28 55.45 59.97 58.99 54.07 55.14 57.60 57.55 55.07 51.56 43.63 39.06 39.02 42.11 51.33 56.58 60.13 61.86 58.63 56.44 57.47 53.83 51.34 55.90 55.81 62.83 65.70 65.24 60.77 57.33 54.32 51.50 52.78 53.50 47.67 42.98 44.24 45.19 44.73 44.79 47.25 49.86 55.30 57.81 58.21 56.84 50.07 45.97 43.03 42.15 41.06 42.50 47.79 45.66 44.07 44.55 41.35 41.32 40.68 43.51 48.81 54.31 56.18 57.46 55.50 59.83 61.83 60.01 60.61 57.76 53.47 48.57 42.35 41.63 43.85 40.87 37.05 36.80 39.96 49.37 63.35 90.00 
23.00 35.53 43.44 47.98 51.45 52.93 54.13 54.09 52.71 50.34 49.36 49.82 50.00 48.45 46.73 45.84 45.47 46.00 46.76 46.46 45.19 45.44 47.04 48.92 50.01 49.34 47.67 46.58 47.00 46.53 45.80 45.36 44.26 43.49 42.97 43.21 45.42 48.91 51.62 52.02 50.50 49.51 50.16 50.77 51.92 51.60 50.70 50.69 50.56 51.54 51.89 52.15 52.89 53.24 52.43 50.15 47.27 45.05 44.44 44.50 44.59 45.76 47.84 48.60 47.05 45.12 43.60 42.76 43.26 44.63 45.94 47.72 50.72 54.50 56.98 57.98 57.37 56.12 53.39 49.21 46.73 45.80 45.30 45.13 45.93 46.62 48.54 50.49 51.27 50.69 50.82 52.63 53.03 52.70 53.50 55.72 57.94 58.73 58.57 57.22 55.07 51.64 48.31 45.44 43.66 42.34 42.39 43.40 46.34 49.98 51.63 52.60 52.98 54.03 55.36 57.40 58.00 56.66 55.37 55.63 56.50 55.79 54.05 53.83 54.22 53.75 52.08 49.42 45.63 43.10 42.88 44.93 49.25 52.98 55.76 57.23 56.86 56.30 56.20 55.07 54.51 55.90 56.99 59.50 60.75 60.20 58.00 55.65 53.53 51.90 51.45 50.73 48.29 46.23 46.03 46.27 46.42 46.97 48.45 50.41 52.96 54.48 54.68 53.48 50.50 47.91 46.00 45.04 44.66 45.42 47.03 46.79 46.18 45.75 44.56 44.14 44.24 45.86 48.71 51.77 53.78 55.14 55.76 57.53 58.49 58.01 57.28 55.24 52.32 49.05 45.95 44.76 44.69 43.62 42.55 43.16 46.16 52.71 64.16 89.00 
46.00 41.03 44.50 48.35 51.25 52.81 53.45 53.16 52.11 50.79 50.06 50.02 50.10 49.79 49.39 49.17 49.08 49.11 48.97 48.39 47.57 47.35 47.77 48.39 48.65 48.16 47.21 46.42 46.13 45.82 45.53 45.35 45.10 44.99 45.12 45.72 47.07 48.79 50.04 50.23 49.60 49.07 49.15 49.55 50.20 50.56 50.84 51.39 52.04 52.92 53.56 53.97 54.23 54.02 53.02 51.17 48.93 46.97 45.78 45.27 45.32 46.07 47.26 48.03 47.96 47.54 47.17 47.11 47.57 48.39 49.33 50.47 52.01 53.68 54.81 55.16 54.72 53.72 52.10 50.10 48.68 47.96 47.67 47.72 48.18 48.82 49.80 50.73 51.19 51.23 51.47 52.12 52.43 52.50 52.91 53.80 54.70 55.11 55.00 54.29 52.99 51.07 48.96 47.00 45.52 44.62 44.63 45.53 47.39 49.59 51.23 52.43 53.36 54.41 55.54 56.65 57.05 56.57 55.84 55.40 55.05 54.24 53.19 52.61 52.27 51.64 50.42 48.67 46.59 45.11 44.85 45.96 48.24 50.70 52.83 54.30 54.94 55.19 55.32 55.16 55.19 55.80 56.50 57.39 57.68 57.05 55.62 53.97 52.43 51.21 50.42 49.61 48.41 47.43 47.12 47.19 47.44 47.99 48.96 50.20 51.54 52.40 52.51 51.80 50.34 48.86 47.68 47.01 46.83 47.21 47.85 47.98 47.75 47.34 46.67 46.23 46.24 47.04 48.58 50.42 52.06 53.44 54.53 55.62 56.16 55.89 55.03 53.47 51.41 49.23 47.36 46.35 45.97 45.63 45.57 46.34 48.16 50.67 51.33 40.00 
27.00 37.77 44.55 48.91 51.60 52.94 53.28 52.88 52.05 51.20 50.74 50.76 51.04 51.32 51.56 51.75 51.79 51.62 51.14 50.37 49.52 48.94 48.70 48.60 48.35 47.77 46.97 46.25 45.78 45.50 45.39 45.43 45.56 45.81 46.24 46.91 47.81 48.73 49.29 49.29 48.87 48.46 48.37 48.62 49.15 49.82 50.61 51.55 52.56 53.52 54.26 54.70 54.80 54.44 53.49 51.98 50.17 48.46 47.20 46.51 46.42 46.91 47.74 48.53 49.02 49.30 49.52 49.82 50.28 50.85 51.43 52.02 52.63 53.16 53.40 53.27 52.80 52.08 51.18 50.23 49.54 49.18 49.11 49.28 49.67 50.18 50.77 51.28 51.57 51.69 51.85 52.09 52.20 52.19 52.25 52.46 52.73 52.89 52.88 52.59 51.91 50.79 49.35 47.84 46.55 45.73 45.62 46.26 47.56 49.15 50.62 51.90 53.02 54.11 55.16 56.03 56.46 56.32 55.80 55.13 54.34 53.40 52.46 51.73 51.18 50.55 49.68 48.53 47.28 46.31 45.97 46.45 47.66 49.23 50.82 52.15 53.10 53.74 54.17 54.43 54.71 55.11 55.49 55.73 55.56 54.86 53.75 52.48 51.28 50.28 49.53 48.89 48.26 47.80 47.65 47.74 47.99 48.42 49.05 49.81 50.55 51.04 51.11 50.72 49.96 49.13 48.45 48.07 48.05 48.36 48.80 49.04 49.00 48.68 48.14 47.64 47.40 47.65 48.42 49.54 50.78 51.99 53.06 53.91 54.30 54.10 53.37 52.15 50.64 49.10 47.82 47.05 46.77 46.77 47.08 47.77 48.84 50.00 50.26 46.00 
14.00 38.04 46.17 50.12 52.25 53.19 53.28 52.84 52.19 51.65 51.46 51.66 52.12 52.66 53.16 53.51 53.61 53.39 52.85 52.05 51.18 50.42 49.83 49.31 48.72 47.96 47.12 46.36 45.81 45.51 45.44 45.57 45.84 46.24 46.78 47.42 48.11 48.67 48.91 48.77 48.36 47.94 47.76 47.92 48.42 49.21 50.22 51.37 52.51 53.52 54.27 54.70 54.80 54.50 53.75 52.59 51.19 49.80 48.67 47.99 47.80 48.08 48.68 49.36 49.96 50.46 50.89 51.31 51.76 52.19 52.55 52.77 52.84 52.73 52.43 51.96 51.41 50.86 50.34 49.92 49.66 49.59 49.70 49.99 50.43 50.93 51.41 51.80 52.04 52.17 52.26 52.32 52.27 52.10 51.89 51.74 51.69 51.74 51.83 51.83 51.55 50.85 49.74 48.39 47.10 46.17 45.85 46.20 47.14 48.40 49.75 51.03 52.24 53.39 54.45 55.34 55.85 55.90 55.51 54.78 53.85 52.83 51.88 51.13 50.56 50.07 49.50 48.79 47.99 47.27 46.85 46.88 47.41 48.32 49.42 50.50 51.42 52.16 52.73 53.19 53.59 53.95 54.19 54.21 53.90 53.22 52.28 51.24 50.25 49.42 48.78 48.31 47.99 47.83 47.85 48.00 48.25 48.57 48.97 49.41 49.82 50.07 50.08 49.83 49.37 48.87 48.49 48.36 48.52 48.93 49.43 49.79 49.86 49.60 49.09 48.51 48.09 47.99 48.30 48.95 49.83 50.81 51.74 52.47 52.83 52.73 52.18 51.25 50.07 48.87 47.87 47.26 47.08 47.26 47.69 48.27 48.91 49.85 53.50 75.00 
79.00 53.69 51.08 52.00 52.94 53.32 53.19 52.77 52.30 52.02 52.05 52.39 52.93 53.51 54.01 54.35 54.45 54.28 53.83 53.19 52.45 51.73 51.04 50.33 49.53 48.61 47.67 46.82 46.20 45.84 45.74 45.84 46.11 46.52 47.05 47.65 48.22 48.62 48.71 48.46 48.00 47.54 47.27 47.35 47.83 48.67 49.77 50.99 52.16 53.15 53.87 54.31 54.46 54.31 53.84 53.06 52.06 51.01 50.10 49.48 49.23 49.32 49.66 50.13 50.62 51.08 51.51 51.94 52.36 52.74 52.98 53.02 52.81 52.38 51.77 51.09 50.45 49.93 49.56 49.34 49.28 49.36 49.61 50.01 50.54 51.13 51.67 52.10 52.41 52.60 52.70 52.71 52.58 52.30 51.93 51.57 51.37 51.38 51.57 51.77 51.73 51.25 50.27 48.92 47.51 46.36 45.76 45.80 46.42 47.46 48.70 49.98 51.24 52.45 53.58 54.52 55.14 55.30 54.99 54.27 53.29 52.25 51.32 50.63 50.18 49.91 49.65 49.29 48.80 48.23 47.73 47.44 47.48 47.87 48.50 49.24 49.97 50.62 51.17 51.66 52.09 52.46 52.70 52.71 52.44 51.89 51.13 50.28 49.45 48.75 48.23 47.90 47.75 47.77 47.92 48.14 48.38 48.63 48.87 49.09 49.26 49.32 49.22 48.94 48.56 48.19 47.97 48.03 48.39 48.98 49.63 50.13 50.30 50.11 49.63 49.03 48.52 48.25 48.29 48.64 49.23 49.97 50.74 51.39 51.78 51.82 51.46 50.75 49.77 48.73 47.83 47.27 47.13 47.37 47.84 48.30 48.30 46.65 38.73 3.00 
18.00 46.19 51.62 52.82 53.14 53.11 52.85 52.50 52.24 52.18 52.38 52.77 53.25 53.69 54.04 54.25 54.31 54.23 54.00 53.66 53.24 52.74 52.15 51.44 50.56 49.55 48.52 47.60 46.90 46.46 46.27 46.28 46.46 46.80 47.27 47.80 48.30 48.60 48.59 48.26 47.72 47.16 46.80 46.81 47.26 48.12 49.27 50.52 51.69 52.64 53.33 53.78 54.01 54.04 53.84 53.40 52.76 52.02 51.32 50.78 50.47 50.38 50.48 50.70 50.98 51.31 51.67 52.07 52.48 52.83 53.03 53.00 52.69 52.11 51.36 50.57 49.86 49.30 48.92 48.71 48.65 48.76 49.05 49.53 50.17 50.87 51.55 52.13 52.57 52.89 53.09 53.15 53.04 52.73 52.29 51.85 51.59 51.60 51.86 52.19 52.30 51.92 50.98 49.57 48.00 46.62 45.70 45.40 45.72 46.54 47.66 48.93 50.23 51.49 52.66 53.65 54.31 54.53 54.25 53.55 52.57 51.55 50.69 50.13 49.89 49.87 49.92 49.87 49.63 49.18 48.63 48.13 47.82 47.78 47.99 48.37 48.81 49.25 49.66 50.06 50.46 50.83 51.11 51.21 51.08 50.72 50.17 49.52 48.87 48.31 47.90 47.67 47.63 47.75 47.97 48.22 48.46 48.64 48.77 48.82 48.80 48.67 48.40 48.02 47.58 47.22 47.08 47.28 47.82 48.62 49.46 50.12 50.42 50.32 49.91 49.38 48.90 48.59 48.50 48.64 49.00 49.52 50.12 50.71 51.15 51.32 51.16 50.62 49.78 48.80 47.89 47.29 47.11 47.37 47.92 48.55 49.05 49.48 51.65 67.00 
78.00 61.16 55.81 53.81 52.96 52.51 52.21 52.00 51.94 52.07 52.36 52.72 53.04 53.25 53.34 53.36 53.36 53.39 53.43 53.47 53.46 53.31 52.98 52.40 51.58 50.57 49.50 48.52 47.75 47.22 46.93 46.84 46.91 47.14 47.52 47.97 48.38 48.60 48.51 48.08 47.44 46.77 46.31 46.26 46.69 47.58 48.77 50.05 51.21 52.14 52.81 53.27 53.57 53.74 53.75 53.56 53.19 52.69 52.17 51.72 51.38 51.17 51.07 51.07 51.17 51.37 51.67 52.05 52.44 52.78 52.97 52.91 52.56 51.94 51.15 50.33 49.57 48.95 48.50 48.18 48.03 48.05 48.30 48.80 49.51 50.33 51.16 51.91 52.53 53.02 53.37 53.54 53.51 53.26 52.86 52.44 52.19 52.23 52.54 52.93 53.09 52.76 51.82 50.38 48.69 47.10 45.90 45.28 45.28 45.85 46.83 48.04 49.34 50.63 51.83 52.82 53.47 53.68 53.39 52.69 51.74 50.79 50.04 49.64 49.61 49.85 50.17 50.38 50.34 50.01 49.46 48.84 48.30 47.96 47.83 47.87 47.99 48.16 48.35 48.60 48.90 49.24 49.55 49.76 49.79 49.63 49.30 48.87 48.42 48.02 47.74 47.60 47.63 47.78 48.01 48.26 48.46 48.60 48.64 48.57 48.39 48.07 47.64 47.10 46.56 46.17 46.07 46.38 47.09 48.08 49.11 49.93 50.37 50.40 50.13 49.73 49.36 49.10 48.97 48.97 49.13 49.43 49.87 50.37 50.84 51.15 51.15 50.78 50.05 49.09 48.14 47.43 47.17 47.39 48.00 48.84 49.70 50.42 51.30 55.00 
89.00 64.51 56.46 53.35 52.05 51.51 51.31 51.30 51.43 51.69 52.00 52.26 52.38 52.33 52.15 51.97 51.91 52.03 52.34 52.75 53.14 53.39 53.36 53.00 52.31 51.37 50.32 49.33 48.52 47.94 47.57 47.39 47.37 47.52 47.80 48.17 48.50 48.63 48.44 47.91 47.15 46.38 45.84 45.74 46.17 47.08 48.32 49.63 50.80 51.72 52.38 52.84 53.18 53.42 53.54 53.49 53.28 52.94 52.56 52.20 51.90 51.64 51.44 51.33 51.33 51.48 51.76 52.14 52.52 52.83 52.97 52.86 52.47 51.83 51.05 50.24 49.49 48.85 48.32 47.90 47.60 47.49 47.65 48.10 48.82 49.72 50.67 51.57 52.36 53.01 53.50 53.81 53.90 53.78 53.50 53.20 53.03 53.12 53.43 53.80 53.94 53.60 52.68 51.25 49.54 47.84 46.44 45.54 45.25 45.55 46.33 47.44 48.70 49.98 51.17 52.12 52.73 52.88 52.55 51.84 50.93 50.07 49.45 49.22 49.38 49.81 50.33 50.72 50.83 50.60 50.10 49.45 48.81 48.28 47.92 47.67 47.51 47.39 47.34 47.40 47.58 47.86 48.17 48.44 48.60 48.60 48.46 48.23 47.97 47.75 47.62 47.60 47.67 47.83 48.02 48.21 48.37 48.45 48.44 48.30 48.01 47.56 46.98 46.32 45.71 45.29 45.23 45.64 46.48 47.62 48.81 49.77 50.36 50.54 50.44 50.23 50.01 49.83 49.70 49.60 49.56 49.65 49.90 50.29 50.75 51.14 51.29 51.08 50.47 49.56 48.56 47.76 47.37 47.52 48.19 49.25 50.49 51.20 48.09 25.00 
36.00 51.54 52.31 51.24 50.51 50.25 50.29 50.49 50.78 51.10 51.38 51.53 51.47 51.19 50.80 50.47 50.35 50.54 51.03 51.70 52.41 52.96 53.21 53.06 52.53 51.69 50.72 49.77 48.98 48.40 48.01 47.81 47.76 47.86 48.10 48.39 48.63 48.67 48.39 47.77 46.93 46.09 45.50 45.37 45.81 46.74 48.00 49.32 50.48 51.38 52.02 52.47 52.80 53.04 53.18 53.17 53.02 52.77 52.49 52.24 52.01 51.81 51.63 51.52 51.54 51.73 52.05 52.45 52.81 53.05 53.09 52.87 52.40 51.73 50.95 50.18 49.48 48.88 48.35 47.87 47.49 47.26 47.30 47.68 48.36 49.27 50.28 51.27 52.16 52.91 53.49 53.91 54.14 54.18 54.09 53.96 53.92 54.06 54.34 54.61 54.66 54.28 53.39 52.04 50.42 48.75 47.28 46.19 45.63 45.65 46.19 47.14 48.32 49.57 50.73 51.64 52.17 52.24 51.86 51.14 50.28 49.51 49.03 48.94 49.23 49.78 50.40 50.88 51.07 50.93 50.49 49.88 49.24 48.65 48.15 47.72 47.32 46.96 46.68 46.55 46.60 46.80 47.09 47.38 47.59 47.67 47.64 47.54 47.46 47.42 47.46 47.56 47.69 47.83 47.96 48.07 48.16 48.22 48.19 48.03 47.69 47.18 46.53 45.83 45.20 44.80 44.81 45.29 46.23 47.47 48.74 49.80 50.51 50.84 50.93 50.90 50.84 50.76 50.63 50.43 50.22 50.08 50.12 50.35 50.74 51.17 51.44 51.39 50.93 50.11 49.13 48.26 47.76 47.82 48.49 49.83 52.03 55.92 64.94 95.00 
64.00 53.60 50.45 49.26 48.93 49.04 49.36 49.74 50.11 50.44 50.65 50.69 50.50 50.10 49.61 49.20 49.05 49.26 49.81 50.59 51.42 52.11 52.51 52.50 52.10 51.39 50.53 49.68 48.98 48.46 48.14 47.99 47.98 48.10 48.32 48.58 48.76 48.73 48.39 47.73 46.86 46.01 45.42 45.30 45.73 46.66 47.88 49.15 50.26 51.10 51.68 52.08 52.36 52.55 52.64 52.61 52.47 52.27 52.07 51.92 51.80 51.70 51.63 51.63 51.77 52.07 52.48 52.91 53.24 53.37 53.25 52.88 52.29 51.54 50.75 50.02 49.42 48.92 48.49 48.08 47.70 47.43 47.38 47.66 48.28 49.14 50.14 51.14 52.03 52.78 53.38 53.84 54.16 54.37 54.48 54.57 54.68 54.85 55.06 55.19 55.10 54.65 53.81 52.62 51.19 49.67 48.24 47.07 46.31 46.06 46.35 47.10 48.16 49.36 50.49 51.37 51.85 51.85 51.42 50.68 49.86 49.17 48.79 48.80 49.17 49.77 50.41 50.92 51.14 51.05 50.68 50.14 49.55 48.99 48.45 47.91 47.36 46.81 46.35 46.07 46.00 46.14 46.39 46.66 46.85 46.93 46.92 46.89 46.92 47.05 47.25 47.48 47.68 47.80 47.85 47.88 47.91 47.96 47.95 47.82 47.51 47.02 46.39 45.72 45.15 44.83 44.90 45.45 46.43 47.68 48.97 50.06 50.83 51.28 51.52 51.66 51.75 51.75 51.62 51.34 50.96 50.61 50.42 50.46 50.73 51.14 51.49 51.60 51.32 50.65 49.76 48.89 48.31 48.24 48.81 50.09 52.27 55.75 60.90 65.00 
54.00 48.75 47.20 47.10 47.52 48.12 48.71 49.22 49.60 49.87 50.00 49.96 49.72 49.30 48.80 48.40 48.24 48.42 48.91 49.61 50.36 51.00 51.37 51.40 51.07 50.48 49.76 49.08 48.52 48.15 47.95 47.90 47.97 48.15 48.40 48.66 48.84 48.80 48.47 47.84 47.02 46.22 45.68 45.59 46.01 46.88 48.00 49.13 50.10 50.82 51.29 51.60 51.80 51.93 51.98 51.93 51.80 51.63 51.48 51.40 51.38 51.39 51.46 51.61 51.92 52.36 52.87 53.32 53.58 53.58 53.30 52.76 52.03 51.20 50.40 49.72 49.23 48.91 48.67 48.43 48.16 47.93 47.86 48.08 48.60 49.38 50.29 51.19 51.99 52.64 53.15 53.58 53.95 54.29 54.61 54.90 55.15 55.35 55.46 55.42 55.18 54.68 53.91 52.91 51.74 50.45 49.16 47.98 47.08 46.60 46.64 47.19 48.14 49.29 50.41 51.28 51.73 51.69 51.22 50.47 49.66 49.02 48.71 48.78 49.18 49.79 50.42 50.91 51.13 51.06 50.74 50.27 49.77 49.27 48.76 48.20 47.55 46.88 46.28 45.88 45.74 45.83 46.06 46.30 46.45 46.47 46.42 46.40 46.49 46.74 47.09 47.43 47.68 47.78 47.78 47.73 47.72 47.77 47.81 47.76 47.54 47.14 46.60 46.03 45.56 45.34 45.48 46.05 47.01 48.19 49.41 50.45 51.23 51.75 52.10 52.37 52.57 52.64 52.51 52.16 51.65 51.12 50.72 50.56 50.69 51.04 51.44 51.68 51.59 51.12 50.38 49.58 48.98 48.77 49.10 50.04 51.69 54.26 58.08 64.00 
38.00 40.52 43.07 45.05 46.54 47.69 48.53 49.09 49.43 49.60 49.64 49.54 49.30 48.92 48.50 48.16 48.01 48.12 48.46 48.93 49.42 49.81 50.01 49.94 49.63 49.15 48.62 48.14 47.79 47.59 47.53 47.58 47.73 47.96 48.26 48.56 48.78 48.82 48.59 48.09 47.41 46.74 46.30 46.24 46.63 47.38 48.32 49.24 49.99 50.52 50.84 51.03 51.15 51.24 51.27 51.24 51.14 51.01 50.90 50.86 50.89 50.99 51.17 51.48 51.93 52.49 53.05 53.48 53.64 53.50 53.06 52.38 51.55 50.68 49.87 49.27 48.92 48.80 48.80 48.80 48.73 48.63 48.60 48.78 49.22 49.88 50.64 51.38 51.99 52.45 52.81 53.15 53.52 53.96 54.44 54.91 55.28 55.49 55.50 55.32 54.95 54.42 53.75 52.95 52.02 50.98 49.84 48.70 47.71 47.06 46.91 47.30 48.15 49.28 50.41 51.30 51.75 51.71 51.22 50.46 49.65 49.02 48.72 48.80 49.20 49.80 50.41 50.88 51.10 51.03 50.74 50.35 49.93 49.53 49.08 48.53 47.84 47.07 46.38 45.90 45.71 45.79 46.02 46.25 46.37 46.34 46.23 46.19 46.32 46.64 47.08 47.49 47.77 47.86 47.81 47.71 47.68 47.75 47.86 47.91 47.82 47.54 47.14 46.70 46.34 46.20 46.37 46.90 47.76 48.81 49.88 50.82 51.54 52.07 52.49 52.85 53.14 53.27 53.16 52.78 52.19 51.53 50.97 50.64 50.63 50.89 51.30 51.65 51.74 51.49 50.95 50.27 49.68 49.36 49.40 49.84 50.65 51.82 53.33 55.00 
18.00 32.49 39.94 43.93 46.35 47.92 48.92 49.48 49.74 49.80 49.74 49.59 49.35 49.04 48.71 48.45 48.32 48.34 48.47 48.62 48.74 48.76 48.66 48.43 48.09 47.72 47.39 47.16 47.04 47.01 47.05 47.14 47.30 47.54 47.86 48.22 48.54 48.73 48.69 48.39 47.92 47.44 47.14 47.14 47.48 48.08 48.78 49.43 49.92 50.22 50.37 50.44 50.49 50.55 50.60 50.62 50.59 50.53 50.47 50.45 50.50 50.64 50.90 51.30 51.84 52.44 52.98 53.30 53.32 53.02 52.45 51.69 50.83 49.98 49.24 48.74 48.54 48.61 48.85 49.10 49.27 49.34 49.41 49.60 49.97 50.50 51.08 51.59 51.97 52.20 52.38 52.59 52.94 53.44 54.06 54.66 55.12 55.34 55.29 55.00 54.55 54.02 53.44 52.80 52.07 51.20 50.18 49.07 48.05 47.31 47.04 47.34 48.16 49.28 50.44 51.37 51.86 51.84 51.36 50.59 49.75 49.08 48.74 48.79 49.17 49.74 50.34 50.80 51.01 50.96 50.72 50.41 50.09 49.79 49.42 48.88 48.15 47.31 46.53 45.98 45.77 45.87 46.14 46.40 46.53 46.49 46.37 46.32 46.46 46.80 47.27 47.70 47.98 48.05 47.96 47.84 47.82 47.93 48.13 48.29 48.32 48.19 47.91 47.58 47.31 47.19 47.34 47.78 48.48 49.35 50.23 51.02 51.65 52.16 52.60 53.01 53.35 53.54 53.48 53.12 52.53 51.82 51.16 50.71 50.58 50.76 51.15 51.56 51.80 51.75 51.41 50.89 50.36 49.94 49.72 49.66 49.61 49.32 48.57 48.00 
4.00 31.62 40.39 44.55 47.12 48.81 49.86 50.40 50.57 50.52 50.36 50.14 49.89 49.60 49.33 49.12 49.00 48.94 48.86 48.70 48.42 48.03 47.58 47.14 46.76 46.49 46.38 46.39 46.49 46.60 46.68 46.73 46.81 46.96 47.24 47.63 48.07 48.44 48.63 48.59 48.39 48.14 48.00 48.07 48.37 48.81 49.27 49.63 49.84 49.92 49.91 49.87 49.87 49.93 50.02 50.12 50.18 50.21 50.21 50.24 50.33 50.50 50.81 51.26 51.80 52.35 52.75 52.89 52.70 52.22 51.54 50.74 49.93 49.18 48.57 48.21 48.15 48.39 48.81 49.27 49.64 49.90 50.09 50.33 50.66 51.07 51.47 51.77 51.91 51.92 51.92 52.02 52.32 52.86 53.56 54.26 54.79 55.03 54.95 54.61 54.14 53.63 53.11 52.57 51.94 51.14 50.17 49.08 48.05 47.29 47.01 47.31 48.14 49.29 50.49 51.45 51.98 52.00 51.55 50.77 49.89 49.15 48.73 48.69 49.01 49.54 50.12 50.57 50.79 50.79 50.64 50.44 50.26 50.07 49.77 49.24 48.46 47.53 46.65 46.04 45.82 45.94 46.28 46.61 46.80 46.81 46.73 46.70 46.84 47.17 47.60 48.00 48.24 48.28 48.19 48.09 48.11 48.29 48.57 48.85 49.01 48.98 48.80 48.54 48.29 48.14 48.20 48.51 49.03 49.69 50.38 51.01 51.54 51.99 52.41 52.82 53.20 53.44 53.45 53.18 52.66 51.99 51.32 50.82 50.59 50.68 51.02 51.45 51.79 51.90 51.75 51.39 50.94 50.50 50.11 49.73 49.07 47.47 43.77 38.00 
81.00 49.50 45.32 46.54 48.49 50.10 51.16 51.68 51.81 51.68 51.43 51.12 50.79 50.47 50.19 50.00 49.87 49.74 49.51 49.08 48.45 47.69 46.93 46.29 45.86 45.70 45.78 46.03 46.30 46.50 46.55 46.48 46.38 46.36 46.52 46.88 47.37 47.89 48.30 48.52 48.58 48.58 48.64 48.81 49.10 49.41 49.65 49.75 49.73 49.62 49.48 49.37 49.34 49.40 49.53 49.69 49.85 50.00 50.12 50.25 50.42 50.68 51.04 51.50 51.99 52.38 52.56 52.43 51.98 51.29 50.50 49.71 49.00 48.41 47.98 47.78 47.84 48.18 48.71 49.29 49.83 50.25 50.58 50.88 51.21 51.53 51.78 51.90 51.85 51.70 51.56 51.55 51.80 52.33 53.06 53.82 54.40 54.67 54.60 54.28 53.82 53.33 52.84 52.32 51.68 50.87 49.88 48.79 47.79 47.08 46.87 47.24 48.12 49.30 50.51 51.49 52.06 52.11 51.69 50.92 50.00 49.17 48.63 48.48 48.69 49.14 49.67 50.10 50.35 50.43 50.42 50.40 50.41 50.36 50.12 49.58 48.72 47.68 46.71 46.03 45.79 45.95 46.35 46.77 47.05 47.15 47.14 47.15 47.29 47.58 47.94 48.26 48.44 48.47 48.40 48.35 48.45 48.72 49.11 49.49 49.74 49.80 49.67 49.42 49.13 48.92 48.86 49.02 49.38 49.86 50.38 50.85 51.26 51.61 51.97 52.35 52.72 53.02 53.14 53.01 52.65 52.10 51.49 50.96 50.66 50.65 50.91 51.32 51.72 51.95 51.95 51.73 51.37 50.96 50.58 50.21 49.65 47.90 41.17 14.00 
22.00 39.86 44.39 47.22 49.55 51.32 52.47 53.05 53.18 53.03 52.71 52.30 51.86 51.45 51.11 50.88 50.73 50.56 50.22 49.62 48.76 47.75 46.76 45.98 45.53 45.45 45.70 46.12 46.53 46.77 46.74 46.49 46.15 45.89 45.84 46.06 46.52 47.09 47.63 48.05 48.35 48.59 48.86 49.17 49.49 49.72 49.80 49.72 49.52 49.29 49.08 48.94 48.89 48.94 49.08 49.30 49.56 49.84 50.13 50.43 50.77 51.16 51.61 52.08 52.48 52.68 52.58 52.13 51.39 50.49 49.58 48.81 48.22 47.82 47.60 47.55 47.71 48.08 48.63 49.27 49.89 50.43 50.88 51.26 51.60 51.87 52.03 52.04 51.89 51.64 51.41 51.32 51.50 51.97 52.67 53.42 54.03 54.35 54.32 54.04 53.61 53.14 52.64 52.07 51.37 50.48 49.44 48.36 47.41 46.81 46.71 47.17 48.10 49.29 50.49 51.46 52.03 52.12 51.72 50.96 50.01 49.10 48.44 48.15 48.22 48.56 49.00 49.39 49.67 49.86 50.04 50.27 50.50 50.62 50.46 49.89 48.94 47.80 46.73 45.99 45.74 45.92 46.37 46.86 47.22 47.39 47.45 47.50 47.64 47.88 48.17 48.40 48.53 48.54 48.52 48.56 48.76 49.13 49.62 50.09 50.41 50.51 50.39 50.10 49.75 49.45 49.29 49.33 49.56 49.91 50.29 50.62 50.89 51.13 51.37 51.67 52.02 52.36 52.60 52.67 52.52 52.16 51.65 51.14 50.75 50.62 50.77 51.12 51.52 51.83 51.95 51.86 51.59 51.26 51.00 51.01 51.62 53.56 59.14 77.00 
54.00 43.18 44.54 47.52 50.20 52.20 53.49 54.17 54.36 54.22 53.87 53.39 52.86 52.34 51.92 51.63 51.45 51.24 50.86 50.19 49.23 48.10 47.02 46.18 45.74 45.75 46.12 46.67 47.16 47.39 47.26 46.81 46.20 45.65 45.33 45.33 45.64 46.13 46.68 47.19 47.66 48.11 48.59 49.07 49.47 49.69 49.69 49.50 49.22 48.93 48.70 48.56 48.50 48.53 48.67 48.93 49.29 49.73 50.21 50.73 51.28 51.85 52.42 52.92 53.24 53.25 52.87 52.13 51.11 50.01 49.02 48.27 47.81 47.59 47.55 47.64 47.86 48.22 48.72 49.32 49.95 50.55 51.08 51.52 51.88 52.13 52.26 52.24 52.07 51.82 51.55 51.40 51.47 51.83 52.43 53.13 53.74 54.08 54.11 53.88 53.49 53.03 52.50 51.86 51.07 50.10 49.02 47.95 47.08 46.58 46.59 47.12 48.08 49.25 50.40 51.33 51.88 51.96 51.59 50.83 49.87 48.91 48.16 47.74 47.68 47.88 48.21 48.54 48.84 49.16 49.56 50.05 50.53 50.83 50.74 50.16 49.14 47.91 46.77 46.00 45.74 45.93 46.39 46.90 47.28 47.50 47.59 47.67 47.81 48.01 48.22 48.40 48.49 48.53 48.58 48.71 49.01 49.48 50.03 50.54 50.89 51.00 50.86 50.53 50.13 49.75 49.52 49.48 49.63 49.88 50.15 50.36 50.50 50.58 50.69 50.88 51.16 51.53 51.91 52.20 52.30 52.15 51.77 51.26 50.79 50.51 50.52 50.77 51.15 51.50 51.70 51.70 51.52 51.26 51.10 51.35 52.54 55.88 65.02 93.00 
13.00 33.92 42.30 47.15 50.40 52.62 54.02 54.78 55.04 54.95 54.62 54.13 53.57 53.02 52.55 52.21 51.99 51.75 51.35 50.68 49.72 48.60 47.54 46.75 46.38 46.48 46.95 47.59 48.12 48.31 48.07 47.42 46.56 45.71 45.10 44.82 44.88 45.18 45.61 46.11 46.65 47.27 47.95 48.61 49.14 49.41 49.40 49.19 48.89 48.60 48.40 48.26 48.20 48.21 48.34 48.63 49.08 49.68 50.36 51.09 51.85 52.60 53.29 53.83 54.09 53.95 53.38 52.42 51.22 50.00 48.96 48.26 47.91 47.85 47.97 48.16 48.39 48.68 49.07 49.56 50.13 50.72 51.27 51.73 52.09 52.34 52.48 52.49 52.39 52.19 51.95 51.76 51.73 51.94 52.38 52.97 53.51 53.86 53.94 53.77 53.42 52.97 52.41 51.71 50.85 49.82 48.72 47.68 46.87 46.46 46.54 47.11 48.04 49.16 50.24 51.10 51.59 51.64 51.26 50.52 49.57 48.61 47.83 47.34 47.17 47.24 47.46 47.73 48.05 48.49 49.08 49.80 50.51 50.97 50.95 50.37 49.31 48.05 46.90 46.13 45.87 46.06 46.50 46.97 47.32 47.50 47.58 47.66 47.79 47.97 48.16 48.31 48.42 48.50 48.63 48.85 49.23 49.74 50.31 50.82 51.14 51.22 51.06 50.71 50.26 49.85 49.57 49.49 49.58 49.77 49.96 50.07 50.08 50.03 49.99 50.05 50.27 50.65 51.15 51.64 51.98 52.04 51.78 51.27 50.70 50.26 50.11 50.24 50.55 50.90 51.16 51.23 51.13 50.92 50.78 50.97 51.69 52.82 52.34 38.00 
32.00 36.81 42.87 47.37 50.51 52.64 54.00 54.76 55.06 55.03 54.78 54.38 53.90 53.41 52.98 52.65 52.40 52.13 51.71 51.04 50.13 49.11 48.17 47.50 47.25 47.46 48.03 48.73 49.28 49.43 49.07 48.25 47.16 46.06 45.17 44.61 44.39 44.44 44.68 45.07 45.61 46.33 47.17 48.01 48.68 49.05 49.10 48.92 48.65 48.41 48.24 48.12 48.05 48.04 48.16 48.48 49.02 49.75 50.59 51.48 52.38 53.25 54.01 54.58 54.81 54.60 53.94 52.90 51.65 50.42 49.43 48.81 48.58 48.65 48.87 49.11 49.32 49.50 49.72 50.04 50.47 50.96 51.45 51.89 52.23 52.47 52.64 52.74 52.76 52.68 52.52 52.32 52.20 52.24 52.49 52.90 53.33 53.64 53.75 53.63 53.35 52.92 52.37 51.65 50.75 49.70 48.59 47.57 46.81 46.44 46.55 47.11 48.01 49.06 50.06 50.82 51.22 51.21 50.79 50.06 49.16 48.25 47.51 47.02 46.81 46.81 46.95 47.18 47.51 48.02 48.73 49.60 50.44 50.98 51.02 50.46 49.43 48.21 47.11 46.39 46.15 46.32 46.71 47.11 47.37 47.48 47.50 47.54 47.65 47.83 48.04 48.23 48.39 48.54 48.73 49.03 49.45 49.97 50.50 50.94 51.20 51.23 51.04 50.67 50.22 49.79 49.48 49.35 49.40 49.53 49.66 49.70 49.62 49.47 49.32 49.28 49.44 49.82 50.40 51.05 51.58 51.82 51.66 51.16 50.50 49.92 49.60 49.58 49.80 50.10 50.36 50.48 50.44 50.30 50.22 50.40 50.95 51.88 53.83 65.00 
23.00 38.11 44.38 48.07 50.62 52.39 53.52 54.17 54.45 54.48 54.36 54.14 53.85 53.55 53.26 53.02 52.79 52.48 52.00 51.31 50.45 49.54 48.75 48.25 48.16 48.50 49.16 49.92 50.48 50.58 50.12 49.15 47.89 46.60 45.52 44.75 44.31 44.12 44.15 44.38 44.87 45.61 46.56 47.53 48.33 48.81 48.95 48.84 48.64 48.46 48.33 48.22 48.12 48.08 48.19 48.54 49.16 49.98 50.91 51.87 52.81 53.68 54.44 54.98 55.20 55.00 54.37 53.40 52.25 51.14 50.28 49.80 49.69 49.86 50.14 50.39 50.52 50.56 50.59 50.69 50.91 51.24 51.62 51.97 52.26 52.50 52.71 52.91 53.07 53.15 53.11 52.97 52.78 52.67 52.70 52.89 53.14 53.36 53.46 53.40 53.20 52.86 52.37 51.69 50.80 49.74 48.63 47.61 46.87 46.52 46.64 47.19 48.05 49.03 49.94 50.60 50.88 50.76 50.27 49.54 48.70 47.91 47.28 46.88 46.70 46.71 46.83 47.03 47.35 47.86 48.60 49.47 50.31 50.84 50.88 50.37 49.44 48.32 47.33 46.70 46.49 46.65 46.99 47.30 47.47 47.48 47.42 47.40 47.48 47.67 47.92 48.17 48.40 48.63 48.89 49.24 49.68 50.17 50.63 50.97 51.13 51.09 50.86 50.49 50.05 49.62 49.28 49.09 49.06 49.12 49.19 49.20 49.10 48.93 48.75 48.67 48.79 49.16 49.77 50.50 51.14 51.50 51.44 50.98 50.29 49.62 49.16 48.99 49.06 49.25 49.46 49.58 49.60 49.57 49.62 49.92 50.47 50.53 46.44 22.00 
51.00 47.98 47.95 49.24 50.74 51.95 52.76 53.21 53.42 53.50 53.53 53.53 53.52 53.50 53.47 53.39 53.22 52.89 52.34 51.59 50.72 49.87 49.21 48.86 48.93 49.41 50.18 51.00 51.56 51.62 51.06 49.97 48.60 47.22 46.07 45.23 44.68 44.36 44.22 44.31 44.68 45.39 46.34 47.38 48.25 48.82 49.04 49.02 48.90 48.78 48.69 48.59 48.47 48.40 48.49 48.85 49.49 50.35 51.29 52.22 53.08 53.85 54.50 54.97 55.17 55.01 54.50 53.70 52.77 51.89 51.24 50.92 50.94 51.18 51.50 51.72 51.77 51.66 51.49 51.36 51.35 51.48 51.70 51.95 52.18 52.39 52.64 52.92 53.23 53.49 53.61 53.56 53.36 53.12 52.93 52.85 52.87 52.94 53.00 53.00 52.91 52.71 52.35 51.77 50.94 49.92 48.81 47.79 47.05 46.72 46.86 47.43 48.27 49.21 50.03 50.56 50.69 50.42 49.84 49.09 48.32 47.67 47.21 46.96 46.91 46.98 47.12 47.31 47.59 48.02 48.64 49.37 50.06 50.49 50.50 50.06 49.26 48.33 47.50 46.97 46.81 46.95 47.23 47.48 47.57 47.50 47.37 47.28 47.33 47.53 47.81 48.12 48.42 48.71 49.03 49.42 49.86 50.31 50.69 50.93 50.99 50.87 50.62 50.26 49.83 49.39 49.00 48.72 48.58 48.55 48.57 48.57 48.52 48.40 48.28 48.23 48.36 48.73 49.33 50.06 50.75 51.19 51.24 50.88 50.25 49.57 49.02 48.68 48.55 48.57 48.65 48.74 48.81 48.89 49.14 49.80 51.20 53.96 59.78 75.00 
80.00 54.64 49.77 49.67 50.54 51.36 51.88 52.15 52.27 52.38 52.53 52.76 53.05 53.37 53.65 53.81 53.76 53.43 52.80 51.95 51.01 50.16 49.56 49.32 49.51 50.11 50.97 51.84 52.39 52.38 51.72 50.55 49.14 47.78 46.71 45.96 45.49 45.18 44.98 44.95 45.19 45.76 46.62 47.60 48.47 49.06 49.33 49.39 49.36 49.32 49.28 49.19 49.06 48.96 49.01 49.34 49.96 50.78 51.66 52.48 53.18 53.77 54.24 54.58 54.71 54.60 54.24 53.67 53.01 52.40 51.98 51.82 51.94 52.24 52.57 52.77 52.76 52.54 52.21 51.88 51.67 51.62 51.68 51.81 51.96 52.14 52.39 52.75 53.18 53.60 53.90 53.98 53.81 53.47 53.05 52.69 52.43 52.31 52.29 52.34 52.39 52.39 52.22 51.81 51.11 50.16 49.09 48.11 47.40 47.13 47.34 47.95 48.82 49.72 50.44 50.82 50.76 50.32 49.61 48.82 48.12 47.61 47.33 47.27 47.38 47.56 47.76 47.93 48.12 48.38 48.76 49.23 49.67 49.93 49.89 49.53 48.91 48.20 47.55 47.14 47.01 47.14 47.38 47.58 47.63 47.52 47.34 47.21 47.22 47.40 47.69 48.03 48.36 48.69 49.04 49.45 49.88 50.30 50.62 50.78 50.77 50.60 50.34 49.99 49.59 49.14 48.69 48.30 48.03 47.88 47.84 47.85 47.87 47.87 47.88 47.94 48.13 48.51 49.07 49.76 50.45 50.96 51.15 50.98 50.52 49.93 49.34 48.85 48.50 48.28 48.19 48.19 48.27 48.43 48.80 49.61 51.30 54.92 64.08 94.00 
16.00 40.62 46.45 48.66 49.93 50.69 51.06 51.19 51.24 51.35 51.61 52.04 52.60 53.24 53.85 54.28 54.39 54.09 53.39 52.43 51.39 50.49 49.88 49.69 49.95 50.62 51.52 52.39 52.89 52.78 52.02 50.79 49.39 48.16 47.30 46.82 46.60 46.45 46.31 46.22 46.30 46.66 47.31 48.10 48.85 49.39 49.69 49.82 49.88 49.93 49.96 49.92 49.80 49.68 49.68 49.94 50.47 51.19 51.94 52.61 53.13 53.50 53.76 53.91 53.95 53.85 53.61 53.25 52.84 52.47 52.23 52.20 52.38 52.70 53.03 53.22 53.20 52.95 52.56 52.13 51.80 51.60 51.52 51.54 51.60 51.72 51.95 52.32 52.84 53.40 53.86 54.07 53.97 53.56 52.96 52.31 51.76 51.40 51.28 51.36 51.56 51.77 51.85 51.68 51.18 50.38 49.43 48.54 47.94 47.79 48.11 48.81 49.70 50.56 51.16 51.37 51.12 50.48 49.64 48.79 48.12 47.73 47.62 47.75 48.02 48.32 48.57 48.70 48.76 48.79 48.87 49.01 49.15 49.22 49.14 48.89 48.48 47.99 47.54 47.23 47.13 47.23 47.43 47.60 47.64 47.53 47.34 47.18 47.16 47.30 47.57 47.90 48.22 48.54 48.88 49.27 49.69 50.08 50.36 50.48 50.43 50.26 50.01 49.71 49.35 48.91 48.41 47.93 47.51 47.24 47.11 47.11 47.20 47.33 47.49 47.71 48.00 48.41 48.94 49.58 50.26 50.85 51.24 51.33 51.14 50.72 50.17 49.56 48.99 48.53 48.24 48.12 48.15 48.31 48.64 49.22 50.11 50.84 47.89 21.00 
52.00 45.19 46.42 48.18 49.42 50.11 50.39 50.44 50.46 50.58 50.91 51.48 52.26 53.18 54.09 54.77 55.05 54.80 54.07 53.02 51.89 50.91 50.27 50.07 50.35 51.02 51.90 52.69 53.08 52.84 51.96 50.66 49.31 48.26 47.71 47.62 47.78 47.93 47.94 47.84 47.75 47.85 48.19 48.69 49.23 49.66 49.95 50.14 50.30 50.47 50.60 50.63 50.55 50.42 50.38 50.54 50.94 51.50 52.10 52.60 52.94 53.11 53.16 53.13 53.05 52.92 52.74 52.51 52.25 52.02 51.89 51.90 52.08 52.38 52.70 52.92 52.94 52.76 52.43 52.03 51.66 51.39 51.22 51.11 51.06 51.08 51.24 51.58 52.13 52.77 53.36 53.71 53.69 53.26 52.51 51.62 50.80 50.21 49.95 50.03 50.35 50.77 51.12 51.24 51.01 50.46 49.72 49.02 48.61 48.63 49.11 49.91 50.83 51.62 52.08 52.10 51.66 50.85 49.88 48.96 48.30 47.99 48.01 48.29 48.70 49.10 49.37 49.46 49.36 49.15 48.92 48.74 48.63 48.54 48.45 48.31 48.10 47.83 47.55 47.34 47.25 47.31 47.47 47.62 47.67 47.57 47.39 47.23 47.18 47.29 47.52 47.79 48.06 48.31 48.59 48.92 49.28 49.62 49.86 49.96 49.93 49.80 49.63 49.41 49.13 48.74 48.24 47.69 47.16 46.75 46.51 46.46 46.57 46.80 47.11 47.47 47.88 48.34 48.86 49.47 50.15 50.85 51.47 51.88 52.01 51.84 51.38 50.72 49.98 49.31 48.83 48.58 48.52 48.60 48.77 49.07 49.57 50.76 55.83 84.00 
34.00 41.58 45.60 47.85 49.09 49.70 49.91 49.93 49.94 50.08 50.46 51.12 52.05 53.17 54.30 55.19 55.62 55.45 54.73 53.64 52.46 51.44 50.77 50.55 50.79 51.40 52.19 52.86 53.08 52.66 51.63 50.25 48.94 48.08 47.86 48.19 48.78 49.30 49.53 49.46 49.23 49.04 49.03 49.19 49.47 49.76 50.03 50.29 50.56 50.84 51.08 51.20 51.17 51.06 50.97 51.03 51.29 51.68 52.11 52.46 52.66 52.68 52.57 52.38 52.18 51.98 51.78 51.58 51.36 51.15 51.00 50.96 51.08 51.32 51.61 51.86 52.00 51.97 51.80 51.54 51.25 50.98 50.73 50.51 50.31 50.19 50.22 50.48 50.99 51.66 52.33 52.79 52.86 52.47 51.66 50.62 49.58 48.78 48.37 48.39 48.78 49.36 49.96 50.38 50.48 50.24 49.81 49.39 49.24 49.48 50.13 51.02 51.93 52.63 52.95 52.80 52.20 51.26 50.19 49.22 48.55 48.27 48.37 48.76 49.27 49.74 50.03 50.05 49.81 49.40 48.94 48.53 48.24 48.07 48.00 47.98 47.94 47.85 47.71 47.57 47.49 47.52 47.64 47.76 47.80 47.72 47.56 47.40 47.35 47.44 47.62 47.82 48.00 48.15 48.31 48.50 48.74 48.97 49.15 49.24 49.26 49.24 49.20 49.13 48.98 48.70 48.26 47.70 47.09 46.55 46.17 46.01 46.08 46.35 46.76 47.24 47.75 48.26 48.79 49.38 50.10 50.92 51.76 52.49 52.96 53.06 52.74 52.09 51.25 50.44 49.82 49.44 49.26 49.20 49.14 49.01 48.56 46.96 40.74 14.00 
27.00 41.46 46.39 48.30 49.14 49.50 49.60 49.59 49.61 49.77 50.18 50.88 51.89 53.12 54.38 55.41 55.96 55.89 55.24 54.19 53.04 52.03 51.37 51.13 51.31 51.83 52.48 52.96 52.99 52.38 51.18 49.71 48.41 47.69 47.74 48.44 49.43 50.30 50.77 50.77 50.44 50.01 49.67 49.52 49.54 49.71 49.96 50.28 50.66 51.05 51.38 51.57 51.61 51.53 51.42 51.40 51.51 51.75 52.02 52.24 52.33 52.26 52.05 51.76 51.46 51.18 50.91 50.63 50.33 50.02 49.75 49.59 49.58 49.72 49.97 50.26 50.53 50.71 50.78 50.74 50.60 50.37 50.08 49.72 49.35 49.03 48.89 49.02 49.45 50.09 50.80 51.35 51.55 51.25 50.49 49.40 48.23 47.26 46.68 46.59 46.95 47.62 48.39 49.08 49.50 49.63 49.55 49.46 49.60 50.07 50.87 51.82 52.70 53.30 53.49 53.22 52.51 51.50 50.37 49.36 48.68 48.41 48.56 49.01 49.59 50.11 50.41 50.39 50.08 49.56 48.98 48.47 48.12 47.94 47.92 47.99 48.07 48.10 48.07 47.99 47.93 47.93 48.00 48.09 48.11 48.04 47.89 47.75 47.70 47.77 47.92 48.06 48.15 48.17 48.15 48.14 48.17 48.23 48.31 48.40 48.50 48.63 48.79 48.92 48.97 48.85 48.52 47.99 47.34 46.69 46.17 45.87 45.86 46.10 46.54 47.09 47.66 48.20 48.73 49.33 50.07 51.00 52.04 53.04 53.79 54.14 53.99 53.39 52.53 51.63 50.91 50.42 50.12 49.90 49.64 49.27 48.69 47.75 46.12 42.00 
50.00 50.89 50.22 49.81 49.62 49.50 49.40 49.33 49.35 49.52 49.93 50.64 51.64 52.88 54.17 55.27 55.92 55.97 55.46 54.55 53.51 52.59 51.98 51.75 51.88 52.29 52.77 53.06 52.89 52.10 50.75 49.19 47.87 47.22 47.43 48.37 49.65 50.81 51.49 51.60 51.24 50.65 50.08 49.68 49.52 49.59 49.84 50.22 50.67 51.13 51.52 51.77 51.87 51.83 51.74 51.67 51.68 51.76 51.89 51.99 52.00 51.87 51.62 51.30 50.94 50.59 50.22 49.80 49.33 48.84 48.40 48.07 47.91 47.93 48.12 48.43 48.82 49.21 49.54 49.74 49.78 49.62 49.29 48.80 48.24 47.72 47.39 47.36 47.66 48.25 48.97 49.60 49.95 49.83 49.21 48.18 46.97 45.87 45.11 44.84 45.07 45.71 46.56 47.43 48.14 48.60 48.86 49.10 49.50 50.18 51.09 52.07 52.90 53.42 53.51 53.16 52.41 51.37 50.24 49.22 48.52 48.25 48.42 48.90 49.53 50.10 50.43 50.43 50.11 49.60 49.03 48.56 48.25 48.14 48.18 48.30 48.45 48.55 48.58 48.55 48.52 48.52 48.56 48.61 48.61 48.52 48.38 48.26 48.22 48.29 48.42 48.52 48.51 48.38 48.16 47.91 47.68 47.53 47.48 47.56 47.77 48.09 48.48 48.85 49.12 49.18 48.99 48.53 47.87 47.14 46.50 46.08 45.96 46.15 46.57 47.13 47.70 48.23 48.75 49.33 50.09 51.08 52.24 53.42 54.38 54.91 54.89 54.36 53.51 52.57 51.77 51.19 50.78 50.43 50.03 49.53 48.97 49.06 53.93 84.00 
92.00 62.02 53.96 51.27 50.12 49.53 49.21 49.05 49.05 49.21 49.60 50.24 51.16 52.32 53.56 54.66 55.40 55.62 55.31 54.63 53.79 53.03 52.51 52.31 52.40 52.69 53.02 53.13 52.79 51.86 50.43 48.81 47.46 46.81 47.07 48.10 49.53 50.86 51.72 51.95 51.63 51.00 50.30 49.76 49.49 49.50 49.75 50.17 50.66 51.15 51.56 51.86 52.01 52.05 52.01 51.93 51.86 51.81 51.79 51.75 51.67 51.51 51.26 50.95 50.60 50.20 49.73 49.16 48.51 47.83 47.20 46.71 46.40 46.30 46.40 46.71 47.18 47.74 48.29 48.70 48.90 48.83 48.46 47.86 47.13 46.43 45.91 45.72 45.90 46.42 47.14 47.88 48.41 48.53 48.13 47.24 46.06 44.85 43.89 43.39 43.41 43.90 44.71 45.66 46.54 47.25 47.79 48.29 48.91 49.73 50.71 51.70 52.50 52.95 52.97 52.58 51.81 50.80 49.68 48.67 47.96 47.69 47.85 48.36 49.03 49.65 50.04 50.11 49.88 49.47 49.03 48.70 48.52 48.51 48.60 48.74 48.88 48.99 49.06 49.09 49.11 49.14 49.18 49.21 49.18 49.09 48.95 48.85 48.83 48.92 49.04 49.09 49.00 48.73 48.30 47.79 47.31 46.94 46.78 46.86 47.19 47.72 48.34 48.94 49.41 49.63 49.56 49.18 48.55 47.79 47.08 46.58 46.39 46.52 46.90 47.41 47.93 48.41 48.88 49.42 50.16 51.16 52.36 53.60 54.66 55.29 55.35 54.86 54.01 53.04 52.17 51.50 51.00 50.59 50.14 49.52 48.35 45.45 36.44 3.00 
37.00 51.39 52.63 51.51 50.32 49.48 48.97 48.71 48.66 48.79 49.10 49.64 50.41 51.41 52.53 53.60 54.42 54.83 54.81 54.42 53.86 53.30 52.90 52.73 52.78 52.96 53.12 53.08 52.62 51.64 50.20 48.59 47.25 46.58 46.79 47.77 49.19 50.57 51.53 51.89 51.67 51.09 50.40 49.82 49.50 49.49 49.73 50.15 50.64 51.13 51.56 51.90 52.13 52.26 52.30 52.25 52.12 51.94 51.74 51.55 51.35 51.14 50.90 50.63 50.32 49.93 49.40 48.72 47.93 47.11 46.35 45.74 45.32 45.10 45.13 45.40 45.90 46.55 47.24 47.81 48.13 48.11 47.73 47.06 46.21 45.36 44.71 44.39 44.47 44.94 45.69 46.54 47.27 47.64 47.49 46.78 45.65 44.36 43.22 42.45 42.20 42.46 43.13 44.02 44.95 45.79 46.50 47.17 47.92 48.84 49.86 50.85 51.61 52.02 52.00 51.58 50.82 49.82 48.73 47.73 47.02 46.74 46.90 47.42 48.11 48.78 49.25 49.43 49.34 49.11 48.88 48.74 48.72 48.79 48.91 49.02 49.12 49.20 49.29 49.38 49.48 49.58 49.66 49.70 49.67 49.57 49.46 49.39 49.41 49.52 49.64 49.67 49.50 49.09 48.48 47.76 47.06 46.53 46.29 46.41 46.87 47.58 48.38 49.15 49.75 50.07 50.07 49.75 49.17 48.46 47.78 47.30 47.10 47.21 47.53 47.96 48.38 48.76 49.14 49.61 50.29 51.23 52.39 53.62 54.67 55.31 55.38 54.88 53.99 52.96 52.01 51.27 50.74 50.36 50.08 49.80 49.31 47.87 43.35 30.00 
44.00 54.11 53.98 52.14 50.50 49.36 48.67 48.31 48.21 48.29 48.52 48.91 49.50 50.29 51.24 52.24 53.13 53.76 54.04 54.00 53.74 53.41 53.13 52.98 52.96 53.01 53.02 52.84 52.31 51.35 50.00 48.51 47.24 46.55 46.66 47.50 48.78 50.09 51.07 51.52 51.44 50.99 50.39 49.86 49.55 49.53 49.75 50.15 50.62 51.10 51.54 51.93 52.26 52.50 52.62 52.60 52.41 52.09 51.70 51.32 50.97 50.68 50.45 50.23 49.99 49.64 49.12 48.41 47.57 46.71 45.92 45.27 44.79 44.50 44.44 44.65 45.13 45.81 46.56 47.21 47.59 47.61 47.23 46.52 45.62 44.71 43.98 43.58 43.60 44.05 44.84 45.82 46.74 47.34 47.40 46.85 45.79 44.45 43.14 42.14 41.61 41.60 42.04 42.77 43.63 44.46 45.22 45.96 46.78 47.74 48.78 49.76 50.51 50.88 50.84 50.40 49.63 48.63 47.56 46.57 45.86 45.56 45.70 46.20 46.90 47.61 48.15 48.45 48.53 48.50 48.48 48.53 48.65 48.79 48.88 48.92 48.94 48.98 49.08 49.25 49.46 49.67 49.84 49.92 49.91 49.83 49.74 49.72 49.79 49.95 50.09 50.09 49.86 49.35 48.61 47.75 46.93 46.34 46.10 46.29 46.85 47.68 48.58 49.41 50.03 50.36 50.36 50.08 49.59 49.00 48.46 48.11 48.00 48.12 48.40 48.73 49.02 49.26 49.51 49.86 50.43 51.27 52.34 53.48 54.47 55.05 55.07 54.51 53.55 52.43 51.40 50.61 50.09 49.84 49.87 50.27 51.27 53.50 59.16 77.00 
97.00 67.24 57.31 52.90 50.52 49.12 48.33 47.94 47.82 47.87 48.03 48.29 48.67 49.24 50.00 50.90 51.82 52.63 53.20 53.50 53.54 53.43 53.25 53.09 52.95 52.83 52.67 52.36 51.80 50.92 49.75 48.46 47.34 46.68 46.69 47.33 48.38 49.52 50.44 50.95 51.00 50.72 50.27 49.85 49.60 49.59 49.79 50.15 50.58 51.05 51.51 51.96 52.38 52.71 52.90 52.88 52.62 52.14 51.56 50.97 50.46 50.08 49.84 49.68 49.52 49.25 48.79 48.14 47.36 46.58 45.86 45.27 44.79 44.47 44.34 44.48 44.91 45.57 46.32 46.98 47.38 47.42 47.07 46.38 45.50 44.59 43.84 43.41 43.40 43.84 44.68 45.75 46.81 47.56 47.76 47.32 46.32 44.97 43.59 42.44 41.70 41.43 41.60 42.10 42.77 43.49 44.20 44.93 45.76 46.72 47.76 48.73 49.46 49.82 49.75 49.28 48.49 47.48 46.40 45.41 44.70 44.37 44.48 44.94 45.62 46.33 46.92 47.32 47.55 47.70 47.85 48.04 48.24 48.37 48.40 48.34 48.26 48.25 48.38 48.65 49.01 49.36 49.64 49.79 49.80 49.73 49.67 49.69 49.83 50.05 50.24 50.26 50.00 49.45 48.65 47.75 46.94 46.39 46.23 46.49 47.13 47.98 48.88 49.64 50.17 50.41 50.37 50.11 49.74 49.36 49.07 48.95 49.01 49.21 49.46 49.69 49.82 49.88 49.95 50.14 50.56 51.26 52.20 53.23 54.11 54.60 54.53 53.90 52.85 51.65 50.55 49.73 49.25 49.14 49.48 50.42 52.34 56.01 62.97 75.00 
66.00 60.66 55.33 51.94 49.88 48.66 47.98 47.70 47.66 47.75 47.88 48.03 48.23 48.57 49.12 49.88 50.78 51.70 52.50 53.07 53.37 53.43 53.32 53.10 52.81 52.49 52.12 51.67 51.09 50.32 49.37 48.34 47.43 46.87 46.80 47.23 48.03 48.95 49.75 50.26 50.43 50.32 50.06 49.79 49.63 49.65 49.84 50.15 50.55 51.00 51.48 51.96 52.42 52.79 52.99 52.92 52.55 51.93 51.17 50.42 49.78 49.33 49.09 48.99 48.93 48.76 48.42 47.89 47.26 46.64 46.08 45.60 45.19 44.86 44.69 44.77 45.15 45.77 46.49 47.14 47.55 47.61 47.30 46.68 45.86 45.01 44.28 43.84 43.80 44.22 45.06 46.16 47.26 48.05 48.31 47.92 46.99 45.72 44.38 43.21 42.37 41.92 41.84 42.08 42.52 43.05 43.64 44.30 45.08 46.01 47.02 47.97 48.68 49.01 48.91 48.40 47.58 46.55 45.46 44.47 43.74 43.39 43.45 43.85 44.47 45.16 45.77 46.23 46.56 46.83 47.08 47.33 47.51 47.58 47.49 47.31 47.14 47.11 47.29 47.68 48.20 48.71 49.10 49.30 49.32 49.24 49.17 49.22 49.42 49.73 50.01 50.10 49.89 49.37 48.63 47.82 47.13 46.71 46.67 47.01 47.65 48.44 49.21 49.81 50.16 50.25 50.14 49.92 49.71 49.58 49.61 49.78 50.07 50.39 50.65 50.77 50.74 50.59 50.44 50.41 50.64 51.17 51.97 52.86 53.64 54.04 53.89 53.18 52.08 50.83 49.70 48.87 48.44 48.47 49.00 50.18 52.27 55.75 62.02 77.00 
61.00 54.17 51.57 49.91 48.78 48.09 47.76 47.72 47.86 48.07 48.24 48.33 48.39 48.52 48.85 49.42 50.22 51.14 52.05 52.78 53.26 53.44 53.36 53.05 52.60 52.06 51.48 50.89 50.27 49.60 48.86 48.10 47.43 47.00 46.91 47.19 47.75 48.45 49.11 49.60 49.85 49.90 49.82 49.71 49.65 49.71 49.89 50.17 50.54 50.95 51.41 51.88 52.31 52.64 52.77 52.60 52.12 51.38 50.51 49.67 48.98 48.53 48.33 48.31 48.35 48.30 48.09 47.73 47.29 46.86 46.49 46.15 45.81 45.49 45.29 45.32 45.64 46.23 46.94 47.58 48.01 48.12 47.88 47.36 46.64 45.87 45.18 44.71 44.61 44.96 45.73 46.77 47.80 48.53 48.74 48.38 47.55 46.44 45.29 44.26 43.46 42.93 42.67 42.67 42.87 43.20 43.63 44.18 44.87 45.73 46.67 47.56 48.22 48.50 48.36 47.82 46.97 45.92 44.82 43.83 43.11 42.74 42.75 43.09 43.65 44.29 44.89 45.38 45.76 46.06 46.32 46.52 46.60 46.52 46.28 45.98 45.74 45.72 45.98 46.51 47.20 47.86 48.33 48.55 48.53 48.38 48.27 48.32 48.58 48.99 49.40 49.63 49.56 49.19 48.62 48.02 47.55 47.34 47.43 47.81 48.38 49.01 49.56 49.92 50.06 50.00 49.84 49.68 49.64 49.78 50.12 50.60 51.12 51.58 51.87 51.92 51.72 51.34 50.94 50.67 50.68 51.02 51.66 52.44 53.11 53.43 53.23 52.49 51.38 50.14 49.03 48.24 47.87 47.99 48.62 49.83 51.60 53.37 52.75 41.00 
25.00 43.53 47.04 47.61 47.63 47.63 47.77 48.08 48.49 48.88 49.14 49.23 49.18 49.13 49.21 49.55 50.15 50.96 51.84 52.62 53.18 53.43 53.35 52.97 52.37 51.65 50.89 50.16 49.50 48.90 48.33 47.79 47.33 47.04 46.98 47.18 47.59 48.12 48.66 49.12 49.44 49.61 49.67 49.68 49.70 49.78 49.95 50.19 50.51 50.87 51.27 51.66 52.00 52.21 52.21 51.91 51.33 50.53 49.65 48.85 48.23 47.87 47.78 47.87 48.02 48.10 48.03 47.82 47.55 47.30 47.07 46.82 46.52 46.18 45.92 45.88 46.17 46.73 47.45 48.12 48.60 48.78 48.65 48.25 47.65 46.96 46.28 45.77 45.56 45.77 46.40 47.28 48.15 48.74 48.86 48.52 47.83 46.98 46.14 45.39 44.76 44.27 43.93 43.77 43.77 43.91 44.18 44.59 45.16 45.89 46.72 47.50 48.05 48.26 48.05 47.47 46.60 45.54 44.45 43.49 42.79 42.43 42.43 42.74 43.26 43.87 44.45 44.93 45.29 45.55 45.72 45.76 45.65 45.36 44.96 44.54 44.28 44.30 44.68 45.36 46.18 46.94 47.45 47.63 47.53 47.28 47.08 47.11 47.42 47.94 48.52 48.95 49.11 48.99 48.70 48.41 48.23 48.25 48.47 48.83 49.25 49.64 49.92 50.03 49.97 49.80 49.62 49.55 49.67 50.05 50.64 51.38 52.11 52.71 53.03 53.02 52.67 52.08 51.43 50.90 50.69 50.85 51.35 52.02 52.61 52.88 52.65 51.94 50.89 49.72 48.68 47.97 47.67 47.84 48.53 49.84 51.83 54.16 55.06 48.00 
69.00 47.97 45.56 46.11 46.85 47.49 48.11 48.79 49.48 50.07 50.45 50.56 50.43 50.21 50.05 50.11 50.45 51.04 51.77 52.48 53.03 53.31 53.24 52.85 52.19 51.37 50.50 49.69 48.98 48.39 47.91 47.50 47.20 47.03 47.04 47.24 47.60 48.05 48.54 48.98 49.34 49.59 49.73 49.79 49.83 49.88 49.99 50.17 50.41 50.70 51.01 51.30 51.50 51.56 51.40 50.98 50.34 49.57 48.80 48.16 47.73 47.57 47.65 47.90 48.19 48.39 48.44 48.35 48.20 48.03 47.85 47.60 47.24 46.79 46.42 46.28 46.50 47.05 47.79 48.52 49.08 49.37 49.36 49.09 48.61 47.98 47.31 46.72 46.38 46.41 46.84 47.51 48.17 48.58 48.61 48.30 47.80 47.27 46.82 46.43 46.07 45.72 45.41 45.17 45.06 45.07 45.20 45.46 45.87 46.43 47.08 47.68 48.09 48.17 47.89 47.27 46.38 45.34 44.28 43.37 42.73 42.42 42.46 42.79 43.31 43.91 44.48 44.94 45.25 45.39 45.37 45.17 44.80 44.28 43.71 43.21 42.95 43.05 43.54 44.35 45.27 46.07 46.56 46.67 46.45 46.09 45.82 45.82 46.18 46.82 47.57 48.22 48.66 48.87 48.94 49.00 49.15 49.40 49.70 49.99 50.20 50.31 50.29 50.16 49.96 49.74 49.60 49.62 49.89 50.42 51.18 52.07 52.94 53.64 54.01 53.96 53.49 52.72 51.84 51.11 50.72 50.75 51.15 51.74 52.27 52.50 52.29 51.65 50.70 49.66 48.75 48.12 47.86 48.04 48.73 50.13 52.67 57.18 65.81 86.00 
13.00 33.80 41.20 44.59 46.47 47.73 48.77 49.75 50.68 51.44 51.92 52.05 51.85 51.47 51.08 50.85 50.88 51.19 51.69 52.26 52.76 53.04 53.03 52.70 52.10 51.31 50.45 49.61 48.88 48.27 47.78 47.40 47.14 47.04 47.13 47.40 47.81 48.29 48.78 49.24 49.63 49.89 50.04 50.07 50.03 49.99 49.99 50.06 50.21 50.41 50.62 50.79 50.86 50.78 50.49 50.01 49.39 48.74 48.18 47.80 47.66 47.76 48.07 48.50 48.93 49.25 49.40 49.39 49.29 49.12 48.88 48.49 47.94 47.29 46.70 46.39 46.49 47.00 47.77 48.57 49.23 49.63 49.75 49.61 49.23 48.66 47.98 47.31 46.84 46.71 46.95 47.41 47.87 48.12 48.07 47.83 47.54 47.36 47.30 47.29 47.24 47.09 46.87 46.66 46.52 46.46 46.49 46.62 46.86 47.22 47.64 48.03 48.24 48.18 47.81 47.15 46.26 45.25 44.26 43.42 42.86 42.65 42.78 43.16 43.73 44.36 44.94 45.37 45.59 45.57 45.31 44.83 44.18 43.43 42.70 42.15 41.91 42.10 42.70 43.58 44.54 45.32 45.74 45.74 45.43 45.00 44.69 44.70 45.11 45.85 46.75 47.63 48.35 48.89 49.33 49.75 50.20 50.64 50.98 51.15 51.13 50.94 50.64 50.32 50.02 49.82 49.75 49.88 50.23 50.83 51.65 52.59 53.53 54.27 54.66 54.58 54.04 53.15 52.14 51.29 50.81 50.78 51.14 51.69 52.18 52.39 52.22 51.67 50.87 50.00 49.22 48.68 48.43 48.51 49.02 50.16 52.44 56.83 65.44 83.00 
14.00 32.99 40.85 44.65 46.86 48.40 49.67 50.83 51.89 52.75 53.28 53.40 53.13 52.61 52.00 51.51 51.25 51.27 51.53 51.92 52.33 52.64 52.74 52.58 52.17 51.55 50.81 50.03 49.29 48.62 48.04 47.57 47.27 47.18 47.33 47.70 48.22 48.80 49.37 49.86 50.25 50.49 50.56 50.47 50.28 50.07 49.91 49.84 49.87 49.97 50.09 50.17 50.16 49.99 49.67 49.21 48.69 48.25 47.96 47.89 48.05 48.42 48.95 49.56 50.12 50.56 50.80 50.85 50.74 50.49 50.08 49.45 48.60 47.63 46.74 46.19 46.13 46.55 47.31 48.17 48.91 49.42 49.65 49.61 49.32 48.80 48.12 47.42 46.88 46.66 46.77 47.08 47.39 47.53 47.46 47.30 47.22 47.33 47.61 47.92 48.13 48.19 48.12 48.01 47.92 47.87 47.85 47.88 47.96 48.12 48.32 48.47 48.48 48.28 47.82 47.14 46.27 45.30 44.37 43.61 43.15 43.04 43.25 43.72 44.34 45.02 45.63 46.04 46.19 46.01 45.52 44.78 43.87 42.92 42.08 41.48 41.28 41.53 42.18 43.07 43.98 44.68 45.00 44.93 44.58 44.15 43.87 43.93 44.40 45.22 46.24 47.28 48.23 49.04 49.78 50.50 51.18 51.75 52.09 52.13 51.88 51.43 50.91 50.44 50.11 49.95 49.98 50.19 50.59 51.19 51.97 52.88 53.79 54.53 54.91 54.81 54.23 53.30 52.27 51.42 50.96 50.97 51.35 51.90 52.37 52.58 52.45 52.01 51.37 50.67 50.03 49.55 49.26 49.16 49.29 49.74 50.79 52.91 56.48 59.00 
43.00 43.19 44.41 46.19 47.89 49.36 50.67 51.87 52.96 53.82 54.33 54.41 54.07 53.43 52.66 51.97 51.47 51.25 51.28 51.51 51.84 52.18 52.44 52.54 52.42 52.08 51.56 50.92 50.20 49.45 48.72 48.09 47.64 47.49 47.66 48.13 48.79 49.49 50.15 50.69 51.06 51.23 51.18 50.92 50.53 50.11 49.75 49.52 49.43 49.43 49.48 49.51 49.46 49.31 49.03 48.69 48.36 48.16 48.16 48.37 48.80 49.38 50.08 50.81 51.47 51.99 52.31 52.40 52.27 51.91 51.28 50.35 49.15 47.81 46.59 45.75 45.48 45.78 46.49 47.36 48.16 48.74 49.05 49.09 48.87 48.40 47.77 47.10 46.59 46.37 46.45 46.71 46.96 47.05 46.99 46.92 47.00 47.31 47.79 48.30 48.69 48.90 48.98 49.00 49.03 49.06 49.07 49.05 49.03 49.02 49.02 48.96 48.79 48.46 47.95 47.26 46.42 45.51 44.63 43.93 43.54 43.49 43.76 44.27 44.94 45.67 46.31 46.74 46.84 46.55 45.91 44.98 43.90 42.82 41.90 41.28 41.08 41.33 41.94 42.76 43.55 44.12 44.34 44.23 43.92 43.58 43.42 43.59 44.13 45.01 46.09 47.21 48.28 49.27 50.20 51.10 51.92 52.54 52.85 52.76 52.32 51.67 51.00 50.45 50.12 50.03 50.14 50.40 50.81 51.36 52.07 52.89 53.72 54.39 54.72 54.60 54.03 53.15 52.21 51.48 51.15 51.26 51.71 52.28 52.75 52.96 52.87 52.54 52.06 51.52 51.00 50.56 50.20 49.89 49.54 49.08 48.48 47.91 48.80 60.00 
80.00 52.13 47.05 47.44 48.88 50.31 51.59 52.75 53.77 54.56 55.01 55.02 54.61 53.89 53.03 52.20 51.56 51.16 51.02 51.11 51.39 51.79 52.23 52.60 52.83 52.83 52.58 52.11 51.44 50.63 49.74 48.91 48.28 48.02 48.17 48.69 49.44 50.24 50.97 51.52 51.86 51.95 51.76 51.33 50.73 50.10 49.55 49.16 48.94 48.85 48.85 48.86 48.85 48.78 48.64 48.49 48.40 48.45 48.69 49.11 49.68 50.37 51.12 51.88 52.58 53.14 53.52 53.66 53.52 53.06 52.23 51.01 49.48 47.81 46.28 45.18 44.71 44.88 45.51 46.35 47.16 47.77 48.13 48.22 48.06 47.66 47.11 46.55 46.15 46.05 46.22 46.51 46.76 46.85 46.82 46.82 46.98 47.37 47.92 48.48 48.92 49.20 49.39 49.55 49.73 49.90 50.02 50.04 49.97 49.85 49.68 49.46 49.15 48.73 48.19 47.52 46.73 45.87 45.03 44.37 43.98 43.93 44.18 44.69 45.36 46.10 46.78 47.24 47.36 47.06 46.37 45.38 44.24 43.11 42.15 41.49 41.25 41.42 41.91 42.56 43.16 43.56 43.69 43.60 43.41 43.25 43.28 43.59 44.23 45.14 46.23 47.36 48.45 49.48 50.47 51.41 52.26 52.87 53.13 52.95 52.39 51.63 50.87 50.29 49.98 49.94 50.09 50.38 50.77 51.26 51.88 52.59 53.31 53.89 54.17 54.04 53.52 52.76 51.99 51.45 51.31 51.57 52.10 52.70 53.16 53.38 53.34 53.11 52.76 52.35 51.93 51.52 51.10 50.60 49.84 48.54 46.18 41.52 30.90 1.00 
23.00 37.92 43.62 47.00 49.35 51.04 52.33 53.40 54.32 55.01 55.37 55.32 54.86 54.09 53.17 52.29 51.57 51.07 50.83 50.83 51.07 51.51 52.10 52.74 53.28 53.61 53.65 53.37 52.78 51.93 50.93 49.93 49.14 48.74 48.82 49.32 50.09 50.92 51.65 52.19 52.48 52.49 52.19 51.61 50.85 50.05 49.35 48.82 48.50 48.34 48.30 48.32 48.38 48.43 48.49 48.57 48.71 48.97 49.36 49.87 50.46 51.11 51.78 52.46 53.11 53.66 54.07 54.25 54.13 53.61 52.65 51.24 49.49 47.60 45.87 44.61 44.00 44.05 44.60 45.40 46.19 46.82 47.20 47.33 47.21 46.89 46.46 46.06 45.85 45.93 46.23 46.62 46.91 47.03 47.03 47.05 47.22 47.58 48.07 48.54 48.90 49.17 49.40 49.69 50.05 50.40 50.67 50.79 50.74 50.55 50.27 49.90 49.48 49.01 48.47 47.84 47.11 46.31 45.51 44.83 44.41 44.29 44.47 44.90 45.51 46.23 46.93 47.45 47.64 47.42 46.81 45.90 44.81 43.71 42.74 42.04 41.69 41.71 41.98 42.37 42.73 42.94 43.01 42.98 42.97 43.05 43.31 43.80 44.53 45.47 46.53 47.61 48.63 49.59 50.51 51.39 52.17 52.73 52.94 52.72 52.14 51.35 50.58 49.99 49.68 49.64 49.79 50.07 50.43 50.87 51.41 52.03 52.65 53.14 53.37 53.25 52.83 52.24 51.68 51.37 51.40 51.78 52.37 52.98 53.44 53.67 53.69 53.55 53.32 53.01 52.65 52.26 51.82 51.23 50.29 48.67 45.83 40.86 32.15 18.00 
12.00 32.38 41.61 46.65 49.68 51.58 52.87 53.85 54.66 55.26 55.55 55.45 54.95 54.15 53.21 52.31 51.55 51.02 50.71 50.65 50.85 51.32 52.01 52.83 53.62 54.22 54.51 54.41 53.94 53.13 52.09 51.01 50.11 49.59 49.56 49.97 50.65 51.41 52.08 52.56 52.80 52.75 52.39 51.73 50.88 49.98 49.18 48.57 48.17 47.97 47.92 47.97 48.10 48.30 48.54 48.81 49.14 49.53 49.97 50.45 50.93 51.42 51.92 52.42 52.93 53.41 53.80 54.02 53.93 53.42 52.43 50.95 49.13 47.18 45.41 44.11 43.46 43.48 43.99 44.77 45.56 46.19 46.59 46.75 46.68 46.44 46.13 45.90 45.88 46.14 46.58 47.05 47.39 47.54 47.55 47.57 47.70 47.96 48.29 48.59 48.80 48.97 49.20 49.58 50.09 50.63 51.08 51.32 51.32 51.10 50.72 50.24 49.73 49.21 48.69 48.11 47.45 46.71 45.94 45.25 44.77 44.56 44.62 44.94 45.46 46.13 46.82 47.38 47.68 47.62 47.19 46.45 45.51 44.50 43.55 42.79 42.31 42.11 42.11 42.19 42.26 42.28 42.29 42.35 42.53 42.86 43.36 44.03 44.86 45.82 46.84 47.83 48.73 49.56 50.32 51.05 51.72 52.21 52.39 52.20 51.66 50.93 50.19 49.62 49.28 49.19 49.29 49.51 49.82 50.23 50.73 51.30 51.86 52.29 52.50 52.43 52.13 51.72 51.38 51.25 51.41 51.84 52.44 53.03 53.48 53.75 53.84 53.79 53.65 53.41 53.10 52.72 52.28 51.71 50.82 49.36 47.02 43.50 38.61 33.00 
33.00 37.28 42.61 47.03 50.08 52.01 53.24 54.13 54.86 55.41 55.66 55.54 55.02 54.20 53.24 52.30 51.51 50.94 50.60 50.50 50.66 51.11 51.83 52.73 53.66 54.45 54.93 55.03 54.71 54.02 53.05 51.98 51.04 50.43 50.26 50.52 51.04 51.65 52.21 52.61 52.81 52.73 52.36 51.70 50.83 49.90 49.08 48.44 48.04 47.83 47.79 47.88 48.09 48.38 48.74 49.14 49.55 49.97 50.36 50.71 51.01 51.28 51.54 51.82 52.14 52.50 52.84 53.06 53.01 52.55 51.61 50.20 48.46 46.61 44.96 43.76 43.19 43.25 43.80 44.61 45.43 46.09 46.53 46.72 46.70 46.53 46.33 46.23 46.34 46.70 47.22 47.72 48.08 48.24 48.27 48.27 48.34 48.49 48.66 48.75 48.78 48.82 49.00 49.41 50.03 50.72 51.32 51.68 51.72 51.47 51.00 50.42 49.82 49.27 48.75 48.22 47.63 46.95 46.23 45.56 45.04 44.76 44.73 44.95 45.37 45.96 46.62 47.22 47.62 47.74 47.52 47.01 46.26 45.38 44.48 43.68 43.06 42.62 42.32 42.09 41.87 41.70 41.64 41.77 42.12 42.66 43.36 44.18 45.09 46.06 47.03 47.92 48.69 49.35 49.94 50.50 51.03 51.45 51.64 51.52 51.10 50.49 49.82 49.26 48.88 48.70 48.70 48.84 49.10 49.49 49.99 50.55 51.10 51.53 51.75 51.74 51.56 51.31 51.12 51.11 51.32 51.74 52.28 52.81 53.25 53.56 53.74 53.80 53.74 53.55 53.25 52.87 52.45 51.95 51.23 50.16 48.66 46.95 45.47 43.00 
51.00 40.29 43.11 47.27 50.34 52.25 53.44 54.28 54.98 55.52 55.79 55.67 55.15 54.30 53.27 52.26 51.40 50.77 50.38 50.24 50.36 50.77 51.45 52.34 53.31 54.18 54.82 55.10 54.97 54.46 53.64 52.67 51.76 51.10 50.80 50.86 51.18 51.62 52.05 52.38 52.56 52.50 52.17 51.56 50.74 49.86 49.08 48.48 48.12 47.96 47.97 48.11 48.36 48.70 49.08 49.48 49.86 50.20 50.46 50.64 50.73 50.78 50.82 50.90 51.04 51.26 51.51 51.69 51.66 51.27 50.44 49.19 47.65 46.03 44.60 43.61 43.21 43.40 44.04 44.93 45.83 46.57 47.06 47.31 47.33 47.22 47.08 47.04 47.19 47.55 48.02 48.49 48.82 48.98 49.02 49.04 49.08 49.15 49.18 49.12 48.99 48.90 49.00 49.39 50.03 50.78 51.45 51.87 51.94 51.66 51.12 50.44 49.76 49.15 48.63 48.14 47.60 46.99 46.34 45.72 45.24 44.96 44.91 45.08 45.43 45.95 46.55 47.15 47.63 47.90 47.88 47.58 47.02 46.28 45.46 44.66 43.94 43.31 42.75 42.22 41.74 41.38 41.24 41.39 41.83 42.51 43.33 44.24 45.19 46.15 47.06 47.86 48.50 49.01 49.43 49.84 50.25 50.61 50.82 50.80 50.53 50.05 49.50 48.96 48.54 48.26 48.15 48.20 48.43 48.83 49.37 49.99 50.57 51.02 51.27 51.31 51.20 51.03 50.93 50.95 51.13 51.47 51.90 52.35 52.77 53.11 53.38 53.54 53.57 53.42 53.12 52.73 52.31 51.87 51.33 50.60 49.79 49.60 53.02 72.00 
0.00 28.82 40.77 46.93 50.38 52.32 53.48 54.32 55.02 55.60 55.91 55.83 55.31 54.41 53.30 52.17 51.18 50.45 50.00 49.82 49.90 50.23 50.83 51.64 52.57 53.47 54.20 54.64 54.72 54.43 53.81 53.00 52.16 51.47 51.05 50.93 51.06 51.34 51.67 51.97 52.17 52.17 51.92 51.39 50.67 49.88 49.18 48.67 48.40 48.34 48.43 48.63 48.91 49.22 49.53 49.82 50.05 50.22 50.31 50.30 50.23 50.12 50.02 49.97 49.98 50.08 50.23 50.34 50.28 49.94 49.23 48.17 46.89 45.57 44.43 43.70 43.50 43.85 44.62 45.62 46.63 47.47 48.06 48.37 48.45 48.38 48.27 48.21 48.30 48.54 48.88 49.23 49.49 49.64 49.72 49.77 49.84 49.89 49.87 49.72 49.49 49.30 49.30 49.59 50.16 50.86 51.51 51.92 51.98 51.67 51.07 50.33 49.59 48.93 48.39 47.89 47.39 46.84 46.28 45.78 45.41 45.23 45.25 45.45 45.80 46.27 46.81 47.38 47.88 48.22 48.34 48.20 47.79 47.19 46.47 45.71 44.97 44.24 43.49 42.74 42.03 41.48 41.22 41.33 41.78 42.50 43.36 44.28 45.22 46.14 46.98 47.69 48.23 48.61 48.90 49.18 49.48 49.79 50.01 50.06 49.92 49.59 49.15 48.68 48.25 47.92 47.73 47.74 47.97 48.42 49.04 49.75 50.40 50.90 51.15 51.18 51.04 50.86 50.72 50.69 50.78 51.00 51.30 51.65 52.02 52.39 52.73 53.00 53.10 52.99 52.69 52.27 51.85 51.45 51.03 50.47 49.63 48.16 44.75 34.00 
9.00 33.33 42.70 47.67 50.60 52.33 53.43 54.26 55.00 55.62 55.98 55.94 55.43 54.49 53.27 52.00 50.87 50.01 49.49 49.27 49.32 49.59 50.09 50.78 51.60 52.46 53.23 53.79 54.06 53.98 53.58 52.94 52.19 51.50 50.98 50.72 50.70 50.87 51.17 51.50 51.76 51.86 51.70 51.28 50.65 49.95 49.35 48.95 48.79 48.86 49.07 49.35 49.64 49.88 50.05 50.15 50.16 50.12 50.02 49.86 49.69 49.52 49.39 49.31 49.27 49.29 49.32 49.32 49.19 48.84 48.22 47.35 46.34 45.32 44.49 44.02 44.03 44.52 45.42 46.53 47.65 48.60 49.28 49.67 49.82 49.80 49.68 49.57 49.52 49.57 49.71 49.89 50.06 50.19 50.31 50.44 50.58 50.68 50.68 50.52 50.25 49.99 49.87 50.01 50.41 50.96 51.50 51.85 51.88 51.56 50.95 50.18 49.40 48.71 48.12 47.59 47.08 46.58 46.12 45.77 45.59 45.60 45.79 46.10 46.51 46.96 47.45 47.95 48.41 48.76 48.93 48.86 48.56 48.07 47.47 46.83 46.15 45.41 44.57 43.66 42.77 42.04 41.64 41.64 42.03 42.71 43.54 44.44 45.33 46.18 46.94 47.54 47.97 48.24 48.42 48.59 48.80 49.02 49.21 49.28 49.21 49.00 48.68 48.31 47.95 47.64 47.47 47.49 47.77 48.31 49.05 49.88 50.63 51.16 51.38 51.31 51.05 50.72 50.45 50.29 50.25 50.33 50.49 50.73 51.03 51.40 51.79 52.13 52.31 52.24 51.94 51.52 51.09 50.73 50.43 50.10 49.59 48.28 43.62 26.00 
84.00 51.96 47.70 49.05 50.90 52.30 53.32 54.16 54.92 55.57 55.95 55.93 55.42 54.45 53.16 51.76 50.50 49.54 48.97 48.74 48.79 49.03 49.44 49.99 50.67 51.42 52.15 52.77 53.16 53.26 53.04 52.55 51.90 51.21 50.63 50.27 50.16 50.30 50.62 51.04 51.42 51.64 51.59 51.25 50.69 50.07 49.54 49.24 49.20 49.40 49.75 50.12 50.42 50.58 50.59 50.47 50.25 49.99 49.73 49.47 49.27 49.14 49.07 49.05 49.04 49.00 48.93 48.79 48.54 48.13 47.55 46.83 46.05 45.31 44.76 44.52 44.70 45.32 46.30 47.49 48.69 49.72 50.49 50.97 51.20 51.22 51.11 50.92 50.71 50.55 50.47 50.47 50.54 50.66 50.83 51.06 51.29 51.48 51.54 51.43 51.15 50.83 50.58 50.54 50.73 51.08 51.46 51.72 51.71 51.41 50.83 50.09 49.31 48.58 47.92 47.33 46.77 46.27 45.91 45.74 45.80 46.07 46.50 47.00 47.50 47.96 48.39 48.79 49.16 49.44 49.58 49.52 49.27 48.87 48.41 47.92 47.38 46.72 45.89 44.89 43.86 42.97 42.40 42.28 42.57 43.19 43.98 44.83 45.67 46.43 47.06 47.53 47.82 47.97 48.04 48.10 48.20 48.32 48.42 48.45 48.38 48.23 48.02 47.78 47.55 47.36 47.29 47.42 47.81 48.47 49.36 50.32 51.16 51.70 51.84 51.61 51.13 50.57 50.08 49.73 49.54 49.47 49.51 49.63 49.86 50.19 50.61 51.01 51.25 51.23 50.97 50.56 50.14 49.80 49.61 49.61 50.05 51.51 55.32 64.00 
35.00 42.18 46.07 48.84 50.82 52.20 53.22 54.08 54.84 55.45 55.80 55.77 55.26 54.28 52.95 51.49 50.16 49.16 48.59 48.41 48.50 48.76 49.10 49.51 50.01 50.60 51.22 51.79 52.23 52.42 52.34 51.98 51.40 50.73 50.11 49.68 49.53 49.68 50.10 50.66 51.20 51.56 51.62 51.34 50.81 50.21 49.71 49.47 49.53 49.86 50.33 50.79 51.11 51.21 51.08 50.77 50.36 49.93 49.54 49.24 49.06 49.00 49.05 49.14 49.19 49.14 48.98 48.71 48.32 47.82 47.24 46.61 46.00 45.48 45.15 45.11 45.42 46.12 47.14 48.36 49.60 50.69 51.53 52.09 52.40 52.48 52.36 52.10 51.75 51.39 51.12 50.97 50.96 51.08 51.32 51.63 51.97 52.25 52.39 52.32 52.06 51.68 51.32 51.10 51.09 51.24 51.46 51.62 51.59 51.32 50.80 50.12 49.36 48.60 47.87 47.16 46.52 46.00 45.71 45.72 46.05 46.63 47.34 48.05 48.66 49.13 49.47 49.74 49.97 50.14 50.19 50.09 49.84 49.52 49.20 48.90 48.54 48.02 47.25 46.23 45.09 44.06 43.35 43.10 43.33 43.91 44.70 45.55 46.33 46.98 47.45 47.73 47.83 47.80 47.73 47.68 47.67 47.68 47.66 47.58 47.46 47.31 47.18 47.08 47.03 47.04 47.16 47.45 47.99 48.80 49.82 50.90 51.81 52.35 52.39 51.96 51.22 50.38 49.64 49.08 48.73 48.54 48.46 48.48 48.63 48.93 49.35 49.79 50.10 50.15 49.95 49.57 49.16 48.80 48.58 48.61 49.34 52.25 62.10 95.00 
4.00 35.27 44.87 48.77 50.85 52.21 53.23 54.08 54.79 55.31 55.58 55.48 54.94 53.97 52.66 51.22 49.92 48.97 48.49 48.41 48.61 48.91 49.21 49.50 49.81 50.18 50.61 51.06 51.44 51.66 51.64 51.37 50.85 50.20 49.56 49.08 48.91 49.11 49.64 50.38 51.11 51.63 51.78 51.54 51.00 50.36 49.85 49.63 49.75 50.17 50.73 51.27 51.61 51.67 51.45 51.02 50.49 49.96 49.51 49.18 49.02 49.04 49.19 49.38 49.50 49.48 49.27 48.90 48.41 47.84 47.24 46.65 46.14 45.76 45.58 45.67 46.08 46.82 47.85 49.06 50.30 51.41 52.30 52.92 53.29 53.41 53.30 52.97 52.50 52.00 51.59 51.35 51.32 51.48 51.79 52.19 52.61 52.96 53.16 53.13 52.87 52.45 52.01 51.66 51.49 51.49 51.58 51.65 51.60 51.34 50.88 50.26 49.54 48.75 47.93 47.11 46.35 45.79 45.56 45.74 46.33 47.21 48.21 49.13 49.84 50.30 50.53 50.63 50.68 50.69 50.62 50.44 50.18 49.92 49.73 49.62 49.47 49.12 48.45 47.45 46.26 45.13 44.31 43.99 44.19 44.82 45.68 46.57 47.32 47.84 48.10 48.12 47.97 47.73 47.50 47.32 47.21 47.12 46.99 46.80 46.58 46.40 46.31 46.33 46.47 46.70 47.04 47.53 48.23 49.16 50.27 51.42 52.37 52.89 52.84 52.25 51.29 50.20 49.22 48.47 47.98 47.69 47.52 47.46 47.54 47.81 48.24 48.72 49.09 49.23 49.11 48.79 48.38 47.94 47.48 46.99 46.47 46.04 45.78 44.00 
65.00 49.85 49.07 50.23 51.44 52.50 53.41 54.18 54.79 55.19 55.31 55.11 54.52 53.56 52.31 50.98 49.80 49.01 48.69 48.78 49.12 49.50 49.81 49.99 50.11 50.24 50.44 50.70 50.96 51.13 51.13 50.90 50.43 49.78 49.11 48.59 48.40 48.63 49.27 50.18 51.11 51.79 52.03 51.81 51.23 50.52 49.95 49.71 49.86 50.33 50.97 51.55 51.91 51.95 51.68 51.21 50.63 50.07 49.58 49.23 49.06 49.09 49.28 49.54 49.73 49.76 49.58 49.21 48.70 48.11 47.50 46.92 46.43 46.10 45.99 46.13 46.57 47.32 48.34 49.52 50.73 51.83 52.73 53.39 53.80 53.95 53.83 53.45 52.89 52.29 51.81 51.56 51.56 51.80 52.20 52.69 53.18 53.58 53.81 53.80 53.55 53.12 52.64 52.23 51.98 51.88 51.87 51.85 51.73 51.47 51.04 50.46 49.76 48.94 48.03 47.09 46.22 45.61 45.42 45.76 46.59 47.76 49.02 50.14 50.93 51.34 51.42 51.33 51.17 50.99 50.79 50.52 50.23 50.01 49.94 50.00 50.05 49.89 49.35 48.42 47.23 46.05 45.18 44.84 45.10 45.84 46.83 47.80 48.53 48.92 48.94 48.66 48.22 47.73 47.32 47.04 46.86 46.71 46.50 46.21 45.91 45.68 45.61 45.73 46.02 46.46 47.00 47.66 48.48 49.48 50.62 51.77 52.70 53.18 53.07 52.39 51.29 50.04 48.91 48.03 47.44 47.07 46.84 46.72 46.77 47.02 47.47 48.00 48.45 48.68 48.66 48.41 48.01 47.46 46.72 45.59 43.60 39.66 30.98 10.00 
37.00 50.03 51.34 51.67 52.22 52.94 53.69 54.35 54.82 55.06 55.02 54.69 54.04 53.09 51.95 50.79 49.83 49.27 49.18 49.48 49.97 50.45 50.76 50.87 50.83 50.76 50.74 50.79 50.90 50.98 50.94 50.71 50.25 49.60 48.89 48.30 48.05 48.28 48.99 50.03 51.11 51.93 52.26 52.05 51.42 50.64 50.01 49.73 49.88 50.39 51.06 51.66 52.02 52.05 51.78 51.31 50.76 50.21 49.71 49.31 49.08 49.04 49.20 49.46 49.71 49.83 49.76 49.51 49.10 48.57 47.98 47.39 46.87 46.49 46.33 46.45 46.87 47.59 48.57 49.70 50.86 51.92 52.81 53.48 53.91 54.07 53.93 53.50 52.87 52.22 51.73 51.53 51.64 52.00 52.52 53.10 53.65 54.09 54.33 54.34 54.11 53.72 53.26 52.86 52.58 52.42 52.30 52.16 51.94 51.62 51.17 50.60 49.91 49.06 48.07 47.02 46.06 45.41 45.26 45.74 46.79 48.20 49.70 50.98 51.82 52.16 52.09 51.78 51.40 51.04 50.68 50.32 49.99 49.80 49.81 50.01 50.23 50.24 49.86 49.05 47.92 46.76 45.91 45.62 45.98 46.87 48.02 49.10 49.83 50.07 49.85 49.28 48.55 47.83 47.27 46.91 46.70 46.52 46.28 45.95 45.60 45.34 45.27 45.45 45.86 46.44 47.13 47.89 48.76 49.75 50.83 51.88 52.72 53.13 52.99 52.29 51.19 49.92 48.74 47.83 47.20 46.79 46.52 46.38 46.39 46.64 47.11 47.69 48.23 48.57 48.65 48.48 48.10 47.50 46.61 45.20 42.73 38.01 28.42 9.00 
93.00 62.06 54.79 53.09 52.96 53.37 53.94 54.45 54.79 54.88 54.70 54.23 53.52 52.60 51.60 50.67 50.00 49.73 49.90 50.40 51.04 51.60 51.93 52.00 51.86 51.64 51.44 51.34 51.30 51.28 51.18 50.93 50.44 49.75 48.97 48.28 47.93 48.08 48.76 49.84 51.01 51.93 52.34 52.15 51.51 50.68 50.01 49.70 49.86 50.37 51.04 51.64 51.98 52.01 51.76 51.34 50.85 50.33 49.83 49.36 49.00 48.83 48.88 49.10 49.39 49.64 49.76 49.73 49.52 49.14 48.63 48.02 47.42 46.91 46.63 46.64 46.98 47.64 48.55 49.61 50.70 51.70 52.55 53.21 53.64 53.80 53.63 53.16 52.49 51.83 51.38 51.27 51.51 52.03 52.69 53.37 53.98 54.43 54.69 54.73 54.57 54.26 53.89 53.55 53.28 53.04 52.80 52.50 52.12 51.68 51.18 50.60 49.90 49.03 47.98 46.85 45.82 45.15 45.05 45.65 46.87 48.48 50.16 51.56 52.43 52.71 52.50 52.01 51.43 50.89 50.39 49.94 49.56 49.37 49.43 49.71 50.06 50.22 50.00 49.34 48.34 47.28 46.51 46.31 46.79 47.84 49.14 50.31 51.04 51.18 50.76 49.96 48.99 48.09 47.41 47.00 46.78 46.62 46.39 46.07 45.72 45.47 45.43 45.66 46.13 46.77 47.50 48.29 49.11 49.99 50.90 51.76 52.43 52.74 52.58 51.94 50.94 49.79 48.71 47.86 47.26 46.86 46.58 46.41 46.40 46.64 47.12 47.75 48.35 48.79 48.97 48.88 48.55 47.98 47.12 45.88 44.03 41.12 35.60 19.00 
37.00 50.55 52.90 53.16 53.28 53.59 54.01 54.41 54.63 54.61 54.31 53.74 52.98 52.11 51.28 50.62 50.27 50.32 50.75 51.44 52.19 52.80 53.15 53.19 53.01 52.73 52.46 52.26 52.13 52.03 51.87 51.56 51.03 50.27 49.38 48.56 48.04 48.03 48.58 49.59 50.75 51.71 52.19 52.06 51.45 50.64 49.97 49.66 49.81 50.32 50.96 51.52 51.83 51.85 51.64 51.29 50.87 50.40 49.88 49.32 48.82 48.48 48.39 48.54 48.87 49.25 49.60 49.83 49.89 49.72 49.31 48.71 48.00 47.35 46.89 46.75 46.97 47.54 48.36 49.32 50.31 51.23 52.01 52.64 53.06 53.20 53.02 52.53 51.85 51.20 50.81 50.81 51.20 51.87 52.67 53.46 54.12 54.60 54.89 54.98 54.91 54.73 54.49 54.23 53.97 53.65 53.25 52.74 52.18 51.60 51.03 50.43 49.73 48.84 47.75 46.57 45.51 44.84 44.79 45.47 46.81 48.56 50.35 51.83 52.73 52.98 52.69 52.07 51.36 50.69 50.09 49.55 49.13 48.91 48.96 49.26 49.65 49.91 49.83 49.34 48.52 47.62 46.99 46.91 47.50 48.66 50.06 51.30 52.04 52.13 51.60 50.66 49.56 48.55 47.80 47.35 47.14 47.00 46.82 46.56 46.27 46.08 46.11 46.39 46.88 47.51 48.19 48.88 49.56 50.23 50.89 51.48 51.91 52.07 51.89 51.36 50.55 49.63 48.76 48.07 47.57 47.21 46.93 46.73 46.68 46.89 47.36 48.01 48.66 49.16 49.41 49.39 49.11 48.60 47.87 46.98 46.18 46.63 53.71 92.00 
34.00 50.36 53.30 53.53 53.47 53.59 53.86 54.15 54.30 54.22 53.85 53.22 52.43 51.63 50.98 50.61 50.60 50.96 51.63 52.46 53.28 53.90 54.24 54.28 54.12 53.85 53.60 53.40 53.27 53.14 52.94 52.57 51.97 51.13 50.12 49.13 48.40 48.15 48.48 49.30 50.35 51.30 51.84 51.82 51.32 50.60 49.98 49.69 49.81 50.26 50.84 51.32 51.59 51.60 51.43 51.15 50.81 50.38 49.83 49.20 48.56 48.08 47.86 47.95 48.29 48.79 49.33 49.81 50.11 50.15 49.87 49.29 48.52 47.72 47.10 46.80 46.89 47.35 48.07 48.92 49.79 50.59 51.29 51.85 52.24 52.37 52.18 51.69 51.03 50.42 50.11 50.21 50.72 51.52 52.44 53.32 54.05 54.57 54.90 55.06 55.10 55.06 54.96 54.79 54.52 54.11 53.54 52.85 52.11 51.41 50.77 50.16 49.46 48.57 47.47 46.27 45.20 44.54 44.52 45.25 46.64 48.44 50.28 51.80 52.74 53.01 52.72 52.10 51.35 50.63 49.98 49.39 48.92 48.63 48.61 48.83 49.17 49.44 49.45 49.12 48.50 47.81 47.35 47.40 48.08 49.30 50.73 52.00 52.77 52.86 52.33 51.37 50.24 49.19 48.41 47.95 47.74 47.63 47.50 47.33 47.15 47.09 47.23 47.57 48.07 48.63 49.18 49.68 50.12 50.51 50.85 51.11 51.26 51.24 51.03 50.62 50.05 49.42 48.83 48.35 48.00 47.71 47.44 47.21 47.12 47.28 47.72 48.34 48.99 49.51 49.79 49.79 49.54 49.06 48.42 47.65 46.72 45.22 40.42 17.00 
91.00 63.63 56.53 54.28 53.49 53.32 53.45 53.68 53.81 53.71 53.32 52.66 51.88 51.17 50.70 50.60 50.90 51.53 52.39 53.32 54.15 54.74 55.05 55.09 54.98 54.81 54.66 54.57 54.51 54.42 54.21 53.80 53.14 52.21 51.09 49.94 49.00 48.48 48.51 49.07 49.95 50.84 51.44 51.57 51.25 50.69 50.15 49.87 49.93 50.27 50.70 51.07 51.25 51.24 51.11 50.90 50.63 50.24 49.69 49.01 48.31 47.75 47.46 47.50 47.83 48.39 49.04 49.67 50.14 50.34 50.17 49.64 48.84 47.97 47.23 46.81 46.78 47.13 47.74 48.48 49.21 49.88 50.46 50.94 51.26 51.36 51.17 50.70 50.08 49.53 49.29 49.47 50.06 50.96 51.98 52.95 53.74 54.32 54.71 54.95 55.09 55.18 55.18 55.08 54.81 54.32 53.63 52.80 51.95 51.17 50.51 49.90 49.21 48.32 47.23 46.04 45.00 44.36 44.36 45.09 46.45 48.21 50.01 51.53 52.51 52.88 52.71 52.20 51.55 50.88 50.25 49.65 49.11 48.72 48.53 48.57 48.76 48.94 48.97 48.75 48.32 47.85 47.58 47.77 48.50 49.71 51.12 52.38 53.16 53.33 52.89 52.01 50.95 49.94 49.17 48.70 48.47 48.38 48.31 48.24 48.22 48.34 48.63 49.07 49.56 50.03 50.39 50.63 50.77 50.82 50.81 50.73 50.58 50.39 50.14 49.84 49.50 49.16 48.86 48.63 48.44 48.23 47.99 47.75 47.63 47.75 48.14 48.72 49.32 49.79 50.02 49.99 49.71 49.23 48.65 48.03 47.44 46.75 45.57 45.00 
56.00 56.67 54.93 53.60 52.89 52.66 52.76 53.00 53.17 53.11 52.75 52.11 51.36 50.73 50.43 50.55 51.08 51.91 52.89 53.85 54.64 55.17 55.42 55.47 55.42 55.38 55.41 55.51 55.61 55.62 55.45 55.02 54.31 53.31 52.12 50.86 49.75 48.99 48.74 49.03 49.71 50.53 51.19 51.49 51.38 50.99 50.55 50.26 50.21 50.36 50.59 50.78 50.84 50.80 50.69 50.54 50.33 49.99 49.47 48.82 48.14 47.60 47.32 47.35 47.66 48.20 48.84 49.48 49.99 50.24 50.13 49.65 48.88 48.00 47.23 46.75 46.65 46.92 47.43 48.05 48.65 49.19 49.63 49.97 50.20 50.23 50.02 49.58 49.02 48.54 48.36 48.59 49.22 50.17 51.25 52.30 53.19 53.86 54.31 54.61 54.82 54.97 55.03 54.96 54.70 54.20 53.47 52.61 51.74 50.97 50.32 49.72 49.04 48.17 47.11 45.97 44.98 44.39 44.40 45.08 46.34 47.97 49.67 51.14 52.17 52.69 52.74 52.47 52.03 51.52 50.98 50.39 49.78 49.22 48.80 48.56 48.49 48.49 48.44 48.28 48.02 47.76 47.69 48.00 48.76 49.91 51.24 52.44 53.24 53.50 53.21 52.50 51.58 50.67 49.94 49.46 49.22 49.12 49.10 49.13 49.29 49.60 50.08 50.64 51.16 51.52 51.67 51.62 51.42 51.12 50.75 50.34 49.95 49.60 49.32 49.13 48.99 48.89 48.84 48.82 48.78 48.69 48.51 48.30 48.20 48.31 48.67 49.19 49.71 50.08 50.20 50.04 49.65 49.10 48.50 48.01 47.89 48.50 49.93 48.00 
42.00 52.10 52.94 52.34 51.83 51.67 51.82 52.14 52.42 52.46 52.18 51.61 50.93 50.39 50.20 50.46 51.11 52.04 53.05 53.97 54.68 55.11 55.29 55.32 55.34 55.44 55.69 56.02 56.33 56.48 56.38 55.96 55.22 54.20 52.99 51.70 50.51 49.60 49.15 49.21 49.72 50.47 51.19 51.65 51.74 51.52 51.15 50.82 50.61 50.53 50.52 50.49 50.41 50.30 50.19 50.09 49.94 49.68 49.25 48.71 48.16 47.74 47.55 47.61 47.89 48.32 48.83 49.33 49.72 49.89 49.76 49.32 48.61 47.80 47.08 46.61 46.49 46.70 47.13 47.65 48.14 48.53 48.82 49.01 49.10 49.04 48.79 48.37 47.88 47.48 47.35 47.58 48.20 49.14 50.27 51.41 52.41 53.19 53.71 54.05 54.25 54.38 54.43 54.37 54.13 53.67 53.03 52.26 51.49 50.78 50.17 49.59 48.92 48.08 47.08 46.03 45.14 44.63 44.66 45.27 46.39 47.82 49.34 50.73 51.80 52.50 52.83 52.88 52.75 52.47 52.06 51.50 50.81 50.05 49.32 48.74 48.33 48.08 47.91 47.76 47.62 47.56 47.68 48.10 48.88 49.95 51.15 52.25 53.04 53.38 53.25 52.74 52.01 51.24 50.58 50.11 49.83 49.70 49.69 49.82 50.13 50.66 51.35 52.06 52.62 52.91 52.87 52.54 52.01 51.36 50.65 49.96 49.36 48.90 48.62 48.51 48.52 48.61 48.74 48.87 48.98 49.00 48.93 48.83 48.82 49.00 49.38 49.86 50.29 50.51 50.45 50.10 49.51 48.78 48.02 47.42 47.40 49.25 57.56 90.00 
77.00 56.83 52.43 51.09 50.55 50.44 50.69 51.14 51.56 51.77 51.64 51.20 50.64 50.20 50.08 50.36 51.02 51.91 52.85 53.68 54.27 54.60 54.70 54.70 54.76 54.98 55.41 55.96 56.47 56.78 56.76 56.36 55.62 54.63 53.46 52.24 51.09 50.16 49.62 49.57 49.98 50.69 51.46 52.03 52.26 52.16 51.82 51.41 51.04 50.73 50.48 50.24 50.00 49.81 49.68 49.61 49.53 49.37 49.10 48.75 48.42 48.21 48.18 48.30 48.52 48.79 49.05 49.26 49.37 49.34 49.11 48.66 48.04 47.35 46.75 46.35 46.25 46.44 46.81 47.24 47.61 47.88 48.01 48.05 47.99 47.82 47.53 47.14 46.71 46.38 46.28 46.48 47.04 47.94 49.07 50.29 51.41 52.30 52.89 53.22 53.36 53.40 53.36 53.26 53.05 52.71 52.24 51.66 51.06 50.47 49.93 49.36 48.70 47.90 46.99 46.08 45.34 44.95 45.01 45.56 46.50 47.71 49.02 50.28 51.38 52.25 52.88 53.27 53.47 53.45 53.19 52.67 51.89 50.93 49.91 48.97 48.22 47.69 47.36 47.19 47.16 47.27 47.57 48.10 48.89 49.87 50.94 51.91 52.63 53.01 53.01 52.69 52.16 51.55 50.97 50.50 50.16 49.97 49.94 50.13 50.60 51.33 52.24 53.12 53.76 54.01 53.83 53.28 52.46 51.49 50.50 49.57 48.80 48.28 48.01 47.97 48.08 48.28 48.52 48.77 48.99 49.14 49.23 49.30 49.47 49.79 50.25 50.74 51.08 51.14 50.87 50.28 49.44 48.44 47.37 46.25 45.04 43.54 41.05 34.00 
30.00 45.84 49.01 49.30 49.11 49.11 49.45 50.02 50.62 51.03 51.12 50.90 50.52 50.18 50.08 50.31 50.86 51.60 52.40 53.09 53.58 53.81 53.84 53.80 53.86 54.14 54.66 55.35 56.00 56.41 56.45 56.08 55.37 54.44 53.40 52.32 51.31 50.50 50.02 49.98 50.38 51.09 51.88 52.51 52.81 52.75 52.40 51.91 51.38 50.89 50.43 50.01 49.65 49.36 49.20 49.14 49.14 49.12 49.05 48.97 48.92 48.97 49.12 49.30 49.45 49.48 49.38 49.17 48.88 48.53 48.12 47.64 47.11 46.59 46.15 45.88 45.83 45.99 46.30 46.64 46.91 47.06 47.06 46.96 46.77 46.51 46.20 45.85 45.50 45.23 45.13 45.28 45.75 46.56 47.66 48.92 50.14 51.13 51.77 52.06 52.09 51.96 51.79 51.61 51.43 51.23 50.96 50.62 50.22 49.77 49.29 48.74 48.10 47.35 46.56 45.81 45.26 45.02 45.15 45.64 46.43 47.42 48.50 49.62 50.71 51.71 52.59 53.29 53.78 54.00 53.90 53.44 52.62 51.52 50.28 49.08 48.05 47.30 46.83 46.64 46.67 46.92 47.38 48.02 48.83 49.74 50.66 51.47 52.09 52.44 52.52 52.35 52.00 51.54 51.04 50.56 50.15 49.86 49.79 50.00 50.58 51.50 52.61 53.67 54.43 54.71 54.46 53.75 52.73 51.53 50.30 49.18 48.29 47.72 47.47 47.47 47.64 47.90 48.19 48.50 48.81 49.11 49.39 49.69 50.08 50.59 51.17 51.69 51.97 51.89 51.42 50.59 49.51 48.27 46.93 45.38 43.17 38.99 29.17 3.00 
40.00 47.67 48.76 48.42 47.98 47.88 48.21 48.85 49.61 50.23 50.59 50.64 50.49 50.28 50.19 50.31 50.67 51.21 51.83 52.40 52.81 53.00 52.99 52.91 52.92 53.15 53.66 54.35 55.01 55.44 55.49 55.14 54.48 53.65 52.75 51.88 51.10 50.49 50.19 50.27 50.75 51.50 52.32 52.96 53.27 53.19 52.79 52.22 51.58 50.95 50.36 49.82 49.35 48.99 48.78 48.73 48.80 48.94 49.10 49.30 49.55 49.86 50.18 50.40 50.40 50.11 49.54 48.78 47.97 47.21 46.57 46.05 45.62 45.29 45.04 44.91 44.91 45.06 45.29 45.54 45.70 45.74 45.65 45.45 45.18 44.89 44.60 44.31 44.04 43.83 43.72 43.80 44.15 44.84 45.87 47.13 48.39 49.42 50.07 50.31 50.21 49.92 49.58 49.31 49.13 49.04 48.96 48.83 48.61 48.28 47.85 47.32 46.71 46.03 45.37 44.80 44.44 44.36 44.57 45.04 45.69 46.48 47.36 48.33 49.37 50.45 51.50 52.42 53.13 53.54 53.59 53.23 52.49 51.42 50.17 48.90 47.77 46.91 46.37 46.16 46.24 46.59 47.15 47.88 48.70 49.55 50.33 50.98 51.45 51.73 51.82 51.75 51.55 51.21 50.78 50.28 49.78 49.39 49.23 49.45 50.11 51.17 52.46 53.68 54.56 54.92 54.68 53.93 52.81 51.47 50.08 48.83 47.86 47.25 47.00 47.03 47.22 47.48 47.78 48.12 48.50 48.92 49.38 49.90 50.51 51.21 51.91 52.46 52.70 52.52 51.89 50.90 49.67 48.32 46.96 45.52 43.64 40.36 33.82 23.00 
82.00 56.31 50.38 48.27 47.22 46.84 47.05 47.69 48.53 49.34 49.96 50.32 50.42 50.38 50.30 50.30 50.46 50.80 51.27 51.77 52.18 52.40 52.41 52.30 52.21 52.31 52.66 53.20 53.75 54.09 54.09 53.74 53.13 52.40 51.66 51.00 50.46 50.12 50.06 50.35 50.98 51.82 52.67 53.30 53.57 53.44 52.98 52.33 51.61 50.91 50.25 49.65 49.12 48.70 48.45 48.39 48.52 48.79 49.17 49.64 50.16 50.70 51.13 51.29 51.03 50.26 49.04 47.58 46.15 44.94 44.04 43.46 43.15 43.00 42.94 42.94 42.99 43.10 43.24 43.38 43.46 43.42 43.27 43.03 42.75 42.48 42.24 42.03 41.84 41.67 41.55 41.56 41.79 42.35 43.27 44.45 45.67 46.69 47.32 47.49 47.28 46.86 46.39 46.02 45.83 45.79 45.83 45.84 45.75 45.52 45.13 44.63 44.05 43.46 42.93 42.53 42.34 42.40 42.68 43.12 43.67 44.30 44.99 45.81 46.78 47.86 48.98 50.01 50.86 51.41 51.62 51.48 51.01 50.28 49.35 48.33 47.36 46.58 46.06 45.86 45.97 46.35 46.97 47.72 48.53 49.29 49.92 50.40 50.72 50.90 50.98 50.98 50.88 50.65 50.26 49.74 49.15 48.64 48.39 48.58 49.28 50.43 51.83 53.18 54.18 54.64 54.49 53.80 52.68 51.31 49.87 48.56 47.54 46.91 46.67 46.70 46.88 47.12 47.39 47.72 48.14 48.64 49.22 49.89 50.64 51.45 52.22 52.79 53.00 52.76 52.08 51.03 49.78 48.50 47.39 46.55 46.00 45.41 43.00 30.00 
18.00 45.48 48.78 47.86 46.67 46.04 46.05 46.58 47.42 48.35 49.19 49.83 50.20 50.33 50.30 50.22 50.24 50.44 50.83 51.33 51.81 52.13 52.22 52.11 51.92 51.81 51.91 52.19 52.51 52.68 52.58 52.19 51.61 50.96 50.35 49.86 49.55 49.47 49.68 50.21 51.03 51.99 52.90 53.54 53.77 53.58 53.06 52.34 51.57 50.82 50.14 49.53 48.98 48.53 48.23 48.15 48.30 48.67 49.21 49.88 50.61 51.28 51.71 51.67 50.95 49.46 47.33 44.93 42.76 41.06 39.92 39.30 39.08 39.08 39.18 39.27 39.35 39.41 39.47 39.52 39.52 39.44 39.28 39.05 38.81 38.60 38.43 38.30 38.18 38.04 37.91 37.86 37.99 38.41 39.18 40.21 41.31 42.24 42.81 42.94 42.68 42.19 41.65 41.23 41.00 40.97 41.06 41.14 41.12 40.94 40.60 40.14 39.62 39.12 38.71 38.45 38.40 38.54 38.86 39.28 39.73 40.22 40.76 41.43 42.28 43.28 44.37 45.40 46.29 46.94 47.35 47.57 47.69 47.74 47.62 47.28 46.80 46.32 45.95 45.81 45.92 46.28 46.86 47.57 48.29 48.94 49.42 49.74 49.92 50.02 50.08 50.13 50.12 49.98 49.63 49.09 48.42 47.81 47.46 47.58 48.26 49.42 50.86 52.27 53.36 53.94 53.93 53.37 52.37 51.07 49.67 48.38 47.37 46.75 46.52 46.55 46.72 46.92 47.15 47.44 47.84 48.34 48.96 49.66 50.43 51.23 51.97 52.50 52.69 52.45 51.79 50.81 49.69 48.63 47.90 47.84 49.03 52.81 63.07 92.00 
83.00 59.18 52.07 48.63 46.60 45.54 45.27 45.60 46.34 47.29 48.28 49.15 49.78 50.11 50.16 50.09 50.04 50.18 50.56 51.13 51.75 52.22 52.43 52.33 52.04 51.73 51.53 51.48 51.51 51.46 51.24 50.81 50.24 49.62 49.08 48.71 48.56 48.70 49.16 49.94 50.96 52.08 53.07 53.74 53.96 53.73 53.15 52.38 51.55 50.79 50.11 49.52 48.98 48.51 48.17 48.04 48.17 48.56 49.19 49.98 50.81 51.49 51.76 51.31 49.85 47.28 43.81 40.11 37.07 34.93 33.62 32.99 32.82 32.93 33.11 33.25 33.32 33.34 33.34 33.32 33.28 33.19 33.05 32.88 32.70 32.56 32.47 32.40 32.32 32.21 32.08 31.99 32.05 32.34 32.93 33.76 34.66 35.44 35.91 36.00 35.75 35.28 34.76 34.34 34.11 34.07 34.15 34.24 34.24 34.10 33.82 33.43 33.00 32.60 32.30 32.14 32.16 32.34 32.65 33.01 33.37 33.73 34.13 34.65 35.34 36.19 37.14 38.07 38.90 39.59 40.22 40.95 42.02 43.47 44.80 45.67 46.05 46.11 46.03 45.98 46.08 46.38 46.86 47.44 48.03 48.52 48.85 49.03 49.12 49.18 49.27 49.37 49.44 49.37 49.06 48.51 47.78 47.08 46.64 46.66 47.25 48.34 49.73 51.13 52.27 52.96 53.12 52.74 51.91 50.76 49.48 48.28 47.34 46.79 46.59 46.65 46.81 46.98 47.15 47.38 47.70 48.14 48.67 49.27 49.93 50.59 51.19 51.62 51.76 51.56 51.02 50.23 49.34 48.57 48.18 48.52 50.18 54.37 64.84 97.00 
57.00 56.54 52.41 48.96 46.63 45.29 44.74 44.83 45.39 46.29 47.35 48.40 49.24 49.77 49.97 49.96 49.94 50.10 50.53 51.19 51.94 52.57 52.90 52.84 52.47 51.95 51.46 51.10 50.84 50.59 50.25 49.78 49.21 48.60 48.08 47.75 47.70 48.01 48.69 49.69 50.91 52.17 53.27 53.99 54.24 54.00 53.38 52.54 51.67 50.88 50.22 49.66 49.15 48.68 48.30 48.09 48.15 48.50 49.13 49.93 50.73 51.28 51.22 50.14 47.64 43.53 38.07 32.35 28.44 26.08 24.78 24.20 24.08 24.20 24.39 24.52 24.58 24.57 24.53 24.49 24.44 24.37 24.28 24.17 24.06 23.98 23.94 23.90 23.85 23.77 23.66 23.58 23.59 23.77 24.17 24.75 25.39 25.95 26.29 26.36 26.16 25.80 25.39 25.05 24.85 24.80 24.85 24.92 24.93 24.82 24.61 24.32 24.01 23.73 23.53 23.45 23.49 23.65 23.89 24.16 24.42 24.66 24.93 25.28 25.78 26.40 27.11 27.82 28.49 29.14 29.90 31.13 33.40 37.21 40.82 43.47 45.07 45.86 46.17 46.27 46.37 46.58 46.92 47.34 47.76 48.09 48.29 48.40 48.46 48.54 48.68 48.86 49.00 48.97 48.69 48.14 47.39 46.63 46.09 46.00 46.44 47.39 48.65 49.98 51.13 51.91 52.21 52.02 51.38 50.42 49.30 48.25 47.44 46.99 46.88 46.98 47.15 47.31 47.43 47.58 47.79 48.09 48.46 48.86 49.28 49.70 50.07 50.34 50.43 50.29 49.92 49.39 48.81 48.35 48.21 48.61 49.60 50.33 45.31 6.00 
62.00 57.94 52.73 49.09 46.71 45.25 44.50 44.35 44.71 45.49 46.57 47.73 48.77 49.50 49.88 49.99 50.04 50.25 50.73 51.47 52.32 53.05 53.46 53.43 52.99 52.30 51.57 50.93 50.43 50.03 49.63 49.15 48.59 47.99 47.45 47.13 47.14 47.57 48.41 49.59 50.97 52.37 53.56 54.36 54.65 54.41 53.76 52.88 51.96 51.16 50.52 50.00 49.52 49.05 48.62 48.32 48.26 48.51 49.04 49.75 50.42 50.72 50.20 48.34 44.56 38.48 30.08 20.61 16.41 14.46 13.53 13.15 13.08 13.16 13.28 13.36 13.39 13.38 13.35 13.31 13.28 13.24 13.19 13.14 13.09 13.06 13.04 13.03 13.01 12.96 12.89 12.84 12.83 12.92 13.13 13.43 13.77 14.07 14.26 14.29 14.19 13.99 13.76 13.56 13.44 13.41 13.43 13.46 13.47 13.41 13.30 13.14 12.97 12.82 12.72 12.68 12.72 12.81 12.95 13.09 13.23 13.35 13.49 13.68 13.94 14.28 14.67 15.07 15.46 15.88 16.50 17.77 20.94 28.98 35.91 40.81 43.85 45.48 46.22 46.49 46.61 46.74 46.97 47.25 47.52 47.74 47.88 47.97 48.08 48.24 48.45 48.69 48.86 48.85 48.58 48.03 47.28 46.50 45.92 45.71 46.00 46.76 47.84 49.05 50.16 50.99 51.42 51.39 50.93 50.14 49.19 48.30 47.64 47.32 47.30 47.47 47.68 47.84 47.94 48.01 48.11 48.25 48.41 48.55 48.68 48.80 48.91 48.98 49.00 48.91 48.73 48.48 48.24 48.11 48.23 48.79 50.04 52.70 60.50 94.00 
94.00 60.78 52.06 48.70 46.75 45.43 44.61 44.27 44.44 45.09 46.13 47.37 48.56 49.47 50.02 50.26 50.40 50.64 51.13 51.88 52.76 53.52 53.96 53.93 53.42 52.59 51.65 50.80 50.14 49.66 49.26 48.84 48.34 47.77 47.24 46.92 46.97 47.47 48.41 49.71 51.19 52.68 53.95 54.81 55.14 54.92 54.24 53.33 52.38 51.58 50.97 50.49 50.05 49.58 49.08 48.67 48.47 48.57 48.96 49.51 49.97 49.95 48.92 46.26 41.25 33.15 20.98 2.07 0.92 0.77 0.71 0.69 0.69 0.70 0.70 0.71 0.71 0.71 0.70 0.70 0.70 0.70 0.70 0.69 0.69 0.69 0.69 0.69 0.69 0.68 0.68 0.68 0.68 0.68 0.69 0.71 0.73 0.74 0.75 0.75 0.75 0.74 0.73 0.72 0.71 0.71 0.71 0.71 0.71 0.71 0.70 0.69 0.68 0.68 0.67 0.67 0.67 0.68 0.68 0.69 0.70 0.70 0.71 0.72 0.74 0.75 0.77 0.80 0.82 0.84 0.87 0.99 2.03 19.92 30.99 38.15 42.53 44.93 46.06 46.50 46.65 46.76 46.93 47.15 47.37 47.56 47.71 47.87 48.07 48.31 48.59 48.84 48.99 48.95 48.65 48.11 47.40 46.67 46.10 45.85 46.01 46.58 47.47 48.52 49.56 50.40 50.91 51.00 50.67 50.02 49.21 48.45 47.91 47.69 47.76 47.99 48.25 48.44 48.53 48.57 48.59 48.59 48.55 48.45 48.29 48.12 47.96 47.84 47.77 47.73 47.72 47.73 47.79 47.96 48.31 48.92 49.77 50.56 50.33 46.00 
10.00 39.30 46.39 47.44 46.83 45.90 45.11 44.65 44.67 45.20 46.18 47.45 48.73 49.78 50.45 50.79 50.96 51.19 51.63 52.31 53.13 53.86 54.27 54.19 53.62 52.66 51.57 50.58 49.82 49.33 49.00 48.70 48.32 47.84 47.37 47.08 47.16 47.70 48.69 50.02 51.53 53.04 54.34 55.23 55.58 55.36 54.68 53.75 52.81 52.04 51.48 51.07 50.67 50.19 49.63 49.10 48.75 48.67 48.87 49.22 49.44 49.09 47.62 44.33 38.52 29.54 17.00 0.95 0.09 0.04 0.04 0.04 0.04 0.04 0.04 0.04 0.04 0.04 0.04 0.04 0.04 0.04 0.04 0.04 0.04 0.04 0.04 0.04 0.04 0.04 0.04 0.04 0.04 0.04 0.04 0.04 0.04 0.04 0.04 0.04 0.04 0.04 0.04 0.04 0.04 0.04 0.04 0.04 0.04 0.04 0.04 0.04 0.04 0.04 0.04 0.04 0.04 0.04 0.04 0.04 0.04 0.04 0.04 0.04 0.04 0.04 0.04 0.04 0.04 0.04 0.05 0.09 0.91 16.16 27.88 36.09 41.31 44.25 45.67 46.24 46.46 46.60 46.80 47.06 47.33 47.58 47.83 48.09 48.38 48.69 48.98 49.19 49.26 49.14 48.81 48.29 47.66 47.04 46.57 46.37 46.48 46.92 47.63 48.52 49.44 50.24 50.78 50.93 50.69 50.12 49.39 48.70 48.22 48.03 48.13 48.39 48.69 48.93 49.07 49.14 49.13 49.06 48.88 48.60 48.23 47.82 47.44 47.15 46.99 46.97 47.07 47.27 47.57 47.99 48.56 49.33 50.12 49.94 44.58 17.00 
14.00 40.13 46.94 48.10 47.64 46.78 45.99 45.48 45.39 45.81 46.71 47.95 49.26 50.37 51.10 51.46 51.60 51.74 52.05 52.60 53.30 53.95 54.30 54.17 53.53 52.49 51.29 50.19 49.39 48.92 48.71 48.58 48.38 48.07 47.72 47.53 47.66 48.20 49.16 50.43 51.88 53.33 54.58 55.45 55.79 55.57 54.89 53.99 53.09 52.39 51.93 51.60 51.26 50.78 50.17 49.53 49.01 48.74 48.74 48.88 48.86 48.24 46.43 42.74 36.52 27.31 15.15 0.80 0.04 0.00 0.00 0.00 0.00 0.00 0.00 0.00 0.00 0.00 0.00 0.00 0.00 0.00 0.00 0.00 0.00 0.00 0.00 0.00 0.00 0.00 0.00 0.00 0.00 0.00 0.00 0.00 0.00 0.00 0.00 0.00 0.00 0.00 0.00 0.00 0.00 0.00 0.00 0.00 0.00 0.00 0.00 0.00 0.00 0.00 0.00 0.00 0.00 0.00 0.00 0.00 0.00 0.00 0.00 0.00 0.00 0.00 0.00 0.00 0.00 0.00 0.00 0.04 0.77 14.56 26.11 34.66 40.27 43.50 45.10 45.78 46.09 46.34 46.66 47.04 47.44 47.81 48.16 48.52 48.87 49.20 49.44 49.56 49.52 49.31 48.95 48.48 47.98 47.55 47.27 47.21 47.37 47.75 48.31 49.03 49.80 50.52 51.02 51.19 50.98 50.45 49.74 49.04 48.51 48.27 48.30 48.54 48.87 49.18 49.43 49.58 49.65 49.59 49.38 49.01 48.52 47.97 47.44 47.02 46.76 46.71 46.86 47.17 47.61 48.20 48.99 50.14 51.92 54.94 61.32 80.00 
85.00 60.28 53.15 50.47 48.99 47.92 47.11 46.59 46.45 46.78 47.60 48.75 50.01 51.09 51.80 52.10 52.14 52.13 52.27 52.65 53.20 53.75 54.04 53.88 53.20 52.11 50.84 49.68 48.85 48.43 48.33 48.38 48.41 48.32 48.18 48.12 48.32 48.85 49.72 50.85 52.14 53.44 54.57 55.34 55.63 55.39 54.73 53.88 53.09 52.52 52.19 51.99 51.73 51.28 50.63 49.87 49.20 48.74 48.54 48.47 48.25 47.43 45.40 41.49 35.10 25.93 14.17 0.75 0.04 0.00 0.00 0.00 0.00 0.00 0.00 0.00 0.00 0.00 0.00 0.00 0.00 0.00 0.00 0.00 0.00 0.00 0.00 0.00 0.00 0.00 0.00 0.00 0.00 0.00 0.00 0.00 0.00 0.00 0.00 0.00 0.00 0.00 0.00 0.00 0.00 0.00 0.00 0.00 0.00 0.00 0.00 0.00 0.00 0.00 0.00 0.00 0.00 0.00 0.00 0.00 0.00 0.00 0.00 0.00 0.00 0.00 0.00 0.00 0.00 0.00 0.00 0.04 0.73 13.79 25.08 33.67 39.43 42.79 44.50 45.28 45.72 46.14 46.64 47.19 47.73 48.21 48.63 49.02 49.36 49.64 49.81 49.83 49.70 49.44 49.08 48.70 48.37 48.16 48.14 48.29 48.57 48.95 49.40 49.95 50.55 51.13 51.55 51.70 51.49 50.95 50.20 49.41 48.75 48.34 48.24 48.40 48.74 49.14 49.53 49.85 50.06 50.11 49.97 49.64 49.14 48.54 47.93 47.42 47.08 46.96 47.07 47.39 47.87 48.51 49.39 50.72 52.91 57.00 66.02 91.00 
88.00 62.83 54.88 51.63 49.93 48.89 48.19 47.76 47.64 47.92 48.62 49.65 50.79 51.77 52.37 52.56 52.45 52.27 52.22 52.42 52.84 53.30 53.55 53.39 52.72 51.63 50.35 49.16 48.32 47.92 47.91 48.13 48.37 48.55 48.65 48.79 49.07 49.57 50.31 51.24 52.29 53.35 54.27 54.88 55.05 54.75 54.12 53.36 52.71 52.33 52.19 52.15 52.01 51.61 50.94 50.10 49.27 48.63 48.23 47.98 47.61 46.65 44.49 40.49 34.09 25.03 13.60 0.72 0.04 0.00 0.00 0.00 0.00 0.00 0.00 0.00 0.00 0.00 0.00 0.00 0.00 0.00 0.00 0.00 0.00 0.00 0.00 0.00 0.00 0.00 0.00 0.00 0.00 0.00 0.00 0.00 0.00 0.00 0.00 0.00 0.00 0.00 0.00 0.00 0.00 0.00 0.00 0.00 0.00 0.00 0.00 0.00 0.00 0.00 0.00 0.00 0.00 0.00 0.00 0.00 0.00 0.00 0.00 0.00 0.00 0.00 0.00 0.00 0.00 0.00 0.00 0.04 0.71 13.37 24.44 32.99 38.78 42.22 44.01 44.92 45.52 46.13 46.83 47.55 48.19 48.72 49.13 49.46 49.73 49.93 50.02 49.99 49.84 49.59 49.31 49.05 48.91 48.94 49.16 49.53 49.96 50.36 50.73 51.10 51.51 51.92 52.23 52.31 52.07 51.49 50.65 49.72 48.86 48.25 47.96 48.01 48.34 48.83 49.39 49.92 50.33 50.57 50.58 50.36 49.94 49.39 48.78 48.22 47.79 47.59 47.62 47.87 48.29 48.87 49.66 50.80 52.46 54.53 55.02 42.00 
17.00 48.18 51.96 51.23 50.20 49.47 49.03 48.78 48.75 49.01 49.60 50.47 51.44 52.26 52.73 52.77 52.51 52.16 51.95 52.01 52.31 52.70 52.94 52.82 52.22 51.20 49.97 48.81 47.96 47.56 47.60 47.92 48.37 48.79 49.15 49.49 49.87 50.34 50.92 51.61 52.36 53.12 53.75 54.11 54.09 53.70 53.07 52.42 51.96 51.80 51.89 52.06 52.07 51.77 51.12 50.22 49.26 48.45 47.87 47.46 46.95 45.90 43.68 39.66 33.30 24.38 13.22 0.70 0.04 0.00 0.00 0.00 0.00 0.00 0.00 0.00 0.00 0.00 0.00 0.00 0.00 0.00 0.00 0.00 0.00 0.00 0.00 0.00 0.00 0.00 0.00 0.00 0.00 0.00 0.00 0.00 0.00 0.00 0.00 0.00 0.00 0.00 0.00 0.00 0.00 0.00 0.00 0.00 0.00 0.00 0.00 0.00 0.00 0.00 0.00 0.00 0.00 0.00 0.00 0.00 0.00 0.00 0.00 0.00 0.00 0.00 0.00 0.00 0.00 0.00 0.00 0.04 0.69 13.09 24.00 32.49 38.30 41.81 43.73 44.80 45.59 46.40 47.27 48.11 48.79 49.27 49.58 49.79 49.94 50.05 50.12 50.11 50.04 49.91 49.76 49.67 49.70 49.93 50.35 50.89 51.42 51.82 52.09 52.29 52.50 52.72 52.89 52.87 52.56 51.90 50.96 49.87 48.81 47.98 47.51 47.46 47.77 48.36 49.09 49.82 50.44 50.87 51.06 51.01 50.74 50.29 49.74 49.17 48.70 48.41 48.34 48.49 48.81 49.26 49.87 50.73 52.01 54.02 57.74 69.00 
94.00 61.07 53.75 51.29 50.18 49.70 49.54 49.53 49.64 49.90 50.40 51.11 51.90 52.55 52.86 52.77 52.39 51.93 51.60 51.55 51.76 52.10 52.34 52.27 51.79 50.93 49.83 48.76 47.94 47.54 47.57 47.95 48.52 49.15 49.73 50.26 50.73 51.17 51.60 52.02 52.45 52.84 53.11 53.15 52.88 52.35 51.71 51.17 50.91 51.00 51.35 51.75 51.96 51.79 51.21 50.30 49.27 48.31 47.56 46.99 46.35 45.21 42.95 38.94 32.64 23.86 12.92 0.68 0.04 0.00 0.00 0.00 0.00 0.00 0.00 0.00 0.00 0.00 0.00 0.00 0.00 0.00 0.00 0.00 0.00 0.00 0.00 0.00 0.00 0.00 0.00 0.00 0.00 0.00 0.00 0.00 0.00 0.00 0.00 0.00 0.00 0.00 0.00 0.00 0.00 0.00 0.00 0.00 0.00 0.00 0.00 0.00 0.00 0.00 0.00 0.00 0.00 0.00 0.00 0.00 0.00 0.00 0.00 0.00 0.00 0.00 0.00 0.00 0.00 0.00 0.00 0.04 0.68 12.88 23.66 32.10 37.96 41.57 43.64 44.89 45.88 46.86 47.86 48.75 49.40 49.77 49.93 49.97 50.01 50.08 50.19 50.31 50.41 50.48 50.53 50.61 50.79 51.15 51.68 52.29 52.84 53.21 53.36 53.38 53.39 53.41 53.40 53.24 52.82 52.07 51.02 49.79 48.58 47.58 46.98 46.84 47.16 47.81 48.65 49.53 50.32 50.91 51.27 51.39 51.28 50.98 50.54 50.02 49.54 49.20 49.07 49.15 49.38 49.70 50.07 50.52 51.15 52.11 53.12 49.00 
26.00 48.61 51.08 50.38 49.73 49.56 49.70 49.96 50.24 50.56 51.00 51.58 52.19 52.67 52.86 52.68 52.23 51.71 51.33 51.20 51.33 51.61 51.83 51.83 51.50 50.85 49.98 49.08 48.36 47.96 47.96 48.33 48.96 49.70 50.44 51.10 51.65 52.05 52.32 52.48 52.57 52.58 52.45 52.12 51.58 50.88 50.21 49.76 49.70 50.04 50.66 51.31 51.75 51.77 51.32 50.47 49.42 48.36 47.46 46.71 45.91 44.64 42.32 38.30 32.06 23.42 12.67 0.67 0.04 0.00 0.00 0.00 0.00 0.00 0.00 0.00 0.00 0.00 0.00 0.00 0.00 0.00 0.00 0.00 0.00 0.00 0.00 0.00 0.00 0.00 0.00 0.00 0.00 0.00 0.00 0.00 0.00 0.00 0.00 0.00 0.00 0.00 0.00 0.00 0.00 0.00 0.00 0.00 0.00 0.00 0.00 0.00 0.00 0.00 0.00 0.00 0.00 0.00 0.00 0.00 0.00 0.00 0.00 0.00 0.00 0.00 0.00 0.00 0.00 0.00 0.00 0.04 0.67 12.69 23.35 31.77 37.69 41.44 43.68 45.11 46.26 47.36 48.42 49.28 49.84 50.07 50.07 49.99 49.96 50.07 50.30 50.62 50.98 51.31 51.59 51.84 52.14 52.55 53.09 53.67 54.16 54.42 54.44 54.29 54.10 53.92 53.72 53.38 52.80 51.93 50.78 49.47 48.18 47.10 46.43 46.25 46.55 47.22 48.11 49.05 49.91 50.59 51.06 51.32 51.38 51.24 50.94 50.52 50.10 49.80 49.68 49.75 49.95 50.18 50.32 50.29 50.13 50.31 53.71 75.00 
67.00 56.70 52.18 50.04 49.21 49.19 49.59 50.11 50.58 51.00 51.43 51.90 52.38 52.73 52.82 52.60 52.15 51.63 51.23 51.06 51.10 51.28 51.45 51.48 51.31 50.92 50.36 49.72 49.15 48.80 48.76 49.07 49.66 50.43 51.23 51.96 52.52 52.86 52.98 52.90 52.66 52.30 51.79 51.12 50.31 49.46 48.77 48.43 48.55 49.12 49.98 50.88 51.55 51.79 51.53 50.82 49.82 48.71 47.67 46.72 45.71 44.26 41.82 37.77 31.58 23.04 12.47 0.66 0.03 0.00 0.00 0.00 0.00 0.00 0.00 0.00 0.00 0.00 0.00 0.00 0.00 0.00 0.00 0.00 0.00 0.00 0.00 0.00 0.00 0.00 0.00 0.00 0.00 0.00 0.00 0.00 0.00 0.00 0.00 0.00 0.00 0.00 0.00 0.00 0.00 0.00 0.00 0.00 0.00 0.00 0.00 0.00 0.00 0.00 0.00 0.00 0.00 0.00 0.00 0.00 0.00 0.00 0.00 0.00 0.00 0.00 0.00 0.00 0.00 0.00 0.00 0.03 0.66 12.51 23.06 31.46 37.47 41.36 43.76 45.33 46.58 47.72 48.75 49.52 49.94 50.02 49.90 49.76 49.76 49.98 50.41 51.01 51.66 52.28 52.79 53.21 53.57 53.98 54.45 54.92 55.27 55.40 55.28 55.00 54.64 54.28 53.87 53.33 52.57 51.56 50.33 48.99 47.68 46.61 45.92 45.71 45.98 46.61 47.45 48.35 49.18 49.87 50.39 50.74 50.94 50.97 50.83 50.58 50.29 50.10 50.09 50.25 50.51 50.71 50.67 50.14 48.68 45.26 36.38 9.00 
90.00 59.48 51.74 49.25 48.53 48.71 49.33 50.08 50.74 51.27 51.70 52.11 52.49 52.75 52.80 52.60 52.20 51.74 51.35 51.13 51.06 51.11 51.17 51.21 51.18 51.05 50.83 50.51 50.16 49.89 49.81 50.01 50.50 51.18 51.95 52.65 53.17 53.42 53.38 53.07 52.56 51.89 51.09 50.17 49.19 48.27 47.61 47.37 47.66 48.42 49.48 50.58 51.47 51.94 51.91 51.39 50.49 49.38 48.22 47.05 45.79 44.11 41.51 37.38 31.19 22.74 12.30 0.65 0.03 0.00 0.00 0.00 0.00 0.00 0.00 0.00 0.00 0.00 0.00 0.00 0.00 0.00 0.00 0.00 0.00 0.00 0.00 0.00 0.00 0.00 0.00 0.00 0.00 0.00 0.00 0.00 0.00 0.00 0.00 0.00 0.00 0.00 0.00 0.00 0.00 0.00 0.00 0.00 0.00 0.00 0.00 0.00 0.00 0.00 0.00 0.00 0.00 0.00 0.00 0.00 0.00 0.00 0.00 0.00 0.00 0.00 0.00 0.00 0.00 0.00 0.00 0.03 0.65 12.35 22.80 31.20 37.28 41.30 43.83 45.50 46.77 47.86 48.75 49.36 49.60 49.55 49.36 49.24 49.34 49.75 50.44 51.33 52.29 53.19 53.93 54.48 54.89 55.24 55.59 55.90 56.08 56.06 55.84 55.47 55.03 54.54 53.95 53.21 52.26 51.12 49.83 48.49 47.22 46.18 45.50 45.26 45.45 45.97 46.70 47.48 48.21 48.83 49.34 49.75 50.07 50.26 50.31 50.25 50.15 50.15 50.30 50.62 51.01 51.29 51.23 50.54 48.85 45.37 37.40 13.00 
0.00 40.04 47.00 47.76 47.84 48.28 49.08 49.98 50.78 51.39 51.85 52.21 52.51 52.73 52.80 52.66 52.36 51.98 51.62 51.35 51.15 51.03 50.95 50.94 51.01 51.14 51.24 51.26 51.14 50.97 50.85 50.93 51.25 51.78 52.42 53.00 53.40 53.51 53.30 52.80 52.10 51.25 50.30 49.29 48.28 47.42 46.86 46.76 47.19 48.09 49.28 50.52 51.58 52.25 52.44 52.13 51.37 50.29 49.02 47.64 46.11 44.16 41.35 37.11 30.91 22.51 12.17 0.64 0.03 0.00 0.00 0.00 0.00 0.00 0.00 0.00 0.00 0.00 0.00 0.00 0.00 0.00 0.00 0.00 0.00 0.00 0.00 0.00 0.00 0.00 0.00 0.00 0.00 0.00 0.00 0.00 0.00 0.00 0.00 0.00 0.00 0.00 0.00 0.00 0.00 0.00 0.00 0.00 0.00 0.00 0.00 0.00 0.00 0.00 0.00 0.00 0.00 0.00 0.00 0.00 0.00 0.00 0.00 0.00 0.00 0.00 0.00 0.00 0.00 0.00 0.00 0.03 0.64 12.21 22.59 30.99 37.13 41.26 43.88 45.58 46.81 47.76 48.45 48.82 48.87 48.68 48.45 48.40 48.66 49.30 50.27 51.45 52.70 53.85 54.77 55.42 55.85 56.12 56.31 56.43 56.43 56.30 56.03 55.68 55.25 54.73 54.05 53.16 52.07 50.82 49.49 48.16 46.94 45.94 45.26 44.95 45.02 45.39 45.95 46.57 47.16 47.68 48.16 48.60 49.01 49.35 49.58 49.72 49.84 50.03 50.37 50.86 51.41 51.82 51.84 51.28 50.13 49.42 54.54 92.00 
77.00 54.24 49.45 48.07 47.78 48.18 48.99 49.93 50.77 51.39 51.82 52.13 52.39 52.60 52.73 52.71 52.54 52.27 51.94 51.60 51.26 50.95 50.71 50.62 50.75 51.07 51.47 51.77 51.88 51.80 51.66 51.61 51.75 52.07 52.50 52.89 53.09 53.01 52.62 51.98 51.18 50.29 49.37 48.45 47.60 46.92 46.56 46.64 47.20 48.19 49.45 50.76 51.91 52.73 53.10 52.96 52.34 51.29 49.94 48.36 46.56 44.34 41.31 36.93 30.68 22.32 12.05 0.64 0.03 0.00 0.00 0.00 0.00 0.00 0.00 0.00 0.00 0.00 0.00 0.00 0.00 0.00 0.00 0.00 0.00 0.00 0.00 0.00 0.00 0.00 0.00 0.00 0.00 0.00 0.00 0.00 0.00 0.00 0.00 0.00 0.00 0.00 0.00 0.00 0.00 0.00 0.00 0.00 0.00 0.00 0.00 0.00 0.00 0.00 0.00 0.00 0.00 0.00 0.00 0.00 0.00 0.00 0.00 0.00 0.00 0.00 0.00 0.00 0.00 0.00 0.00 0.03 0.64 12.12 22.44 30.83 37.02 41.22 43.90 45.61 46.74 47.52 47.96 48.07 47.88 47.55 47.30 47.33 47.77 48.64 49.86 51.30 52.77 54.11 55.16 55.88 56.27 56.43 56.44 56.36 56.20 55.99 55.76 55.53 55.25 54.84 54.18 53.25 52.09 50.78 49.44 48.14 46.97 45.99 45.27 44.87 44.79 44.99 45.37 45.82 46.28 46.71 47.14 47.59 48.07 48.53 48.93 49.24 49.52 49.86 50.34 50.96 51.62 52.13 52.22 51.61 50.01 46.85 38.90 6.00 
50.00 50.99 49.41 48.35 48.03 48.34 49.07 49.93 50.69 51.23 51.58 51.82 52.05 52.30 52.52 52.65 52.64 52.48 52.18 51.77 51.27 50.77 50.36 50.19 50.34 50.80 51.40 51.93 52.22 52.23 52.09 51.94 51.91 52.02 52.19 52.31 52.25 51.94 51.37 50.63 49.83 49.04 48.30 47.64 47.09 46.72 46.64 46.94 47.64 48.70 49.97 51.28 52.45 53.33 53.81 53.81 53.28 52.26 50.82 49.07 47.02 44.54 41.30 36.77 30.46 22.12 11.94 0.63 0.03 0.00 0.00 0.00 0.00 0.00 0.00 0.00 0.00 0.00 0.00 0.00 0.00 0.00 0.00 0.00 0.00 0.00 0.00 0.00 0.00 0.00 0.00 0.00 0.00 0.00 0.00 0.00 0.00 0.00 0.00 0.00 0.00 0.00 0.00 0.00 0.00 0.00 0.00 0.00 0.00 0.00 0.00 0.00 0.00 0.00 0.00 0.00 0.00 0.00 0.00 0.00 0.00 0.00 0.00 0.00 0.00 0.00 0.00 0.00 0.00 0.00 0.00 0.03 0.64 12.05 22.33 30.71 36.93 41.17 43.89 45.58 46.64 47.24 47.45 47.29 46.88 46.41 46.13 46.23 46.80 47.85 49.25 50.86 52.47 53.92 55.03 55.75 56.09 56.12 55.94 55.66 55.36 55.12 55.00 54.99 54.98 54.80 54.31 53.47 52.33 51.04 49.73 48.48 47.36 46.39 45.62 45.10 44.87 44.90 45.12 45.44 45.79 46.15 46.54 46.99 47.51 48.04 48.53 48.96 49.33 49.73 50.25 50.88 51.58 52.14 52.29 51.74 50.26 48.08 47.68 64.00 
54.00 50.73 49.57 48.74 48.42 48.64 49.21 49.89 50.48 50.86 51.08 51.25 51.47 51.78 52.14 52.43 52.58 52.52 52.23 51.73 51.08 50.39 49.83 49.57 49.73 50.27 51.00 51.69 52.13 52.25 52.14 51.94 51.78 51.67 51.57 51.38 51.02 50.45 49.72 48.92 48.18 47.59 47.15 46.85 46.70 46.72 46.97 47.53 48.38 49.49 50.75 52.01 53.15 54.03 54.54 54.59 54.10 53.07 51.55 49.64 47.38 44.69 41.25 36.59 30.22 21.90 11.80 0.62 0.03 0.00 0.00 0.00 0.00 0.00 0.00 0.00 0.00 0.00 0.00 0.00 0.00 0.00 0.00 0.00 0.00 0.00 0.00 0.00 0.00 0.00 0.00 0.00 0.00 0.00 0.00 0.00 0.00 0.00 0.00 0.00 0.00 0.00 0.00 0.00 0.00 0.00 0.00 0.00 0.00 0.00 0.00 0.00 0.00 0.00 0.00 0.00 0.00 0.00 0.00 0.00 0.00 0.00 0.00 0.00 0.00 0.00 0.00 0.00 0.00 0.00 0.00 0.03 0.63 12.01 22.25 30.60 36.82 41.08 43.82 45.52 46.52 47.01 47.04 46.69 46.10 45.52 45.19 45.30 45.94 47.06 48.53 50.18 51.83 53.29 54.40 55.08 55.34 55.24 54.90 54.45 54.04 53.81 53.84 54.11 54.44 54.60 54.39 53.74 52.73 51.53 50.29 49.12 48.05 47.10 46.29 45.67 45.30 45.18 45.28 45.50 45.78 46.09 46.44 46.86 47.37 47.92 48.44 48.89 49.27 49.63 50.07 50.62 51.24 51.80 52.01 51.54 49.94 46.48 39.14 19.00 
33.00 48.62 49.85 49.18 48.77 48.84 49.24 49.72 50.10 50.30 50.39 50.49 50.73 51.14 51.63 52.09 52.37 52.37 52.06 51.45 50.64 49.78 49.09 48.76 48.91 49.49 50.31 51.11 51.67 51.91 51.87 51.69 51.44 51.15 50.78 50.28 49.60 48.77 47.89 47.08 46.47 46.13 46.03 46.13 46.39 46.81 47.42 48.24 49.25 50.41 51.64 52.84 53.91 54.74 55.22 55.25 54.73 53.64 52.04 50.00 47.59 44.73 41.13 36.36 29.95 21.65 11.66 0.61 0.03 0.00 0.00 0.00 0.00 0.00 0.00 0.00 0.00 0.00 0.00 0.00 0.00 0.00 0.00 0.00 0.00 0.00 0.00 0.00 0.00 0.00 0.00 0.00 0.00 0.00 0.00 0.00 0.00 0.00 0.00 0.00 0.00 0.00 0.00 0.00 0.00 0.00 0.00 0.00 0.00 0.00 0.00 0.00 0.00 0.00 0.00 0.00 0.00 0.00 0.00 0.00 0.00 0.00 0.00 0.00 0.00 0.00 0.00 0.00 0.00 0.00 0.00 0.03 0.63 11.96 22.16 30.47 36.66 40.92 43.69 45.41 46.42 46.87 46.84 46.40 45.73 45.07 44.69 44.76 45.35 46.41 47.80 49.37 50.93 52.30 53.34 53.96 54.15 53.96 53.51 52.96 52.49 52.30 52.50 53.04 53.72 54.24 54.36 53.98 53.17 52.12 51.00 49.92 48.92 48.00 47.17 46.48 46.00 45.78 45.78 45.94 46.17 46.42 46.72 47.09 47.55 48.05 48.54 48.94 49.24 49.49 49.76 50.14 50.63 51.15 51.48 51.31 50.26 47.75 42.84 34.00 
97.00 61.03 52.28 49.61 48.78 48.72 48.99 49.31 49.53 49.60 49.61 49.71 50.00 50.51 51.13 51.70 52.05 52.05 51.66 50.92 49.95 48.95 48.15 47.78 47.93 48.54 49.42 50.31 50.98 51.35 51.43 51.29 51.00 50.55 49.93 49.13 48.17 47.14 46.16 45.40 44.96 44.88 45.12 45.58 46.22 47.01 47.93 48.97 50.12 51.31 52.51 53.63 54.61 55.36 55.75 55.69 55.09 53.92 52.24 50.12 47.62 44.66 40.98 36.13 29.70 21.44 11.53 0.61 0.03 0.00 0.00 0.00 0.00 0.00 0.00 0.00 0.00 0.00 0.00 0.00 0.00 0.00 0.00 0.00 0.00 0.00 0.00 0.00 0.00 0.00 0.00 0.00 0.00 0.00 0.00 0.00 0.00 0.00 0.00 0.00 0.00 0.00 0.00 0.00 0.00 0.00 0.00 0.00 0.00 0.00 0.00 0.00 0.00 0.00 0.00 0.00 0.00 0.00 0.00 0.00 0.00 0.00 0.00 0.00 0.00 0.00 0.00 0.00 0.00 0.00 0.00 0.03 0.63 11.91 22.04 30.30 36.45 40.71 43.51 45.30 46.38 46.90 46.91 46.51 45.86 45.19 44.75 44.72 45.14 46.00 47.17 48.51 49.86 51.06 51.99 52.54 52.70 52.50 52.03 51.46 51.00 50.88 51.22 51.99 52.95 53.78 54.22 54.12 53.55 52.68 51.68 50.70 49.77 48.88 48.06 47.34 46.79 46.49 46.43 46.53 46.71 46.91 47.14 47.42 47.79 48.21 48.62 48.93 49.12 49.20 49.27 49.44 49.77 50.25 50.75 51.06 51.02 50.58 49.94 49.00 
20.00 46.23 48.64 48.19 47.93 48.05 48.35 48.66 48.84 48.90 48.94 49.10 49.48 50.07 50.76 51.36 51.68 51.61 51.10 50.20 49.08 47.96 47.11 46.72 46.89 47.53 48.46 49.42 50.20 50.69 50.89 50.82 50.49 49.91 49.08 48.05 46.89 45.75 44.78 44.13 43.91 44.09 44.62 45.38 46.31 47.35 48.48 49.68 50.89 52.09 53.23 54.26 55.14 55.77 56.04 55.85 55.13 53.88 52.15 50.02 47.53 44.56 40.86 35.99 29.55 21.30 11.45 0.60 0.03 0.00 0.00 0.00 0.00 0.00 0.00 0.00 0.00 0.00 0.00 0.00 0.00 0.00 0.00 0.00 0.00 0.00 0.00 0.00 0.00 0.00 0.00 0.00 0.00 0.00 0.00 0.00 0.00 0.00 0.00 0.00 0.00 0.00 0.00 0.00 0.00 0.00 0.00 0.00 0.00 0.00 0.00 0.00 0.00 0.00 0.00 0.00 0.00 0.00 0.00 0.00 0.00 0.00 0.00 0.00 0.00 0.00 0.00 0.00 0.00 0.00 0.00 0.03 0.62 11.83 21.90 30.11 36.24 40.51 43.37 45.26 46.47 47.13 47.30 47.05 46.52 45.89 45.39 45.18 45.34 45.87 46.70 47.71 48.76 49.74 50.53 51.03 51.20 51.06 50.67 50.17 49.79 49.76 50.20 51.10 52.24 53.30 53.98 54.13 53.78 53.07 52.19 51.28 50.40 49.55 48.74 48.00 47.43 47.09 46.97 47.03 47.16 47.30 47.43 47.61 47.86 48.18 48.48 48.70 48.76 48.68 48.57 48.55 48.74 49.19 49.84 50.59 51.48 52.98 56.97 70.00 
93.00 55.22 47.78 46.46 46.51 46.91 47.39 47.82 48.13 48.32 48.51 48.81 49.29 49.93 50.59 51.11 51.31 51.08 50.40 49.35 48.11 46.94 46.08 45.71 45.91 46.59 47.56 48.57 49.43 50.03 50.31 50.27 49.91 49.22 48.25 47.09 45.87 44.75 43.90 43.46 43.48 43.92 44.68 45.65 46.74 47.91 49.14 50.37 51.57 52.70 53.75 54.66 55.41 55.89 56.01 55.67 54.84 53.54 51.83 49.78 47.39 44.52 40.86 36.02 29.57 21.31 11.45 0.60 0.03 0.00 0.00 0.00 0.00 0.00 0.00 0.00 0.00 0.00 0.00 0.00 0.00 0.00 0.00 0.00 0.00 0.00 0.00 0.00 0.00 0.00 0.00 0.00 0.00 0.00 0.00 0.00 0.00 0.00 0.00 0.00 0.00 0.00 0.00 0.00 0.00 0.00 0.00 0.00 0.00 0.00 0.00 0.00 0.00 0.00 0.00 0.00 0.00 0.00 0.00 0.00 0.00 0.00 0.00 0.00 0.00 0.00 0.00 0.00 0.00 0.00 0.00 0.03 0.62 11.77 21.79 29.97 36.11 40.44 43.41 45.44 46.81 47.67 48.05 48.01 47.64 47.07 46.50 46.07 45.91 46.05 46.47 47.09 47.81 48.53 49.16 49.61 49.83 49.81 49.56 49.21 48.95 48.99 49.50 50.44 51.65 52.81 53.64 53.97 53.79 53.22 52.43 51.56 50.70 49.85 49.04 48.31 47.73 47.37 47.24 47.27 47.35 47.42 47.45 47.51 47.62 47.82 48.02 48.14 48.10 47.92 47.67 47.53 47.65 48.09 48.82 49.79 50.94 52.48 54.71 56.00 
10.00 33.81 40.66 43.24 44.58 45.51 46.28 46.94 47.49 47.95 48.39 48.88 49.46 50.07 50.62 50.94 50.91 50.46 49.60 48.43 47.15 45.99 45.18 44.87 45.12 45.82 46.81 47.84 48.74 49.38 49.69 49.63 49.22 48.46 47.44 46.29 45.15 44.22 43.62 43.45 43.73 44.38 45.29 46.36 47.51 48.69 49.88 51.05 52.16 53.17 54.08 54.84 55.41 55.72 55.66 55.18 54.26 52.97 51.37 49.50 47.31 44.61 41.06 36.26 29.80 21.49 11.55 0.61 0.03 0.00 0.00 0.00 0.00 0.00 0.00 0.00 0.00 0.00 0.00 0.00 0.00 0.00 0.00 0.00 0.00 0.00 0.00 0.00 0.00 0.00 0.00 0.00 0.00 0.00 0.00 0.00 0.00 0.00 0.00 0.00 0.00 0.00 0.00 0.00 0.00 0.00 0.00 0.00 0.00 0.00 0.00 0.00 0.00 0.00 0.00 0.00 0.00 0.00 0.00 0.00 0.00 0.00 0.00 0.00 0.00 0.00 0.00 0.00 0.00 0.00 0.00 0.03 0.62 11.76 21.79 30.01 36.23 40.67 43.78 45.97 47.52 48.57 49.16 49.32 49.08 48.55 47.88 47.23 46.74 46.50 46.52 46.77 47.16 47.62 48.08 48.48 48.75 48.85 48.77 48.59 48.45 48.55 49.05 49.97 51.14 52.30 53.19 53.62 53.56 53.09 52.36 51.50 50.62 49.76 48.93 48.21 47.65 47.32 47.20 47.22 47.28 47.27 47.20 47.10 47.07 47.13 47.22 47.27 47.17 46.94 46.67 46.52 46.64 47.11 47.90 48.88 49.94 51.12 53.22 60.00 
4.00 29.29 37.70 41.19 43.03 44.27 45.28 46.19 47.04 47.82 48.55 49.25 49.89 50.43 50.75 50.78 50.46 49.76 48.75 47.53 46.29 45.23 44.53 44.32 44.61 45.31 46.27 47.27 48.13 48.73 48.99 48.87 48.39 47.62 46.65 45.65 44.76 44.14 43.89 44.03 44.54 45.34 46.32 47.38 48.48 49.57 50.65 51.70 52.67 53.54 54.27 54.85 55.21 55.30 55.05 54.42 53.46 52.25 50.84 49.24 47.32 44.85 41.46 36.72 30.22 21.82 11.73 0.62 0.03 0.00 0.00 0.00 0.00 0.00 0.00 0.00 0.00 0.00 0.00 0.00 0.00 0.00 0.00 0.00 0.00 0.00 0.00 0.00 0.00 0.00 0.00 0.00 0.00 0.00 0.00 0.00 0.00 0.00 0.00 0.00 0.00 0.00 0.00 0.00 0.00 0.00 0.00 0.00 0.00 0.00 0.00 0.00 0.00 0.00 0.00 0.00 0.00 0.00 0.00 0.00 0.00 0.00 0.00 0.00 0.00 0.00 0.00 0.00 0.00 0.00 0.00 0.03 0.63 11.86 21.99 30.34 36.71 41.32 44.60 46.95 48.65 49.84 50.56 50.82 50.64 50.09 49.29 48.43 47.67 47.13 46.84 46.79 46.91 47.13 47.42 47.74 48.04 48.25 48.31 48.26 48.20 48.32 48.77 49.59 50.66 51.75 52.62 53.09 53.11 52.71 52.02 51.18 50.27 49.38 48.54 47.83 47.31 47.03 46.96 47.00 47.03 46.95 46.75 46.49 46.28 46.18 46.16 46.15 46.06 45.87 45.69 45.65 45.88 46.45 47.29 48.21 48.89 48.79 47.00 43.00 
61.00 41.59 39.62 40.82 42.25 43.49 44.62 45.73 46.83 47.91 48.92 49.80 50.47 50.86 50.91 50.60 49.96 49.04 47.93 46.76 45.66 44.78 44.25 44.14 44.46 45.12 45.98 46.87 47.62 48.10 48.23 48.00 47.47 46.72 45.90 45.17 44.65 44.44 44.57 45.00 45.69 46.54 47.47 48.43 49.39 50.33 51.28 52.20 53.05 53.79 54.37 54.74 54.87 54.71 54.23 53.47 52.50 51.42 50.26 48.97 47.38 45.18 41.97 37.30 30.77 22.25 11.97 0.63 0.03 0.00 0.00 0.00 0.00 0.00 0.00 0.00 0.00 0.00 0.00 0.00 0.00 0.00 0.00 0.00 0.00 0.00 0.00 0.00 0.00 0.00 0.00 0.00 0.00 0.00 0.00 0.00 0.00 0.00 0.00 0.00 0.00 0.00 0.00 0.00 0.00 0.00 0.00 0.00 0.00 0.00 0.00 0.00 0.00 0.00 0.00 0.00 0.00 0.00 0.00 0.00 0.00 0.00 0.00 0.00 0.00 0.00 0.00 0.00 0.00 0.00 0.00 0.03 0.64 12.09 22.44 31.02 37.61 42.44 45.89 48.36 50.14 51.37 52.09 52.31 52.06 51.40 50.47 49.44 48.51 47.81 47.35 47.12 47.04 47.07 47.20 47.43 47.72 47.99 48.14 48.16 48.13 48.22 48.57 49.25 50.18 51.16 51.97 52.44 52.50 52.18 51.55 50.73 49.83 48.93 48.10 47.41 46.94 46.71 46.69 46.75 46.75 46.59 46.23 45.78 45.37 45.09 44.96 44.92 44.89 44.84 44.84 45.02 45.46 46.20 47.15 48.12 48.75 48.15 42.95 19.00 
36.00 36.40 38.33 40.33 41.95 43.25 44.44 45.64 46.90 48.18 49.38 50.37 51.02 51.24 51.01 50.38 49.46 48.39 47.28 46.25 45.39 44.77 44.45 44.45 44.75 45.31 46.00 46.69 47.24 47.52 47.47 47.12 46.53 45.86 45.25 44.85 44.75 44.96 45.45 46.12 46.89 47.68 48.47 49.23 49.98 50.76 51.57 52.40 53.20 53.87 54.33 54.52 54.40 53.97 53.26 52.36 51.39 50.46 49.58 48.64 47.40 45.49 42.48 37.89 31.33 22.68 12.21 0.64 0.03 0.00 0.00 0.00 0.00 0.00 0.00 0.00 0.00 0.00 0.00 0.00 0.00 0.00 0.00 0.00 0.00 0.00 0.00 0.00 0.00 0.00 0.00 0.00 0.00 0.00 0.00 0.00 0.00 0.00 0.00 0.00 0.00 0.00 0.00 0.00 0.00 0.00 0.00 0.00 0.00 0.00 0.00 0.00 0.00 0.00 0.00 0.00 0.00 0.00 0.00 0.00 0.00 0.00 0.00 0.00 0.00 0.00 0.00 0.00 0.00 0.00 0.00 0.03 0.66 12.43 23.11 31.98 38.83 43.86 47.46 50.01 51.78 52.91 53.49 53.53 53.09 52.24 51.16 50.05 49.08 48.37 47.91 47.62 47.44 47.34 47.34 47.48 47.74 48.02 48.21 48.25 48.19 48.18 48.39 48.91 49.68 50.54 51.28 51.73 51.84 51.60 51.07 50.33 49.48 48.61 47.80 47.15 46.73 46.54 46.55 46.60 46.55 46.27 45.74 45.08 44.44 43.98 43.76 43.72 43.79 43.94 44.20 44.66 45.36 46.30 47.40 48.60 49.96 52.09 57.62 77.00 
8.00 29.62 36.96 40.35 42.29 43.63 44.76 45.93 47.20 48.54 49.81 50.83 51.43 51.49 51.03 50.15 49.06 47.93 46.93 46.13 45.58 45.27 45.17 45.26 45.50 45.88 46.34 46.76 47.05 47.10 46.86 46.37 45.76 45.17 44.79 44.72 45.00 45.58 46.33 47.14 47.89 48.54 49.09 49.59 50.10 50.69 51.39 52.19 52.98 53.65 54.06 54.12 53.78 53.10 52.15 51.12 50.16 49.38 48.77 48.17 47.26 45.65 42.85 38.37 31.82 23.07 12.43 0.66 0.03 0.00 0.00 0.00 0.00 0.00 0.00 0.00 0.00 0.00 0.00 0.00 0.00 0.00 0.00 0.00 0.00 0.00 0.00 0.00 0.00 0.00 0.00 0.00 0.00 0.00 0.00 0.00 0.00 0.00 0.00 0.00 0.00 0.00 0.00 0.00 0.00 0.00 0.00 0.00 0.00 0.00 0.00 0.00 0.00 0.00 0.00 0.00 0.00 0.00 0.00 0.00 0.00 0.00 0.00 0.00 0.00 0.00 0.00 0.00 0.00 0.00 0.00 0.04 0.68 12.82 23.84 33.01 40.11 45.31 49.01 51.56 53.23 54.18 54.50 54.25 53.51 52.45 51.25 50.13 49.25 48.67 48.34 48.13 47.96 47.79 47.71 47.77 47.98 48.25 48.43 48.44 48.30 48.16 48.21 48.56 49.18 49.92 50.58 51.03 51.20 51.06 50.67 50.07 49.32 48.51 47.75 47.14 46.74 46.58 46.59 46.61 46.47 46.05 45.33 44.45 43.60 42.98 42.68 42.67 42.88 43.25 43.79 44.52 45.46 46.56 47.74 48.97 50.37 52.58 58.39 80.00 
43.00 37.03 39.45 41.87 43.49 44.60 45.54 46.53 47.66 48.90 50.12 51.10 51.63 51.58 50.98 49.98 48.84 47.78 46.96 46.46 46.24 46.24 46.34 46.48 46.63 46.80 46.97 47.10 47.12 46.94 46.53 45.95 45.33 44.83 44.64 44.83 45.39 46.21 47.11 47.92 48.55 48.98 49.25 49.46 49.72 50.13 50.74 51.52 52.35 53.07 53.48 53.48 53.00 52.11 50.99 49.84 48.89 48.24 47.87 47.56 46.97 45.64 43.05 38.69 32.16 23.35 12.59 0.66 0.04 0.00 0.00 0.00 0.00 0.00 0.00 0.00 0.00 0.00 0.00 0.00 0.00 0.00 0.00 0.00 0.00 0.00 0.00 0.00 0.00 0.00 0.00 0.00 0.00 0.00 0.00 0.00 0.00 0.00 0.00 0.00 0.00 0.00 0.00 0.00 0.00 0.00 0.00 0.00 0.00 0.00 0.00 0.00 0.00 0.00 0.00 0.00 0.00 0.00 0.00 0.00 0.00 0.00 0.00 0.00 0.00 0.00 0.00 0.00 0.00 0.00 0.00 0.04 0.69 13.15 24.45 33.85 41.13 46.45 50.17 52.67 54.19 54.90 54.90 54.31 53.27 52.00 50.73 49.69 49.00 48.67 48.57 48.54 48.45 48.30 48.18 48.17 48.32 48.55 48.69 48.63 48.38 48.10 47.99 48.18 48.65 49.28 49.89 50.34 50.57 50.57 50.34 49.91 49.30 48.58 47.88 47.30 46.93 46.78 46.78 46.75 46.51 45.95 45.05 43.97 42.94 42.19 41.83 41.87 42.21 42.79 43.56 44.51 45.61 46.79 47.97 49.05 49.83 49.38 43.30 12.00 
18.00 35.93 41.78 44.10 45.24 45.94 46.55 47.25 48.13 49.18 50.25 51.14 51.61 51.53 50.92 49.95 48.88 47.97 47.39 47.17 47.25 47.50 47.76 47.92 47.95 47.90 47.80 47.67 47.46 47.12 46.61 45.98 45.38 44.97 44.90 45.25 45.95 46.85 47.74 48.44 48.86 49.02 48.99 48.93 48.97 49.22 49.75 50.51 51.38 52.15 52.62 52.61 52.08 51.10 49.87 48.67 47.74 47.19 46.99 46.91 46.56 45.46 43.07 38.84 32.36 23.54 12.70 0.67 0.04 0.00 0.00 0.00 0.00 0.00 0.00 0.00 0.00 0.00 0.00 0.00 0.00 0.00 0.00 0.00 0.00 0.00 0.00 0.00 0.00 0.00 0.00 0.00 0.00 0.00 0.00 0.00 0.00 0.00 0.00 0.00 0.00 0.00 0.00 0.00 0.00 0.00 0.00 0.00 0.00 0.00 0.00 0.00 0.00 0.00 0.00 0.00 0.00 0.00 0.00 0.00 0.00 0.00 0.00 0.00 0.00 0.00 0.00 0.00 0.00 0.00 0.00 0.04 0.70 13.32 24.77 34.30 41.66 47.01 50.70 53.10 54.45 54.92 54.63 53.74 52.46 51.05 49.78 48.88 48.44 48.41 48.60 48.80 48.87 48.79 48.66 48.60 48.68 48.82 48.87 48.73 48.37 47.96 47.70 47.73 48.07 48.60 49.15 49.60 49.91 50.04 49.99 49.74 49.27 48.66 48.03 47.49 47.16 47.03 47.02 46.96 46.64 45.96 44.92 43.70 42.54 41.69 41.31 41.39 41.84 42.56 43.48 44.54 45.70 46.88 48.02 49.13 50.29 51.65 53.37 56.00 
40.00 46.71 47.34 47.23 47.22 47.33 47.54 47.92 48.50 49.30 50.20 50.99 51.44 51.42 50.92 50.10 49.21 48.50 48.12 48.11 48.39 48.79 49.13 49.27 49.19 48.96 48.66 48.36 48.02 47.61 47.09 46.49 45.94 45.61 45.62 46.03 46.73 47.55 48.27 48.73 48.88 48.74 48.46 48.19 48.07 48.21 48.67 49.40 50.27 51.08 51.59 51.63 51.13 50.16 48.94 47.75 46.85 46.38 46.28 46.33 46.14 45.21 42.97 38.86 32.46 23.64 12.77 0.67 0.04 0.00 0.00 0.00 0.00 0.00 0.00 0.00 0.00 0.00 0.00 0.00 0.00 0.00 0.00 0.00 0.00 0.00 0.00 0.00 0.00 0.00 0.00 0.00 0.00 0.00 0.00 0.00 0.00 0.00 0.00 0.00 0.00 0.00 0.00 0.00 0.00 0.00 0.00 0.00 0.00 0.00 0.00 0.00 0.00 0.00 0.00 0.00 0.00 0.00 0.00 0.00 0.00 0.00 0.00 0.00 0.00 0.00 0.00 0.00 0.00 0.00 0.00 0.04 0.70 13.32 24.77 34.29 41.62 46.92 50.55 52.83 54.03 54.30 53.80 52.72 51.31 49.86 48.68 47.97 47.80 48.06 48.54 48.99 49.24 49.26 49.15 49.03 48.99 49.00 48.94 48.69 48.24 47.73 47.34 47.25 47.45 47.87 48.35 48.80 49.16 49.41 49.52 49.43 49.10 48.60 48.05 47.58 47.31 47.23 47.25 47.18 46.83 46.08 44.96 43.66 42.43 41.54 41.15 41.25 41.76 42.54 43.49 44.54 45.64 46.72 47.75 48.83 50.33 53.46 62.48 93.00 
91.00 63.34 53.24 49.77 48.65 48.32 48.25 48.37 48.71 49.28 50.00 50.71 51.20 51.31 51.01 50.43 49.76 49.23 48.98 49.06 49.39 49.82 50.14 50.23 50.06 49.72 49.34 48.98 48.66 48.30 47.86 47.37 46.92 46.67 46.73 47.11 47.70 48.31 48.75 48.88 48.70 48.29 47.81 47.41 47.23 47.34 47.76 48.45 49.28 50.07 50.59 50.67 50.24 49.36 48.23 47.12 46.29 45.86 45.81 45.91 45.79 44.95 42.83 38.84 32.51 23.72 12.83 0.68 0.04 0.00 0.00 0.00 0.00 0.00 0.00 0.00 0.00 0.00 0.00 0.00 0.00 0.00 0.00 0.00 0.00 0.00 0.00 0.00 0.00 0.00 0.00 0.00 0.00 0.00 0.00 0.00 0.00 0.00 0.00 0.00 0.00 0.00 0.00 0.00 0.00 0.00 0.00 0.00 0.00 0.00 0.00 0.00 0.00 0.00 0.00 0.00 0.00 0.00 0.00 0.00 0.00 0.00 0.00 0.00 0.00 0.00 0.00 0.00 0.00 0.00 0.00 0.04 0.70 13.18 24.50 33.90 41.13 46.33 49.86 52.03 53.11 53.27 52.67 51.54 50.13 48.77 47.74 47.25 47.32 47.83 48.55 49.21 49.64 49.76 49.66 49.46 49.28 49.12 48.90 48.54 48.03 47.46 46.99 46.78 46.86 47.15 47.54 47.95 48.33 48.67 48.88 48.92 48.71 48.33 47.88 47.52 47.35 47.35 47.43 47.38 47.03 46.28 45.15 43.84 42.62 41.74 41.35 41.46 41.96 42.70 43.58 44.52 45.45 46.34 47.14 47.87 48.56 49.33 50.08 49.00 
99.00 62.09 52.00 49.33 48.72 48.60 48.55 48.57 48.74 49.14 49.73 50.40 50.95 51.23 51.19 50.88 50.43 50.01 49.78 49.79 50.03 50.35 50.58 50.59 50.37 50.01 49.65 49.37 49.17 48.98 48.71 48.38 48.08 47.93 48.03 48.35 48.78 49.11 49.18 48.93 48.41 47.76 47.16 46.74 46.61 46.77 47.22 47.87 48.62 49.30 49.76 49.83 49.47 48.70 47.71 46.73 45.99 45.60 45.56 45.65 45.54 44.77 42.74 38.85 32.60 23.83 12.90 0.68 0.04 0.00 0.00 0.00 0.00 0.00 0.00 0.00 0.00 0.00 0.00 0.00 0.00 0.00 0.00 0.00 0.00 0.00 0.00 0.00 0.00 0.00 0.00 0.00 0.00 0.00 0.00 0.00 0.00 0.00 0.00 0.00 0.00 0.00 0.00 0.00 0.00 0.00 0.00 0.00 0.00 0.00 0.00 0.00 0.00 0.00 0.00 0.00 0.00 0.00 0.00 0.00 0.00 0.00 0.00 0.00 0.00 0.00 0.00 0.00 0.00 0.00 0.00 0.04 0.68 12.97 24.11 33.34 40.41 45.49 48.89 50.96 51.96 52.09 51.52 50.47 49.21 48.04 47.22 46.94 47.21 47.90 48.78 49.59 50.13 50.34 50.24 49.96 49.61 49.25 48.86 48.40 47.84 47.25 46.75 46.45 46.40 46.56 46.83 47.17 47.53 47.87 48.14 48.24 48.14 47.87 47.56 47.34 47.31 47.43 47.58 47.58 47.26 46.53 45.46 44.22 43.07 42.24 41.88 41.97 42.41 43.06 43.79 44.53 45.25 45.91 46.47 46.85 46.73 45.24 39.55 20.00 
2.00 33.66 42.72 46.11 47.65 48.32 48.53 48.56 48.66 48.94 49.45 50.09 50.72 51.20 51.41 51.35 51.06 50.68 50.36 50.20 50.21 50.33 50.40 50.32 50.07 49.75 49.50 49.39 49.41 49.45 49.41 49.29 49.16 49.13 49.27 49.54 49.79 49.82 49.53 48.91 48.09 47.26 46.61 46.27 46.27 46.57 47.08 47.70 48.33 48.85 49.15 49.14 48.78 48.11 47.26 46.43 45.80 45.48 45.44 45.52 45.42 44.69 42.75 38.95 32.77 24.01 13.02 0.69 0.04 0.00 0.00 0.00 0.00 0.00 0.00 0.00 0.00 0.00 0.00 0.00 0.00 0.00 0.00 0.00 0.00 0.00 0.00 0.00 0.00 0.00 0.00 0.00 0.00 0.00 0.00 0.00 0.00 0.00 0.00 0.00 0.00 0.00 0.00 0.00 0.00 0.00 0.00 0.00 0.00 0.00 0.00 0.00 0.00 0.00 0.00 0.00 0.00 0.00 0.00 0.00 0.00 0.00 0.00 0.00 0.00 0.00 0.00 0.00 0.00 0.00 0.00 0.04 0.67 12.77 23.72 32.78 39.70 44.61 47.88 49.84 50.81 50.97 50.53 49.69 48.68 47.77 47.20 47.12 47.53 48.32 49.27 50.15 50.77 51.03 50.93 50.57 50.06 49.50 48.93 48.36 47.77 47.19 46.69 46.34 46.18 46.21 46.36 46.59 46.88 47.17 47.41 47.53 47.49 47.33 47.18 47.14 47.27 47.52 47.75 47.79 47.50 46.84 45.87 44.77 43.75 43.02 42.69 42.77 43.13 43.64 44.17 44.69 45.17 45.64 46.09 46.44 46.43 45.51 42.99 41.00 
5.00 27.46 38.46 44.00 46.76 48.01 48.43 48.50 48.55 48.75 49.19 49.82 50.54 51.18 51.62 51.75 51.57 51.17 50.68 50.27 50.00 49.85 49.74 49.56 49.29 49.04 48.92 49.01 49.26 49.56 49.78 49.88 49.93 50.04 50.24 50.48 50.57 50.36 49.76 48.84 47.78 46.84 46.21 45.99 46.17 46.64 47.24 47.84 48.33 48.65 48.73 48.56 48.14 47.51 46.78 46.10 45.60 45.36 45.35 45.45 45.39 44.73 42.88 39.17 33.04 24.26 13.17 0.70 0.04 0.00 0.00 0.00 0.00 0.00 0.00 0.00 0.00 0.00 0.00 0.00 0.00 0.00 0.00 0.00 0.00 0.00 0.00 0.00 0.00 0.00 0.00 0.00 0.00 0.00 0.00 0.00 0.00 0.00 0.00 0.00 0.00 0.00 0.00 0.00 0.00 0.00 0.00 0.00 0.00 0.00 0.00 0.00 0.00 0.00 0.00 0.00 0.00 0.00 0.00 0.00 0.00 0.00 0.00 0.00 0.00 0.00 0.00 0.00 0.00 0.00 0.00 0.04 0.67 12.63 23.44 32.35 39.10 43.85 46.95 48.81 49.74 49.99 49.75 49.18 48.50 47.91 47.61 47.71 48.23 49.05 49.99 50.87 51.50 51.79 51.69 51.28 50.64 49.91 49.18 48.51 47.89 47.32 46.83 46.45 46.23 46.15 46.20 46.33 46.51 46.71 46.87 46.95 46.93 46.87 46.86 47.00 47.28 47.64 47.94 48.01 47.77 47.20 46.38 45.46 44.62 44.03 43.77 43.83 44.11 44.47 44.80 45.08 45.35 45.67 46.12 46.73 47.39 47.66 46.06 36.00 
30.00 32.33 38.97 43.90 46.72 48.04 48.48 48.51 48.48 48.60 48.98 49.60 50.38 51.16 51.77 52.05 51.94 51.47 50.79 50.10 49.54 49.14 48.84 48.55 48.27 48.07 48.06 48.31 48.77 49.28 49.72 50.02 50.26 50.50 50.79 51.02 51.03 50.66 49.86 48.75 47.56 46.57 45.98 45.89 46.23 46.83 47.51 48.08 48.44 48.55 48.41 48.04 47.51 46.89 46.25 45.69 45.32 45.17 45.23 45.38 45.39 44.82 43.07 39.44 33.34 24.53 13.33 0.70 0.04 0.00 0.00 0.00 0.00 0.00 0.00 0.00 0.00 0.00 0.00 0.00 0.00 0.00 0.00 0.00 0.00 0.00 0.00 0.00 0.00 0.00 0.00 0.00 0.00 0.00 0.00 0.00 0.00 0.00 0.00 0.00 0.00 0.00 0.00 0.00 0.00 0.00 0.00 0.00 0.00 0.00 0.00 0.00 0.00 0.00 0.00 0.00 0.00 0.00 0.00 0.00 0.00 0.00 0.00 0.00 0.00 0.00 0.00 0.00 0.00 0.00 0.00 0.03 0.66 12.55 23.27 32.07 38.67 43.23 46.15 47.87 48.76 49.10 49.07 48.82 48.49 48.24 48.21 48.50 49.10 49.91 50.80 51.62 52.23 52.53 52.45 52.02 51.32 50.47 49.60 48.82 48.15 47.58 47.10 46.72 46.47 46.35 46.34 46.40 46.49 46.59 46.64 46.65 46.62 46.62 46.73 47.00 47.40 47.83 48.16 48.26 48.07 47.61 46.97 46.27 45.65 45.22 45.04 45.10 45.31 45.53 45.68 45.74 45.80 45.99 46.51 47.52 49.21 52.03 57.78 75.00 
20.00 32.50 40.56 45.18 47.56 48.55 48.77 48.65 48.50 48.53 48.83 49.43 50.24 51.11 51.84 52.23 52.15 51.61 50.77 49.85 49.04 48.42 47.96 47.59 47.28 47.09 47.13 47.46 48.02 48.67 49.27 49.74 50.13 50.50 50.87 51.14 51.15 50.73 49.88 48.71 47.48 46.49 45.93 45.91 46.33 47.00 47.71 48.24 48.49 48.43 48.10 47.57 46.94 46.29 45.70 45.25 44.97 44.91 45.05 45.28 45.36 44.88 43.22 39.66 33.58 24.73 13.45 0.71 0.04 0.00 0.00 0.00 0.00 0.00 0.00 0.00 0.00 0.00 0.00 0.00 0.00 0.00 0.00 0.00 0.00 0.00 0.00 0.00 0.00 0.00 0.00 0.00 0.00 0.00 0.00 0.00 0.00 0.00 0.00 0.00 0.00 0.00 0.00 0.00 0.00 0.00 0.00 0.00 0.00 0.00 0.00 0.00 0.00 0.00 0.00 0.00 0.00 0.00 0.00 0.00 0.00 0.00 0.00 0.00 0.00 0.00 0.00 0.00 0.00 0.00 0.00 0.03 0.66 12.53 23.22 31.94 38.40 42.77 45.47 47.01 47.82 48.21 48.38 48.42 48.43 48.51 48.77 49.24 49.90 50.70 51.51 52.26 52.82 53.13 53.09 52.69 51.98 51.07 50.11 49.23 48.48 47.87 47.39 47.02 46.78 46.67 46.66 46.71 46.77 46.80 46.78 46.72 46.67 46.69 46.86 47.20 47.65 48.10 48.43 48.54 48.40 48.07 47.64 47.18 46.77 46.50 46.41 46.47 46.62 46.73 46.72 46.58 46.44 46.50 47.03 48.27 50.50 53.95 58.26 59.00 
10.00 36.79 45.03 48.09 49.26 49.52 49.33 48.96 48.65 48.56 48.79 49.34 50.15 51.06 51.85 52.30 52.23 51.64 50.69 49.61 48.63 47.87 47.31 46.88 46.53 46.32 46.34 46.65 47.20 47.88 48.55 49.13 49.63 50.11 50.57 50.92 50.99 50.65 49.87 48.77 47.60 46.62 46.06 46.01 46.41 47.07 47.75 48.24 48.42 48.26 47.81 47.19 46.49 45.83 45.27 44.87 44.66 44.66 44.84 45.12 45.27 44.85 43.24 39.71 33.64 24.79 13.49 0.71 0.04 0.00 0.00 0.00 0.00 0.00 0.00 0.00 0.00 0.00 0.00 0.00 0.00 0.00 0.00 0.00 0.00 0.00 0.00 0.00 0.00 0.00 0.00 0.00 0.00 0.00 0.00 0.00 0.00 0.00 0.00 0.00 0.00 0.00 0.00 0.00 0.00 0.00 0.00 0.00 0.00 0.00 0.00 0.00 0.00 0.00 0.00 0.00 0.00 0.00 0.00 0.00 0.00 0.00 0.00 0.00 0.00 0.00 0.00 0.00 0.00 0.00 0.00 0.04 0.66 12.57 23.27 31.95 38.30 42.48 44.96 46.28 46.95 47.33 47.61 47.87 48.16 48.54 49.04 49.68 50.43 51.22 51.98 52.65 53.17 53.48 53.49 53.16 52.49 51.58 50.58 49.61 48.78 48.12 47.60 47.24 47.03 46.98 47.04 47.14 47.23 47.26 47.22 47.15 47.10 47.14 47.33 47.66 48.08 48.49 48.77 48.86 48.79 48.61 48.37 48.13 47.92 47.77 47.73 47.78 47.87 47.88 47.73 47.43 47.12 47.05 47.51 48.80 51.27 55.51 62.59 73.00 
79.00 59.40 54.29 52.49 51.54 50.79 50.08 49.45 48.97 48.75 48.87 49.34 50.11 51.00 51.81 52.27 52.21 51.60 50.60 49.45 48.40 47.58 46.98 46.52 46.16 45.90 45.84 46.04 46.49 47.10 47.75 48.37 48.93 49.48 50.01 50.44 50.64 50.45 49.86 48.93 47.87 46.93 46.33 46.18 46.47 47.04 47.66 48.12 48.28 48.10 47.64 46.99 46.28 45.62 45.07 44.69 44.49 44.50 44.70 45.00 45.16 44.75 43.13 39.60 33.53 24.69 13.43 0.71 0.04 0.00 0.00 0.00 0.00 0.00 0.00 0.00 0.00 0.00 0.00 0.00 0.00 0.00 0.00 0.00 0.00 0.00 0.00 0.00 0.00 0.00 0.00 0.00 0.00 0.00 0.00 0.00 0.00 0.00 0.00 0.00 0.00 0.00 0.00 0.00 0.00 0.00 0.00 0.00 0.00 0.00 0.00 0.00 0.00 0.00 0.00 0.00 0.00 0.00 0.00 0.00 0.00 0.00 0.00 0.00 0.00 0.00 0.00 0.00 0.00 0.00 0.00 0.04 0.67 12.66 23.42 32.11 38.41 42.44 44.69 45.77 46.24 46.51 46.79 47.16 47.63 48.22 48.93 49.72 50.56 51.37 52.10 52.71 53.20 53.51 53.58 53.33 52.76 51.90 50.90 49.90 49.01 48.27 47.71 47.34 47.17 47.18 47.32 47.53 47.71 47.82 47.86 47.86 47.86 47.94 48.12 48.39 48.72 49.01 49.20 49.28 49.26 49.21 49.15 49.09 49.01 48.92 48.87 48.86 48.87 48.78 48.53 48.12 47.70 47.53 47.86 48.94 51.02 54.83 63.89 96.00 
77.00 67.42 60.08 55.89 53.51 52.01 50.92 50.08 49.45 49.11 49.11 49.47 50.14 50.97 51.73 52.18 52.12 51.52 50.53 49.40 48.37 47.57 46.99 46.54 46.17 45.86 45.69 45.73 46.01 46.49 47.06 47.64 48.21 48.78 49.33 49.83 50.14 50.15 49.79 49.10 48.20 47.31 46.66 46.39 46.54 47.00 47.56 48.02 48.21 48.09 47.68 47.08 46.41 45.75 45.20 44.81 44.60 44.60 44.77 45.04 45.15 44.68 43.00 39.40 33.31 24.49 13.31 0.70 0.04 0.00 0.00 0.00 0.00 0.00 0.00 0.00 0.00 0.00 0.00 0.00 0.00 0.00 0.00 0.00 0.00 0.00 0.00 0.00 0.00 0.00 0.00 0.00 0.00 0.00 0.00 0.00 0.00 0.00 0.00 0.00 0.00 0.00 0.00 0.00 0.00 0.00 0.00 0.00 0.00 0.00 0.00 0.00 0.00 0.00 0.00 0.00 0.00 0.00 0.00 0.00 0.00 0.00 0.00 0.00 0.00 0.00 0.00 0.00 0.00 0.00 0.00 0.04 0.67 12.79 23.66 32.44 38.74 42.69 44.77 45.61 45.82 45.88 46.02 46.36 46.89 47.60 48.43 49.35 50.28 51.13 51.86 52.46 52.92 53.23 53.34 53.18 52.72 51.97 51.05 50.07 49.16 48.38 47.77 47.37 47.20 47.26 47.48 47.79 48.10 48.36 48.54 48.69 48.81 48.96 49.15 49.36 49.55 49.69 49.76 49.78 49.80 49.86 49.95 50.00 49.97 49.86 49.73 49.62 49.51 49.32 49.00 48.54 48.11 47.91 48.15 48.90 49.83 49.51 42.48 6.00 
97.00 73.24 62.80 57.58 54.72 52.97 51.74 50.79 50.06 49.60 49.47 49.71 50.26 50.99 51.68 52.09 52.03 51.47 50.55 49.49 48.54 47.81 47.29 46.88 46.50 46.15 45.87 45.75 45.86 46.16 46.61 47.11 47.63 48.14 48.66 49.15 49.54 49.72 49.60 49.14 48.44 47.64 46.97 46.62 46.66 47.03 47.56 48.05 48.32 48.31 48.02 47.52 46.91 46.28 45.73 45.32 45.10 45.06 45.20 45.40 45.42 44.83 43.01 39.29 33.13 24.31 13.19 0.70 0.04 0.00 0.00 0.00 0.00 0.00 0.00 0.00 0.00 0.00 0.00 0.00 0.00 0.00 0.00 0.00 0.00 0.00 0.00 0.00 0.00 0.00 0.00 0.00 0.00 0.00 0.00 0.00 0.00 0.00 0.00 0.00 0.00 0.00 0.00 0.00 0.00 0.00 0.00 0.00 0.00 0.00 0.00 0.00 0.00 0.00 0.00 0.00 0.00 0.00 0.00 0.00 0.00 0.00 0.00 0.00 0.00 0.00 0.00 0.00 0.00 0.00 0.00 0.04 0.68 12.95 23.97 32.89 39.29 43.25 45.21 45.83 45.77 45.54 45.44 45.62 46.08 46.79 47.69 48.69 49.70 50.61 51.37 51.97 52.41 52.70 52.83 52.75 52.41 51.82 51.05 50.18 49.31 48.52 47.88 47.44 47.24 47.29 47.54 47.93 48.35 48.77 49.14 49.48 49.78 50.05 50.27 50.41 50.47 50.45 50.38 50.34 50.38 50.51 50.68 50.78 50.74 50.56 50.31 50.05 49.80 49.51 49.14 48.70 48.34 48.24 48.59 49.45 50.62 51.44 50.84 51.00 
74.00 65.88 60.50 57.14 55.01 53.56 52.44 51.49 50.70 50.13 49.88 50.00 50.44 51.08 51.70 52.08 52.03 51.52 50.68 49.74 48.90 48.27 47.82 47.45 47.08 46.68 46.32 46.08 46.03 46.19 46.51 46.91 47.32 47.71 48.10 48.51 48.89 49.17 49.23 49.00 48.50 47.84 47.23 46.86 46.87 47.21 47.75 48.29 48.67 48.80 48.66 48.30 47.79 47.22 46.69 46.28 46.04 45.99 46.08 46.20 46.09 45.32 43.31 39.41 33.11 24.24 13.13 0.69 0.04 0.00 0.00 0.00 0.00 0.00 0.00 0.00 0.00 0.00 0.00 0.00 0.00 0.00 0.00 0.00 0.00 0.00 0.00 0.00 0.00 0.00 0.00 0.00 0.00 0.00 0.00 0.00 0.00 0.00 0.00 0.00 0.00 0.00 0.00 0.00 0.00 0.00 0.00 0.00 0.00 0.00 0.00 0.00 0.00 0.00 0.00 0.00 0.00 0.00 0.00 0.00 0.00 0.00 0.00 0.00 0.00 0.00 0.00 0.00 0.00 0.00 0.00 0.04 0.69 13.11 24.30 33.40 39.95 43.99 45.92 46.38 46.05 45.50 45.10 45.03 45.33 45.97 46.86 47.91 48.98 49.96 50.76 51.36 51.77 52.03 52.15 52.12 51.92 51.53 50.96 50.28 49.53 48.80 48.14 47.65 47.39 47.38 47.61 48.01 48.50 49.03 49.56 50.08 50.56 50.97 51.24 51.35 51.29 51.12 50.93 50.83 50.87 51.04 51.26 51.37 51.29 51.03 50.65 50.24 49.85 49.45 49.05 48.66 48.42 48.50 49.08 50.30 52.31 55.21 58.68 59.00 
50.00 55.92 56.40 55.65 54.74 53.86 52.98 52.07 51.23 50.58 50.23 50.26 50.64 51.23 51.82 52.19 52.16 51.72 50.98 50.15 49.43 48.90 48.51 48.17 47.80 47.38 46.97 46.65 46.52 46.58 46.81 47.10 47.38 47.60 47.80 48.03 48.31 48.60 48.78 48.73 48.43 47.95 47.46 47.17 47.21 47.57 48.14 48.74 49.22 49.51 49.55 49.38 49.02 48.55 48.07 47.68 47.44 47.37 47.42 47.44 47.17 46.19 43.94 39.82 33.33 24.33 13.16 0.69 0.04 0.00 0.00 0.00 0.00 0.00 0.00 0.00 0.00 0.00 0.00 0.00 0.00 0.00 0.00 0.00 0.00 0.00 0.00 0.00 0.00 0.00 0.00 0.00 0.00 0.00 0.00 0.00 0.00 0.00 0.00 0.00 0.00 0.00 0.00 0.00 0.00 0.00 0.00 0.00 0.00 0.00 0.00 0.00 0.00 0.00 0.00 0.00 0.00 0.00 0.00 0.00 0.00 0.00 0.00 0.00 0.00 0.00 0.00 0.00 0.00 0.00 0.00 0.04 0.70 13.22 24.56 33.81 40.53 44.69 46.65 47.02 46.49 45.67 44.98 44.64 44.75 45.27 46.13 47.19 48.31 49.34 50.18 50.77 51.14 51.34 51.42 51.43 51.36 51.18 50.86 50.42 49.85 49.22 48.60 48.07 47.74 47.64 47.79 48.13 48.60 49.15 49.75 50.38 50.99 51.50 51.83 51.92 51.79 51.51 51.23 51.07 51.11 51.31 51.56 51.69 51.61 51.31 50.85 50.33 49.82 49.32 48.87 48.51 48.36 48.56 49.27 50.71 53.38 58.58 69.76 96.00 
48.00 51.45 53.57 54.28 54.32 53.96 53.30 52.44 51.56 50.84 50.43 50.42 50.79 51.39 52.00 52.39 52.41 52.05 51.41 50.71 50.10 49.64 49.30 48.97 48.59 48.15 47.73 47.40 47.25 47.30 47.49 47.71 47.85 47.88 47.85 47.86 47.99 48.22 48.44 48.53 48.41 48.12 47.80 47.63 47.74 48.13 48.71 49.35 49.93 50.36 50.62 50.67 50.52 50.21 49.81 49.45 49.20 49.09 49.07 48.97 48.53 47.33 44.83 40.46 33.76 24.58 13.27 0.70 0.04 0.00 0.00 0.00 0.00 0.00 0.00 0.00 0.00 0.00 0.00 0.00 0.00 0.00 0.00 0.00 0.00 0.00 0.00 0.00 0.00 0.00 0.00 0.00 0.00 0.00 0.00 0.00 0.00 0.00 0.00 0.00 0.00 0.00 0.00 0.00 0.00 0.00 0.00 0.00 0.00 0.00 0.00 0.00 0.00 0.00 0.00 0.00 0.00 0.00 0.00 0.00 0.00 0.00 0.00 0.00 0.00 0.00 0.00 0.00 0.00 0.00 0.00 0.04 0.70 13.24 24.62 33.97 40.81 45.09 47.12 47.48 46.84 45.84 44.93 44.40 44.34 44.76 45.58 46.64 47.79 48.86 49.71 50.28 50.59 50.71 50.74 50.77 50.81 50.84 50.78 50.59 50.23 49.74 49.18 48.66 48.28 48.11 48.14 48.37 48.72 49.18 49.73 50.35 50.98 51.52 51.86 51.94 51.77 51.44 51.11 50.93 50.98 51.22 51.52 51.72 51.72 51.47 51.03 50.47 49.87 49.27 48.73 48.33 48.16 48.30 48.85 49.90 51.85 55.86 65.69 94.00 
31.00 48.21 51.93 53.26 53.84 53.85 53.36 52.54 51.62 50.84 50.41 50.41 50.82 51.47 52.15 52.60 52.70 52.42 51.90 51.30 50.79 50.40 50.08 49.76 49.37 48.93 48.53 48.26 48.16 48.26 48.46 48.64 48.69 48.55 48.32 48.13 48.09 48.22 48.45 48.62 48.64 48.51 48.35 48.29 48.46 48.86 49.43 50.08 50.72 51.31 51.80 52.12 52.22 52.10 51.80 51.45 51.15 50.96 50.82 50.58 49.97 48.55 45.83 41.22 34.29 24.91 13.43 0.71 0.04 0.00 0.00 0.00 0.00 0.00 0.00 0.00 0.00 0.00 0.00 0.00 0.00 0.00 0.00 0.00 0.00 0.00 0.00 0.00 0.00 0.00 0.00 0.00 0.00 0.00 0.00 0.00 0.00 0.00 0.00 0.00 0.00 0.00 0.00 0.00 0.00 0.00 0.00 0.00 0.00 0.00 0.00 0.00 0.00 0.00 0.00 0.00 0.00 0.00 0.00 0.00 0.00 0.00 0.00 0.00 0.00 0.00 0.00 0.00 0.00 0.00 0.00 0.04 0.69 13.11 24.41 33.74 40.61 44.97 47.09 47.50 46.87 45.81 44.82 44.19 44.06 44.43 45.22 46.28 47.43 48.51 49.36 49.90 50.15 50.20 50.19 50.22 50.36 50.56 50.72 50.76 50.60 50.26 49.80 49.33 48.94 48.72 48.66 48.73 48.91 49.19 49.56 50.02 50.54 51.00 51.30 51.35 51.16 50.82 50.50 50.34 50.43 50.74 51.15 51.49 51.66 51.58 51.25 50.74 50.09 49.39 48.72 48.17 47.83 47.72 47.79 47.91 47.83 46.94 42.93 25.00 
95.00 58.21 52.17 52.33 53.17 53.49 53.16 52.38 51.43 50.63 50.18 50.21 50.68 51.40 52.15 52.69 52.88 52.71 52.29 51.81 51.39 51.06 50.78 50.46 50.08 49.68 49.33 49.13 49.13 49.32 49.58 49.77 49.77 49.54 49.17 48.83 48.67 48.72 48.91 49.12 49.23 49.21 49.14 49.14 49.33 49.71 50.24 50.88 51.58 52.32 53.04 53.64 54.00 54.06 53.85 53.46 53.05 52.71 52.41 52.01 51.23 49.65 46.75 41.95 34.83 25.26 13.61 0.72 0.04 0.00 0.00 0.00 0.00 0.00 0.00 0.00 0.00 0.00 0.00 0.00 0.00 0.00 0.00 0.00 0.00 0.00 0.00 0.00 0.00 0.00 0.00 0.00 0.00 0.00 0.00 0.00 0.00 0.00 0.00 0.00 0.00 0.00 0.00 0.00 0.00 0.00 0.00 0.00 0.00 0.00 0.00 0.00 0.00 0.00 0.00 0.00 0.00 0.00 0.00 0.00 0.00 0.00 0.00 0.00 0.00 0.00 0.00 0.00 0.00 0.00 0.00 0.04 0.68 12.85 23.92 33.10 39.91 44.28 46.47 46.99 46.46 45.48 44.54 43.94 43.83 44.21 44.99 46.03 47.18 48.26 49.10 49.61 49.82 49.82 49.78 49.84 50.05 50.38 50.71 50.91 50.91 50.70 50.34 49.95 49.61 49.38 49.25 49.20 49.18 49.21 49.31 49.51 49.80 50.08 50.27 50.27 50.07 49.77 49.50 49.41 49.58 49.99 50.54 51.09 51.50 51.66 51.53 51.11 50.46 49.67 48.83 48.06 47.44 46.94 46.45 45.65 44.03 40.62 33.75 22.00 
14.00 37.05 45.49 49.76 52.03 52.90 52.78 52.05 51.10 50.27 49.81 49.85 50.35 51.13 51.94 52.56 52.84 52.77 52.47 52.10 51.77 51.52 51.29 51.02 50.69 50.33 50.06 49.95 50.05 50.33 50.66 50.89 50.90 50.65 50.24 49.85 49.62 49.62 49.78 49.98 50.10 50.11 50.06 50.07 50.23 50.58 51.08 51.72 52.48 53.35 54.27 55.11 55.70 55.90 55.72 55.24 54.66 54.11 53.62 53.06 52.16 50.48 47.47 42.55 35.29 25.57 13.77 0.73 0.04 0.00 0.00 0.00 0.00 0.00 0.00 0.00 0.00 0.00 0.00 0.00 0.00 0.00 0.00 0.00 0.00 0.00 0.00 0.00 0.00 0.00 0.00 0.00 0.00 0.00 0.00 0.00 0.00 0.00 0.00 0.00 0.00 0.00 0.00 0.00 0.00 0.00 0.00 0.00 0.00 0.00 0.00 0.00 0.00 0.00 0.00 0.00 0.00 0.00 0.00 0.00 0.00 0.00 0.00 0.00 0.00 0.00 0.00 0.00 0.00 0.00 0.00 0.03 0.66 12.47 23.23 32.15 38.80 43.13 45.39 46.05 45.69 44.89 44.11 43.64 43.62 44.04 44.82 45.84 46.96 48.00 48.83 49.34 49.54 49.54 49.52 49.63 49.92 50.35 50.79 51.09 51.17 51.04 50.78 50.47 50.20 50.00 49.85 49.69 49.50 49.28 49.09 48.98 48.97 49.02 49.04 48.96 48.78 48.55 48.37 48.36 48.62 49.14 49.86 50.62 51.29 51.71 51.79 51.50 50.88 50.01 49.02 48.01 47.07 46.18 45.19 43.79 41.44 37.24 29.12 10.00 
1.00 30.03 42.09 48.11 51.17 52.38 52.38 51.67 50.70 49.85 49.37 49.39 49.88 50.67 51.51 52.19 52.54 52.56 52.36 52.09 51.86 51.71 51.58 51.40 51.16 50.89 50.69 50.64 50.81 51.14 51.52 51.79 51.84 51.65 51.30 50.94 50.72 50.69 50.81 50.96 51.04 50.99 50.90 50.87 51.00 51.34 51.85 52.54 53.37 54.35 55.41 56.40 57.12 57.39 57.18 56.57 55.78 55.01 54.33 53.65 52.70 50.99 47.95 42.98 35.64 25.82 13.89 0.73 0.04 0.00 0.00 0.00 0.00 0.00 0.00 0.00 0.00 0.00 0.00 0.00 0.00 0.00 0.00 0.00 0.00 0.00 0.00 0.00 0.00 0.00 0.00 0.00 0.00 0.00 0.00 0.00 0.00 0.00 0.00 0.00 0.00 0.00 0.00 0.00 0.00 0.00 0.00 0.00 0.00 0.00 0.00 0.00 0.00 0.00 0.00 0.00 0.00 0.00 0.00 0.00 0.00 0.00 0.00 0.00 0.00 0.00 0.00 0.00 0.00 0.00 0.00 0.03 0.64 12.06 22.45 31.07 37.53 41.78 44.10 44.91 44.77 44.21 43.65 43.37 43.47 43.93 44.69 45.64 46.69 47.68 48.49 49.01 49.26 49.32 49.38 49.58 49.97 50.49 50.99 51.35 51.47 51.37 51.15 50.90 50.69 50.52 50.37 50.14 49.82 49.41 48.97 48.58 48.28 48.07 47.91 47.76 47.60 47.44 47.36 47.45 47.79 48.41 49.25 50.18 51.05 51.67 51.93 51.77 51.20 50.31 49.21 48.03 46.83 45.62 44.28 42.59 40.30 37.40 35.26 42.00 
47.00 39.42 43.78 48.25 51.00 52.12 52.07 51.32 50.33 49.45 48.93 48.91 49.35 50.11 50.95 51.63 52.01 52.07 51.93 51.74 51.62 51.59 51.61 51.60 51.50 51.35 51.22 51.20 51.36 51.67 52.03 52.32 52.42 52.32 52.09 51.84 51.68 51.65 51.72 51.79 51.76 51.62 51.44 51.36 51.48 51.85 52.45 53.23 54.16 55.21 56.32 57.35 58.09 58.35 58.06 57.32 56.34 55.37 54.56 53.82 52.87 51.22 48.22 43.26 35.88 25.99 13.99 0.74 0.04 0.00 0.00 0.00 0.00 0.00 0.00 0.00 0.00 0.00 0.00 0.00 0.00 0.00 0.00 0.00 0.00 0.00 0.00 0.00 0.00 0.00 0.00 0.00 0.00 0.00 0.00 0.00 0.00 0.00 0.00 0.00 0.00 0.00 0.00 0.00 0.00 0.00 0.00 0.00 0.00 0.00 0.00 0.00 0.00 0.00 0.00 0.00 0.00 0.00 0.00 0.00 0.00 0.00 0.00 0.00 0.00 0.00 0.00 0.00 0.00 0.00 0.00 0.03 0.62 11.70 21.77 30.10 36.35 40.52 42.88 43.86 43.95 43.65 43.34 43.25 43.46 43.94 44.63 45.47 46.38 47.27 48.04 48.59 48.91 49.09 49.28 49.62 50.14 50.77 51.35 51.73 51.86 51.76 51.54 51.29 51.09 50.93 50.75 50.47 50.07 49.54 48.94 48.35 47.83 47.42 47.11 46.90 46.76 46.68 46.69 46.86 47.25 47.92 48.81 49.81 50.77 51.50 51.87 51.81 51.32 50.47 49.37 48.12 46.79 45.39 43.83 41.97 39.62 36.59 32.37 23.00 
20.00 36.31 44.39 48.93 51.30 52.12 51.88 51.04 50.00 49.10 48.56 48.51 48.90 49.61 50.39 51.02 51.35 51.39 51.25 51.10 51.07 51.20 51.43 51.64 51.75 51.74 51.68 51.65 51.74 51.94 52.19 52.42 52.54 52.54 52.45 52.34 52.27 52.27 52.28 52.24 52.08 51.82 51.54 51.41 51.56 52.02 52.75 53.66 54.69 55.79 56.88 57.85 58.52 58.70 58.31 57.45 56.34 55.26 54.39 53.67 52.80 51.25 48.34 43.42 36.04 26.11 14.05 0.74 0.04 0.00 0.00 0.00 0.00 0.00 0.00 0.00 0.00 0.00 0.00 0.00 0.00 0.00 0.00 0.00 0.00 0.00 0.00 0.00 0.00 0.00 0.00 0.00 0.00 0.00 0.00 0.00 0.00 0.00 0.00 0.00 0.00 0.00 0.00 0.00 0.00 0.00 0.00 0.00 0.00 0.00 0.00 0.00 0.00 0.00 0.00 0.00 0.00 0.00 0.00 0.00 0.00 0.00 0.00 0.00 0.00 0.00 0.00 0.00 0.00 0.00 0.00 0.03 0.60 11.47 21.32 29.44 35.53 39.63 42.03 43.15 43.47 43.42 43.35 43.43 43.72 44.17 44.74 45.39 46.10 46.83 47.52 48.07 48.48 48.80 49.17 49.68 50.36 51.11 51.79 52.22 52.36 52.24 51.98 51.69 51.43 51.20 50.95 50.61 50.16 49.59 48.94 48.27 47.64 47.12 46.73 46.48 46.37 46.34 46.42 46.63 47.04 47.68 48.54 49.52 50.45 51.19 51.60 51.61 51.22 50.49 49.49 48.31 46.99 45.54 43.90 41.96 39.61 36.94 34.58 35.00 
19.00 40.87 47.56 50.60 52.02 52.30 51.78 50.81 49.75 48.86 48.35 48.30 48.66 49.28 49.96 50.46 50.67 50.60 50.40 50.26 50.32 50.63 51.10 51.59 51.94 52.10 52.10 52.03 51.97 51.98 52.04 52.13 52.21 52.27 52.31 52.35 52.39 52.42 52.39 52.25 51.96 51.56 51.19 51.03 51.20 51.77 52.65 53.73 54.86 55.98 57.00 57.85 58.38 58.44 57.96 57.02 55.86 54.77 53.93 53.31 52.57 51.15 48.34 43.48 36.11 26.16 14.08 0.74 0.04 0.00 0.00 0.00 0.00 0.00 0.00 0.00 0.00 0.00 0.00 0.00 0.00 0.00 0.00 0.00 0.00 0.00 0.00 0.00 0.00 0.00 0.00 0.00 0.00 0.00 0.00 0.00 0.00 0.00 0.00 0.00 0.00 0.00 0.00 0.00 0.00 0.00 0.00 0.00 0.00 0.00 0.00 0.00 0.00 0.00 0.00 0.00 0.00 0.00 0.00 0.00 0.00 0.00 0.00 0.00 0.00 0.00 0.00 0.00 0.00 0.00 0.00 0.03 0.60 11.43 21.22 29.25 35.24 39.29 41.71 42.95 43.46 43.63 43.76 43.99 44.32 44.70 45.10 45.51 45.96 46.48 47.02 47.54 48.00 48.46 48.98 49.67 50.51 51.41 52.19 52.70 52.87 52.75 52.45 52.07 51.70 51.33 50.96 50.53 50.03 49.48 48.87 48.24 47.63 47.10 46.70 46.47 46.37 46.38 46.48 46.69 47.07 47.65 48.42 49.28 50.11 50.78 51.18 51.25 50.98 50.41 49.60 48.59 47.42 46.07 44.46 42.48 39.98 36.97 33.97 33.00 
97.00 60.07 53.47 52.79 52.84 52.51 51.71 50.66 49.62 48.82 48.38 48.36 48.69 49.22 49.74 50.04 50.05 49.82 49.51 49.37 49.53 50.02 50.75 51.50 52.11 52.44 52.49 52.35 52.12 51.87 51.68 51.57 51.56 51.63 51.77 51.93 52.08 52.16 52.10 51.87 51.46 50.95 50.49 50.28 50.47 51.12 52.13 53.35 54.58 55.71 56.66 57.37 57.74 57.67 57.12 56.15 55.02 53.99 53.26 52.77 52.19 50.92 48.22 43.43 36.09 26.15 14.07 0.74 0.04 0.00 0.00 0.00 0.00 0.00 0.00 0.00 0.00 0.00 0.00 0.00 0.00 0.00 0.00 0.00 0.00 0.00 0.00 0.00 0.00 0.00 0.00 0.00 0.00 0.00 0.00 0.00 0.00 0.00 0.00 0.00 0.00 0.00 0.00 0.00 0.00 0.00 0.00 0.00 0.00 0.00 0.00 0.00 0.00 0.00 0.00 0.00 0.00 0.00 0.00 0.00 0.00 0.00 0.00 0.00 0.00 0.00 0.00 0.00 0.00 0.00 0.00 0.03 0.61 11.61 21.52 29.60 35.58 39.60 42.03 43.33 43.97 44.31 44.60 44.92 45.27 45.56 45.77 45.91 46.07 46.32 46.68 47.10 47.58 48.10 48.74 49.55 50.51 51.52 52.41 53.01 53.26 53.17 52.84 52.38 51.87 51.33 50.77 50.22 49.68 49.17 48.66 48.15 47.66 47.23 46.91 46.72 46.65 46.67 46.76 46.93 47.25 47.74 48.38 49.10 49.79 50.37 50.74 50.87 50.73 50.34 49.75 48.97 48.03 46.89 45.44 43.51 40.81 36.90 31.26 25.00 
21.00 48.47 52.62 53.27 53.15 52.55 51.63 50.60 49.67 49.01 48.69 48.72 49.01 49.41 49.72 49.78 49.55 49.14 48.75 48.61 48.87 49.54 50.48 51.48 52.28 52.75 52.84 52.60 52.17 51.67 51.21 50.89 50.76 50.81 51.00 51.26 51.49 51.61 51.55 51.26 50.76 50.14 49.58 49.31 49.48 50.15 51.24 52.55 53.85 54.99 55.87 56.45 56.68 56.50 55.90 54.95 53.90 52.98 52.39 52.06 51.64 50.51 47.93 43.22 35.94 26.05 14.02 0.74 0.04 0.00 0.00 0.00 0.00 0.00 0.00 0.00 0.00 0.00 0.00 0.00 0.00 0.00 0.00 0.00 0.00 0.00 0.00 0.00 0.00 0.00 0.00 0.00 0.00 0.00 0.00 0.00 0.00 0.00 0.00 0.00 0.00 0.00 0.00 0.00 0.00 0.00 0.00 0.00 0.00 0.00 0.00 0.00 0.00 0.00 0.00 0.00 0.00 0.00 0.00 0.00 0.00 0.00 0.00 0.00 0.00 0.00 0.00 0.00 0.00 0.00 0.00 0.03 0.63 11.99 22.17 30.43 36.49 40.52 42.94 44.27 44.97 45.41 45.79 46.16 46.49 46.68 46.70 46.61 46.49 46.48 46.62 46.90 47.31 47.82 48.48 49.31 50.30 51.35 52.32 53.02 53.37 53.38 53.09 52.58 51.94 51.21 50.47 49.77 49.17 48.69 48.30 47.96 47.65 47.39 47.19 47.09 47.06 47.08 47.14 47.26 47.51 47.90 48.42 49.01 49.59 50.09 50.46 50.63 50.60 50.38 49.98 49.44 48.75 47.89 46.74 45.12 42.64 38.34 29.05 2.00 
91.00 59.78 54.56 53.69 53.21 52.48 51.57 50.66 49.92 49.44 49.25 49.32 49.54 49.78 49.85 49.65 49.20 48.65 48.22 48.14 48.52 49.33 50.43 51.56 52.48 53.01 53.09 52.75 52.14 51.41 50.74 50.26 50.03 50.05 50.26 50.56 50.84 50.99 50.91 50.58 50.00 49.30 48.65 48.28 48.38 49.01 50.09 51.41 52.74 53.87 54.70 55.18 55.31 55.05 54.43 53.55 52.59 51.81 51.35 51.15 50.86 49.86 47.41 42.82 35.65 25.86 13.92 0.73 0.04 0.00 0.00 0.00 0.00 0.00 0.00 0.00 0.00 0.00 0.00 0.00 0.00 0.00 0.00 0.00 0.00 0.00 0.00 0.00 0.00 0.00 0.00 0.00 0.00 0.00 0.00 0.00 0.00 0.00 0.00 0.00 0.00 0.00 0.00 0.00 0.00 0.00 0.00 0.00 0.00 0.00 0.00 0.00 0.00 0.00 0.00 0.00 0.00 0.00 0.00 0.00 0.00 0.00 0.00 0.00 0.00 0.00 0.00 0.00 0.00 0.00 0.00 0.03 0.66 12.47 23.05 31.59 37.81 41.90 44.32 45.63 46.33 46.78 47.17 47.54 47.82 47.92 47.80 47.53 47.21 46.97 46.91 47.03 47.31 47.71 48.26 48.99 49.89 50.89 51.87 52.67 53.18 53.34 53.16 52.68 51.95 51.07 50.14 49.28 48.60 48.12 47.83 47.66 47.55 47.49 47.47 47.49 47.52 47.56 47.59 47.68 47.86 48.18 48.61 49.11 49.61 50.07 50.43 50.65 50.70 50.57 50.30 49.94 49.48 48.92 48.18 47.18 45.87 44.46 44.42 54.00 
18.00 44.76 51.55 53.10 53.02 52.36 51.54 50.81 50.28 50.00 49.94 50.03 50.16 50.20 50.03 49.60 49.00 48.40 48.03 48.07 48.58 49.49 50.64 51.79 52.70 53.20 53.20 52.76 52.01 51.15 50.36 49.81 49.55 49.56 49.77 50.07 50.33 50.46 50.35 49.98 49.35 48.58 47.84 47.36 47.33 47.84 48.82 50.08 51.37 52.46 53.25 53.67 53.73 53.45 52.86 52.05 51.21 50.54 50.17 50.06 49.86 48.98 46.66 42.23 35.21 25.57 13.78 0.73 0.04 0.00 0.00 0.00 0.00 0.00 0.00 0.00 0.00 0.00 0.00 0.00 0.00 0.00 0.00 0.00 0.00 0.00 0.00 0.00 0.00 0.00 0.00 0.00 0.00 0.00 0.00 0.00 0.00 0.00 0.00 0.00 0.00 0.00 0.00 0.00 0.00 0.00 0.00 0.00 0.00 0.00 0.00 0.00 0.00 0.00 0.00 0.00 0.00 0.00 0.00 0.00 0.00 0.00 0.00 0.00 0.00 0.00 0.00 0.00 0.00 0.00 0.00 0.04 0.68 12.97 23.97 32.83 39.26 43.45 45.90 47.19 47.84 48.24 48.57 48.87 49.08 49.11 48.92 48.55 48.13 47.76 47.55 47.51 47.62 47.84 48.18 48.68 49.37 50.22 51.16 52.04 52.72 53.11 53.12 52.73 51.98 50.98 49.87 48.85 48.06 47.55 47.31 47.28 47.37 47.52 47.70 47.87 48.01 48.08 48.13 48.20 48.35 48.62 48.99 49.44 49.91 50.35 50.71 50.93 50.99 50.89 50.68 50.40 50.10 49.79 49.43 49.03 48.71 48.78 49.94 53.00 
32.00 49.43 53.32 53.68 53.09 52.27 51.51 50.96 50.65 50.56 50.60 50.68 50.70 50.55 50.17 49.58 48.91 48.37 48.15 48.37 49.01 49.98 51.08 52.12 52.89 53.26 53.16 52.63 51.82 50.93 50.16 49.66 49.46 49.50 49.70 49.94 50.13 50.17 50.00 49.57 48.89 48.05 47.23 46.64 46.45 46.78 47.59 48.69 49.87 50.90 51.64 52.04 52.11 51.86 51.34 50.62 49.88 49.28 48.96 48.88 48.72 47.93 45.76 41.50 34.68 25.23 13.61 0.72 0.04 0.00 0.00 0.00 0.00 0.00 0.00 0.00 0.00 0.00 0.00 0.00 0.00 0.00 0.00 0.00 0.00 0.00 0.00 0.00 0.00 0.00 0.00 0.00 0.00 0.00 0.00 0.00 0.00 0.00 0.00 0.00 0.00 0.00 0.00 0.00 0.00 0.00 0.00 0.00 0.00 0.00 0.00 0.00 0.00 0.00 0.00 0.00 0.00 0.00 0.00 0.00 0.00 0.00 0.00 0.00 0.00 0.00 0.00 0.00 0.00 0.00 0.00 0.04 0.71 13.37 24.73 33.89 40.56 44.90 47.41 48.70 49.29 49.58 49.79 49.98 50.11 50.09 49.89 49.53 49.11 48.73 48.45 48.29 48.23 48.22 48.29 48.48 48.87 49.50 50.34 51.28 52.15 52.79 53.03 52.78 52.05 50.96 49.71 48.52 47.59 47.01 46.79 46.86 47.12 47.49 47.88 48.23 48.49 48.65 48.74 48.83 48.97 49.23 49.58 50.01 50.47 50.88 51.21 51.39 51.39 51.24 51.00 50.73 50.50 50.34 50.24 50.28 50.63 51.60 53.33 53.00 
98.00 67.40 58.24 54.84 53.15 52.07 51.37 50.98 50.87 50.94 51.07 51.14 51.06 50.76 50.22 49.54 48.90 48.50 48.50 48.92 49.69 50.65 51.62 52.44 52.99 53.16 52.92 52.34 51.55 50.77 50.17 49.85 49.80 49.92 50.10 50.24 50.29 50.20 49.91 49.38 48.64 47.75 46.86 46.15 45.81 45.93 46.51 47.41 48.43 49.37 50.08 50.50 50.61 50.44 50.01 49.40 48.74 48.18 47.87 47.77 47.62 46.88 44.83 40.74 34.12 24.87 13.43 0.71 0.04 0.00 0.00 0.00 0.00 0.00 0.00 0.00 0.00 0.00 0.00 0.00 0.00 0.00 0.00 0.00 0.00 0.00 0.00 0.00 0.00 0.00 0.00 0.00 0.00 0.00 0.00 0.00 0.00 0.00 0.00 0.00 0.00 0.00 0.00 0.00 0.00 0.00 0.00 0.00 0.00 0.00 0.00 0.00 0.00 0.00 0.00 0.00 0.00 0.00 0.00 0.00 0.00 0.00 0.00 0.00 0.00 0.00 0.00 0.00 0.00 0.00 0.00 0.04 0.72 13.63 25.22 34.63 41.50 46.01 48.64 49.95 50.50 50.68 50.75 50.81 50.83 50.78 50.62 50.35 50.03 49.72 49.46 49.24 49.04 48.82 48.59 48.45 48.52 48.89 49.60 50.57 51.60 52.47 52.92 52.82 52.13 50.97 49.59 48.25 47.17 46.49 46.25 46.39 46.81 47.38 47.98 48.51 48.91 49.18 49.35 49.48 49.66 49.92 50.28 50.71 51.16 51.54 51.79 51.86 51.75 51.48 51.14 50.83 50.59 50.47 50.48 50.73 51.45 53.30 58.58 78.00 
76.00 63.69 56.98 53.89 52.34 51.43 50.92 50.73 50.81 51.03 51.25 51.34 51.19 50.78 50.15 49.45 48.89 48.68 48.91 49.54 50.39 51.29 52.07 52.63 52.90 52.85 52.49 51.90 51.23 50.67 50.35 50.31 50.48 50.71 50.87 50.90 50.77 50.49 50.03 49.39 48.57 47.63 46.68 45.89 45.41 45.34 45.70 46.38 47.23 48.08 48.77 49.23 49.43 49.35 49.03 48.52 47.93 47.40 47.06 46.91 46.73 45.99 44.02 40.06 33.60 24.52 13.25 0.70 0.04 0.00 0.00 0.00 0.00 0.00 0.00 0.00 0.00 0.00 0.00 0.00 0.00 0.00 0.00 0.00 0.00 0.00 0.00 0.00 0.00 0.00 0.00 0.00 0.00 0.00 0.00 0.00 0.00 0.00 0.00 0.00 0.00 0.00 0.00 0.00 0.00 0.00 0.00 0.00 0.00 0.00 0.00 0.00 0.00 0.00 0.00 0.00 0.00 0.00 0.00 0.00 0.00 0.00 0.00 0.00 0.00 0.00 0.00 0.00 0.00 0.00 0.00 0.04 0.72 13.73 25.44 34.99 42.04 46.72 49.49 50.88 51.42 51.52 51.46 51.37 51.29 51.21 51.09 50.94 50.76 50.58 50.40 50.19 49.90 49.50 49.03 48.59 48.35 48.48 49.04 49.99 51.13 52.15 52.77 52.77 52.11 50.91 49.43 47.95 46.73 45.95 45.67 45.86 46.41 47.15 47.94 48.64 49.18 49.57 49.82 50.02 50.23 50.52 50.91 51.36 51.79 52.13 52.28 52.21 51.94 51.53 51.06 50.65 50.33 50.15 50.13 50.32 50.78 51.28 49.54 32.00 
66.00 54.09 51.63 50.97 50.58 50.27 50.10 50.17 50.44 50.81 51.12 51.24 51.08 50.62 49.96 49.28 48.83 48.80 49.23 49.99 50.88 51.69 52.26 52.55 52.56 52.31 51.86 51.32 50.84 50.58 50.61 50.91 51.32 51.66 51.81 51.71 51.40 50.90 50.27 49.49 48.59 47.61 46.64 45.81 45.25 45.06 45.25 45.75 46.47 47.23 47.92 48.43 48.70 48.70 48.47 48.04 47.51 47.01 46.66 46.46 46.21 45.42 43.44 39.53 33.16 24.22 13.10 0.69 0.04 0.00 0.00 0.00 0.00 0.00 0.00 0.00 0.00 0.00 0.00 0.00 0.00 0.00 0.00 0.00 0.00 0.00 0.00 0.00 0.00 0.00 0.00 0.00 0.00 0.00 0.00 0.00 0.00 0.00 0.00 0.00 0.00 0.00 0.00 0.00 0.00 0.00 0.00 0.00 0.00 0.00 0.00 0.00 0.00 0.00 0.00 0.00 0.00 0.00 0.00 0.00 0.00 0.00 0.00 0.00 0.00 0.00 0.00 0.00 0.00 0.00 0.00 0.04 0.72 13.70 25.42 35.04 42.21 47.05 49.97 51.48 52.07 52.14 51.98 51.77 51.59 51.46 51.36 51.29 51.24 51.20 51.11 50.94 50.62 50.11 49.46 48.80 48.33 48.24 48.66 49.54 50.69 51.78 52.47 52.53 51.89 50.67 49.12 47.55 46.23 45.37 45.05 45.28 45.92 46.80 47.73 48.56 49.21 49.68 50.01 50.27 50.53 50.85 51.27 51.74 52.18 52.49 52.56 52.37 51.95 51.39 50.78 50.23 49.79 49.47 49.30 49.36 49.87 51.37 56.21 77.00 
7.00 34.70 43.99 47.27 48.42 48.82 49.04 49.35 49.80 50.30 50.71 50.89 50.74 50.27 49.61 48.99 48.64 48.74 49.29 50.13 51.01 51.71 52.10 52.17 51.97 51.57 51.09 50.64 50.38 50.43 50.81 51.42 52.05 52.50 52.63 52.42 51.93 51.25 50.44 49.55 48.59 47.61 46.67 45.88 45.34 45.11 45.22 45.64 46.26 46.97 47.64 48.16 48.45 48.49 48.31 47.94 47.48 47.03 46.69 46.45 46.09 45.19 43.10 39.15 32.80 23.95 12.95 0.68 0.04 0.00 0.00 0.00 0.00 0.00 0.00 0.00 0.00 0.00 0.00 0.00 0.00 0.00 0.00 0.00 0.00 0.00 0.00 0.00 0.00 0.00 0.00 0.00 0.00 0.00 0.00 0.00 0.00 0.00 0.00 0.00 0.00 0.00 0.00 0.00 0.00 0.00 0.00 0.00 0.00 0.00 0.00 0.00 0.00 0.00 0.00 0.00 0.00 0.00 0.00 0.00 0.00 0.00 0.00 0.00 0.00 0.00 0.00 0.00 0.00 0.00 0.00 0.04 0.72 13.59 25.25 34.86 42.09 47.06 50.14 51.81 52.50 52.61 52.42 52.13 51.85 51.65 51.52 51.47 51.48 51.51 51.50 51.37 51.04 50.49 49.75 48.96 48.33 48.09 48.36 49.13 50.20 51.25 51.93 52.01 51.40 50.21 48.67 47.08 45.72 44.80 44.46 44.70 45.39 46.35 47.36 48.27 48.98 49.51 49.88 50.16 50.43 50.77 51.21 51.72 52.20 52.52 52.58 52.34 51.83 51.15 50.42 49.71 49.08 48.54 48.12 47.88 47.91 48.11 46.93 34.00 
7.00 33.45 41.88 45.27 46.77 47.48 47.94 48.43 49.02 49.62 50.11 50.33 50.21 49.76 49.12 48.54 48.26 48.44 49.05 49.90 50.73 51.33 51.59 51.52 51.20 50.74 50.25 49.90 49.83 50.14 50.80 51.64 52.43 52.94 53.05 52.75 52.14 51.32 50.40 49.45 48.49 47.57 46.74 46.07 45.63 45.48 45.63 46.03 46.62 47.29 47.91 48.38 48.62 48.64 48.45 48.12 47.74 47.36 47.06 46.77 46.29 45.20 42.92 38.84 32.46 23.65 12.77 0.67 0.04 0.00 0.00 0.00 0.00 0.00 0.00 0.00 0.00 0.00 0.00 0.00 0.00 0.00 0.00 0.00 0.00 0.00 0.00 0.00 0.00 0.00 0.00 0.00 0.00 0.00 0.00 0.00 0.00 0.00 0.00 0.00 0.00 0.00 0.00 0.00 0.00 0.00 0.00 0.00 0.00 0.00 0.00 0.00 0.00 0.00 0.00 0.00 0.00 0.00 0.00 0.00 0.00 0.00 0.00 0.00 0.00 0.00 0.00 0.00 0.00 0.00 0.00 0.04 0.71 13.41 24.93 34.47 41.72 46.78 50.01 51.86 52.72 52.94 52.80 52.49 52.15 51.87 51.66 51.55 51.52 51.54 51.54 51.42 51.10 50.55 49.80 48.97 48.27 47.92 48.06 48.67 49.58 50.50 51.12 51.20 50.66 49.57 48.14 46.63 45.31 44.41 44.06 44.29 44.99 45.96 46.98 47.89 48.61 49.13 49.48 49.74 49.98 50.29 50.73 51.28 51.82 52.23 52.36 52.17 51.67 50.95 50.10 49.22 48.37 47.57 46.84 46.25 45.95 46.42 49.52 64.00 
88.00 49.98 44.50 44.88 45.80 46.49 47.04 47.61 48.26 48.90 49.41 49.65 49.54 49.11 48.50 47.95 47.72 47.93 48.55 49.37 50.15 50.68 50.88 50.76 50.41 49.93 49.46 49.19 49.24 49.70 50.50 51.46 52.31 52.83 52.91 52.57 51.89 51.02 50.07 49.13 48.25 47.46 46.79 46.32 46.07 46.09 46.36 46.83 47.42 48.04 48.57 48.92 49.06 48.98 48.77 48.47 48.15 47.86 47.58 47.24 46.60 45.28 42.76 38.49 32.04 23.29 12.56 0.66 0.03 0.00 0.00 0.00 0.00 0.00 0.00 0.00 0.00 0.00 0.00 0.00 0.00 0.00 0.00 0.00 0.00 0.00 0.00 0.00 0.00 0.00 0.00 0.00 0.00 0.00 0.00 0.00 0.00 0.00 0.00 0.00 0.00 0.00 0.00 0.00 0.00 0.00 0.00 0.00 0.00 0.00 0.00 0.00 0.00 0.00 0.00 0.00 0.00 0.00 0.00 0.00 0.00 0.00 0.00 0.00 0.00 0.00 0.00 0.00 0.00 0.00 0.00 0.04 0.69 13.16 24.47 33.89 41.10 46.21 49.58 51.61 52.67 53.08 53.08 52.84 52.50 52.15 51.83 51.59 51.43 51.35 51.28 51.14 50.85 50.34 49.64 48.84 48.13 47.71 47.71 48.13 48.84 49.59 50.12 50.22 49.80 48.92 47.71 46.39 45.20 44.37 44.04 44.25 44.91 45.82 46.78 47.63 48.29 48.74 49.02 49.17 49.31 49.54 49.94 50.50 51.14 51.67 51.97 51.93 51.53 50.82 49.91 48.88 47.81 46.75 45.70 44.67 43.62 42.43 40.93 39.00 
8.00 33.87 41.10 43.87 45.18 45.92 46.48 47.05 47.67 48.28 48.75 48.97 48.85 48.43 47.85 47.35 47.14 47.36 47.96 48.74 49.48 49.99 50.19 50.09 49.76 49.30 48.85 48.59 48.67 49.15 49.96 50.90 51.71 52.19 52.24 51.88 51.21 50.37 49.48 48.63 47.88 47.26 46.81 46.56 46.56 46.79 47.23 47.80 48.42 48.98 49.38 49.57 49.56 49.38 49.12 48.84 48.58 48.36 48.10 47.69 46.87 45.29 42.51 38.05 31.54 22.86 12.31 0.65 0.03 0.00 0.00 0.00 0.00 0.00 0.00 0.00 0.00 0.00 0.00 0.00 0.00 0.00 0.00 0.00 0.00 0.00 0.00 0.00 0.00 0.00 0.00 0.00 0.00 0.00 0.00 0.00 0.00 0.00 0.00 0.00 0.00 0.00 0.00 0.00 0.00 0.00 0.00 0.00 0.00 0.00 0.00 0.00 0.00 0.00 0.00 0.00 0.00 0.00 0.00 0.00 0.00 0.00 0.00 0.00 0.00 0.00 0.00 0.00 0.00 0.00 0.00 0.04 0.68 12.83 23.88 33.11 40.23 45.36 48.82 51.03 52.32 52.98 53.19 53.10 52.84 52.45 52.03 51.62 51.27 51.02 50.84 50.66 50.40 49.97 49.37 48.66 47.99 47.52 47.38 47.59 48.07 48.64 49.08 49.23 49.01 48.41 47.51 46.49 45.53 44.84 44.56 44.74 45.31 46.11 46.95 47.69 48.23 48.55 48.68 48.67 48.64 48.72 49.03 49.58 50.29 50.97 51.46 51.60 51.35 50.72 49.79 48.67 47.45 46.21 44.94 43.60 41.94 39.21 33.06 16.00 
21.00 36.38 42.20 44.46 45.42 45.94 46.37 46.84 47.37 47.88 48.26 48.42 48.28 47.88 47.34 46.88 46.71 46.94 47.51 48.26 48.98 49.49 49.73 49.69 49.41 48.98 48.52 48.21 48.22 48.61 49.30 50.12 50.81 51.21 51.22 50.87 50.26 49.51 48.73 48.02 47.43 47.01 46.77 46.75 46.97 47.41 48.02 48.70 49.33 49.82 50.08 50.11 49.95 49.68 49.39 49.13 48.94 48.76 48.49 47.98 46.97 45.15 42.13 37.52 30.98 22.40 12.05 0.64 0.03 0.00 0.00 0.00 0.00 0.00 0.00 0.00 0.00 0.00 0.00 0.00 0.00 0.00 0.00 0.00 0.00 0.00 0.00 0.00 0.00 0.00 0.00 0.00 0.00 0.00 0.00 0.00 0.00 0.00 0.00 0.00 0.00 0.00 0.00 0.00 0.00 0.00 0.00 0.00 0.00 0.00 0.00 0.00 0.00 0.00 0.00 0.00 0.00 0.00 0.00 0.00 0.00 0.00 0.00 0.00 0.00 0.00 0.00 0.00 0.00 0.00 0.00 0.03 0.66 12.45 23.19 32.19 39.18 44.27 47.80 50.16 51.68 52.59 53.07 53.20 53.06 52.70 52.18 51.60 51.05 50.61 50.31 50.10 49.89 49.59 49.14 48.56 47.95 47.45 47.18 47.19 47.45 47.84 48.22 48.45 48.44 48.16 47.65 46.99 46.33 45.83 45.63 45.78 46.25 46.91 47.58 48.15 48.54 48.69 48.63 48.40 48.14 48.02 48.19 48.69 49.43 50.22 50.86 51.17 51.05 50.51 49.61 48.48 47.24 45.96 44.69 43.37 41.90 39.90 36.34 28.00 
56.00 48.53 47.01 46.62 46.48 46.51 46.69 47.01 47.40 47.78 48.06 48.14 47.98 47.60 47.12 46.73 46.60 46.84 47.38 48.10 48.79 49.31 49.59 49.61 49.39 48.98 48.49 48.11 47.99 48.21 48.71 49.33 49.87 50.15 50.13 49.81 49.28 48.63 47.98 47.41 46.98 46.73 46.68 46.85 47.24 47.84 48.57 49.31 49.94 50.35 50.49 50.39 50.12 49.80 49.51 49.29 49.14 48.98 48.68 48.07 46.90 44.89 41.72 37.02 30.49 22.02 11.84 0.62 0.03 0.00 0.00 0.00 0.00 0.00 0.00 0.00 0.00 0.00 0.00 0.00 0.00 0.00 0.00 0.00 0.00 0.00 0.00 0.00 0.00 0.00 0.00 0.00 0.00 0.00 0.00 0.00 0.00 0.00 0.00 0.00 0.00 0.00 0.00 0.00 0.00 0.00 0.00 0.00 0.00 0.00 0.00 0.00 0.00 0.00 0.00 0.00 0.00 0.00 0.00 0.00 0.00 0.00 0.00 0.00 0.00 0.00 0.00 0.00 0.00 0.00 0.00 0.03 0.64 12.06 22.48 31.23 38.05 43.08 46.63 49.10 50.80 51.96 52.71 53.08 53.09 52.78 52.19 51.45 50.71 50.12 49.73 49.53 49.44 49.31 49.05 48.64 48.11 47.60 47.23 47.07 47.14 47.38 47.70 48.00 48.20 48.23 48.10 47.82 47.48 47.21 47.11 47.25 47.61 48.10 48.59 48.98 49.19 49.15 48.86 48.38 47.87 47.53 47.53 47.94 48.65 49.47 50.17 50.55 50.51 50.04 49.22 48.17 47.03 45.89 44.78 43.71 42.79 42.48 44.61 55.00 
62.00 54.85 50.95 48.85 47.79 47.35 47.29 47.47 47.74 48.01 48.18 48.19 48.01 47.67 47.26 46.95 46.87 47.10 47.60 48.25 48.89 49.40 49.70 49.76 49.58 49.19 48.68 48.22 47.97 48.01 48.30 48.72 49.08 49.26 49.21 48.92 48.46 47.91 47.36 46.89 46.58 46.46 46.54 46.83 47.33 48.01 48.79 49.56 50.16 50.50 50.55 50.36 50.04 49.72 49.45 49.28 49.16 49.00 48.67 47.98 46.71 44.61 41.38 36.68 30.21 21.83 11.75 0.62 0.03 0.00 0.00 0.00 0.00 0.00 0.00 0.00 0.00 0.00 0.00 0.00 0.00 0.00 0.00 0.00 0.00 0.00 0.00 0.00 0.00 0.00 0.00 0.00 0.00 0.00 0.00 0.00 0.00 0.00 0.00 0.00 0.00 0.00 0.00 0.00 0.00 0.00 0.00 0.00 0.00 0.00 0.00 0.00 0.00 0.00 0.00 0.00 0.00 0.00 0.00 0.00 0.00 0.00 0.00 0.00 0.00 0.00 0.00 0.00 0.00 0.00 0.00 0.03 0.62 11.74 21.87 30.38 37.02 41.94 45.47 48.00 49.84 51.20 52.16 52.73 52.88 52.59 51.94 51.08 50.21 49.52 49.12 49.02 49.10 49.20 49.17 48.94 48.52 48.04 47.60 47.32 47.25 47.38 47.65 47.99 48.32 48.58 48.74 48.78 48.74 48.69 48.71 48.85 49.12 49.46 49.78 49.99 50.02 49.79 49.27 48.55 47.78 47.22 47.05 47.33 47.95 48.71 49.37 49.72 49.68 49.25 48.53 47.64 46.71 45.81 44.95 44.08 43.21 42.72 44.68 59.00 
63.00 58.08 53.37 50.41 48.83 48.13 47.96 48.07 48.29 48.50 48.59 48.54 48.34 48.03 47.69 47.45 47.41 47.61 48.04 48.59 49.13 49.57 49.85 49.92 49.77 49.41 48.91 48.42 48.09 47.98 48.10 48.34 48.57 48.67 48.59 48.33 47.92 47.42 46.92 46.50 46.25 46.20 46.36 46.72 47.26 47.96 48.73 49.46 50.02 50.30 50.30 50.08 49.76 49.47 49.25 49.11 49.01 48.84 48.48 47.77 46.50 44.43 41.26 36.65 30.27 21.95 11.84 0.62 0.03 0.00 0.00 0.00 0.00 0.00 0.00 0.00 0.00 0.00 0.00 0.00 0.00 0.00 0.00 0.00 0.00 0.00 0.00 0.00 0.00 0.00 0.00 0.00 0.00 0.00 0.00 0.00 0.00 0.00 0.00 0.00 0.00 0.00 0.00 0.00 0.00 0.00 0.00 0.00 0.00 0.00 0.00 0.00 0.00 0.00 0.00 0.00 0.00 0.00 0.00 0.00 0.00 0.00 0.00 0.00 0.00 0.00 0.00 0.00 0.00 0.00 0.00 0.03 0.61 11.56 21.50 29.80 36.27 41.05 44.51 47.04 48.95 50.44 51.54 52.23 52.44 52.14 51.43 50.47 49.53 48.84 48.53 48.59 48.91 49.27 49.48 49.45 49.16 48.73 48.29 47.95 47.81 47.86 48.08 48.41 48.78 49.14 49.45 49.68 49.84 49.95 50.08 50.24 50.45 50.67 50.84 50.91 50.78 50.37 49.65 48.71 47.73 46.96 46.63 46.77 47.28 47.92 48.45 48.69 48.59 48.17 47.55 46.87 46.21 45.63 45.05 44.32 43.10 40.38 32.27 2.00 
76.00 61.27 54.34 50.93 49.28 48.61 48.49 48.65 48.90 49.10 49.15 49.05 48.82 48.52 48.23 48.04 48.02 48.18 48.50 48.91 49.31 49.64 49.85 49.90 49.76 49.43 48.99 48.54 48.19 48.03 48.05 48.18 48.31 48.37 48.29 48.05 47.66 47.18 46.67 46.25 46.00 45.97 46.17 46.56 47.11 47.78 48.50 49.17 49.66 49.89 49.86 49.65 49.37 49.12 48.94 48.83 48.72 48.54 48.19 47.53 46.36 44.44 41.45 37.04 30.81 22.51 12.23 0.65 0.03 0.00 0.00 0.00 0.00 0.00 0.00 0.00 0.00 0.00 0.00 0.00 0.00 0.00 0.00 0.00 0.00 0.00 0.00 0.00 0.00 0.00 0.00 0.00 0.00 0.00 0.00 0.00 0.00 0.00 0.00 0.00 0.00 0.00 0.00 0.00 0.00 0.00 0.00 0.00 0.00 0.00 0.00 0.00 0.00 0.00 0.00 0.00 0.00 0.00 0.00 0.00 0.00 0.00 0.00 0.00 0.00 0.00 0.00 0.00 0.00 0.00 0.00 0.03 0.61 11.64 21.52 29.66 35.93 40.54 43.88 46.36 48.28 49.81 50.97 51.69 51.88 51.53 50.73 49.72 48.79 48.18 48.04 48.34 48.91 49.53 49.97 50.12 49.97 49.62 49.22 48.89 48.73 48.75 48.92 49.19 49.50 49.81 50.10 50.36 50.57 50.76 50.94 51.12 51.29 51.45 51.53 51.49 51.24 50.69 49.82 48.69 47.54 46.63 46.16 46.19 46.57 47.06 47.43 47.53 47.33 46.91 46.40 45.93 45.57 45.31 45.08 44.72 44.10 43.08 41.83 43.00 
72.00 56.85 52.05 49.99 49.01 48.68 48.76 49.05 49.38 49.61 49.65 49.50 49.24 48.94 48.69 48.54 48.52 48.62 48.82 49.07 49.32 49.51 49.61 49.60 49.46 49.18 48.82 48.46 48.18 48.03 48.03 48.12 48.23 48.29 48.24 48.03 47.66 47.16 46.62 46.14 45.85 45.82 46.03 46.43 46.98 47.61 48.26 48.85 49.27 49.44 49.39 49.18 48.94 48.74 48.61 48.51 48.39 48.21 47.90 47.34 46.37 44.71 42.04 37.94 31.95 23.70 13.10 0.69 0.04 0.00 0.00 0.00 0.00 0.00 0.00 0.00 0.00 0.00 0.00 0.00 0.00 0.00 0.00 0.00 0.00 0.00 0.00 0.00 0.00 0.00 0.00 0.00 0.00 0.00 0.00 0.00 0.00 0.00 0.00 0.00 0.00 0.00 0.00 0.00 0.00 0.00 0.00 0.00 0.00 0.00 0.00 0.00 0.00 0.00 0.00 0.00 0.00 0.00 0.00 0.00 0.00 0.00 0.00 0.00 0.00 0.00 0.00 0.00 0.00 0.00 0.00 0.04 0.64 12.16 22.13 30.10 36.11 40.48 43.65 46.02 47.90 49.42 50.56 51.23 51.34 50.90 50.03 49.01 48.15 47.70 47.77 48.32 49.15 49.98 50.61 50.90 50.86 50.60 50.27 50.00 49.87 49.89 50.03 50.20 50.38 50.53 50.65 50.76 50.87 50.99 51.15 51.32 51.49 51.63 51.68 51.60 51.28 50.64 49.66 48.43 47.17 46.16 45.61 45.54 45.81 46.17 46.39 46.34 46.05 45.63 45.23 44.96 44.86 44.90 44.98 45.01 45.03 45.57 48.70 61.00 
18.00 42.23 47.31 48.22 48.31 48.42 48.72 49.16 49.60 49.88 49.92 49.75 49.45 49.15 48.94 48.83 48.82 48.89 49.00 49.11 49.20 49.25 49.23 49.14 48.97 48.72 48.43 48.17 48.00 47.93 47.97 48.08 48.23 48.34 48.36 48.22 47.88 47.36 46.76 46.23 45.89 45.83 46.05 46.46 47.00 47.59 48.17 48.66 48.98 49.08 48.99 48.79 48.57 48.42 48.31 48.21 48.09 47.92 47.68 47.28 46.56 45.26 43.01 39.38 33.84 25.84 14.88 0.83 0.09 0.04 0.04 0.04 0.04 0.04 0.04 0.04 0.04 0.04 0.04 0.04 0.03 0.03 0.03 0.03 0.04 0.04 0.04 0.04 0.04 0.03 0.03 0.03 0.03 0.03 0.04 0.04 0.04 0.04 0.03 0.03 0.03 0.03 0.03 0.03 0.03 0.03 0.03 0.03 0.03 0.03 0.03 0.03 0.03 0.03 0.03 0.03 0.03 0.03 0.03 0.03 0.03 0.03 0.03 0.03 0.03 0.03 0.03 0.03 0.04 0.04 0.04 0.08 0.76 13.50 23.61 31.25 36.85 40.87 43.80 46.02 47.81 49.26 50.34 50.93 50.95 50.43 49.53 48.54 47.80 47.53 47.83 48.61 49.62 50.61 51.34 51.72 51.76 51.57 51.32 51.13 51.06 51.11 51.21 51.29 51.30 51.22 51.08 50.92 50.79 50.74 50.78 50.91 51.08 51.23 51.31 51.24 50.92 50.26 49.23 47.96 46.66 45.62 45.02 44.89 45.07 45.32 45.41 45.25 44.89 44.48 44.18 44.08 44.20 44.46 44.76 44.99 45.06 45.08 46.16 55.00 
59.00 46.91 46.98 47.58 47.82 48.05 48.44 48.97 49.49 49.83 49.89 49.72 49.43 49.15 48.99 48.94 48.97 49.04 49.10 49.13 49.11 49.03 48.89 48.70 48.46 48.19 47.94 47.76 47.67 47.69 47.81 48.01 48.25 48.47 48.60 48.55 48.26 47.76 47.14 46.56 46.20 46.13 46.35 46.78 47.30 47.83 48.31 48.68 48.87 48.88 48.73 48.51 48.31 48.19 48.10 48.01 47.88 47.73 47.57 47.35 46.91 46.00 44.27 41.30 36.57 29.40 18.76 1.90 0.90 0.78 0.74 0.72 0.71 0.71 0.72 0.72 0.71 0.70 0.68 0.67 0.65 0.65 0.65 0.66 0.67 0.67 0.67 0.67 0.67 0.66 0.65 0.65 0.65 0.66 0.67 0.68 0.68 0.67 0.66 0.64 0.62 0.60 0.59 0.58 0.58 0.59 0.60 0.60 0.61 0.61 0.62 0.61 0.61 0.61 0.61 0.61 0.61 0.62 0.63 0.64 0.64 0.64 0.64 0.64 0.63 0.64 0.64 0.66 0.68 0.69 0.72 0.82 1.70 16.73 26.40 33.22 38.12 41.64 44.25 46.27 47.94 49.30 50.29 50.81 50.76 50.21 49.34 48.44 47.84 47.76 48.24 49.17 50.29 51.34 52.10 52.49 52.56 52.43 52.24 52.12 52.11 52.19 52.27 52.27 52.12 51.83 51.41 50.94 50.51 50.20 50.07 50.10 50.25 50.44 50.58 50.57 50.30 49.68 48.69 47.45 46.18 45.15 44.54 44.36 44.46 44.61 44.60 44.36 43.98 43.60 43.39 43.43 43.71 44.14 44.62 44.99 44.92 43.31 35.72 3.00 
7.00 39.59 46.43 47.63 47.68 47.73 48.04 48.57 49.13 49.52 49.64 49.50 49.26 49.04 48.95 48.97 49.06 49.16 49.22 49.22 49.15 48.99 48.75 48.44 48.09 47.74 47.45 47.27 47.24 47.33 47.55 47.86 48.23 48.60 48.88 48.97 48.79 48.34 47.74 47.17 46.81 46.76 47.00 47.42 47.90 48.34 48.69 48.90 48.94 48.82 48.60 48.37 48.19 48.10 48.04 47.95 47.81 47.67 47.57 47.49 47.29 46.77 45.63 43.49 39.98 34.72 27.62 19.56 16.14 14.63 13.92 13.59 13.49 13.52 13.57 13.56 13.44 13.21 12.90 12.61 12.41 12.33 12.38 12.50 12.63 12.72 12.75 12.70 12.61 12.50 12.40 12.36 12.42 12.55 12.72 12.86 12.89 12.77 12.51 12.16 11.78 11.44 11.19 11.06 11.05 11.14 11.28 11.43 11.55 11.63 11.66 11.63 11.57 11.52 11.49 11.52 11.61 11.75 11.91 12.06 12.15 12.17 12.12 12.04 11.98 12.03 12.20 12.48 12.80 13.15 13.65 14.73 17.46 24.44 30.83 35.90 39.75 42.64 44.87 46.66 48.17 49.41 50.32 50.79 50.75 50.25 49.49 48.73 48.28 48.33 48.91 49.89 51.02 52.04 52.76 53.12 53.17 53.06 52.91 52.85 52.88 52.97 53.03 52.97 52.72 52.27 51.65 50.93 50.23 49.66 49.30 49.19 49.29 49.50 49.71 49.80 49.62 49.09 48.20 47.06 45.88 44.90 44.29 44.06 44.07 44.12 44.04 43.77 43.39 43.08 42.97 43.12 43.53 44.10 44.76 45.48 46.30 47.48 50.38 63.00 
83.00 58.24 51.89 49.33 48.06 47.57 47.67 48.14 48.71 49.15 49.34 49.29 49.12 48.98 48.94 49.01 49.14 49.28 49.37 49.40 49.34 49.15 48.84 48.40 47.90 47.40 47.00 46.75 46.70 46.84 47.15 47.58 48.11 48.66 49.13 49.38 49.34 49.00 48.49 47.99 47.68 47.66 47.90 48.29 48.69 49.00 49.18 49.20 49.09 48.86 48.59 48.36 48.22 48.17 48.14 48.05 47.88 47.72 47.62 47.61 47.60 47.41 46.81 45.53 43.28 39.92 35.59 31.10 28.16 26.44 25.49 25.05 24.94 25.02 25.14 25.15 24.94 24.51 23.95 23.39 23.00 22.83 22.87 23.04 23.24 23.38 23.43 23.37 23.25 23.09 22.98 22.97 23.11 23.39 23.71 23.95 23.98 23.73 23.23 22.55 21.83 21.18 20.71 20.47 20.45 20.61 20.87 21.16 21.39 21.52 21.56 21.49 21.38 21.27 21.23 21.29 21.47 21.74 22.03 22.28 22.42 22.43 22.32 22.15 22.06 22.15 22.49 23.00 23.57 24.13 24.77 25.83 27.90 31.50 35.30 38.65 41.42 43.66 45.49 47.04 48.37 49.48 50.32 50.78 50.82 50.47 49.88 49.31 48.99 49.11 49.69 50.62 51.66 52.58 53.20 53.49 53.50 53.38 53.26 53.22 53.27 53.35 53.39 53.30 53.02 52.53 51.84 50.99 50.10 49.31 48.74 48.46 48.46 48.65 48.90 49.07 49.00 48.61 47.88 46.91 45.87 44.99 44.39 44.09 43.99 43.93 43.77 43.49 43.18 42.97 42.98 43.25 43.75 44.40 45.16 46.12 47.53 50.06 55.39 66.00 
56.00 58.74 54.06 50.44 48.40 47.54 47.48 47.90 48.48 48.97 49.24 49.28 49.19 49.09 49.05 49.10 49.20 49.33 49.46 49.55 49.54 49.39 49.04 48.51 47.84 47.15 46.56 46.18 46.06 46.21 46.58 47.14 47.83 48.56 49.21 49.65 49.78 49.60 49.23 48.84 48.62 48.64 48.86 49.18 49.45 49.60 49.59 49.44 49.19 48.90 48.64 48.46 48.41 48.43 48.43 48.32 48.11 47.86 47.69 47.67 47.74 47.80 47.64 47.06 45.88 43.98 41.51 38.91 36.84 35.43 34.59 34.21 34.18 34.37 34.59 34.64 34.38 33.79 33.01 32.24 31.65 31.35 31.32 31.45 31.63 31.77 31.82 31.79 31.71 31.62 31.61 31.73 32.02 32.45 32.90 33.19 33.17 32.77 32.02 31.05 30.02 29.11 28.45 28.10 28.08 28.32 28.70 29.10 29.42 29.60 29.61 29.50 29.32 29.17 29.13 29.24 29.51 29.87 30.24 30.53 30.66 30.61 30.40 30.15 30.03 30.18 30.66 31.38 32.14 32.81 33.38 34.06 35.19 36.94 38.97 40.98 42.83 44.48 45.93 47.23 48.37 49.35 50.13 50.64 50.83 50.71 50.36 49.99 49.80 49.93 50.44 51.24 52.12 52.89 53.38 53.56 53.52 53.38 53.27 53.24 53.29 53.35 53.36 53.27 53.03 52.61 51.97 51.14 50.19 49.26 48.51 48.04 47.90 48.02 48.26 48.47 48.51 48.27 47.74 47.00 46.18 45.43 44.86 44.48 44.25 44.05 43.82 43.57 43.36 43.30 43.46 43.84 44.40 45.05 45.79 46.70 47.97 50.13 55.28 74.00 
95.00 66.97 55.77 50.76 48.48 47.63 47.62 48.06 48.67 49.21 49.53 49.63 49.57 49.43 49.29 49.20 49.17 49.22 49.35 49.50 49.60 49.53 49.21 48.62 47.81 46.92 46.12 45.57 45.34 45.45 45.86 46.52 47.33 48.22 49.04 49.65 49.97 49.98 49.77 49.53 49.39 49.43 49.61 49.83 49.95 49.93 49.76 49.49 49.17 48.89 48.71 48.66 48.75 48.87 48.92 48.79 48.49 48.13 47.83 47.70 47.75 47.92 48.04 47.95 47.49 46.58 45.28 43.83 42.54 41.58 41.01 40.82 40.96 41.29 41.61 41.70 41.41 40.71 39.78 38.83 38.08 37.63 37.46 37.48 37.56 37.63 37.67 37.69 37.73 37.81 38.00 38.33 38.82 39.41 39.94 40.22 40.10 39.53 38.56 37.34 36.08 34.97 34.17 33.76 33.75 34.06 34.56 35.09 35.49 35.69 35.67 35.49 35.25 35.06 35.02 35.18 35.51 35.93 36.32 36.57 36.63 36.46 36.13 35.79 35.63 35.83 36.43 37.31 38.22 38.95 39.41 39.72 40.10 40.73 41.62 42.67 43.80 44.95 46.05 47.08 48.02 48.88 49.62 50.22 50.61 50.77 50.72 50.58 50.51 50.64 51.06 51.69 52.40 52.99 53.34 53.42 53.31 53.15 53.04 53.01 53.04 53.07 53.05 52.98 52.83 52.55 52.08 51.37 50.46 49.48 48.59 47.95 47.65 47.63 47.81 48.03 48.15 48.07 47.78 47.31 46.75 46.18 45.68 45.24 44.86 44.52 44.22 43.99 43.90 44.02 44.35 44.85 45.44 46.04 46.66 47.35 47.98 47.61 41.83 12.00 
78.00 58.68 51.87 49.18 48.11 47.88 48.16 48.74 49.40 49.96 50.31 50.41 50.28 50.00 49.63 49.26 48.98 48.87 48.95 49.17 49.41 49.49 49.26 48.66 47.75 46.70 45.70 44.96 44.60 44.65 45.06 45.77 46.67 47.66 48.61 49.38 49.87 50.06 50.02 49.91 49.84 49.87 49.98 50.07 50.05 49.90 49.63 49.31 49.02 48.84 48.81 48.94 49.20 49.45 49.56 49.43 49.05 48.54 48.07 47.78 47.72 47.86 48.07 48.21 48.15 47.80 47.19 46.46 45.77 45.28 45.06 45.14 45.48 45.95 46.36 46.47 46.14 45.38 44.35 43.30 42.43 41.84 41.52 41.37 41.30 41.27 41.28 41.37 41.56 41.87 42.32 42.91 43.61 44.32 44.88 45.09 44.85 44.11 42.96 41.58 40.17 38.95 38.07 37.63 37.65 38.05 38.67 39.33 39.83 40.07 40.03 39.78 39.46 39.23 39.18 39.36 39.72 40.15 40.49 40.65 40.56 40.24 39.77 39.33 39.13 39.35 40.03 41.01 42.02 42.80 43.20 43.26 43.18 43.17 43.34 43.74 44.34 45.04 45.78 46.51 47.23 47.95 48.68 49.39 50.02 50.48 50.75 50.88 50.96 51.14 51.50 52.01 52.58 53.03 53.25 53.23 53.06 52.87 52.74 52.71 52.70 52.69 52.65 52.59 52.53 52.42 52.15 51.62 50.83 49.86 48.89 48.12 47.65 47.49 47.57 47.76 47.94 48.01 47.96 47.79 47.53 47.19 46.79 46.32 45.82 45.35 44.97 44.76 44.79 45.08 45.56 46.16 46.75 47.28 47.81 48.48 49.49 50.93 52.72 56.00 
19.00 38.10 44.34 46.64 47.70 48.43 49.15 49.90 50.61 51.17 51.49 51.52 51.24 50.71 50.00 49.25 48.62 48.28 48.29 48.58 48.98 49.25 49.17 48.63 47.69 46.52 45.37 44.47 43.98 43.94 44.32 45.03 45.98 47.03 48.07 48.95 49.58 49.93 50.03 50.00 49.96 49.94 49.94 49.90 49.77 49.54 49.25 48.99 48.82 48.80 48.96 49.30 49.72 50.10 50.28 50.15 49.72 49.09 48.46 47.98 47.74 47.72 47.84 47.98 48.01 47.89 47.65 47.38 47.17 47.13 47.30 47.68 48.22 48.81 49.25 49.35 48.97 48.16 47.09 46.00 45.09 44.42 43.98 43.68 43.47 43.34 43.32 43.47 43.81 44.33 45.03 45.85 46.73 47.52 48.06 48.18 47.80 46.92 45.66 44.20 42.75 41.50 40.60 40.16 40.22 40.70 41.46 42.27 42.90 43.21 43.18 42.89 42.49 42.18 42.09 42.25 42.58 42.95 43.20 43.22 42.98 42.50 41.90 41.36 41.10 41.30 41.99 43.01 44.07 44.90 45.30 45.27 44.97 44.62 44.39 44.37 44.53 44.82 45.17 45.57 46.03 46.60 47.32 48.14 48.99 49.76 50.36 50.77 51.07 51.37 51.77 52.26 52.77 53.15 53.28 53.18 52.94 52.70 52.54 52.47 52.42 52.35 52.27 52.22 52.24 52.27 52.19 51.85 51.20 50.29 49.30 48.44 47.84 47.56 47.54 47.69 47.91 48.12 48.29 48.41 48.44 48.35 48.09 47.65 47.08 46.50 46.06 45.86 45.98 46.39 46.99 47.63 48.20 48.63 49.01 49.64 51.06 54.40 62.39 82.00 
7.00 30.52 41.01 45.73 48.08 49.49 50.52 51.38 52.09 52.61 52.86 52.77 52.30 51.45 50.34 49.16 48.16 47.57 47.49 47.85 48.43 48.91 49.01 48.59 47.68 46.46 45.22 44.20 43.59 43.46 43.79 44.48 45.43 46.51 47.61 48.58 49.33 49.79 50.00 50.01 49.92 49.80 49.66 49.48 49.26 49.01 48.80 48.67 48.69 48.87 49.22 49.71 50.26 50.72 50.95 50.84 50.40 49.71 48.96 48.30 47.85 47.59 47.47 47.40 47.31 47.20 47.12 47.14 47.33 47.71 48.27 48.95 49.69 50.36 50.79 50.82 50.39 49.54 48.48 47.42 46.53 45.86 45.37 44.99 44.70 44.51 44.49 44.68 45.12 45.80 46.68 47.67 48.67 49.50 50.00 50.02 49.53 48.56 47.26 45.80 44.37 43.14 42.25 41.82 41.91 42.47 43.36 44.33 45.12 45.56 45.57 45.26 44.80 44.40 44.22 44.28 44.52 44.77 44.89 44.78 44.39 43.79 43.09 42.48 42.16 42.30 42.94 43.93 45.00 45.85 46.29 46.27 45.93 45.46 45.04 44.74 44.56 44.46 44.41 44.43 44.61 45.01 45.67 46.58 47.61 48.65 49.55 50.27 50.84 51.35 51.89 52.47 53.02 53.40 53.50 53.34 53.03 52.71 52.48 52.35 52.24 52.11 51.99 51.93 52.00 52.14 52.21 52.03 51.51 50.69 49.72 48.82 48.14 47.77 47.68 47.80 48.05 48.38 48.74 49.09 49.39 49.53 49.43 49.07 48.51 47.90 47.42 47.24 47.40 47.88 48.54 49.19 49.68 49.95 50.07 50.30 51.15 53.65 60.71 84.00 
15.00 35.92 43.42 47.20 49.48 50.98 52.07 52.90 53.55 53.99 54.15 53.93 53.25 52.10 50.61 49.03 47.69 46.88 46.72 47.15 47.89 48.56 48.84 48.56 47.72 46.53 45.27 44.20 43.51 43.31 43.58 44.25 45.19 46.29 47.43 48.48 49.33 49.90 50.16 50.17 49.99 49.71 49.38 49.04 48.74 48.51 48.41 48.48 48.70 49.07 49.57 50.15 50.73 51.21 51.44 51.36 50.94 50.26 49.46 48.68 48.02 47.48 47.04 46.64 46.30 46.06 46.01 46.23 46.75 47.50 48.41 49.38 50.28 51.00 51.39 51.34 50.84 49.99 48.98 48.01 47.21 46.61 46.15 45.78 45.49 45.31 45.31 45.55 46.05 46.80 47.76 48.84 49.90 50.74 51.20 51.16 50.61 49.61 48.32 46.90 45.51 44.32 43.44 43.00 43.09 43.70 44.69 45.82 46.80 47.38 47.50 47.20 46.69 46.18 45.85 45.76 45.84 45.94 45.91 45.67 45.20 44.54 43.81 43.16 42.80 42.86 43.41 44.31 45.33 46.18 46.65 46.70 46.41 45.96 45.47 45.02 44.59 44.15 43.72 43.38 43.26 43.46 44.04 44.97 46.12 47.35 48.51 49.52 50.36 51.12 51.87 52.61 53.28 53.72 53.85 53.66 53.28 52.87 52.53 52.29 52.10 51.92 51.77 51.73 51.83 52.05 52.22 52.16 51.74 51.00 50.07 49.17 48.47 48.05 47.93 48.04 48.32 48.73 49.22 49.74 50.22 50.55 50.61 50.38 49.90 49.35 48.91 48.77 48.98 49.49 50.17 50.79 51.19 51.25 51.00 50.53 49.94 48.67 43.04 13.00 
88.00 54.57 49.24 49.83 51.31 52.59 53.54 54.23 54.74 55.06 55.11 54.77 53.91 52.51 50.73 48.86 47.28 46.32 46.13 46.61 47.46 48.28 48.70 48.54 47.81 46.70 45.49 44.43 43.74 43.51 43.74 44.38 45.32 46.45 47.64 48.77 49.72 50.38 50.69 50.66 50.35 49.87 49.31 48.78 48.37 48.16 48.18 48.43 48.85 49.38 49.96 50.54 51.07 51.48 51.67 51.58 51.21 50.60 49.82 48.99 48.16 47.35 46.57 45.83 45.19 44.78 44.72 45.07 45.83 46.88 48.07 49.25 50.27 51.01 51.35 51.24 50.72 49.91 49.00 48.16 47.49 46.99 46.61 46.32 46.11 46.01 46.08 46.36 46.87 47.63 48.60 49.69 50.76 51.61 52.07 52.03 51.48 50.51 49.25 47.87 46.52 45.33 44.43 43.96 44.02 44.63 45.69 46.95 48.09 48.84 49.07 48.82 48.26 47.64 47.14 46.85 46.72 46.63 46.46 46.13 45.62 44.98 44.28 43.66 43.29 43.29 43.73 44.51 45.43 46.23 46.71 46.82 46.61 46.24 45.78 45.29 44.71 44.04 43.33 42.69 42.30 42.30 42.76 43.64 44.83 46.17 47.51 48.73 49.81 50.80 51.74 52.65 53.45 54.00 54.19 54.01 53.58 53.05 52.58 52.21 51.93 51.71 51.57 51.56 51.72 51.99 52.22 52.22 51.88 51.19 50.31 49.43 48.73 48.31 48.19 48.31 48.62 49.07 49.61 50.22 50.79 51.23 51.43 51.34 51.01 50.60 50.30 50.25 50.54 51.11 51.81 52.42 52.74 52.62 52.00 50.94 49.54 48.26 49.88 72.00 
31.00 44.79 48.60 50.94 52.70 53.92 54.71 55.19 55.50 55.66 55.59 55.14 54.15 52.61 50.66 48.64 46.95 45.94 45.75 46.26 47.17 48.05 48.56 48.49 47.88 46.90 45.81 44.85 44.21 43.99 44.22 44.85 45.80 46.96 48.22 49.44 50.49 51.24 51.59 51.51 51.06 50.34 49.51 48.75 48.21 47.97 48.07 48.46 49.03 49.66 50.26 50.80 51.22 51.50 51.61 51.50 51.18 50.65 49.95 49.11 48.18 47.18 46.13 45.10 44.23 43.67 43.58 44.01 44.91 46.13 47.47 48.76 49.83 50.57 50.89 50.78 50.30 49.59 48.83 48.15 47.61 47.21 46.93 46.73 46.64 46.67 46.85 47.18 47.70 48.42 49.34 50.40 51.45 52.32 52.83 52.86 52.38 51.47 50.26 48.91 47.56 46.35 45.39 44.85 44.84 45.42 46.49 47.82 49.08 49.97 50.31 50.10 49.51 48.78 48.11 47.61 47.26 46.98 46.67 46.28 45.79 45.22 44.62 44.09 43.74 43.71 44.05 44.69 45.48 46.17 46.62 46.75 46.63 46.35 45.99 45.55 44.95 44.20 43.33 42.52 41.95 41.78 42.09 42.86 44.00 45.37 46.79 48.14 49.36 50.47 51.53 52.55 53.46 54.12 54.40 54.27 53.80 53.17 52.54 52.02 51.65 51.41 51.33 51.40 51.64 51.96 52.22 52.24 51.91 51.25 50.40 49.56 48.89 48.50 48.40 48.55 48.87 49.31 49.84 50.42 50.99 51.45 51.72 51.75 51.60 51.40 51.31 51.46 51.90 52.58 53.36 54.01 54.30 54.04 53.11 51.44 48.91 44.92 36.22 5.00 
40.00 44.57 48.74 51.75 53.74 54.92 55.51 55.74 55.81 55.77 55.56 55.02 53.96 52.36 50.37 48.34 46.68 45.70 45.54 46.07 46.97 47.85 48.38 48.39 47.91 47.09 46.18 45.37 44.85 44.69 44.95 45.59 46.55 47.74 49.04 50.34 51.48 52.31 52.69 52.56 51.95 51.00 49.91 48.90 48.18 47.87 47.99 48.44 49.09 49.77 50.38 50.85 51.16 51.32 51.33 51.19 50.90 50.45 49.83 49.05 48.09 46.99 45.78 44.60 43.59 42.96 42.85 43.30 44.23 45.47 46.81 48.08 49.13 49.85 50.18 50.13 49.77 49.24 48.67 48.15 47.73 47.41 47.18 47.07 47.10 47.27 47.56 47.96 48.48 49.14 49.98 50.97 52.00 52.91 53.50 53.65 53.31 52.51 51.38 50.06 48.70 47.44 46.41 45.77 45.66 46.15 47.17 48.50 49.81 50.77 51.18 51.01 50.39 49.57 48.75 48.07 47.53 47.08 46.67 46.24 45.79 45.33 44.87 44.45 44.18 44.14 44.39 44.90 45.53 46.09 46.45 46.56 46.49 46.32 46.09 45.76 45.27 44.58 43.73 42.89 42.24 41.96 42.13 42.77 43.81 45.11 46.51 47.87 49.11 50.23 51.29 52.33 53.28 54.03 54.42 54.36 53.90 53.18 52.39 51.72 51.25 51.01 51.01 51.21 51.55 51.94 52.20 52.21 51.86 51.21 50.38 49.58 48.97 48.64 48.59 48.76 49.06 49.45 49.88 50.33 50.78 51.17 51.42 51.54 51.56 51.60 51.78 52.20 52.88 53.75 54.68 55.43 55.76 55.43 54.29 52.22 49.26 45.91 44.89 61.00 
40.00 44.32 49.23 52.58 54.60 55.62 55.98 55.93 55.73 55.47 55.12 54.48 53.40 51.82 49.90 47.97 46.41 45.52 45.41 45.93 46.78 47.63 48.16 48.24 47.90 47.28 46.57 45.96 45.59 45.54 45.85 46.50 47.46 48.65 49.97 51.30 52.48 53.34 53.71 53.52 52.77 51.61 50.28 49.05 48.15 47.73 47.80 48.25 48.92 49.63 50.24 50.68 50.93 51.02 50.96 50.79 50.52 50.13 49.59 48.87 47.95 46.85 45.63 44.44 43.44 42.83 42.73 43.14 43.99 45.10 46.29 47.41 48.35 49.02 49.38 49.44 49.27 48.96 48.59 48.23 47.89 47.61 47.41 47.36 47.48 47.77 48.18 48.64 49.15 49.75 50.49 51.38 52.36 53.30 54.00 54.32 54.16 53.53 52.52 51.26 49.92 48.64 47.55 46.81 46.57 46.92 47.81 49.05 50.31 51.27 51.68 51.51 50.86 49.97 49.06 48.26 47.60 47.04 46.56 46.13 45.73 45.38 45.05 44.77 44.58 44.56 44.76 45.14 45.61 46.01 46.25 46.31 46.26 46.17 46.07 45.91 45.61 45.10 44.41 43.67 43.06 42.74 42.82 43.32 44.21 45.37 46.67 47.93 49.08 50.10 51.05 52.01 52.96 53.76 54.24 54.28 53.84 53.06 52.14 51.31 50.74 50.51 50.61 50.96 51.43 51.88 52.14 52.11 51.73 51.08 50.29 49.57 49.05 48.81 48.83 49.01 49.26 49.53 49.78 50.03 50.26 50.46 50.62 50.75 50.91 51.19 51.67 52.41 53.39 54.52 55.64 56.54 56.95 56.61 55.29 52.83 49.10 43.90 36.06 17.00 
20.00 43.05 50.53 53.78 55.40 56.08 56.13 55.82 55.36 54.89 54.39 53.69 52.62 51.13 49.33 47.55 46.14 45.35 45.27 45.75 46.55 47.34 47.88 48.05 47.87 47.46 46.98 46.59 46.39 46.47 46.85 47.52 48.45 49.59 50.85 52.12 53.26 54.07 54.40 54.12 53.25 51.93 50.42 49.01 47.96 47.42 47.41 47.82 48.48 49.20 49.84 50.32 50.60 50.69 50.63 50.46 50.21 49.86 49.38 48.73 47.89 46.88 45.78 44.71 43.85 43.33 43.25 43.60 44.27 45.13 46.05 46.92 47.69 48.28 48.66 48.85 48.86 48.76 48.58 48.35 48.08 47.82 47.64 47.63 47.82 48.20 48.69 49.19 49.68 50.20 50.82 51.59 52.51 53.45 54.25 54.74 54.80 54.38 53.55 52.44 51.19 49.94 48.82 47.99 47.59 47.74 48.43 49.49 50.62 51.47 51.82 51.60 50.92 50.01 49.07 48.24 47.55 46.97 46.48 46.06 45.72 45.45 45.23 45.06 44.96 44.97 45.12 45.40 45.72 45.97 46.08 46.07 46.00 45.96 45.98 45.99 45.91 45.64 45.19 44.66 44.18 43.89 43.92 44.29 45.01 45.98 47.09 48.18 49.15 50.00 50.79 51.62 52.50 53.31 53.87 53.99 53.60 52.78 51.76 50.80 50.14 49.92 50.12 50.61 51.21 51.72 51.99 51.93 51.54 50.91 50.20 49.59 49.21 49.09 49.18 49.36 49.54 49.64 49.66 49.62 49.57 49.52 49.51 49.59 49.83 50.32 51.11 52.18 53.47 54.86 56.18 57.22 57.70 57.37 55.97 53.27 49.10 43.55 37.93 40.00 
71.00 57.06 55.46 55.79 56.18 56.26 55.96 55.40 54.75 54.13 53.53 52.81 51.80 50.43 48.81 47.20 45.91 45.19 45.09 45.51 46.22 46.98 47.56 47.84 47.84 47.64 47.39 47.21 47.20 47.41 47.87 48.55 49.43 50.46 51.58 52.70 53.69 54.37 54.58 54.20 53.23 51.80 50.19 48.67 47.52 46.89 46.81 47.17 47.81 48.56 49.27 49.85 50.23 50.42 50.43 50.31 50.09 49.77 49.34 48.76 48.02 47.17 46.27 45.42 44.77 44.40 44.36 44.60 45.05 45.60 46.20 46.79 47.34 47.82 48.20 48.45 48.60 48.64 48.59 48.45 48.24 48.02 47.88 47.92 48.18 48.61 49.13 49.64 50.09 50.52 51.00 51.64 52.44 53.35 54.21 54.85 55.12 54.95 54.37 53.49 52.42 51.28 50.18 49.25 48.67 48.58 49.02 49.84 50.76 51.44 51.66 51.35 50.63 49.72 48.84 48.08 47.47 46.96 46.51 46.13 45.82 45.60 45.45 45.35 45.31 45.34 45.46 45.66 45.86 45.99 45.99 45.91 45.81 45.79 45.88 46.03 46.13 46.11 45.92 45.63 45.32 45.13 45.14 45.41 45.94 46.68 47.55 48.41 49.17 49.83 50.44 51.12 51.90 52.69 53.27 53.45 53.10 52.28 51.20 50.16 49.45 49.24 49.51 50.13 50.84 51.43 51.71 51.64 51.26 50.71 50.13 49.68 49.47 49.48 49.65 49.83 49.91 49.83 49.61 49.28 48.91 48.58 48.36 48.34 48.62 49.28 50.32 51.67 53.23 54.83 56.30 57.41 57.94 57.62 56.22 53.46 48.96 42.09 31.48 14.00 
50.00 58.59 58.13 57.17 56.54 56.02 55.40 54.67 53.91 53.23 52.63 51.97 51.08 49.89 48.46 47.00 45.79 45.06 44.88 45.19 45.83 46.57 47.21 47.64 47.82 47.82 47.76 47.78 47.95 48.31 48.84 49.53 50.32 51.19 52.10 52.97 53.72 54.19 54.24 53.76 52.71 51.25 49.60 48.05 46.87 46.19 46.06 46.38 47.02 47.82 48.63 49.34 49.89 50.24 50.39 50.38 50.22 49.94 49.54 49.02 48.40 47.73 47.07 46.49 46.07 45.85 45.83 45.96 46.18 46.45 46.74 47.07 47.42 47.77 48.09 48.34 48.51 48.59 48.59 48.51 48.36 48.22 48.17 48.29 48.60 49.06 49.57 50.04 50.42 50.74 51.10 51.58 52.25 53.07 53.92 54.64 55.08 55.17 54.89 54.30 53.49 52.52 51.47 50.47 49.70 49.37 49.53 50.08 50.75 51.23 51.27 50.85 50.09 49.23 48.46 47.87 47.42 47.05 46.70 46.36 46.07 45.85 45.70 45.63 45.61 45.66 45.77 45.92 46.06 46.10 46.04 45.90 45.77 45.74 45.86 46.07 46.30 46.45 46.48 46.39 46.27 46.19 46.22 46.39 46.74 47.24 47.84 48.46 49.01 49.49 49.95 50.48 51.14 51.84 52.40 52.60 52.29 51.51 50.45 49.41 48.70 48.51 48.85 49.55 50.34 50.97 51.28 51.23 50.91 50.47 50.06 49.82 49.78 49.93 50.17 50.34 50.34 50.12 49.69 49.11 48.48 47.88 47.45 47.32 47.59 48.35 49.56 51.11 52.84 54.54 56.04 57.13 57.63 57.34 56.09 53.63 49.61 43.15 31.22 2.00 
96.00 69.26 61.32 58.08 56.40 55.32 54.44 53.62 52.87 52.26 51.76 51.26 50.57 49.59 48.34 47.00 45.81 44.99 44.68 44.86 45.41 46.15 46.87 47.44 47.80 47.98 48.10 48.28 48.61 49.09 49.69 50.36 51.05 51.72 52.37 52.95 53.41 53.64 53.51 52.92 51.85 50.40 48.79 47.28 46.12 45.44 45.30 45.61 46.26 47.11 48.02 48.88 49.61 50.16 50.49 50.62 50.56 50.34 49.98 49.52 49.02 48.52 48.08 47.74 47.52 47.42 47.40 47.43 47.46 47.50 47.58 47.73 47.93 48.15 48.36 48.51 48.60 48.62 48.60 48.55 48.49 48.48 48.56 48.79 49.14 49.59 50.04 50.42 50.71 50.93 51.16 51.50 52.00 52.67 53.43 54.14 54.69 54.99 55.01 54.75 54.24 53.49 52.52 51.47 50.55 49.99 49.90 50.20 50.63 50.88 50.75 50.21 49.43 48.65 48.04 47.66 47.44 47.25 47.01 46.72 46.41 46.14 45.96 45.86 45.86 45.93 46.07 46.23 46.35 46.38 46.29 46.12 45.96 45.91 45.99 46.20 46.46 46.68 46.82 46.87 46.89 46.90 46.96 47.07 47.25 47.52 47.87 48.26 48.63 48.96 49.29 49.70 50.23 50.80 51.28 51.45 51.19 50.50 49.55 48.61 47.98 47.85 48.24 48.97 49.78 50.42 50.74 50.74 50.51 50.22 50.00 49.95 50.09 50.36 50.65 50.82 50.79 50.49 49.95 49.22 48.40 47.61 47.01 46.76 46.99 47.77 49.04 50.65 52.40 54.07 55.46 56.42 56.82 56.56 55.54 53.74 51.23 48.55 47.62 55.00 
53.00 61.44 60.23 57.75 55.72 54.26 53.19 52.36 51.73 51.30 51.01 50.73 50.29 49.53 48.45 47.18 45.95 45.00 44.51 44.54 45.02 45.76 46.58 47.29 47.81 48.15 48.42 48.73 49.16 49.72 50.34 50.95 51.51 51.98 52.37 52.66 52.84 52.84 52.56 51.91 50.85 49.47 47.95 46.53 45.43 44.80 44.68 45.00 45.68 46.57 47.56 48.54 49.42 50.16 50.68 50.98 51.05 50.91 50.60 50.21 49.79 49.43 49.15 48.98 48.90 48.86 48.82 48.75 48.67 48.60 48.58 48.64 48.75 48.86 48.93 48.92 48.85 48.76 48.68 48.66 48.71 48.86 49.11 49.44 49.82 50.20 50.54 50.80 50.98 51.10 51.23 51.43 51.75 52.23 52.81 53.42 53.99 54.43 54.70 54.76 54.56 54.03 53.18 52.13 51.11 50.38 50.10 50.19 50.41 50.47 50.17 49.54 48.76 48.07 47.65 47.50 47.51 47.51 47.39 47.12 46.78 46.44 46.18 46.05 46.06 46.19 46.40 46.64 46.82 46.88 46.80 46.63 46.45 46.34 46.36 46.49 46.67 46.85 46.98 47.08 47.16 47.24 47.32 47.38 47.44 47.52 47.66 47.87 48.09 48.32 48.56 48.86 49.25 49.68 50.05 50.19 49.99 49.44 48.68 47.93 47.45 47.41 47.83 48.54 49.32 49.93 50.24 50.27 50.14 49.99 49.95 50.06 50.34 50.69 51.03 51.24 51.22 50.93 50.39 49.62 48.73 47.84 47.12 46.77 46.92 47.63 48.85 50.38 52.01 53.50 54.67 55.39 55.62 55.31 54.49 53.20 51.75 51.17 55.13 77.00 
59.00 63.76 61.17 57.74 55.01 53.13 51.89 51.11 50.65 50.47 50.45 50.43 50.22 49.67 48.72 47.47 46.16 45.06 44.40 44.29 44.70 45.48 46.39 47.23 47.90 48.38 48.76 49.15 49.63 50.17 50.74 51.24 51.64 51.93 52.10 52.16 52.12 51.95 51.57 50.90 49.90 48.63 47.24 45.95 44.95 44.40 44.31 44.67 45.36 46.28 47.30 48.35 49.34 50.22 50.92 51.38 51.58 51.54 51.30 50.96 50.61 50.33 50.14 50.05 50.01 49.97 49.90 49.78 49.65 49.57 49.56 49.62 49.70 49.72 49.65 49.47 49.24 49.02 48.90 48.93 49.12 49.44 49.85 50.26 50.62 50.88 51.05 51.14 51.19 51.23 51.27 51.36 51.51 51.77 52.11 52.55 53.05 53.56 54.03 54.35 54.41 54.09 53.37 52.37 51.33 50.52 50.12 50.06 50.12 50.02 49.60 48.90 48.15 47.58 47.34 47.40 47.61 47.77 47.75 47.50 47.11 46.70 46.38 46.22 46.27 46.50 46.85 47.23 47.53 47.68 47.64 47.47 47.25 47.07 46.98 46.97 47.01 47.05 47.09 47.13 47.20 47.29 47.38 47.41 47.39 47.35 47.35 47.42 47.55 47.71 47.89 48.10 48.37 48.68 48.94 49.06 48.94 48.57 48.06 47.56 47.28 47.36 47.79 48.45 49.14 49.66 49.92 49.96 49.89 49.86 49.95 50.19 50.55 50.96 51.34 51.58 51.63 51.43 50.97 50.27 49.40 48.48 47.70 47.25 47.30 47.89 48.95 50.30 51.70 52.91 53.77 54.20 54.18 53.75 52.96 51.82 50.33 48.38 44.22 25.00 
95.00 74.01 63.97 58.13 54.46 52.16 50.79 50.07 49.82 49.89 50.13 50.34 50.33 49.93 49.07 47.82 46.42 45.18 44.38 44.17 44.55 45.36 46.36 47.33 48.13 48.72 49.18 49.59 50.02 50.46 50.87 51.19 51.42 51.54 51.55 51.48 51.32 51.06 50.64 50.01 49.10 47.97 46.74 45.60 44.73 44.26 44.24 44.63 45.33 46.24 47.25 48.30 49.33 50.29 51.11 51.71 52.03 52.09 51.93 51.64 51.33 51.08 50.91 50.82 50.76 50.68 50.57 50.45 50.35 50.33 50.40 50.50 50.58 50.54 50.35 50.04 49.70 49.43 49.33 49.44 49.77 50.25 50.77 51.22 51.50 51.60 51.55 51.44 51.34 51.28 51.26 51.26 51.26 51.29 51.39 51.61 52.00 52.52 53.11 53.61 53.87 53.73 53.15 52.23 51.23 50.43 49.99 49.85 49.81 49.60 49.10 48.39 47.68 47.22 47.12 47.34 47.71 47.99 48.04 47.82 47.41 46.95 46.59 46.45 46.59 46.97 47.51 48.09 48.55 48.80 48.81 48.62 48.33 48.05 47.82 47.65 47.51 47.37 47.25 47.17 47.17 47.23 47.30 47.32 47.26 47.16 47.08 47.08 47.15 47.27 47.42 47.58 47.77 47.99 48.20 48.33 48.32 48.16 47.90 47.66 47.59 47.77 48.20 48.78 49.34 49.73 49.89 49.90 49.86 49.88 50.05 50.35 50.76 51.20 51.61 51.91 52.05 51.97 51.64 51.04 50.22 49.32 48.50 47.99 47.93 48.37 49.23 50.35 51.47 52.37 52.90 53.00 52.72 52.12 51.25 50.09 48.57 47.05 47.90 64.00 
96.00 73.93 63.63 57.64 53.82 51.41 50.03 49.42 49.36 49.64 50.06 50.44 50.56 50.26 49.45 48.22 46.78 45.46 44.57 44.31 44.68 45.52 46.61 47.69 48.59 49.27 49.75 50.11 50.39 50.61 50.76 50.84 50.87 50.84 50.77 50.64 50.46 50.20 49.82 49.26 48.47 47.50 46.43 45.44 44.71 44.34 44.39 44.81 45.52 46.39 47.35 48.34 49.33 50.30 51.17 51.84 52.26 52.40 52.31 52.08 51.81 51.56 51.37 51.22 51.10 50.98 50.86 50.77 50.76 50.84 50.99 51.14 51.21 51.12 50.88 50.54 50.20 49.97 49.96 50.19 50.65 51.24 51.82 52.25 52.41 52.29 52.00 51.67 51.42 51.27 51.19 51.10 50.96 50.79 50.66 50.69 50.95 51.45 52.10 52.72 53.10 53.07 52.60 51.79 50.89 50.16 49.75 49.60 49.52 49.27 48.75 48.06 47.40 47.01 47.01 47.32 47.78 48.15 48.27 48.09 47.69 47.24 46.91 46.84 47.11 47.68 48.45 49.24 49.86 50.20 50.21 49.97 49.57 49.16 48.78 48.45 48.15 47.85 47.57 47.35 47.25 47.24 47.28 47.29 47.22 47.10 46.98 46.93 46.97 47.07 47.20 47.35 47.53 47.74 47.96 48.15 48.28 48.31 48.27 48.26 48.35 48.60 49.01 49.48 49.88 50.10 50.14 50.05 49.98 50.01 50.21 50.55 50.97 51.44 51.88 52.24 52.48 52.51 52.29 51.77 51.00 50.10 49.27 48.69 48.54 48.84 49.53 50.43 51.30 51.93 52.17 51.99 51.45 50.67 49.68 48.34 46.28 42.74 35.97 19.00 
57.00 62.63 59.97 56.23 53.09 50.91 49.66 49.17 49.24 49.65 50.18 50.63 50.83 50.60 49.88 48.71 47.31 46.00 45.11 44.85 45.23 46.12 47.26 48.41 49.38 50.08 50.51 50.72 50.76 50.67 50.50 50.28 50.08 49.93 49.82 49.71 49.58 49.39 49.09 48.63 47.98 47.15 46.25 45.41 44.80 44.53 44.65 45.11 45.81 46.63 47.50 48.39 49.29 50.20 51.03 51.72 52.17 52.36 52.33 52.16 51.92 51.68 51.45 51.24 51.06 50.90 50.80 50.79 50.88 51.06 51.27 51.43 51.48 51.37 51.13 50.86 50.64 50.58 50.73 51.10 51.66 52.31 52.89 53.25 53.26 52.94 52.42 51.88 51.47 51.22 51.07 50.90 50.64 50.29 49.97 49.84 50.00 50.46 51.13 51.80 52.23 52.25 51.85 51.13 50.35 49.75 49.43 49.36 49.31 49.10 48.61 47.96 47.34 46.99 47.01 47.35 47.84 48.26 48.45 48.34 48.02 47.64 47.40 47.45 47.89 48.67 49.65 50.62 51.36 51.73 51.69 51.34 50.81 50.25 49.73 49.27 48.85 48.44 48.05 47.73 47.54 47.46 47.46 47.45 47.38 47.24 47.09 46.99 46.98 47.05 47.18 47.36 47.58 47.86 48.17 48.49 48.75 48.95 49.08 49.21 49.38 49.65 50.00 50.33 50.55 50.58 50.45 50.24 50.09 50.10 50.31 50.68 51.14 51.64 52.13 52.56 52.87 52.98 52.81 52.33 51.56 50.65 49.78 49.17 48.96 49.18 49.75 50.50 51.19 51.62 51.65 51.26 50.54 49.62 48.58 47.25 45.16 41.28 33.94 23.00 
58.00 60.04 58.18 55.25 52.60 50.69 49.60 49.23 49.38 49.83 50.37 50.84 51.07 50.94 50.35 49.34 48.09 46.90 46.11 45.91 46.33 47.25 48.41 49.57 50.53 51.16 51.44 51.41 51.14 50.69 50.16 49.64 49.22 48.95 48.81 48.75 48.71 48.62 48.43 48.10 47.57 46.88 46.11 45.39 44.89 44.72 44.91 45.41 46.10 46.88 47.66 48.43 49.21 49.98 50.71 51.32 51.73 51.92 51.93 51.81 51.62 51.40 51.15 50.91 50.69 50.54 50.49 50.57 50.77 51.01 51.23 51.35 51.34 51.22 51.06 50.95 50.97 51.15 51.51 52.02 52.65 53.31 53.85 54.12 54.01 53.52 52.81 52.10 51.55 51.20 50.97 50.70 50.31 49.81 49.34 49.08 49.17 49.61 50.28 50.95 51.37 51.39 51.00 50.36 49.71 49.25 49.10 49.16 49.23 49.10 48.70 48.10 47.50 47.14 47.12 47.43 47.90 48.34 48.58 48.57 48.36 48.11 48.02 48.25 48.87 49.85 51.01 52.10 52.88 53.20 53.06 52.56 51.88 51.18 50.55 50.01 49.53 49.07 48.64 48.28 48.04 47.92 47.89 47.86 47.76 47.59 47.38 47.21 47.12 47.14 47.26 47.47 47.78 48.18 48.64 49.10 49.51 49.83 50.07 50.25 50.43 50.65 50.87 51.04 51.06 50.88 50.56 50.21 49.97 49.96 50.19 50.62 51.16 51.73 52.29 52.79 53.16 53.31 53.14 52.63 51.83 50.89 50.02 49.41 49.19 49.39 49.91 50.57 51.15 51.46 51.35 50.83 50.00 49.04 48.08 47.10 45.76 43.06 35.33 6.00 
64.00 61.64 58.03 54.81 52.31 50.63 49.71 49.44 49.62 50.05 50.55 51.00 51.27 51.24 50.85 50.08 49.10 48.16 47.55 47.49 47.99 48.93 50.08 51.17 52.01 52.46 52.49 52.15 51.51 50.69 49.82 49.03 48.42 48.05 47.89 47.88 47.92 47.94 47.86 47.63 47.21 46.63 45.95 45.32 44.91 44.82 45.07 45.62 46.33 47.09 47.81 48.47 49.11 49.72 50.28 50.73 51.03 51.16 51.17 51.09 50.95 50.77 50.54 50.29 50.08 49.97 50.01 50.20 50.47 50.74 50.91 50.93 50.84 50.71 50.66 50.77 51.08 51.55 52.13 52.78 53.45 54.09 54.58 54.78 54.58 53.99 53.16 52.34 51.69 51.26 50.93 50.55 50.03 49.39 48.79 48.44 48.48 48.90 49.56 50.21 50.58 50.56 50.16 49.57 49.03 48.74 48.78 49.02 49.25 49.27 48.97 48.43 47.84 47.43 47.32 47.53 47.93 48.34 48.62 48.70 48.62 48.54 48.64 49.07 49.90 51.05 52.33 53.46 54.21 54.44 54.15 53.50 52.68 51.87 51.17 50.59 50.10 49.65 49.24 48.90 48.66 48.55 48.51 48.47 48.35 48.12 47.83 47.54 47.34 47.27 47.36 47.60 47.99 48.51 49.11 49.72 50.25 50.65 50.91 51.08 51.20 51.30 51.37 51.35 51.15 50.77 50.26 49.78 49.47 49.45 49.74 50.26 50.91 51.61 52.28 52.86 53.28 53.44 53.25 52.69 51.85 50.89 50.05 49.51 49.36 49.60 50.12 50.74 51.24 51.45 51.25 50.65 49.77 48.82 48.05 47.65 47.91 49.87 58.30 95.00 
81.00 64.70 57.91 54.23 51.94 50.55 49.85 49.69 49.88 50.26 50.69 51.10 51.39 51.49 51.32 50.86 50.22 49.61 49.30 49.45 50.08 51.05 52.14 53.09 53.70 53.85 53.54 52.84 51.85 50.71 49.57 48.58 47.82 47.36 47.17 47.18 47.27 47.37 47.38 47.23 46.89 46.36 45.74 45.17 44.81 44.78 45.10 45.71 46.47 47.24 47.95 48.56 49.07 49.51 49.86 50.09 50.20 50.21 50.18 50.12 50.03 49.90 49.72 49.51 49.35 49.33 49.47 49.75 50.08 50.32 50.39 50.28 50.09 49.95 50.01 50.35 50.94 51.69 52.47 53.23 53.92 54.53 54.98 55.13 54.90 54.27 53.42 52.55 51.86 51.36 50.95 50.47 49.83 49.06 48.36 47.93 47.92 48.33 48.97 49.58 49.90 49.82 49.40 48.84 48.41 48.29 48.52 48.95 49.36 49.53 49.33 48.84 48.25 47.76 47.54 47.60 47.87 48.21 48.47 48.61 48.66 48.75 49.06 49.72 50.74 52.04 53.38 54.51 55.17 55.27 54.85 54.08 53.17 52.31 51.58 51.00 50.52 50.11 49.75 49.47 49.30 49.23 49.23 49.20 49.06 48.78 48.39 47.97 47.64 47.47 47.49 47.71 48.13 48.72 49.40 50.09 50.69 51.12 51.37 51.48 51.50 51.47 51.37 51.15 50.76 50.19 49.53 48.94 48.59 48.59 48.96 49.61 50.42 51.27 52.07 52.75 53.22 53.38 53.14 52.54 51.69 50.78 50.03 49.62 49.61 49.95 50.49 51.06 51.47 51.57 51.28 50.60 49.68 48.77 48.14 48.05 48.74 50.43 53.09 53.00 
64.00 58.44 55.04 52.77 51.26 50.35 49.95 49.93 50.14 50.47 50.83 51.17 51.46 51.65 51.68 51.52 51.25 51.03 51.08 51.51 52.32 53.34 54.35 55.09 55.39 55.18 54.49 53.42 52.12 50.76 49.46 48.36 47.52 47.00 46.76 46.74 46.83 46.95 47.00 46.90 46.61 46.12 45.54 44.99 44.66 44.67 45.05 45.73 46.56 47.39 48.13 48.71 49.13 49.39 49.50 49.48 49.37 49.23 49.12 49.06 49.02 48.95 48.83 48.70 48.64 48.72 48.97 49.33 49.67 49.86 49.80 49.54 49.23 49.06 49.20 49.73 50.56 51.53 52.48 53.30 54.00 54.57 54.98 55.12 54.89 54.29 53.48 52.64 51.96 51.44 50.99 50.44 49.71 48.86 48.07 47.58 47.52 47.89 48.50 49.07 49.35 49.23 48.80 48.29 47.95 47.97 48.36 48.95 49.50 49.78 49.67 49.22 48.61 48.05 47.69 47.58 47.67 47.86 48.05 48.19 48.33 48.59 49.12 50.00 51.21 52.61 53.98 55.04 55.60 55.59 55.09 54.28 53.38 52.53 51.83 51.27 50.82 50.45 50.15 49.94 49.84 49.84 49.90 49.91 49.78 49.47 49.02 48.51 48.08 47.80 47.72 47.87 48.24 48.80 49.46 50.14 50.72 51.13 51.33 51.37 51.30 51.15 50.92 50.55 50.01 49.30 48.54 47.89 47.53 47.58 48.03 48.81 49.77 50.77 51.71 52.48 52.99 53.14 52.88 52.26 51.44 50.64 50.07 49.86 50.03 50.47 51.04 51.54 51.83 51.78 51.35 50.59 49.65 48.77 48.26 48.36 49.20 50.50 50.85 45.00 
43.00 50.27 51.43 51.08 50.51 50.14 50.05 50.19 50.46 50.75 51.02 51.27 51.50 51.71 51.86 51.93 51.99 52.16 52.59 53.35 54.38 55.47 56.39 56.90 56.87 56.27 55.21 53.84 52.35 50.88 49.55 48.43 47.57 46.99 46.68 46.59 46.63 46.73 46.78 46.70 46.44 45.99 45.43 44.91 44.61 44.65 45.07 45.81 46.71 47.63 48.41 48.98 49.30 49.38 49.24 48.96 48.63 48.33 48.15 48.08 48.07 48.05 48.01 47.98 48.03 48.22 48.57 48.98 49.31 49.42 49.23 48.82 48.39 48.18 48.38 49.03 50.02 51.14 52.18 53.04 53.71 54.24 54.60 54.72 54.53 54.00 53.27 52.52 51.90 51.41 50.96 50.40 49.65 48.77 47.94 47.40 47.28 47.59 48.14 48.67 48.93 48.82 48.42 47.97 47.72 47.85 48.34 49.02 49.63 49.96 49.90 49.48 48.86 48.23 47.72 47.41 47.28 47.26 47.31 47.40 47.61 48.02 48.75 49.83 51.20 52.68 54.02 54.99 55.45 55.36 54.86 54.12 53.33 52.59 51.97 51.46 51.05 50.72 50.46 50.30 50.25 50.30 50.40 50.45 50.36 50.08 49.64 49.12 48.65 48.30 48.12 48.15 48.38 48.80 49.33 49.89 50.37 50.70 50.83 50.82 50.70 50.50 50.20 49.77 49.15 48.38 47.58 46.93 46.58 46.67 47.19 48.06 49.13 50.25 51.29 52.12 52.65 52.79 52.52 51.92 51.18 50.54 50.18 50.20 50.55 51.10 51.67 52.07 52.19 51.97 51.40 50.55 49.61 48.80 48.44 48.80 50.05 52.21 55.21 59.00 
48.00 48.50 49.83 50.16 50.10 50.09 50.25 50.54 50.86 51.13 51.31 51.43 51.54 51.67 51.83 52.04 52.35 52.87 53.66 54.74 55.97 57.13 57.96 58.24 57.90 56.98 55.64 54.09 52.53 51.09 49.84 48.79 47.96 47.35 46.94 46.74 46.69 46.72 46.75 46.69 46.48 46.09 45.60 45.12 44.85 44.91 45.36 46.13 47.08 48.04 48.84 49.36 49.56 49.44 49.06 48.54 48.01 47.60 47.35 47.27 47.28 47.32 47.36 47.42 47.58 47.88 48.29 48.72 49.01 49.03 48.72 48.20 47.68 47.43 47.64 48.35 49.43 50.62 51.70 52.56 53.18 53.63 53.93 54.02 53.85 53.40 52.78 52.15 51.61 51.20 50.80 50.28 49.58 48.75 47.94 47.36 47.18 47.40 47.88 48.37 48.64 48.58 48.28 47.93 47.77 47.97 48.48 49.16 49.76 50.07 50.00 49.58 48.95 48.26 47.61 47.08 46.69 46.44 46.31 46.33 46.58 47.12 48.03 49.30 50.79 52.28 53.55 54.40 54.75 54.65 54.23 53.66 53.07 52.53 52.05 51.65 51.29 50.99 50.74 50.58 50.50 50.53 50.62 50.70 50.66 50.47 50.12 49.69 49.27 48.91 48.66 48.55 48.59 48.78 49.09 49.45 49.77 49.98 50.05 50.01 49.89 49.71 49.44 49.02 48.43 47.69 46.92 46.30 45.98 46.09 46.64 47.54 48.65 49.82 50.89 51.76 52.30 52.43 52.16 51.61 50.97 50.49 50.33 50.53 51.03 51.64 52.17 52.45 52.40 52.00 51.31 50.43 49.54 48.87 48.73 49.39 51.07 53.97 59.27 75.00 
29.00 46.22 49.77 50.24 50.21 50.30 50.60 51.00 51.37 51.62 51.71 51.67 51.60 51.57 51.65 51.90 52.38 53.15 54.23 55.56 56.95 58.14 58.85 58.93 58.33 57.19 55.71 54.14 52.67 51.39 50.32 49.41 48.64 47.99 47.48 47.15 46.98 46.94 46.96 46.95 46.82 46.54 46.15 45.76 45.54 45.62 46.07 46.84 47.79 48.72 49.46 49.87 49.89 49.55 48.95 48.23 47.56 47.06 46.80 46.72 46.76 46.84 46.93 47.07 47.30 47.65 48.09 48.50 48.74 48.68 48.30 47.71 47.15 46.88 47.10 47.83 48.92 50.13 51.20 52.01 52.56 52.91 53.10 53.13 52.94 52.56 52.04 51.53 51.11 50.77 50.45 50.03 49.45 48.72 47.98 47.41 47.16 47.27 47.66 48.11 48.43 48.50 48.36 48.17 48.12 48.35 48.84 49.43 49.92 50.14 50.01 49.57 48.92 48.15 47.37 46.62 45.97 45.47 45.17 45.13 45.41 46.08 47.16 48.56 50.12 51.58 52.73 53.43 53.68 53.59 53.31 52.98 52.66 52.37 52.10 51.83 51.55 51.28 51.01 50.78 50.60 50.52 50.52 50.56 50.57 50.50 50.34 50.09 49.81 49.52 49.23 48.98 48.81 48.75 48.80 48.93 49.07 49.16 49.18 49.15 49.08 48.99 48.81 48.49 47.99 47.36 46.69 46.14 45.87 45.97 46.49 47.34 48.40 49.53 50.59 51.44 51.98 52.12 51.88 51.39 50.85 50.48 50.44 50.75 51.29 51.89 52.33 52.47 52.27 51.76 51.02 50.19 49.44 49.00 49.15 50.15 52.08 54.34 53.49 33.00 
72.00 57.94 53.38 51.48 50.75 50.71 51.05 51.54 51.96 52.19 52.17 51.95 51.66 51.43 51.39 51.62 52.20 53.14 54.42 55.90 57.35 58.47 59.03 58.91 58.13 56.89 55.42 53.98 52.73 51.72 50.90 50.18 49.48 48.80 48.20 47.75 47.48 47.39 47.43 47.49 47.49 47.36 47.12 46.85 46.70 46.82 47.25 47.97 48.84 49.66 50.26 50.48 50.29 49.72 48.91 48.04 47.30 46.79 46.54 46.51 46.58 46.67 46.78 46.93 47.17 47.52 47.92 48.28 48.47 48.37 47.97 47.38 46.83 46.58 46.82 47.55 48.62 49.79 50.81 51.55 51.99 52.21 52.26 52.17 51.94 51.58 51.15 50.75 50.42 50.18 49.94 49.63 49.19 48.61 47.98 47.44 47.13 47.14 47.43 47.88 48.30 48.56 48.65 48.67 48.75 49.00 49.40 49.85 50.17 50.24 50.00 49.50 48.79 47.95 47.02 46.08 45.20 44.49 44.05 43.96 44.30 45.09 46.32 47.83 49.41 50.79 51.79 52.32 52.48 52.41 52.29 52.21 52.18 52.16 52.10 51.97 51.78 51.53 51.21 50.86 50.51 50.24 50.08 50.04 50.09 50.16 50.22 50.22 50.15 49.98 49.71 49.37 49.01 48.71 48.52 48.44 48.42 48.42 48.41 48.40 48.41 48.42 48.38 48.21 47.88 47.41 46.90 46.45 46.22 46.29 46.71 47.43 48.36 49.38 50.36 51.18 51.72 51.89 51.71 51.28 50.81 50.49 50.46 50.75 51.22 51.70 52.01 52.02 51.71 51.16 50.48 49.81 49.30 49.18 49.69 51.18 54.02 58.87 67.95 92.00 
70.00 60.51 54.90 52.17 51.15 51.08 51.51 52.09 52.56 52.77 52.64 52.24 51.73 51.30 51.13 51.34 51.99 53.06 54.44 55.95 57.32 58.28 58.62 58.28 57.38 56.12 54.78 53.59 52.66 51.99 51.46 50.94 50.34 49.67 49.00 48.45 48.12 48.01 48.09 48.26 48.40 48.44 48.37 48.25 48.20 48.34 48.75 49.37 50.10 50.75 51.14 51.14 50.71 49.93 48.96 48.01 47.26 46.80 46.63 46.66 46.77 46.87 46.95 47.04 47.21 47.46 47.78 48.07 48.21 48.11 47.75 47.22 46.74 46.56 46.82 47.55 48.59 49.70 50.64 51.28 51.60 51.66 51.53 51.28 50.96 50.59 50.23 49.91 49.66 49.48 49.31 49.11 48.80 48.38 47.87 47.37 47.03 46.95 47.18 47.66 48.23 48.74 49.12 49.38 49.60 49.85 50.14 50.40 50.50 50.37 49.99 49.37 48.59 47.65 46.61 45.51 44.47 43.61 43.09 43.01 43.42 44.34 45.68 47.27 48.84 50.12 50.95 51.33 51.39 51.34 51.35 51.48 51.69 51.89 52.01 52.00 51.88 51.63 51.25 50.76 50.21 49.72 49.38 49.24 49.31 49.52 49.80 50.07 50.25 50.24 50.03 49.65 49.16 48.69 48.32 48.09 47.96 47.90 47.87 47.88 47.94 48.05 48.14 48.15 48.03 47.78 47.46 47.14 46.94 46.95 47.21 47.73 48.45 49.29 50.16 50.93 51.48 51.71 51.61 51.26 50.82 50.47 50.36 50.49 50.78 51.07 51.20 51.09 50.74 50.24 49.72 49.30 49.11 49.32 50.16 51.94 55.08 60.14 68.00 80.00 
71.00 59.51 54.04 51.72 51.05 51.26 51.88 52.59 53.12 53.30 53.06 52.49 51.79 51.20 50.96 51.18 51.91 53.06 54.48 55.91 57.09 57.77 57.82 57.26 56.26 55.06 53.92 53.03 52.47 52.15 51.92 51.60 51.12 50.47 49.78 49.20 48.84 48.74 48.87 49.13 49.40 49.60 49.68 49.70 49.75 49.92 50.28 50.79 51.35 51.79 51.94 51.71 51.07 50.14 49.08 48.12 47.43 47.09 47.06 47.20 47.37 47.46 47.46 47.43 47.44 47.54 47.71 47.91 48.01 47.93 47.65 47.23 46.86 46.77 47.09 47.84 48.84 49.87 50.73 51.26 51.45 51.33 51.01 50.58 50.13 49.72 49.38 49.12 48.93 48.78 48.66 48.52 48.33 48.04 47.65 47.21 46.85 46.73 46.95 47.50 48.26 49.05 49.73 50.24 50.58 50.80 50.93 50.96 50.81 50.46 49.91 49.17 48.28 47.26 46.13 44.95 43.83 42.94 42.42 42.39 42.90 43.92 45.35 46.97 48.50 49.67 50.36 50.61 50.59 50.55 50.64 50.91 51.27 51.59 51.80 51.85 51.75 51.48 51.04 50.43 49.73 49.06 48.57 48.35 48.42 48.74 49.22 49.73 50.13 50.31 50.21 49.85 49.32 48.77 48.30 47.97 47.78 47.66 47.59 47.59 47.67 47.83 48.04 48.23 48.35 48.35 48.25 48.07 47.88 47.78 47.83 48.08 48.53 49.16 49.89 50.61 51.18 51.50 51.50 51.24 50.82 50.41 50.14 50.04 50.06 50.10 50.04 49.82 49.49 49.11 48.82 48.70 48.84 49.35 50.38 52.19 55.10 59.36 64.36 65.00 
63.00 52.71 50.42 50.05 50.42 51.18 52.11 52.98 53.57 53.72 53.39 52.68 51.85 51.18 50.93 51.23 52.06 53.28 54.66 55.93 56.83 57.17 56.90 56.12 55.04 53.93 53.01 52.43 52.20 52.20 52.23 52.11 51.74 51.17 50.52 49.94 49.59 49.50 49.65 49.95 50.29 50.58 50.78 50.91 51.03 51.22 51.52 51.91 52.30 52.53 52.47 52.05 51.28 50.27 49.21 48.32 47.77 47.61 47.77 48.07 48.33 48.41 48.32 48.13 47.93 47.82 47.81 47.89 47.94 47.89 47.68 47.37 47.13 47.15 47.56 48.32 49.30 50.27 51.04 51.47 51.53 51.24 50.73 50.11 49.53 49.06 48.72 48.50 48.34 48.21 48.10 47.99 47.87 47.67 47.37 47.00 46.67 46.56 46.83 47.49 48.45 49.50 50.45 51.13 51.53 51.67 51.59 51.35 50.94 50.37 49.65 48.80 47.83 46.76 45.61 44.43 43.35 42.53 42.11 42.19 42.79 43.89 45.34 46.93 48.39 49.46 50.04 50.19 50.12 50.08 50.21 50.52 50.92 51.27 51.48 51.51 51.39 51.10 50.62 49.95 49.17 48.42 47.84 47.57 47.65 48.04 48.64 49.32 49.91 50.28 50.32 50.05 49.57 49.01 48.51 48.15 47.90 47.72 47.57 47.49 47.52 47.69 47.99 48.37 48.74 49.01 49.13 49.07 48.88 48.62 48.42 48.37 48.53 48.92 49.50 50.17 50.78 51.19 51.32 51.16 50.78 50.30 49.84 49.48 49.21 48.98 48.73 48.45 48.16 47.95 47.90 48.07 48.49 49.18 50.24 51.83 54.31 58.31 65.34 80.00 
13.00 38.03 45.11 47.87 49.55 50.92 52.16 53.18 53.83 53.97 53.59 52.81 51.94 51.28 51.11 51.53 52.46 53.71 55.00 56.05 56.63 56.62 56.05 55.09 53.98 52.97 52.27 51.95 51.97 52.20 52.43 52.46 52.23 51.76 51.17 50.64 50.29 50.18 50.29 50.56 50.90 51.21 51.45 51.63 51.79 51.98 52.23 52.50 52.73 52.79 52.58 52.05 51.23 50.25 49.28 48.55 48.21 48.30 48.70 49.19 49.56 49.67 49.49 49.13 48.72 48.37 48.17 48.09 48.06 48.00 47.83 47.61 47.49 47.62 48.10 48.90 49.86 50.78 51.47 51.81 51.76 51.33 50.65 49.88 49.18 48.66 48.33 48.13 47.99 47.87 47.75 47.65 47.55 47.41 47.17 46.87 46.61 46.57 46.92 47.71 48.84 50.09 51.19 51.95 52.30 52.27 51.93 51.40 50.74 49.98 49.14 48.22 47.23 46.17 45.07 44.00 43.08 42.44 42.20 42.42 43.12 44.22 45.62 47.10 48.43 49.38 49.86 49.96 49.88 49.83 49.96 50.27 50.63 50.92 51.06 51.05 50.88 50.58 50.10 49.46 48.71 47.97 47.41 47.13 47.21 47.60 48.24 49.00 49.71 50.22 50.42 50.29 49.91 49.41 48.93 48.55 48.25 47.97 47.71 47.50 47.43 47.57 47.93 48.48 49.08 49.61 49.94 49.99 49.76 49.34 48.88 48.51 48.38 48.55 48.99 49.60 50.24 50.75 51.02 50.99 50.68 50.17 49.57 48.97 48.41 47.93 47.52 47.18 46.96 46.92 47.08 47.47 48.04 48.77 49.64 50.69 52.10 54.33 58.79 70.00 
42.00 41.28 44.10 46.75 48.87 50.58 52.00 53.12 53.81 53.98 53.62 52.89 52.09 51.55 51.53 52.08 53.09 54.30 55.43 56.22 56.48 56.17 55.38 54.32 53.24 52.36 51.84 51.70 51.88 52.24 52.58 52.73 52.60 52.23 51.72 51.22 50.85 50.67 50.69 50.86 51.11 51.36 51.59 51.78 51.95 52.12 52.29 52.46 52.56 52.51 52.23 51.69 50.92 50.06 49.28 48.79 48.72 49.09 49.76 50.47 50.97 51.11 50.88 50.37 49.77 49.22 48.80 48.55 48.41 48.28 48.11 47.94 47.89 48.10 48.64 49.46 50.39 51.25 51.88 52.15 52.01 51.49 50.70 49.82 49.05 48.51 48.19 48.03 47.92 47.81 47.69 47.58 47.49 47.36 47.18 46.95 46.77 46.84 47.30 48.20 49.43 50.75 51.87 52.57 52.75 52.46 51.82 51.00 50.12 49.24 48.35 47.45 46.52 45.55 44.60 43.73 43.05 42.67 42.66 43.04 43.78 44.83 46.07 47.35 48.47 49.26 49.66 49.73 49.66 49.63 49.76 50.03 50.33 50.54 50.61 50.53 50.35 50.06 49.66 49.13 48.50 47.89 47.41 47.17 47.22 47.57 48.15 48.88 49.62 50.22 50.54 50.55 50.28 49.86 49.42 49.03 48.66 48.27 47.86 47.49 47.30 47.39 47.81 48.49 49.30 50.04 50.54 50.67 50.40 49.82 49.11 48.47 48.09 48.06 48.38 48.95 49.61 50.21 50.61 50.73 50.54 50.07 49.38 48.60 47.82 47.13 46.57 46.20 46.04 46.11 46.42 46.91 47.51 48.12 48.63 48.91 48.80 47.92 45.37 39.00 
46.00 40.85 42.96 45.84 48.24 50.11 51.59 52.72 53.45 53.70 53.46 52.89 52.30 51.98 52.15 52.81 53.81 54.89 55.79 56.28 56.27 55.75 54.87 53.84 52.87 52.15 51.76 51.73 51.97 52.36 52.73 52.93 52.86 52.55 52.08 51.58 51.16 50.87 50.75 50.77 50.90 51.07 51.26 51.43 51.58 51.70 51.81 51.88 51.89 51.78 51.50 51.04 50.43 49.78 49.27 49.07 49.31 49.97 50.89 51.80 52.41 52.59 52.32 51.72 50.98 50.26 49.67 49.24 48.96 48.73 48.52 48.34 48.31 48.55 49.09 49.87 50.74 51.54 52.12 52.35 52.17 51.60 50.75 49.84 49.05 48.52 48.25 48.14 48.09 48.02 47.93 47.83 47.74 47.62 47.47 47.31 47.23 47.40 47.95 48.91 50.15 51.42 52.41 52.89 52.79 52.17 51.23 50.16 49.14 48.23 47.41 46.63 45.84 45.05 44.30 43.69 43.30 43.20 43.41 43.91 44.64 45.53 46.53 47.51 48.35 48.95 49.25 49.32 49.29 49.30 49.45 49.70 49.95 50.10 50.12 50.03 49.88 49.67 49.40 49.05 48.64 48.23 47.89 47.72 47.75 47.99 48.43 49.04 49.70 50.28 50.65 50.73 50.54 50.18 49.77 49.34 48.90 48.40 47.86 47.37 47.09 47.15 47.60 48.38 49.34 50.23 50.85 51.03 50.72 50.01 49.10 48.25 47.68 47.51 47.73 48.26 48.94 49.61 50.13 50.41 50.36 49.98 49.30 48.42 47.49 46.63 45.97 45.55 45.42 45.56 45.92 46.40 46.91 47.30 47.40 46.98 45.70 42.74 35.53 14.00 
13.00 32.84 40.53 44.83 47.60 49.50 50.91 52.00 52.74 53.10 53.07 52.79 52.52 52.50 52.87 53.59 54.48 55.32 55.90 56.10 55.87 55.27 54.44 53.55 52.78 52.23 51.97 51.97 52.19 52.53 52.85 53.02 52.96 52.66 52.18 51.62 51.11 50.69 50.43 50.32 50.34 50.46 50.62 50.78 50.90 50.96 50.98 50.96 50.90 50.79 50.59 50.28 49.91 49.55 49.35 49.47 50.01 50.92 52.03 53.06 53.74 53.92 53.62 52.97 52.16 51.33 50.62 50.07 49.65 49.32 49.03 48.80 48.73 48.92 49.38 50.07 50.85 51.57 52.10 52.32 52.14 51.57 50.73 49.82 49.06 48.58 48.38 48.35 48.39 48.40 48.38 48.33 48.26 48.17 48.04 47.93 47.92 48.18 48.78 49.74 50.89 51.98 52.71 52.87 52.41 51.44 50.21 48.98 47.93 47.11 46.47 45.91 45.36 44.81 44.31 43.96 43.84 43.97 44.34 44.88 45.51 46.18 46.84 47.47 47.99 48.37 48.57 48.64 48.68 48.77 48.97 49.23 49.46 49.60 49.62 49.56 49.48 49.40 49.32 49.22 49.07 48.91 48.77 48.69 48.70 48.82 49.07 49.46 49.92 50.37 50.68 50.74 50.56 50.21 49.77 49.30 48.79 48.21 47.59 47.05 46.74 46.82 47.32 48.18 49.21 50.19 50.87 51.06 50.72 49.92 48.88 47.89 47.19 46.93 47.10 47.60 48.27 48.98 49.61 50.02 50.14 49.89 49.27 48.38 47.38 46.42 45.68 45.23 45.09 45.22 45.54 45.93 46.26 46.38 46.10 45.23 43.56 41.21 39.65 47.00 
41.00 36.58 40.85 44.66 47.20 48.86 50.06 51.01 51.75 52.23 52.46 52.54 52.66 52.97 53.52 54.23 54.92 55.44 55.66 55.57 55.20 54.63 53.96 53.32 52.81 52.46 52.29 52.29 52.44 52.66 52.88 52.96 52.83 52.46 51.90 51.26 50.64 50.12 49.77 49.60 49.60 49.72 49.91 50.08 50.16 50.15 50.06 49.94 49.84 49.77 49.70 49.61 49.53 49.50 49.63 50.06 50.84 51.91 53.10 54.13 54.78 54.92 54.60 53.93 53.11 52.27 51.51 50.89 50.39 49.97 49.59 49.28 49.11 49.17 49.48 50.00 50.65 51.30 51.80 52.04 51.90 51.38 50.58 49.71 49.00 48.57 48.44 48.51 48.65 48.79 48.88 48.92 48.92 48.86 48.75 48.67 48.71 49.01 49.63 50.53 51.53 52.36 52.75 52.53 51.68 50.38 48.93 47.63 46.66 46.05 45.70 45.46 45.22 44.96 44.73 44.62 44.69 44.95 45.36 45.82 46.26 46.64 46.94 47.20 47.41 47.57 47.68 47.77 47.90 48.09 48.37 48.68 48.92 49.06 49.10 49.09 49.11 49.18 49.32 49.47 49.62 49.75 49.85 49.91 49.93 49.93 49.96 50.07 50.25 50.45 50.56 50.50 50.24 49.83 49.34 48.81 48.23 47.60 46.97 46.47 46.23 46.40 46.99 47.92 48.99 49.99 50.67 50.86 50.48 49.62 48.51 47.44 46.68 46.37 46.51 46.99 47.65 48.38 49.06 49.59 49.86 49.76 49.26 48.43 47.42 46.42 45.63 45.13 44.95 45.03 45.24 45.47 45.58 45.43 44.83 43.57 41.40 38.26 34.53 31.00 
2.00 31.23 40.95 45.08 47.14 48.33 49.17 49.91 50.59 51.18 51.67 52.12 52.63 53.25 53.94 54.58 55.02 55.17 55.04 54.70 54.25 53.78 53.36 53.03 52.80 52.66 52.58 52.56 52.60 52.68 52.73 52.66 52.39 51.90 51.23 50.49 49.79 49.23 48.88 48.76 48.85 49.08 49.35 49.54 49.59 49.48 49.26 49.04 48.90 48.89 49.00 49.18 49.42 49.73 50.18 50.86 51.78 52.89 54.01 54.92 55.44 55.49 55.12 54.47 53.70 52.92 52.21 51.60 51.07 50.59 50.13 49.70 49.38 49.24 49.33 49.66 50.16 50.73 51.24 51.53 51.48 51.04 50.31 49.50 48.82 48.44 48.36 48.49 48.74 49.00 49.23 49.40 49.49 49.48 49.40 49.33 49.40 49.71 50.31 51.13 51.95 52.50 52.54 51.93 50.72 49.15 47.56 46.29 45.51 45.21 45.23 45.38 45.51 45.59 45.63 45.71 45.88 46.15 46.45 46.73 46.89 46.94 46.88 46.80 46.73 46.71 46.76 46.90 47.12 47.44 47.81 48.16 48.42 48.55 48.59 48.62 48.71 48.93 49.25 49.66 50.10 50.52 50.88 51.11 51.18 51.10 50.92 50.73 50.57 50.44 50.27 49.99 49.58 49.06 48.48 47.87 47.24 46.60 46.02 45.62 45.55 45.89 46.62 47.63 48.74 49.73 50.39 50.55 50.14 49.24 48.09 46.98 46.20 45.87 46.00 46.45 47.10 47.82 48.53 49.13 49.52 49.57 49.22 48.49 47.54 46.56 45.74 45.19 44.94 44.91 44.98 45.03 44.93 44.56 43.74 42.22 39.61 35.39 28.90 20.00 
45.00 45.04 46.10 47.03 47.61 48.00 48.37 48.84 49.41 50.07 50.77 51.54 52.39 53.26 54.05 54.59 54.76 54.56 54.11 53.58 53.12 52.80 52.66 52.64 52.70 52.75 52.75 52.70 52.62 52.52 52.36 52.09 51.63 50.98 50.19 49.38 48.67 48.17 47.94 48.00 48.28 48.69 49.07 49.30 49.28 49.04 48.67 48.34 48.18 48.26 48.57 49.04 49.61 50.25 50.98 51.83 52.79 53.80 54.73 55.40 55.70 55.61 55.19 54.58 53.91 53.26 52.67 52.13 51.63 51.11 50.56 49.98 49.45 49.07 48.91 49.03 49.40 49.93 50.48 50.87 50.93 50.60 49.96 49.20 48.55 48.17 48.09 48.25 48.55 48.92 49.28 49.59 49.79 49.84 49.78 49.71 49.79 50.11 50.70 51.44 52.10 52.40 52.13 51.19 49.68 47.92 46.29 45.13 44.60 44.66 45.11 45.70 46.25 46.68 46.99 47.22 47.41 47.57 47.67 47.66 47.50 47.20 46.81 46.44 46.15 46.00 46.03 46.22 46.55 46.98 47.44 47.82 48.06 48.15 48.15 48.16 48.29 48.59 49.07 49.68 50.36 51.04 51.64 52.05 52.20 52.08 51.73 51.27 50.78 50.30 49.81 49.27 48.68 48.02 47.34 46.64 45.95 45.31 44.81 44.57 44.72 45.28 46.20 47.33 48.48 49.47 50.09 50.21 49.78 48.86 47.70 46.58 45.78 45.45 45.56 46.00 46.62 47.31 48.01 48.66 49.15 49.34 49.13 48.55 47.69 46.76 45.94 45.35 45.01 44.85 44.75 44.62 44.37 43.89 43.04 41.57 39.02 34.44 25.47 5.00 
85.00 57.59 51.03 49.03 48.18 47.78 47.70 47.90 48.36 49.02 49.86 50.85 51.94 52.99 53.82 54.25 54.19 53.72 53.04 52.39 51.97 51.83 51.95 52.21 52.50 52.71 52.77 52.67 52.45 52.15 51.76 51.24 50.57 49.76 48.89 48.08 47.46 47.12 47.13 47.46 48.01 48.63 49.12 49.35 49.23 48.83 48.31 47.88 47.71 47.89 48.39 49.14 50.02 50.96 51.92 52.87 53.78 54.61 55.25 55.62 55.66 55.40 54.92 54.37 53.83 53.35 52.91 52.49 52.03 51.48 50.81 50.05 49.28 48.63 48.23 48.16 48.43 48.96 49.59 50.11 50.32 50.12 49.58 48.89 48.25 47.83 47.69 47.81 48.11 48.52 48.98 49.40 49.69 49.80 49.77 49.72 49.81 50.16 50.75 51.44 51.98 52.10 51.60 50.41 48.72 46.86 45.26 44.26 44.03 44.47 45.34 46.37 47.33 48.12 48.68 49.04 49.21 49.21 49.04 48.71 48.21 47.58 46.92 46.31 45.86 45.62 45.64 45.88 46.31 46.82 47.32 47.69 47.87 47.88 47.80 47.76 47.89 48.24 48.81 49.54 50.38 51.23 51.99 52.54 52.77 52.65 52.22 51.57 50.81 50.03 49.26 48.48 47.70 46.92 46.13 45.35 44.60 43.95 43.52 43.44 43.80 44.59 45.71 46.98 48.20 49.18 49.78 49.88 49.43 48.51 47.36 46.26 45.47 45.13 45.23 45.64 46.21 46.86 47.54 48.21 48.76 49.07 49.01 48.57 47.84 47.00 46.21 45.58 45.15 44.85 44.59 44.32 43.97 43.51 42.86 41.87 40.30 37.76 33.47 25.00 
24.00 49.21 51.29 49.86 48.46 47.56 47.15 47.15 47.50 48.13 49.03 50.14 51.36 52.50 53.32 53.65 53.42 52.78 51.99 51.33 50.99 51.02 51.35 51.83 52.29 52.60 52.67 52.50 52.13 51.60 50.95 50.18 49.31 48.37 47.48 46.75 46.30 46.23 46.55 47.20 48.03 48.84 49.42 49.61 49.37 48.81 48.14 47.62 47.45 47.71 48.39 49.36 50.50 51.69 52.82 53.82 54.64 55.24 55.59 55.65 55.43 55.01 54.48 53.98 53.58 53.26 52.99 52.69 52.27 51.68 50.88 49.91 48.89 47.98 47.36 47.14 47.36 47.93 48.68 49.34 49.71 49.67 49.26 48.63 47.99 47.51 47.28 47.29 47.52 47.91 48.40 48.87 49.23 49.39 49.39 49.38 49.50 49.89 50.50 51.18 51.65 51.66 51.01 49.70 47.93 46.08 44.58 43.79 43.84 44.62 45.87 47.29 48.62 49.72 50.51 50.96 51.10 50.94 50.52 49.89 49.09 48.21 47.32 46.54 45.97 45.68 45.67 45.94 46.40 46.94 47.42 47.74 47.82 47.72 47.55 47.46 47.59 47.97 48.58 49.37 50.24 51.13 51.93 52.52 52.81 52.72 52.29 51.58 50.68 49.71 48.73 47.78 46.87 45.99 45.12 44.26 43.44 42.77 42.38 42.41 42.93 43.90 45.18 46.56 47.84 48.84 49.43 49.51 49.07 48.20 47.09 46.04 45.28 44.96 45.03 45.39 45.91 46.51 47.15 47.81 48.40 48.79 48.86 48.57 47.98 47.25 46.52 45.89 45.38 44.96 44.57 44.19 43.81 43.46 43.15 42.88 42.65 42.87 45.67 61.00 
89.00 63.99 55.17 50.91 48.56 47.30 46.72 46.62 46.90 47.51 48.40 49.54 50.78 51.91 52.68 52.92 52.60 51.90 51.11 50.51 50.30 50.49 50.97 51.58 52.13 52.46 52.50 52.23 51.68 50.93 50.03 49.03 47.98 46.97 46.12 45.54 45.35 45.58 46.23 47.18 48.25 49.20 49.81 49.94 49.59 48.90 48.13 47.55 47.36 47.67 48.44 49.55 50.86 52.20 53.44 54.46 55.19 55.60 55.70 55.51 55.09 54.54 53.98 53.52 53.21 53.05 52.93 52.74 52.38 51.74 50.81 49.64 48.37 47.23 46.43 46.12 46.34 46.98 47.85 48.66 49.20 49.33 49.05 48.51 47.88 47.34 46.98 46.85 46.95 47.25 47.69 48.16 48.54 48.74 48.79 48.82 49.00 49.43 50.08 50.75 51.19 51.13 50.42 49.09 47.37 45.63 44.32 43.75 44.04 45.10 46.63 48.33 49.94 51.26 52.19 52.71 52.80 52.52 51.92 51.08 50.09 49.03 48.01 47.14 46.51 46.16 46.12 46.35 46.77 47.25 47.64 47.84 47.81 47.61 47.38 47.29 47.46 47.89 48.54 49.30 50.09 50.86 51.55 52.08 52.36 52.35 52.00 51.35 50.45 49.42 48.34 47.30 46.33 45.40 44.50 43.59 42.72 42.00 41.61 41.67 42.25 43.30 44.65 46.09 47.40 48.41 48.99 49.09 48.69 47.89 46.89 45.93 45.25 44.95 45.00 45.31 45.76 46.29 46.89 47.53 48.14 48.58 48.73 48.55 48.10 47.50 46.85 46.26 45.73 45.24 44.76 44.30 43.92 43.73 43.80 44.18 44.83 45.59 45.44 38.00 
75.00 62.73 54.80 50.43 48.08 46.88 46.37 46.32 46.62 47.22 48.09 49.18 50.36 51.40 52.07 52.22 51.86 51.19 50.48 50.02 49.95 50.27 50.84 51.49 52.03 52.33 52.30 51.91 51.21 50.25 49.14 47.95 46.78 45.75 44.98 44.58 44.64 45.16 46.09 47.27 48.49 49.51 50.13 50.22 49.82 49.09 48.28 47.66 47.44 47.71 48.46 49.58 50.92 52.32 53.60 54.61 55.27 55.56 55.50 55.17 54.64 54.02 53.43 53.00 52.77 52.71 52.72 52.64 52.34 51.70 50.68 49.35 47.89 46.58 45.66 45.32 45.56 46.29 47.26 48.20 48.88 49.15 49.02 48.58 47.99 47.40 46.93 46.65 46.58 46.73 47.06 47.47 47.83 48.05 48.15 48.23 48.47 48.94 49.59 50.25 50.65 50.56 49.87 48.62 47.05 45.53 44.45 44.11 44.61 45.83 47.53 49.38 51.11 52.52 53.50 54.00 54.05 53.68 52.99 52.05 50.99 49.89 48.87 48.01 47.38 47.01 46.91 47.05 47.33 47.66 47.89 47.95 47.79 47.53 47.31 47.30 47.58 48.11 48.78 49.46 50.07 50.60 51.04 51.39 51.63 51.69 51.49 50.99 50.22 49.24 48.18 47.13 46.17 45.27 44.38 43.46 42.56 41.79 41.34 41.34 41.87 42.88 44.20 45.61 46.90 47.89 48.47 48.60 48.28 47.60 46.75 45.93 45.36 45.11 45.16 45.42 45.81 46.29 46.84 47.45 48.03 48.47 48.66 48.55 48.20 47.71 47.19 46.67 46.18 45.69 45.17 44.68 44.33 44.29 44.72 45.73 47.33 49.54 52.65 59.00 
72.00 57.35 51.27 48.40 46.98 46.32 46.13 46.26 46.66 47.31 48.17 49.20 50.25 51.14 51.66 51.71 51.33 50.72 50.14 49.84 49.91 50.31 50.92 51.54 52.01 52.23 52.11 51.62 50.80 49.71 48.44 47.13 45.89 44.86 44.18 43.94 44.19 44.91 46.00 47.30 48.58 49.63 50.26 50.38 50.03 49.35 48.57 47.94 47.65 47.80 48.40 49.38 50.62 51.95 53.19 54.17 54.79 55.02 54.93 54.56 54.02 53.41 52.84 52.42 52.24 52.25 52.36 52.40 52.20 51.60 50.57 49.17 47.62 46.23 45.27 44.94 45.23 46.02 47.05 48.06 48.82 49.21 49.21 48.88 48.36 47.77 47.21 46.78 46.54 46.52 46.69 46.99 47.30 47.52 47.66 47.79 48.06 48.54 49.17 49.78 50.13 50.03 49.40 48.32 46.99 45.76 44.94 44.81 45.44 46.74 48.46 50.31 52.01 53.36 54.26 54.67 54.62 54.20 53.47 52.55 51.55 50.56 49.68 48.97 48.44 48.12 47.96 47.96 48.06 48.16 48.18 48.06 47.81 47.53 47.40 47.55 48.00 48.67 49.36 49.92 50.28 50.47 50.58 50.70 50.85 50.97 50.94 50.65 50.05 49.20 48.22 47.25 46.36 45.55 44.74 43.87 42.98 42.16 41.61 41.48 41.85 42.69 43.86 45.15 46.35 47.30 47.88 48.06 47.84 47.32 46.64 46.01 45.58 45.40 45.47 45.72 46.07 46.51 47.03 47.59 48.12 48.50 48.65 48.55 48.25 47.86 47.45 47.07 46.68 46.26 45.77 45.29 44.97 45.06 45.80 47.35 49.77 52.97 56.79 62.00 
41.00 43.62 44.89 45.38 45.59 45.76 46.02 46.42 46.99 47.74 48.63 49.61 50.54 51.25 51.60 51.52 51.10 50.54 50.09 49.92 50.11 50.56 51.14 51.69 52.07 52.19 51.98 51.44 50.56 49.41 48.08 46.71 45.43 44.41 43.78 43.62 43.96 44.75 45.87 47.16 48.43 49.48 50.17 50.41 50.21 49.69 49.01 48.37 47.96 47.90 48.24 48.96 49.97 51.13 52.25 53.16 53.75 54.00 53.95 53.67 53.22 52.70 52.19 51.81 51.64 51.70 51.88 52.04 51.97 51.50 50.55 49.20 47.68 46.32 45.40 45.12 45.46 46.26 47.29 48.28 49.06 49.51 49.60 49.40 48.97 48.41 47.82 47.28 46.89 46.69 46.70 46.87 47.11 47.31 47.47 47.63 47.91 48.34 48.89 49.41 49.70 49.62 49.10 48.24 47.21 46.29 45.74 45.76 46.44 47.69 49.32 51.03 52.57 53.74 54.44 54.67 54.48 53.98 53.26 52.43 51.60 50.85 50.26 49.83 49.53 49.32 49.17 49.04 48.93 48.80 48.60 48.31 47.98 47.74 47.75 48.10 48.75 49.55 50.25 50.66 50.74 50.57 50.34 50.20 50.24 50.39 50.50 50.40 49.99 49.29 48.42 47.56 46.79 46.12 45.45 44.70 43.85 43.01 42.35 42.04 42.17 42.75 43.66 44.74 45.78 46.65 47.22 47.45 47.36 47.01 46.55 46.12 45.85 45.78 45.90 46.16 46.51 46.93 47.42 47.92 48.37 48.66 48.71 48.54 48.24 47.89 47.58 47.34 47.11 46.83 46.46 46.04 45.77 45.95 46.91 48.90 52.07 56.23 59.75 54.00 
9.00 31.39 39.57 42.99 44.59 45.46 46.09 46.74 47.49 48.37 49.35 50.32 51.17 51.73 51.91 51.69 51.20 50.65 50.28 50.21 50.47 50.93 51.47 51.92 52.20 52.24 51.99 51.43 50.56 49.43 48.11 46.73 45.44 44.41 43.77 43.59 43.89 44.61 45.63 46.83 48.04 49.10 49.90 50.33 50.38 50.08 49.52 48.88 48.32 48.00 48.02 48.41 49.12 50.03 50.97 51.77 52.33 52.62 52.68 52.56 52.30 51.93 51.53 51.21 51.07 51.14 51.38 51.63 51.72 51.43 50.67 49.49 48.13 46.89 46.08 45.87 46.23 46.99 47.94 48.83 49.54 49.98 50.14 50.04 49.73 49.25 48.68 48.10 47.60 47.26 47.13 47.18 47.33 47.51 47.67 47.83 48.06 48.40 48.82 49.21 49.43 49.38 49.02 48.41 47.70 47.08 46.73 46.83 47.46 48.58 50.01 51.51 52.80 53.70 54.12 54.10 53.73 53.12 52.41 51.69 51.09 50.66 50.45 50.41 50.44 50.45 50.37 50.20 49.95 49.63 49.25 48.84 48.48 48.32 48.47 49.01 49.82 50.70 51.36 51.62 51.43 50.94 50.39 50.02 49.93 50.07 50.27 50.30 50.03 49.46 48.72 47.97 47.34 46.82 46.32 45.73 44.99 44.16 43.41 42.91 42.77 43.02 43.60 44.37 45.19 45.91 46.45 46.74 46.79 46.64 46.41 46.20 46.11 46.17 46.37 46.67 47.03 47.45 47.91 48.35 48.70 48.86 48.79 48.51 48.13 47.78 47.53 47.41 47.37 47.29 47.09 46.80 46.61 46.85 47.91 50.19 54.13 60.61 72.25 98.00 
26.00 33.45 39.17 42.61 44.51 45.60 46.38 47.14 48.02 49.03 50.11 51.14 51.96 52.44 52.49 52.14 51.57 51.01 50.66 50.64 50.91 51.37 51.85 52.22 52.42 52.40 52.13 51.60 50.80 49.74 48.47 47.12 45.84 44.78 44.08 43.79 43.94 44.48 45.31 46.35 47.47 48.56 49.50 50.18 50.50 50.43 50.02 49.37 48.66 48.08 47.78 47.82 48.21 48.85 49.57 50.23 50.74 51.08 51.28 51.37 51.34 51.19 50.95 50.71 50.59 50.66 50.92 51.26 51.50 51.43 50.93 50.02 48.90 47.87 47.21 47.06 47.41 48.07 48.85 49.57 50.13 50.50 50.68 50.68 50.50 50.15 49.66 49.10 48.57 48.15 47.91 47.87 47.96 48.11 48.25 48.38 48.52 48.71 48.95 49.18 49.33 49.33 49.14 48.80 48.39 48.00 47.79 47.88 48.38 49.29 50.48 51.72 52.73 53.33 53.45 53.16 52.57 51.84 51.10 50.48 50.09 49.99 50.18 50.57 50.99 51.30 51.41 51.31 51.04 50.65 50.20 49.75 49.42 49.33 49.61 50.25 51.14 52.01 52.60 52.69 52.29 51.56 50.78 50.21 49.99 50.07 50.27 50.36 50.19 49.72 49.07 48.42 47.91 47.53 47.20 46.78 46.17 45.40 44.60 43.93 43.52 43.43 43.63 44.05 44.57 45.10 45.56 45.89 46.08 46.16 46.17 46.19 46.29 46.49 46.78 47.12 47.51 47.94 48.37 48.75 49.00 49.05 48.85 48.45 47.97 47.55 47.30 47.28 47.41 47.56 47.60 47.50 47.42 47.67 48.66 50.79 54.47 60.40 70.93 96.00 
39.00 37.24 41.04 43.81 45.35 46.21 46.86 47.56 48.47 49.56 50.75 51.87 52.73 53.18 53.16 52.74 52.10 51.50 51.14 51.12 51.39 51.82 52.25 52.57 52.72 52.67 52.41 51.92 51.19 50.22 49.04 47.75 46.48 45.39 44.59 44.15 44.09 44.37 44.96 45.81 46.83 47.94 49.03 49.93 50.51 50.66 50.37 49.73 48.92 48.14 47.57 47.32 47.41 47.78 48.28 48.80 49.25 49.63 49.96 50.26 50.48 50.56 50.50 50.36 50.25 50.31 50.57 50.98 51.37 51.53 51.32 50.73 49.91 49.12 48.61 48.51 48.80 49.30 49.86 50.34 50.70 50.95 51.12 51.20 51.17 50.98 50.63 50.16 49.65 49.21 48.93 48.83 48.87 48.99 49.10 49.16 49.18 49.19 49.22 49.28 49.34 49.38 49.36 49.26 49.07 48.86 48.70 48.73 49.07 49.76 50.71 51.69 52.44 52.76 52.61 52.06 51.26 50.38 49.58 49.00 48.76 48.93 49.46 50.24 51.05 51.71 52.11 52.23 52.10 51.81 51.42 51.04 50.78 50.76 51.08 51.73 52.57 53.36 53.82 53.79 53.26 52.39 51.47 50.76 50.39 50.36 50.50 50.59 50.45 50.05 49.48 48.91 48.46 48.18 47.97 47.69 47.21 46.53 45.74 44.97 44.34 43.94 43.76 43.78 43.96 44.24 44.58 44.93 45.26 45.55 45.81 46.07 46.36 46.68 47.03 47.41 47.81 48.23 48.64 48.98 49.18 49.16 48.88 48.39 47.80 47.28 46.99 47.00 47.27 47.65 47.96 48.10 48.17 48.42 49.20 50.84 53.40 56.21 55.35 31.00 
1.00 35.41 43.87 46.21 46.92 47.21 47.50 48.02 48.85 49.96 51.22 52.43 53.35 53.82 53.78 53.32 52.64 52.01 51.63 51.59 51.84 52.24 52.65 52.94 53.06 53.00 52.74 52.29 51.63 50.74 49.64 48.43 47.20 46.10 45.21 44.61 44.31 44.32 44.64 45.27 46.19 47.31 48.50 49.58 50.35 50.68 50.50 49.90 49.05 48.16 47.41 46.95 46.81 46.95 47.26 47.63 48.02 48.43 48.88 49.36 49.80 50.10 50.20 50.15 50.07 50.10 50.35 50.80 51.32 51.71 51.80 51.54 51.03 50.48 50.11 50.03 50.20 50.49 50.77 50.97 51.10 51.21 51.34 51.51 51.63 51.63 51.45 51.11 50.68 50.28 49.99 49.87 49.89 49.97 50.03 50.01 49.88 49.69 49.50 49.37 49.34 49.38 49.47 49.53 49.51 49.40 49.27 49.23 49.43 49.94 50.69 51.46 51.99 52.09 51.71 50.95 49.97 48.95 48.07 47.48 47.31 47.63 48.40 49.46 50.60 51.62 52.38 52.83 53.02 52.99 52.81 52.59 52.43 52.45 52.73 53.26 53.95 54.57 54.91 54.80 54.23 53.33 52.36 51.55 51.05 50.88 50.90 50.93 50.81 50.47 49.95 49.42 49.00 48.74 48.57 48.38 48.02 47.44 46.71 45.91 45.15 44.50 44.00 43.65 43.47 43.48 43.66 43.99 44.41 44.89 45.38 45.84 46.28 46.68 47.06 47.44 47.83 48.24 48.65 49.00 49.21 49.20 48.91 48.37 47.69 47.07 46.69 46.68 47.04 47.62 48.20 48.61 48.86 49.11 49.66 50.82 52.86 56.25 63.56 91.00 
81.00 59.40 52.68 50.13 48.98 48.42 48.28 48.55 49.26 50.34 51.62 52.87 53.83 54.30 54.25 53.76 53.06 52.41 52.02 51.98 52.22 52.60 52.99 53.27 53.39 53.32 53.08 52.64 52.01 51.18 50.17 49.03 47.88 46.80 45.86 45.12 44.59 44.33 44.39 44.81 45.59 46.68 47.91 49.09 49.98 50.43 50.36 49.84 49.03 48.12 47.31 46.73 46.43 46.39 46.54 46.81 47.15 47.57 48.11 48.73 49.34 49.81 50.05 50.07 50.00 50.02 50.24 50.72 51.34 51.94 52.31 52.36 52.15 51.83 51.56 51.44 51.44 51.47 51.44 51.34 51.23 51.21 51.33 51.57 51.85 52.03 52.04 51.85 51.54 51.20 50.94 50.82 50.81 50.85 50.86 50.73 50.46 50.07 49.67 49.34 49.17 49.17 49.29 49.42 49.49 49.45 49.34 49.28 49.42 49.82 50.43 51.03 51.39 51.32 50.80 49.91 48.82 47.70 46.74 46.11 45.94 46.32 47.19 48.42 49.79 51.12 52.25 53.13 53.73 54.08 54.23 54.22 54.17 54.17 54.32 54.64 55.08 55.51 55.74 55.61 55.09 54.25 53.30 52.43 51.80 51.47 51.36 51.32 51.20 50.90 50.44 49.92 49.47 49.16 48.97 48.79 48.51 48.05 47.41 46.67 45.88 45.11 44.38 43.74 43.27 43.01 43.02 43.29 43.76 44.37 45.01 45.60 46.11 46.51 46.85 47.17 47.53 47.94 48.38 48.80 49.09 49.16 48.94 48.41 47.68 46.95 46.47 46.41 46.80 47.53 48.35 49.03 49.47 49.72 49.99 50.55 51.55 52.81 51.85 32.00 
96.00 68.36 57.10 52.52 50.49 49.51 49.11 49.22 49.82 50.85 52.10 53.32 54.24 54.66 54.54 54.00 53.28 52.64 52.27 52.23 52.47 52.86 53.25 53.53 53.65 53.59 53.34 52.90 52.29 51.49 50.55 49.51 48.44 47.43 46.48 45.64 44.92 44.42 44.22 44.43 45.07 46.09 47.30 48.49 49.42 49.93 49.95 49.54 48.84 48.01 47.23 46.60 46.21 46.05 46.09 46.27 46.58 47.03 47.63 48.35 49.08 49.67 50.01 50.09 50.04 50.03 50.22 50.71 51.41 52.18 52.79 53.13 53.17 53.02 52.81 52.60 52.39 52.12 51.77 51.39 51.08 50.97 51.09 51.43 51.85 52.21 52.39 52.36 52.16 51.90 51.68 51.55 51.51 51.50 51.43 51.20 50.78 50.22 49.62 49.11 48.79 48.67 48.72 48.84 48.93 48.95 48.90 48.90 49.05 49.41 49.92 50.40 50.63 50.47 49.89 48.96 47.84 46.70 45.71 45.05 44.87 45.23 46.12 47.40 48.91 50.46 51.92 53.20 54.25 55.02 55.52 55.75 55.78 55.70 55.64 55.67 55.84 56.06 56.21 56.12 55.70 54.98 54.08 53.19 52.45 51.97 51.74 51.64 51.53 51.27 50.85 50.32 49.81 49.41 49.13 48.91 48.66 48.30 47.80 47.19 46.49 45.72 44.91 44.13 43.47 43.03 42.89 43.08 43.55 44.19 44.88 45.49 45.95 46.25 46.47 46.69 47.01 47.44 47.95 48.48 48.90 49.10 48.96 48.47 47.72 46.92 46.34 46.21 46.60 47.43 48.44 49.35 49.94 50.18 50.16 50.10 50.33 51.86 59.17 94.00 
79.00 60.74 54.59 52.14 50.94 50.25 49.94 50.04 50.59 51.55 52.73 53.85 54.64 54.92 54.67 54.04 53.29 52.66 52.33 52.33 52.60 53.00 53.39 53.68 53.80 53.73 53.47 53.02 52.40 51.63 50.75 49.81 48.86 47.93 47.03 46.13 45.28 44.57 44.16 44.17 44.66 45.56 46.69 47.82 48.72 49.24 49.34 49.06 48.51 47.82 47.11 46.50 46.06 45.83 45.79 45.92 46.22 46.69 47.34 48.14 48.96 49.63 50.05 50.18 50.14 50.10 50.27 50.74 51.50 52.38 53.19 53.74 53.98 53.95 53.73 53.39 52.93 52.36 51.72 51.11 50.68 50.54 50.72 51.17 51.73 52.25 52.58 52.68 52.59 52.41 52.22 52.07 51.97 51.87 51.69 51.34 50.80 50.10 49.35 48.68 48.18 47.90 47.81 47.85 47.93 48.00 48.06 48.16 48.39 48.75 49.19 49.56 49.70 49.51 48.96 48.11 47.08 46.01 45.07 44.45 44.27 44.62 45.47 46.74 48.27 49.94 51.62 53.22 54.63 55.78 56.57 56.99 57.06 56.87 56.57 56.30 56.18 56.22 56.30 56.26 55.96 55.36 54.54 53.63 52.83 52.25 51.93 51.79 51.69 51.48 51.09 50.54 49.96 49.43 49.02 48.72 48.46 48.18 47.84 47.41 46.89 46.27 45.55 44.81 44.13 43.63 43.43 43.55 43.97 44.56 45.17 45.66 45.94 46.05 46.09 46.20 46.47 46.94 47.55 48.20 48.74 49.04 48.97 48.51 47.75 46.90 46.25 46.06 46.44 47.31 48.45 49.52 50.23 50.44 50.12 49.29 47.84 45.21 39.03 18.00 
14.00 40.81 48.05 50.20 50.75 50.77 50.73 50.92 51.48 52.37 53.43 54.39 54.97 55.05 54.62 53.89 53.10 52.51 52.23 52.29 52.59 53.00 53.40 53.68 53.79 53.70 53.41 52.94 52.31 51.57 50.75 49.92 49.10 48.29 47.46 46.57 45.64 44.80 44.21 44.05 44.38 45.13 46.13 47.13 47.94 48.43 48.58 48.43 48.04 47.51 46.93 46.37 45.92 45.63 45.54 45.65 45.94 46.44 47.14 47.99 48.87 49.62 50.10 50.29 50.26 50.21 50.35 50.79 51.55 52.50 53.41 54.10 54.47 54.49 54.22 53.71 53.01 52.18 51.32 50.58 50.13 50.04 50.33 50.91 51.60 52.24 52.69 52.91 52.92 52.80 52.61 52.41 52.21 51.98 51.66 51.19 50.54 49.74 48.88 48.08 47.43 46.98 46.73 46.64 46.68 46.80 46.98 47.23 47.54 47.92 48.29 48.56 48.64 48.48 48.06 47.39 46.56 45.67 44.89 44.38 44.28 44.64 45.46 46.66 48.14 49.81 51.58 53.34 54.97 56.34 57.33 57.86 57.92 57.60 57.07 56.54 56.18 56.04 56.06 56.04 55.82 55.31 54.55 53.66 52.83 52.20 51.84 51.70 51.62 51.45 51.09 50.53 49.87 49.22 48.68 48.26 47.96 47.73 47.53 47.32 47.05 46.69 46.23 45.69 45.17 44.77 44.59 44.70 45.05 45.52 45.95 46.20 46.22 46.08 45.92 45.92 46.18 46.70 47.39 48.11 48.71 49.02 48.95 48.48 47.70 46.83 46.16 45.94 46.29 47.18 48.36 49.52 50.31 50.51 50.02 48.73 46.37 42.04 33.70 19.00 
37.00 40.22 46.23 49.49 50.85 51.30 51.47 51.73 52.26 53.06 53.97 54.73 55.09 54.95 54.37 53.56 52.77 52.22 52.02 52.13 52.46 52.88 53.26 53.52 53.59 53.46 53.12 52.61 51.97 51.25 50.51 49.80 49.14 48.48 47.77 46.93 46.00 45.08 44.38 44.08 44.24 44.82 45.62 46.45 47.13 47.56 47.74 47.70 47.49 47.13 46.68 46.19 45.75 45.45 45.32 45.41 45.71 46.22 46.96 47.85 48.78 49.58 50.11 50.35 50.35 50.31 50.42 50.83 51.54 52.47 53.41 54.15 54.56 54.57 54.22 53.55 52.65 51.63 50.67 49.94 49.57 49.62 50.05 50.75 51.55 52.28 52.82 53.13 53.22 53.14 52.93 52.64 52.30 51.90 51.42 50.82 50.08 49.22 48.31 47.43 46.65 46.05 45.64 45.43 45.43 45.59 45.88 46.25 46.64 47.01 47.30 47.49 47.56 47.49 47.26 46.86 46.32 45.70 45.16 44.84 44.87 45.29 46.08 47.20 48.59 50.17 51.89 53.64 55.31 56.73 57.76 58.29 58.31 57.88 57.19 56.47 55.93 55.66 55.59 55.54 55.32 54.85 54.12 53.26 52.44 51.82 51.47 51.34 51.30 51.18 50.84 50.28 49.57 48.83 48.15 47.62 47.25 47.04 46.95 46.95 46.97 46.94 46.83 46.63 46.41 46.23 46.19 46.34 46.63 46.95 47.16 47.13 46.86 46.47 46.14 46.06 46.32 46.88 47.61 48.33 48.86 49.07 48.89 48.34 47.54 46.68 46.03 45.81 46.15 47.00 48.18 49.35 50.19 50.44 49.96 48.72 46.54 42.74 34.66 12.00 
1.00 36.62 46.77 50.23 51.49 51.90 52.05 52.26 52.71 53.37 54.09 54.65 54.82 54.54 53.89 53.08 52.34 51.88 51.74 51.90 52.24 52.64 52.98 53.19 53.21 53.01 52.60 52.03 51.38 50.70 50.06 49.49 49.00 48.52 47.95 47.22 46.34 45.43 44.67 44.25 44.26 44.62 45.20 45.82 46.33 46.68 46.89 46.96 46.91 46.72 46.41 46.01 45.61 45.30 45.17 45.26 45.57 46.11 46.86 47.76 48.69 49.51 50.07 50.34 50.39 50.37 50.46 50.81 51.44 52.27 53.14 53.85 54.23 54.21 53.77 52.98 51.96 50.89 49.95 49.33 49.14 49.37 49.95 50.74 51.59 52.36 52.96 53.34 53.49 53.42 53.17 52.76 52.26 51.68 51.05 50.34 49.54 48.66 47.73 46.80 45.93 45.20 44.67 44.37 44.33 44.53 44.90 45.35 45.79 46.14 46.37 46.50 46.58 46.63 46.64 46.56 46.35 46.06 45.80 45.72 45.91 46.40 47.19 48.23 49.48 50.92 52.49 54.11 55.64 56.95 57.88 58.33 58.27 57.77 57.00 56.18 55.54 55.16 54.98 54.84 54.56 54.05 53.33 52.51 51.74 51.16 50.86 50.77 50.78 50.70 50.42 49.88 49.16 48.35 47.57 46.92 46.46 46.23 46.22 46.39 46.67 46.99 47.26 47.46 47.60 47.72 47.88 48.12 48.40 48.60 48.59 48.32 47.81 47.23 46.81 46.71 46.98 47.55 48.24 48.84 49.19 49.19 48.81 48.12 47.27 46.44 45.84 45.65 45.97 46.77 47.89 49.04 49.90 50.23 49.93 49.09 48.02 47.54 50.14 64.00 
79.00 58.24 53.61 52.71 52.55 52.43 52.34 52.39 52.67 53.14 53.67 54.05 54.11 53.80 53.20 52.49 51.88 51.52 51.43 51.59 51.90 52.25 52.55 52.71 52.66 52.39 51.90 51.28 50.61 49.98 49.45 49.06 48.76 48.47 48.06 47.46 46.67 45.81 45.05 44.56 44.41 44.56 44.90 45.27 45.61 45.88 46.10 46.27 46.37 46.34 46.17 45.88 45.55 45.28 45.18 45.30 45.64 46.19 46.94 47.82 48.71 49.48 50.02 50.30 50.37 50.37 50.44 50.71 51.21 51.88 52.61 53.21 53.53 53.46 52.99 52.17 51.15 50.14 49.34 48.92 48.94 49.34 50.02 50.83 51.66 52.42 53.03 53.44 53.63 53.57 53.27 52.76 52.11 51.39 50.64 49.86 49.04 48.17 47.23 46.27 45.33 44.51 43.88 43.52 43.47 43.70 44.14 44.65 45.12 45.45 45.63 45.72 45.83 46.01 46.25 46.46 46.59 46.63 46.67 46.83 47.17 47.74 48.51 49.47 50.59 51.87 53.24 54.63 55.92 56.99 57.72 58.02 57.87 57.35 56.57 55.76 55.08 54.61 54.30 54.02 53.62 53.05 52.33 51.55 50.86 50.36 50.12 50.09 50.15 50.14 49.92 49.45 48.76 47.92 47.06 46.29 45.71 45.42 45.43 45.72 46.22 46.82 47.44 48.00 48.48 48.89 49.29 49.66 49.98 50.12 49.99 49.57 48.94 48.30 47.87 47.79 48.08 48.62 49.19 49.59 49.67 49.36 48.72 47.86 46.94 46.12 45.57 45.42 45.73 46.48 47.54 48.65 49.52 49.92 49.78 49.22 48.65 49.17 54.32 78.00 
85.00 63.51 56.34 54.01 53.13 52.62 52.27 52.11 52.17 52.44 52.77 53.02 53.06 52.83 52.39 51.88 51.43 51.16 51.08 51.19 51.42 51.71 51.96 52.08 52.01 51.69 51.16 50.49 49.82 49.25 48.85 48.63 48.52 48.41 48.16 47.69 47.00 46.22 45.50 44.97 44.70 44.65 44.75 44.89 45.05 45.23 45.46 45.71 45.94 46.06 46.02 45.85 45.62 45.44 45.42 45.60 46.00 46.59 47.33 48.15 48.96 49.62 50.07 50.30 50.35 50.33 50.36 50.51 50.83 51.29 51.82 52.28 52.53 52.46 52.03 51.31 50.42 49.58 49.00 48.79 48.99 49.50 50.19 50.94 51.67 52.34 52.90 53.32 53.54 53.49 53.18 52.62 51.89 51.09 50.27 49.48 48.67 47.82 46.88 45.89 44.88 43.97 43.28 42.89 42.85 43.13 43.63 44.20 44.71 45.04 45.20 45.27 45.39 45.65 46.05 46.50 46.91 47.25 47.57 47.95 48.43 49.05 49.80 50.67 51.68 52.79 53.96 55.09 56.09 56.87 57.33 57.46 57.23 56.71 55.99 55.23 54.56 54.02 53.58 53.14 52.62 51.98 51.27 50.57 49.98 49.58 49.41 49.44 49.55 49.61 49.48 49.10 48.46 47.63 46.69 45.80 45.10 44.71 44.69 45.02 45.64 46.43 47.28 48.10 48.84 49.50 50.10 50.64 51.04 51.23 51.10 50.68 50.08 49.50 49.15 49.14 49.44 49.90 50.30 50.44 50.20 49.58 48.66 47.61 46.60 45.78 45.27 45.14 45.45 46.17 47.19 48.28 49.18 49.64 49.59 49.05 48.06 46.15 39.99 12.00 
56.00 54.25 53.87 53.48 52.98 52.42 51.91 51.55 51.41 51.47 51.64 51.81 51.88 51.81 51.60 51.31 51.01 50.78 50.64 50.64 50.76 50.97 51.20 51.34 51.30 50.99 50.47 49.80 49.15 48.65 48.37 48.31 48.38 48.43 48.31 47.94 47.36 46.66 46.00 45.47 45.11 44.91 44.79 44.73 44.74 44.84 45.05 45.35 45.67 45.89 45.98 45.93 45.83 45.78 45.88 46.17 46.66 47.30 48.04 48.80 49.48 50.00 50.30 50.40 50.37 50.27 50.19 50.18 50.28 50.49 50.80 51.12 51.34 51.34 51.07 50.55 49.91 49.33 48.97 48.95 49.25 49.76 50.35 50.94 51.50 52.03 52.52 52.93 53.17 53.18 52.91 52.38 51.66 50.85 50.04 49.25 48.47 47.64 46.70 45.66 44.58 43.59 42.84 42.44 42.44 42.78 43.38 44.05 44.63 45.00 45.15 45.20 45.30 45.57 46.03 46.61 47.22 47.80 48.36 48.93 49.53 50.18 50.90 51.69 52.57 53.53 54.50 55.38 56.09 56.57 56.78 56.73 56.44 55.95 55.32 54.65 54.01 53.42 52.87 52.29 51.66 50.99 50.33 49.73 49.27 48.97 48.87 48.94 49.09 49.21 49.18 48.90 48.33 47.49 46.50 45.49 44.64 44.13 44.02 44.33 44.97 45.83 46.78 47.73 48.61 49.42 50.18 50.86 51.41 51.73 51.75 51.48 51.04 50.63 50.42 50.48 50.77 51.12 51.34 51.23 50.71 49.81 48.66 47.44 46.35 45.50 44.99 44.88 45.19 45.92 46.95 48.07 49.01 49.55 49.59 49.17 48.39 47.46 47.57 58.00 
12.00 43.42 51.08 52.68 52.62 52.08 51.46 50.95 50.64 50.53 50.58 50.71 50.85 50.94 50.94 50.82 50.61 50.34 50.08 49.92 49.91 50.06 50.30 50.51 50.56 50.35 49.89 49.28 48.67 48.23 48.06 48.13 48.35 48.54 48.53 48.26 47.77 47.16 46.56 46.05 45.65 45.33 45.05 44.83 44.71 44.72 44.90 45.22 45.57 45.86 46.04 46.10 46.14 46.24 46.49 46.93 47.53 48.25 49.00 49.69 50.24 50.57 50.67 50.59 50.39 50.14 49.88 49.65 49.50 49.47 49.58 49.81 50.05 50.20 50.18 49.98 49.66 49.35 49.21 49.29 49.58 49.98 50.39 50.76 51.10 51.46 51.87 52.28 52.60 52.71 52.56 52.14 51.50 50.75 49.96 49.20 48.43 47.60 46.65 45.56 44.41 43.35 42.56 42.16 42.21 42.66 43.38 44.19 44.88 45.33 45.52 45.54 45.56 45.75 46.16 46.75 47.46 48.21 48.97 49.70 50.40 51.07 51.74 52.45 53.22 54.03 54.80 55.45 55.89 56.11 56.12 55.94 55.61 55.17 54.64 54.06 53.46 52.85 52.21 51.53 50.85 50.21 49.64 49.18 48.85 48.65 48.59 48.67 48.83 48.99 49.02 48.83 48.32 47.50 46.45 45.33 44.35 43.70 43.49 43.71 44.28 45.10 46.02 46.95 47.84 48.71 49.55 50.37 51.08 51.61 51.86 51.85 51.67 51.47 51.41 51.54 51.80 52.04 52.08 51.76 51.05 49.98 48.70 47.39 46.23 45.35 44.84 44.74 45.07 45.84 46.92 48.10 49.11 49.73 49.86 49.58 48.96 47.86 44.94 33.00 
65.00 56.12 53.99 53.18 52.50 51.77 51.06 50.47 50.06 49.85 49.84 49.97 50.17 50.36 50.47 50.41 50.18 49.80 49.36 49.02 48.89 49.00 49.30 49.63 49.82 49.75 49.40 48.87 48.31 47.91 47.80 47.97 48.33 48.66 48.79 48.64 48.25 47.72 47.19 46.70 46.28 45.88 45.49 45.15 44.93 44.87 44.99 45.27 45.61 45.93 46.17 46.35 46.52 46.78 47.20 47.79 48.50 49.28 50.03 50.65 51.06 51.19 51.06 50.74 50.31 49.83 49.33 48.84 48.45 48.21 48.20 48.39 48.73 49.10 49.39 49.54 49.55 49.52 49.53 49.63 49.83 50.04 50.19 50.30 50.41 50.64 51.01 51.48 51.93 52.23 52.28 52.02 51.50 50.80 50.04 49.25 48.47 47.63 46.68 45.57 44.38 43.28 42.45 42.07 42.19 42.76 43.63 44.60 45.45 46.02 46.27 46.26 46.18 46.20 46.47 46.99 47.70 48.53 49.41 50.25 51.01 51.68 52.30 52.93 53.60 54.28 54.87 55.30 55.52 55.54 55.41 55.16 54.85 54.47 54.02 53.52 52.97 52.34 51.66 50.95 50.30 49.75 49.33 49.04 48.82 48.66 48.58 48.60 48.71 48.85 48.92 48.79 48.35 47.55 46.46 45.26 44.18 43.42 43.10 43.21 43.68 44.37 45.15 45.95 46.74 47.55 48.41 49.31 50.19 50.95 51.50 51.79 51.87 51.87 51.92 52.08 52.28 52.41 52.31 51.88 51.10 50.01 48.73 47.44 46.29 45.42 44.91 44.82 45.19 46.02 47.18 48.43 49.49 50.16 50.38 50.27 50.10 50.22 51.42 57.00 
87.00 61.79 55.13 53.09 52.14 51.40 50.73 50.17 49.76 49.56 49.56 49.73 49.95 50.12 50.15 50.00 49.65 49.10 48.46 47.95 47.74 47.87 48.26 48.74 49.10 49.18 48.94 48.47 47.91 47.47 47.33 47.56 48.05 48.59 48.93 48.95 48.70 48.29 47.81 47.36 46.95 46.50 46.03 45.61 45.33 45.19 45.22 45.43 45.75 46.08 46.38 46.66 46.97 47.41 48.00 48.72 49.51 50.28 50.97 51.46 51.70 51.61 51.22 50.62 49.92 49.17 48.39 47.64 47.05 46.70 46.67 46.93 47.43 48.03 48.64 49.12 49.43 49.60 49.69 49.76 49.80 49.75 49.61 49.44 49.35 49.49 49.92 50.56 51.28 51.88 52.19 52.12 51.69 51.00 50.20 49.35 48.50 47.67 46.76 45.71 44.54 43.44 42.60 42.24 42.42 43.10 44.11 45.22 46.21 46.93 47.29 47.30 47.11 46.96 47.05 47.43 48.06 48.85 49.72 50.58 51.32 51.92 52.48 53.06 53.68 54.29 54.76 55.00 55.03 54.90 54.70 54.47 54.22 53.90 53.50 53.04 52.50 51.88 51.19 50.54 50.01 49.67 49.48 49.37 49.23 49.02 48.77 48.59 48.52 48.57 48.66 48.62 48.26 47.50 46.41 45.17 44.02 43.18 42.79 42.84 43.22 43.76 44.36 44.93 45.52 46.18 46.99 47.92 48.94 49.95 50.82 51.39 51.65 51.73 51.80 51.91 52.04 52.08 51.89 51.44 50.74 49.83 48.74 47.61 46.57 45.75 45.27 45.18 45.58 46.46 47.69 48.99 50.07 50.74 50.95 50.91 50.97 51.62 53.59 57.00 
32.00 48.57 51.06 51.32 51.13 50.79 50.39 50.04 49.78 49.67 49.81 50.08 50.27 50.23 49.92 49.47 48.94 48.21 47.35 46.71 46.51 46.73 47.26 47.94 48.48 48.65 48.46 47.99 47.28 46.62 46.30 46.49 47.16 48.01 48.70 48.99 48.97 48.72 48.30 47.91 47.58 47.12 46.55 46.08 45.80 45.58 45.47 45.59 45.92 46.30 46.69 47.09 47.54 48.17 48.97 49.79 50.54 51.17 51.64 51.89 51.90 51.57 50.87 49.96 49.00 47.99 46.89 45.91 45.22 44.92 45.03 45.51 46.21 47.05 47.92 48.64 49.11 49.38 49.47 49.46 49.32 48.96 48.46 47.97 47.68 47.81 48.44 49.47 50.67 51.70 52.39 52.51 52.06 51.28 50.38 49.40 48.47 47.69 46.97 46.11 45.04 43.97 43.09 42.72 42.93 43.67 44.77 45.90 46.94 47.84 48.45 48.58 48.33 48.03 47.97 48.20 48.66 49.26 49.94 50.64 51.21 51.64 52.09 52.67 53.38 54.09 54.54 54.62 54.48 54.25 54.06 53.93 53.81 53.53 53.07 52.53 51.98 51.35 50.65 50.12 49.87 49.91 50.10 50.23 50.13 49.69 49.03 48.41 47.96 47.82 47.95 48.07 47.86 47.17 46.08 44.81 43.61 42.71 42.31 42.41 42.78 43.25 43.66 43.98 44.28 44.72 45.43 46.38 47.51 48.81 50.08 50.88 51.12 51.06 50.98 50.96 51.01 51.01 50.76 50.37 49.95 49.46 48.79 47.97 47.14 46.41 45.96 45.86 46.21 47.13 48.41 49.71 50.77 51.35 51.43 51.27 51.21 51.75 54.38 64.00 
63.00 48.99 48.50 49.23 49.67 49.91 50.00 50.09 50.09 50.17 50.62 51.20 51.33 50.77 49.66 48.64 47.96 47.14 45.98 45.23 45.20 45.62 46.35 47.35 48.13 48.27 47.98 47.45 46.34 45.11 44.29 44.28 45.19 46.60 47.89 48.48 48.83 48.89 48.45 48.17 48.12 47.72 46.90 46.40 46.29 45.97 45.58 45.58 46.09 46.60 47.13 47.73 48.24 49.12 50.23 51.15 51.68 51.91 51.93 51.70 51.41 50.88 49.78 48.47 47.34 46.14 44.65 43.41 42.79 42.78 43.33 44.24 45.24 46.24 47.33 48.15 48.56 48.76 48.73 48.60 48.34 47.54 46.52 45.56 44.98 45.16 46.26 47.99 50.04 51.74 53.01 53.28 52.60 51.55 50.59 49.40 48.33 47.73 47.51 47.06 46.10 45.06 43.98 43.50 43.67 44.37 45.50 46.42 47.27 48.40 49.56 50.03 49.75 49.34 49.29 49.43 49.65 49.80 50.00 50.37 50.59 50.57 50.84 51.55 52.57 53.77 54.38 54.27 53.95 53.60 53.48 53.59 53.73 53.42 52.65 51.82 51.22 50.54 49.69 49.34 49.59 50.30 51.17 51.69 51.64 50.68 49.17 47.79 46.63 46.16 46.42 46.94 47.01 46.41 45.24 43.89 42.59 41.56 41.21 41.56 42.11 42.65 42.95 42.99 42.91 43.06 43.73 44.73 45.95 47.68 49.64 50.67 50.49 49.89 49.49 49.22 49.21 49.33 48.96 48.62 48.76 49.10 49.10 48.76 48.19 47.49 47.12 46.87 46.99 47.98 49.31 50.55 51.57 52.00 51.74 51.26 50.77 49.78 48.20 45.00 
1.00 35.42 43.91 46.51 47.64 48.72 49.47 50.40 50.78 50.94 52.05 53.48 53.59 52.08 49.19 47.08 46.71 46.15 44.18 43.25 43.79 44.59 45.46 47.13 48.42 48.17 47.52 47.23 45.18 42.76 40.85 40.31 41.63 44.06 46.54 47.11 48.06 48.87 47.96 47.81 48.75 48.56 46.82 46.31 47.00 46.44 45.30 45.09 46.34 47.03 47.76 48.79 48.96 50.23 52.03 53.10 53.05 52.46 51.77 50.54 50.01 49.55 47.75 45.76 44.82 43.75 41.43 39.74 39.51 40.11 41.61 43.37 44.75 45.71 47.14 47.88 47.81 47.78 47.41 47.11 47.10 45.44 43.58 41.85 40.68 40.92 42.88 45.76 49.44 51.95 54.40 54.77 53.30 51.56 50.99 49.35 47.92 47.66 48.65 49.03 47.92 47.03 45.13 44.44 44.50 44.96 46.33 46.53 46.55 48.05 50.62 51.82 51.31 50.64 51.04 51.25 51.23 50.52 49.72 49.73 49.44 48.38 48.34 49.42 51.02 53.65 54.70 54.04 53.48 52.85 52.89 53.41 54.29 53.82 52.16 50.57 50.05 49.34 47.74 47.63 48.71 50.61 52.77 53.92 54.15 52.20 48.96 46.54 43.98 42.95 43.71 45.26 45.81 45.23 43.66 42.10 40.61 39.06 38.78 39.88 40.84 41.74 42.03 41.78 41.12 40.82 41.73 43.01 44.03 46.44 50.18 51.53 50.00 48.09 47.32 46.61 46.63 47.50 46.56 45.96 47.17 49.15 50.07 50.34 50.07 49.03 48.98 48.33 47.60 48.96 50.49 51.49 52.62 52.93 51.89 51.03 50.73 48.38 43.66 40.00 
77.00 47.30 44.41 44.37 44.87 47.35 48.60 51.40 52.08 51.36 53.89 57.79 58.01 55.03 47.87 43.55 45.37 46.37 41.38 40.00 42.47 43.83 44.07 47.48 50.35 48.46 46.56 48.57 44.08 39.45 35.41 33.60 35.87 40.20 45.79 44.14 46.42 49.79 46.11 45.97 50.21 50.77 45.43 44.96 48.95 47.46 44.10 43.20 47.25 47.65 48.36 51.07 48.93 51.18 54.83 56.28 54.86 52.71 51.39 47.69 47.39 48.34 44.80 40.94 41.50 41.73 36.85 34.05 35.11 36.54 39.90 43.38 45.24 45.17 47.88 48.43 46.74 46.69 45.42 44.66 46.76 42.65 39.55 36.60 34.02 34.10 37.89 42.18 49.59 51.88 57.58 57.86 54.03 50.29 52.45 49.27 46.63 46.77 50.93 53.12 50.25 50.75 45.82 45.23 45.34 44.71 48.06 46.17 43.48 45.65 52.23 54.81 52.88 51.12 53.49 53.85 53.94 51.49 48.47 48.92 48.37 44.40 43.95 46.15 47.94 54.79 56.54 53.71 53.16 51.61 52.04 53.07 56.36 55.41 51.41 47.85 48.49 48.37 43.65 44.19 46.66 50.50 55.37 57.11 58.81 54.91 47.64 44.98 39.18 37.17 39.28 43.61 44.73 44.00 41.07 39.27 37.73 34.32 33.99 37.37 38.70 40.55 40.88 40.38 38.53 37.12 39.29 41.62 40.89 44.08 53.26 55.28 49.73 44.82 44.71 42.83 42.78 47.09 43.51 41.31 44.84 50.55 52.21 53.14 53.52 50.40 52.28 50.63 46.76 50.24 52.40 52.23 54.26 54.89 51.58 50.09 52.67 49.35 38.08 5.00 
6.00 31.98 41.42 40.92 39.49 46.78 46.02 54.62 55.14 49.05 54.99 66.39 66.13 62.43 43.75 33.75 44.67 52.52 34.99 33.09 42.48 44.48 39.75 48.57 57.16 48.81 41.67 56.30 42.92 35.20 27.25 22.09 27.13 34.02 51.16 36.18 42.80 57.06 40.21 39.38 55.12 58.76 39.08 39.10 56.35 50.32 40.45 36.39 51.93 48.17 47.21 58.48 44.81 50.97 60.03 62.39 57.28 51.75 52.78 40.62 42.55 50.66 41.21 30.84 37.73 44.11 29.58 24.00 30.07 30.98 38.30 45.40 48.16 42.28 51.07 51.33 43.91 46.56 42.51 38.86 52.02 38.16 34.57 30.13 23.86 22.80 31.76 34.93 54.47 48.12 65.92 64.85 54.50 43.03 59.32 48.84 42.88 42.27 55.68 62.82 49.80 60.48 42.69 45.71 47.10 40.39 54.67 45.99 34.73 38.00 57.12 61.83 54.11 47.61 58.26 57.10 59.51 53.14 43.60 48.73 50.17 36.31 36.34 42.79 39.43 60.80 62.88 51.13 53.94 48.56 50.78 50.62 62.75 60.05 50.04 40.57 47.19 51.40 33.68 38.26 42.83 49.12 60.97 60.29 69.00 60.86 41.46 46.18 30.07 26.63 31.93 44.41 44.68 44.16 36.50 35.27 35.78 25.55 24.52 35.89 35.05 39.99 39.76 39.65 35.00 29.48 36.55 43.30 34.01 35.91 63.68 66.67 48.75 36.56 43.59 36.97 34.30 54.36 38.96 30.93 40.49 56.35 55.59 57.13 61.18 47.48 59.79 55.79 39.12 53.24 56.83 50.80 57.18 60.61 49.31 44.98 60.48 58.29 54.34 88.00 
55.00 33.00 48.00 38.00 25.00 54.00 34.00 66.00 65.00 35.00 51.00 87.00 78.00 85.00 31.00 3.00 47.00 84.00 13.00 15.00 50.00 52.00 22.00 50.00 81.00 48.00 15.00 92.00 36.00 31.00 16.00 0.00 16.00 17.00 88.00 6.00 31.00 95.00 18.00 16.00 72.00 90.00 13.00 16.00 87.00 57.00 31.00 10.00 76.00 46.00 34.00 91.00 21.00 48.00 72.00 76.00 60.00 44.00 67.00 19.00 31.00 70.00 38.00 3.00 34.00 67.00 13.00 2.00 30.00 19.00 37.00 52.00 60.00 25.00 63.00 62.00 31.00 53.00 39.00 16.00 84.00 23.00 30.00 25.00 8.00 1.00 31.00 11.00 85.00 20.00 93.00 81.00 56.00 8.00 93.00 44.00 34.00 24.00 67.00 93.00 26.00 99.00 19.00 48.00 57.00 15.00 84.00 48.00 11.00 14.00 76.00 81.00 54.00 27.00 75.00 57.00 74.00 58.00 24.00 52.00 67.00 14.00 22.00 49.00 6.00 86.00 83.00 34.00 63.00 38.00 52.00 36.00 84.00 72.00 48.00 17.00 48.00 76.00 1.00 32.00 37.00 42.00 79.00 54.00 96.00 78.00 11.00 68.00 8.00 7.00 17.00 57.00 45.00 51.00 25.00 29.00 44.00 7.00 2.00 46.00 25.00 44.00 38.00 43.00 32.00 9.00 34.00 61.00 16.00 2.00 99.00 99.00 42.00 9.00 56.00 27.00 3.00 97.00 27.00 3.00 30.00 79.00 57.00 59.00 87.00 19.00 84.00 74.00 1.00 67.00 71.00 37.00 63.00 81.00 40.00 20.00 86.00 69.00 33.00 47.00 

--- Lane 1 ---
86.00 93.00 92.00 62.00 59.00 40.00 36.00 67.00 30.00 67.00 2.00 69.00 56.00 29.00 19.00 98.00 70.00 91.00 73.00 96.00 25.00 36.00 29.00 24.00 45.00 34.00 50.00 76.00 84.00 54.00 60.00 39.00 86.00 95.00 78.00 97.00 92.00 1.00 41.00 44.00 29.00 97.00 75.00 67.00 53.00 6.00 24.00 32.00 19.00 8.00 49.00 18.00 51.00 79.00 28.00 93.00 64.00 87.00 91.00 59.00 51.00 75.00 21.00 29.00 93.00 43.00 29.00 43.00 38.00 4.00 88.00 17.00 43.00 90.00 25.00 5.00 86.00 42.00 7.00 48.00 28.00 46.00 22.00 5.00 30.00 20.00 26.00 8.00 58.00 62.00 36.00 79.00 71.00 81.00 94.00 99.00 96.00 13.00 95.00 84.00 84.00 36.00 56.00 87.00 72.00 36.00 87.00 13.00 55.00 21.00 11.00 5.00 50.00 20.00 69.00 30.00 72.00 25.00 99.00 98.00 90.00 9.00 36.00 94.00 69.00 50.00 42.00 93.00 67.00 61.00 59.00 2.00 21.00 28.00 8.00 36.00 48.00 33.00 54.00 68.00 46.00 49.00 33.00 53.00 25.00 75.00 29.00 14.00 4.00 50.00 2.00 99.00 2.00 0.00 38.00 35.00 92.00 4.00 64.00 43.00 0.00 49.00 88.00 43.00 90.00 41.00 32.00 60.00 61.00 90.00 67.00 90.00 57.00 5.00 86.00 26.00 52.00 46.00 70.00 31.00 27.00 14.00 90.00 10.00 74.00 20.00 88.00 70.00 17.00 49.00 59.00 45.00 58.00 89.00 78.00 71.00 59.00 25.00 33.00 93.00 
99.00 84.13 75.30 62.40 55.28 47.19 45.09 50.58 43.36 47.82 35.73 50.06 48.92 42.32 44.55 67.00 67.55 72.23 67.93 66.22 44.67 39.91 36.18 35.52 41.62 43.10 51.24 61.81 65.16 57.99 57.28 55.70 69.88 75.92 73.63 75.37 66.68 40.48 44.26 46.78 48.88 67.15 64.56 58.25 47.50 31.26 31.29 32.20 28.72 27.89 38.44 36.71 48.13 57.51 51.28 66.90 65.50 71.44 71.34 61.21 56.20 57.03 43.17 45.27 59.59 48.08 41.15 42.10 39.71 35.04 52.90 40.71 46.84 56.30 39.85 34.55 51.89 42.16 32.19 39.65 36.94 38.82 31.25 25.80 30.72 30.03 31.86 32.38 48.00 53.64 52.32 64.89 68.27 73.83 79.39 80.54 74.44 54.99 71.54 72.13 68.53 55.56 59.30 67.09 62.21 52.27 57.56 39.53 42.41 32.23 26.70 27.06 39.24 38.35 50.36 46.15 55.36 51.23 70.99 74.05 66.19 43.52 48.80 64.84 61.09 54.93 54.46 66.42 60.98 55.20 47.36 29.29 29.15 30.11 27.59 36.34 42.41 42.51 49.70 54.15 48.93 46.93 42.69 45.48 41.03 49.48 36.98 28.70 26.61 37.21 32.71 51.34 29.56 26.00 36.95 42.84 54.98 37.49 47.02 41.63 33.02 47.97 61.59 56.06 64.02 52.26 48.87 56.90 61.83 69.96 66.22 67.30 54.39 40.46 54.82 43.70 47.51 47.75 51.01 40.14 36.01 36.22 53.21 40.22 52.20 45.67 60.97 56.56 42.69 48.47 52.68 52.13 58.51 68.45 67.13 62.62 54.61 41.82 34.54 5.00 
91.00 69.19 62.62 56.99 52.46 48.37 46.55 46.86 44.98 45.08 42.96 46.54 47.30 46.88 49.95 58.03 61.09 62.61 60.51 56.56 47.84 43.01 40.45 40.30 42.84 45.50 50.07 54.98 57.06 55.82 55.76 57.00 62.29 65.59 65.66 64.57 59.24 50.22 48.96 50.05 52.60 58.14 57.77 53.85 47.40 40.10 37.49 36.54 35.48 36.09 39.84 42.05 47.17 51.65 52.90 58.16 60.09 62.32 62.05 58.50 55.58 53.65 49.24 49.16 51.86 48.48 45.30 44.36 43.44 43.22 47.50 45.78 47.14 48.44 43.58 41.55 44.89 42.49 39.67 40.96 40.65 40.34 37.60 35.53 36.38 36.94 38.52 41.18 47.67 52.08 54.76 60.14 63.72 67.11 69.69 69.86 66.73 61.42 64.42 64.80 62.72 58.60 58.68 59.94 57.56 53.37 51.48 45.15 42.76 38.60 36.20 36.95 41.24 43.57 47.88 48.98 52.30 53.94 60.11 61.51 57.66 50.56 51.21 55.74 55.72 54.26 54.53 57.25 55.34 51.46 45.90 38.52 36.05 35.57 35.77 39.27 42.69 44.82 48.05 49.86 48.52 47.01 45.28 45.12 44.00 44.70 40.47 36.85 36.13 39.08 39.87 43.67 38.51 37.10 40.65 44.18 47.43 43.91 45.00 43.58 42.64 48.36 54.35 55.52 57.51 54.85 54.01 56.67 59.38 61.88 60.81 58.88 53.11 47.90 49.33 46.66 46.78 46.67 46.36 42.74 40.85 41.78 46.49 45.51 48.86 49.44 53.56 52.52 48.74 49.66 51.40 52.70 55.92 59.69 60.01 58.26 55.46 53.49 58.53 80.00 
3.00 38.99 48.95 50.42 49.18 47.27 45.93 45.33 44.60 44.45 44.36 45.76 46.88 48.02 50.49 54.20 56.33 56.84 55.28 52.14 47.60 44.28 42.54 42.46 43.86 45.90 48.59 51.18 52.64 52.96 53.54 54.89 57.37 59.22 59.61 58.73 56.11 52.66 51.53 51.95 53.27 54.94 54.44 51.90 48.04 44.08 41.75 40.61 40.12 40.64 42.33 44.15 46.74 49.17 50.93 53.41 55.14 56.45 56.62 55.48 54.05 52.60 50.73 50.04 50.00 48.55 47.04 46.33 46.06 46.34 47.50 47.25 47.18 46.66 44.61 43.43 43.78 43.18 42.60 43.07 43.26 43.03 41.99 41.13 41.25 41.85 43.18 45.42 48.85 51.92 54.49 57.47 59.92 61.95 63.26 63.32 62.01 60.29 60.58 60.46 59.41 57.78 57.10 56.58 54.84 52.29 49.95 46.83 44.72 42.82 41.96 42.62 44.60 46.41 48.43 49.71 51.29 52.68 54.72 55.04 53.23 50.64 50.40 51.70 52.12 52.02 52.27 52.79 51.74 49.42 46.19 42.67 40.75 40.13 40.47 42.14 44.14 45.91 47.64 48.54 48.13 47.21 46.19 45.59 44.96 44.52 42.92 41.52 41.33 42.41 43.28 44.23 42.99 42.59 43.84 45.39 46.43 45.67 45.59 45.33 45.89 48.73 52.00 53.95 55.26 55.09 55.11 56.05 57.03 57.53 56.64 54.79 51.77 49.13 48.31 47.10 46.56 46.09 45.37 43.93 43.18 43.79 45.61 46.52 48.24 49.52 51.11 51.07 50.09 50.23 50.97 51.97 53.59 55.26 55.90 55.93 56.33 58.83 66.45 83.00 
12.00 34.79 43.76 46.53 46.62 45.72 44.77 44.14 43.76 43.81 44.23 45.25 46.47 47.93 49.87 51.99 53.26 53.30 51.97 49.60 46.75 44.50 43.31 43.27 44.16 45.56 47.20 48.72 49.78 50.46 51.24 52.41 53.93 55.18 55.72 55.48 54.47 53.24 52.76 52.96 53.47 53.77 53.04 51.23 48.77 46.34 44.65 43.71 43.35 43.57 44.31 45.28 46.50 47.74 48.93 50.32 51.61 52.67 53.22 53.13 52.63 51.84 50.83 50.06 49.46 48.62 47.91 47.62 47.67 47.94 48.25 47.97 47.37 46.41 45.08 44.18 43.98 43.92 44.10 44.64 45.06 45.13 44.79 44.43 44.46 44.95 45.99 47.62 49.75 51.86 53.77 55.60 57.13 58.30 58.99 59.06 58.55 57.93 57.82 57.64 57.12 56.31 55.54 54.59 53.09 51.21 49.34 47.53 46.28 45.54 45.47 46.13 47.28 48.40 49.42 50.14 50.80 51.37 51.86 51.63 50.57 49.33 48.93 49.25 49.55 49.76 49.99 50.12 49.59 48.40 46.76 45.07 43.95 43.51 43.71 44.57 45.75 46.92 47.90 48.35 48.09 47.42 46.65 46.05 45.60 45.26 44.73 44.38 44.52 45.13 45.72 46.09 45.83 45.72 46.13 46.69 46.98 46.74 46.58 46.62 47.30 49.00 51.09 52.81 54.03 54.52 54.75 55.01 55.11 54.82 53.91 52.46 50.65 49.03 48.03 47.19 46.59 46.07 45.48 44.81 44.51 44.88 45.83 46.80 48.01 49.11 50.07 50.37 50.25 50.34 50.71 51.28 52.08 52.92 53.59 54.45 56.25 59.95 65.92 70.00 
51.00 44.41 44.76 45.36 45.21 44.54 43.75 43.17 42.92 43.09 43.67 44.65 45.92 47.40 49.04 50.52 51.31 51.11 49.91 48.01 45.91 44.24 43.36 43.31 43.92 44.88 45.95 46.92 47.73 48.45 49.29 50.36 51.58 52.69 53.43 53.73 53.64 53.42 53.38 53.52 53.64 53.43 52.63 51.25 49.56 47.97 46.78 46.05 45.72 45.68 45.85 46.13 46.52 47.00 47.61 48.45 49.42 50.39 51.15 51.56 51.57 51.22 50.58 49.89 49.26 48.72 48.43 48.46 48.69 48.93 48.95 48.52 47.72 46.67 45.58 44.81 44.54 44.66 45.08 45.68 46.20 46.44 46.39 46.24 46.27 46.64 47.43 48.63 50.11 51.62 53.00 54.20 55.13 55.78 56.11 56.14 55.93 55.70 55.65 55.60 55.39 54.94 54.25 53.23 51.87 50.33 48.92 47.81 47.22 47.13 47.50 48.21 49.02 49.72 50.20 50.45 50.56 50.55 50.39 49.88 49.05 48.20 47.72 47.65 47.78 48.00 48.26 48.46 48.39 48.02 47.42 46.77 46.28 46.06 46.18 46.64 47.32 48.03 48.56 48.70 48.38 47.75 47.05 46.50 46.18 46.06 46.05 46.20 46.56 47.05 47.48 47.72 47.69 47.64 47.73 47.87 47.90 47.76 47.63 47.70 48.21 49.29 50.70 52.05 53.09 53.66 53.88 53.85 53.58 53.05 52.19 51.08 49.84 48.73 47.90 47.25 46.76 46.35 45.97 45.62 45.50 45.72 46.28 47.01 47.88 48.74 49.45 49.87 50.05 50.24 50.51 50.85 51.26 51.71 52.27 53.31 55.51 59.82 67.86 85.00 
51.00 47.08 45.50 45.03 44.58 43.91 43.18 42.61 42.38 42.56 43.14 44.10 45.35 46.80 48.27 49.47 50.03 49.74 48.62 46.97 45.22 43.83 43.08 42.99 43.41 44.09 44.83 45.53 46.19 46.91 47.78 48.85 50.05 51.21 52.17 52.85 53.26 53.51 53.70 53.83 53.78 53.43 52.69 51.64 50.44 49.34 48.49 47.93 47.59 47.37 47.19 47.02 46.90 46.90 47.11 47.61 48.36 49.25 50.10 50.72 51.00 50.89 50.45 49.87 49.32 48.96 48.91 49.12 49.45 49.67 49.57 49.07 48.23 47.22 46.27 45.61 45.35 45.49 45.91 46.49 46.99 47.27 47.30 47.22 47.22 47.47 48.05 48.96 50.07 51.23 52.28 53.11 53.68 53.98 54.05 53.97 53.82 53.73 53.79 53.91 53.94 53.71 53.14 52.18 50.93 49.62 48.51 47.81 47.63 47.91 48.52 49.26 49.93 50.39 50.59 50.57 50.40 50.11 49.69 49.10 48.36 47.62 47.07 46.80 46.76 46.91 47.20 47.55 47.86 48.07 48.16 48.14 48.09 48.07 48.17 48.42 48.81 49.20 49.43 49.35 48.91 48.23 47.54 47.02 46.79 46.82 47.05 47.40 47.83 48.27 48.61 48.78 48.80 48.76 48.77 48.81 48.82 48.76 48.68 48.72 49.02 49.66 50.57 51.51 52.29 52.75 52.90 52.77 52.42 51.87 51.12 50.23 49.28 48.42 47.75 47.26 46.94 46.73 46.56 46.43 46.39 46.51 46.83 47.31 47.89 48.49 49.03 49.43 49.73 50.02 50.33 50.62 50.88 51.11 51.45 52.21 53.87 56.93 61.28 62.00 
60.00 47.38 45.11 44.72 44.41 43.85 43.18 42.61 42.33 42.44 42.93 43.79 44.94 46.30 47.65 48.71 49.17 48.85 47.80 46.29 44.72 43.45 42.73 42.57 42.85 43.35 43.92 44.48 45.08 45.79 46.70 47.81 49.07 50.34 51.48 52.40 53.06 53.51 53.78 53.89 53.81 53.49 52.93 52.17 51.33 50.54 49.91 49.44 49.08 48.76 48.41 48.01 47.63 47.37 47.34 47.63 48.21 49.00 49.84 50.52 50.92 50.94 50.63 50.15 49.69 49.45 49.51 49.81 50.16 50.35 50.20 49.69 48.89 47.99 47.18 46.61 46.38 46.48 46.84 47.31 47.74 47.98 48.00 47.90 47.83 47.94 48.32 48.99 49.86 50.79 51.63 52.24 52.57 52.61 52.45 52.19 51.96 51.89 52.03 52.30 52.53 52.51 52.09 51.25 50.13 48.98 48.08 47.62 47.67 48.13 48.84 49.59 50.17 50.50 50.56 50.42 50.16 49.81 49.39 48.86 48.24 47.59 47.03 46.63 46.45 46.50 46.78 47.23 47.80 48.38 48.90 49.28 49.51 49.63 49.73 49.89 50.11 50.32 50.37 50.14 49.61 48.89 48.18 47.68 47.48 47.55 47.82 48.17 48.55 48.87 49.10 49.21 49.23 49.24 49.31 49.43 49.56 49.64 49.65 49.66 49.78 50.08 50.55 51.10 51.58 51.88 51.96 51.84 51.53 51.06 50.42 49.64 48.83 48.08 47.51 47.16 47.03 47.04 47.11 47.18 47.24 47.34 47.51 47.77 48.09 48.44 48.77 49.06 49.37 49.72 50.11 50.47 50.71 50.82 50.88 51.11 51.81 53.58 58.83 80.00 
15.00 37.22 42.71 44.29 44.59 44.29 43.73 43.18 42.85 42.83 43.17 43.84 44.83 46.03 47.24 48.19 48.59 48.29 47.31 45.90 44.42 43.20 42.46 42.23 42.41 42.80 43.28 43.79 44.36 45.07 45.99 47.12 48.42 49.75 51.00 52.03 52.79 53.28 53.56 53.67 53.63 53.44 53.09 52.61 52.05 51.47 50.95 50.52 50.15 49.80 49.41 48.97 48.54 48.21 48.10 48.27 48.73 49.41 50.17 50.84 51.27 51.37 51.15 50.76 50.39 50.21 50.31 50.60 50.92 51.06 50.88 50.39 49.69 48.92 48.25 47.78 47.57 47.63 47.90 48.28 48.62 48.80 48.78 48.61 48.43 48.38 48.56 49.00 49.65 50.41 51.09 51.55 51.69 51.52 51.12 50.64 50.25 50.11 50.27 50.65 51.06 51.23 50.99 50.32 49.36 48.38 47.64 47.33 47.48 48.00 48.72 49.41 49.91 50.15 50.15 49.98 49.76 49.51 49.24 48.91 48.49 47.99 47.48 47.03 46.74 46.67 46.87 47.34 48.02 48.79 49.53 50.12 50.50 50.71 50.82 50.95 51.12 51.26 51.25 50.97 50.41 49.68 48.98 48.47 48.24 48.24 48.39 48.59 48.77 48.90 48.98 49.00 49.03 49.12 49.33 49.65 50.00 50.29 50.44 50.48 50.46 50.47 50.57 50.74 50.93 51.06 51.10 51.02 50.80 50.41 49.85 49.14 48.36 47.66 47.15 46.92 46.97 47.22 47.54 47.82 48.03 48.16 48.27 48.38 48.50 48.60 48.70 48.84 49.06 49.41 49.86 50.29 50.57 50.62 50.45 50.07 49.33 47.34 40.80 17.00 
51.00 43.64 43.96 44.89 45.28 45.14 44.68 44.18 43.81 43.68 43.84 44.30 45.06 46.04 47.09 47.92 48.27 47.97 47.06 45.75 44.33 43.14 42.37 42.08 42.19 42.53 42.98 43.48 44.03 44.71 45.58 46.67 47.92 49.24 50.48 51.52 52.28 52.76 53.02 53.14 53.18 53.16 53.05 52.82 52.47 52.02 51.55 51.11 50.74 50.41 50.08 49.74 49.43 49.19 49.13 49.28 49.68 50.25 50.91 51.51 51.91 52.04 51.89 51.57 51.26 51.12 51.21 51.47 51.71 51.79 51.60 51.15 50.56 49.94 49.41 49.03 48.84 48.86 49.06 49.35 49.62 49.74 49.67 49.43 49.13 48.90 48.86 49.08 49.53 50.13 50.69 51.04 51.03 50.66 50.02 49.29 48.69 48.40 48.52 48.95 49.49 49.84 49.81 49.35 48.60 47.81 47.22 46.99 47.16 47.65 48.30 48.89 49.30 49.46 49.43 49.31 49.21 49.16 49.13 49.08 48.92 48.64 48.24 47.81 47.44 47.24 47.32 47.70 48.36 49.17 49.97 50.62 51.04 51.27 51.40 51.55 51.75 51.93 51.96 51.73 51.23 50.56 49.88 49.35 49.02 48.85 48.76 48.68 48.57 48.44 48.32 48.24 48.27 48.48 48.89 49.47 50.10 50.64 50.98 51.09 50.99 50.77 50.55 50.38 50.30 50.27 50.27 50.24 50.10 49.80 49.30 48.62 47.86 47.18 46.73 46.61 46.82 47.28 47.82 48.32 48.69 48.91 49.02 49.06 49.03 48.95 48.84 48.79 48.87 49.14 49.57 50.04 50.36 50.42 50.15 49.53 48.38 45.96 40.23 27.00 
38.00 42.11 44.21 45.56 46.16 46.15 45.80 45.36 45.00 44.80 44.81 45.07 45.59 46.34 47.18 47.87 48.16 47.88 47.04 45.81 44.45 43.27 42.48 42.15 42.22 42.55 43.01 43.51 44.04 44.65 45.42 46.37 47.48 48.68 49.82 50.78 51.47 51.90 52.15 52.32 52.48 52.65 52.76 52.75 52.55 52.18 51.71 51.24 50.85 50.55 50.34 50.19 50.09 50.07 50.17 50.41 50.80 51.30 51.85 52.34 52.67 52.76 52.63 52.36 52.10 51.99 52.07 52.27 52.45 52.48 52.29 51.92 51.46 50.99 50.58 50.26 50.08 50.04 50.15 50.36 50.56 50.63 50.51 50.20 49.80 49.41 49.18 49.21 49.50 49.97 50.45 50.71 50.59 50.06 49.21 48.23 47.39 46.91 46.91 47.32 47.92 48.41 48.58 48.37 47.87 47.29 46.84 46.65 46.78 47.17 47.68 48.14 48.45 48.55 48.54 48.52 48.60 48.79 49.06 49.30 49.42 49.37 49.12 48.73 48.31 48.00 47.92 48.16 48.70 49.43 50.17 50.76 51.14 51.34 51.49 51.70 52.00 52.31 52.49 52.41 52.04 51.45 50.80 50.21 49.72 49.31 48.91 48.49 48.05 47.63 47.30 47.11 47.15 47.48 48.11 48.97 49.91 50.73 51.28 51.47 51.33 50.94 50.45 50.00 49.68 49.52 49.48 49.49 49.42 49.18 48.73 48.09 47.37 46.74 46.36 46.34 46.68 47.29 48.01 48.68 49.19 49.50 49.65 49.67 49.57 49.39 49.14 48.93 48.84 48.97 49.30 49.71 50.03 50.10 49.86 49.36 48.71 47.98 47.23 47.00 
44.00 42.30 44.68 46.39 47.11 47.15 46.86 46.48 46.15 45.94 45.87 45.97 46.30 46.84 47.48 48.03 48.25 47.98 47.21 46.06 44.77 43.62 42.80 42.43 42.48 42.82 43.30 43.81 44.30 44.82 45.43 46.18 47.08 48.07 49.02 49.82 50.40 50.78 51.05 51.30 51.61 51.98 52.31 52.47 52.39 52.06 51.57 51.04 50.61 50.34 50.24 50.28 50.45 50.70 51.04 51.44 51.88 52.34 52.79 53.14 53.35 53.35 53.16 52.89 52.65 52.57 52.65 52.84 52.99 53.02 52.89 52.63 52.32 52.00 51.69 51.41 51.19 51.05 51.05 51.14 51.24 51.25 51.08 50.72 50.24 49.76 49.41 49.32 49.51 49.92 50.36 50.58 50.41 49.77 48.75 47.57 46.50 45.82 45.64 45.95 46.52 47.09 47.43 47.46 47.23 46.87 46.54 46.36 46.39 46.62 46.94 47.25 47.46 47.55 47.61 47.75 48.05 48.51 49.05 49.56 49.92 50.06 49.94 49.61 49.15 48.74 48.51 48.59 48.98 49.56 50.15 50.61 50.88 51.02 51.18 51.48 51.94 52.46 52.86 52.98 52.77 52.28 51.64 50.95 50.26 49.58 48.86 48.11 47.38 46.72 46.20 45.91 45.96 46.40 47.23 48.35 49.57 50.65 51.38 51.66 51.49 50.97 50.28 49.61 49.11 48.85 48.78 48.81 48.78 48.60 48.21 47.63 46.98 46.43 46.14 46.21 46.64 47.36 48.18 48.95 49.54 49.91 50.10 50.13 50.03 49.82 49.53 49.22 48.99 48.93 49.07 49.33 49.55 49.57 49.35 49.02 48.96 49.98 53.72 63.00 
13.00 38.10 45.27 47.57 48.15 48.05 47.71 47.36 47.08 46.89 46.80 46.82 47.01 47.39 47.88 48.31 48.47 48.23 47.54 46.49 45.27 44.14 43.31 42.91 42.93 43.27 43.76 44.27 44.72 45.14 45.58 46.11 46.74 47.45 48.14 48.73 49.18 49.52 49.84 50.22 50.72 51.30 51.83 52.15 52.17 51.86 51.33 50.73 50.23 49.93 49.88 50.08 50.47 51.01 51.60 52.20 52.75 53.21 53.57 53.78 53.81 53.65 53.34 52.99 52.74 52.68 52.80 53.02 53.22 53.31 53.28 53.18 53.04 52.88 52.68 52.42 52.11 51.84 51.66 51.58 51.54 51.45 51.21 50.82 50.33 49.84 49.48 49.37 49.56 49.97 50.42 50.65 50.47 49.79 48.69 47.38 46.15 45.27 44.90 45.03 45.49 46.06 46.52 46.75 46.76 46.61 46.37 46.16 46.05 46.06 46.17 46.31 46.44 46.56 46.75 47.10 47.66 48.38 49.16 49.86 50.38 50.64 50.60 50.29 49.81 49.31 48.97 48.90 49.13 49.54 49.96 50.26 50.40 50.47 50.65 51.05 51.69 52.43 53.07 53.41 53.35 52.93 52.25 51.44 50.55 49.62 48.64 47.67 46.74 45.92 45.30 44.96 45.01 45.53 46.51 47.82 49.25 50.51 51.37 51.71 51.50 50.87 50.03 49.22 48.61 48.29 48.22 48.26 48.28 48.15 47.82 47.34 46.79 46.35 46.15 46.29 46.79 47.55 48.41 49.20 49.81 50.20 50.39 50.43 50.36 50.19 49.93 49.59 49.26 49.01 48.91 48.92 48.92 48.79 48.46 48.03 47.93 49.19 54.65 73.00 
63.00 51.53 50.25 49.91 49.41 48.82 48.29 47.91 47.67 47.53 47.44 47.44 47.57 47.87 48.26 48.62 48.77 48.58 47.98 47.04 45.91 44.81 43.97 43.53 43.52 43.83 44.32 44.81 45.22 45.54 45.83 46.14 46.51 46.92 47.32 47.67 47.97 48.28 48.67 49.22 49.93 50.72 51.45 51.94 52.04 51.76 51.18 50.49 49.87 49.47 49.40 49.66 50.22 50.98 51.82 52.62 53.29 53.79 54.09 54.15 53.98 53.60 53.09 52.60 52.29 52.23 52.41 52.71 53.01 53.23 53.37 53.46 53.53 53.56 53.47 53.22 52.83 52.40 52.01 51.71 51.48 51.23 50.92 50.51 50.05 49.64 49.38 49.37 49.65 50.13 50.62 50.89 50.74 50.09 49.00 47.68 46.38 45.37 44.81 44.73 45.02 45.49 45.98 46.36 46.55 46.55 46.38 46.10 45.81 45.58 45.46 45.44 45.50 45.68 46.05 46.65 47.47 48.43 49.39 50.22 50.80 51.08 51.04 50.72 50.20 49.64 49.21 49.02 49.11 49.36 49.63 49.78 49.81 49.84 50.05 50.55 51.35 52.29 53.13 53.63 53.67 53.27 52.53 51.58 50.52 49.41 48.30 47.23 46.25 45.42 44.78 44.44 44.50 45.05 46.10 47.50 49.03 50.38 51.29 51.63 51.37 50.66 49.72 48.82 48.17 47.86 47.81 47.90 47.97 47.90 47.67 47.29 46.86 46.52 46.41 46.61 47.14 47.91 48.76 49.53 50.10 50.45 50.60 50.62 50.58 50.46 50.26 49.94 49.54 49.12 48.76 48.48 48.21 47.84 47.26 46.43 45.38 44.14 42.68 41.00 
44.00 54.57 53.94 52.07 50.50 49.36 48.61 48.17 47.94 47.82 47.76 47.76 47.88 48.15 48.52 48.87 49.06 48.96 48.49 47.67 46.64 45.58 44.74 44.26 44.19 44.46 44.90 45.35 45.71 45.96 46.13 46.28 46.41 46.55 46.67 46.78 46.94 47.22 47.70 48.42 49.34 50.34 51.26 51.89 52.10 51.85 51.23 50.42 49.65 49.10 48.91 49.14 49.76 50.66 51.68 52.66 53.46 54.00 54.26 54.19 53.82 53.19 52.44 51.77 51.35 51.27 51.50 51.91 52.35 52.74 53.08 53.39 53.70 53.92 53.97 53.77 53.34 52.76 52.16 51.62 51.16 50.74 50.32 49.90 49.53 49.26 49.19 49.37 49.80 50.37 50.91 51.21 51.11 50.55 49.58 48.36 47.12 46.08 45.38 45.09 45.16 45.49 45.92 46.35 46.64 46.73 46.56 46.19 45.71 45.26 44.91 44.74 44.75 45.01 45.55 46.38 47.45 48.60 49.69 50.56 51.13 51.36 51.25 50.86 50.29 49.68 49.19 48.92 48.90 49.03 49.17 49.23 49.22 49.25 49.50 50.10 51.01 52.07 53.01 53.58 53.64 53.20 52.37 51.30 50.13 48.96 47.85 46.84 45.96 45.23 44.68 44.39 44.46 44.99 46.01 47.39 48.90 50.23 51.13 51.42 51.10 50.32 49.32 48.41 47.79 47.53 47.56 47.74 47.89 47.92 47.78 47.52 47.21 46.96 46.91 47.14 47.67 48.42 49.24 49.95 50.46 50.72 50.80 50.77 50.70 50.60 50.44 50.15 49.71 49.15 48.57 48.01 47.48 46.88 46.08 44.90 42.97 39.32 30.98 9.00 
93.00 68.71 58.72 53.84 51.15 49.58 48.68 48.21 47.98 47.86 47.80 47.82 47.95 48.24 48.63 49.04 49.32 49.35 49.02 48.34 47.41 46.42 45.58 45.06 44.93 45.13 45.50 45.89 46.19 46.38 46.47 46.50 46.48 46.41 46.31 46.24 46.28 46.54 47.09 47.94 49.01 50.18 51.25 52.01 52.31 52.10 51.46 50.56 49.62 48.86 48.48 48.58 49.15 50.09 51.21 52.31 53.22 53.82 54.05 53.89 53.34 52.49 51.51 50.64 50.09 49.97 50.24 50.74 51.32 51.88 52.41 52.95 53.48 53.93 54.16 54.05 53.62 52.95 52.19 51.43 50.75 50.14 49.62 49.19 48.92 48.84 49.00 49.40 49.99 50.65 51.21 51.51 51.45 51.01 50.23 49.24 48.18 47.22 46.47 46.01 45.87 45.99 46.30 46.69 46.99 47.08 46.88 46.41 45.78 45.13 44.61 44.31 44.29 44.60 45.27 46.28 47.51 48.79 49.93 50.80 51.30 51.43 51.21 50.74 50.10 49.45 48.92 48.60 48.50 48.55 48.63 48.66 48.67 48.76 49.09 49.76 50.72 51.79 52.71 53.24 53.23 52.69 51.77 50.63 49.45 48.33 47.33 46.49 45.80 45.26 44.85 44.64 44.72 45.19 46.10 47.36 48.75 49.99 50.80 51.03 50.66 49.85 48.85 47.98 47.44 47.30 47.46 47.77 48.05 48.20 48.19 48.05 47.83 47.64 47.61 47.83 48.33 49.03 49.79 50.44 50.86 51.03 51.00 50.87 50.74 50.61 50.44 50.14 49.66 49.01 48.27 47.52 46.80 46.07 45.23 44.10 42.36 39.27 33.00 20.00 
92.00 68.54 58.41 53.52 50.88 49.38 48.54 48.11 47.88 47.76 47.69 47.71 47.87 48.20 48.66 49.16 49.56 49.72 49.55 49.01 48.20 47.28 46.46 45.94 45.76 45.87 46.15 46.44 46.66 46.78 46.82 46.79 46.69 46.52 46.32 46.15 46.14 46.39 46.97 47.87 49.01 50.24 51.37 52.20 52.58 52.43 51.80 50.83 49.73 48.76 48.15 48.03 48.47 49.34 50.47 51.62 52.59 53.24 53.48 53.26 52.60 51.59 50.44 49.43 48.78 48.61 48.88 49.44 50.11 50.79 51.47 52.20 52.94 53.61 54.03 54.07 53.71 53.03 52.17 51.26 50.39 49.62 49.00 48.57 48.39 48.48 48.85 49.45 50.17 50.86 51.38 51.65 51.62 51.31 50.78 50.09 49.31 48.52 47.80 47.24 46.90 46.82 46.96 47.23 47.45 47.48 47.22 46.68 45.95 45.20 44.58 44.20 44.14 44.47 45.20 46.28 47.57 48.89 50.02 50.83 51.24 51.25 50.92 50.36 49.67 49.00 48.46 48.11 47.96 47.97 48.03 48.11 48.21 48.43 48.86 49.57 50.51 51.50 52.28 52.65 52.49 51.84 50.85 49.70 48.58 47.59 46.79 46.17 45.71 45.37 45.11 44.97 45.03 45.41 46.15 47.22 48.43 49.52 50.24 50.42 50.04 49.25 48.33 47.56 47.16 47.18 47.52 48.00 48.45 48.75 48.87 48.82 48.66 48.48 48.42 48.59 49.02 49.65 50.34 50.90 51.23 51.29 51.16 50.92 50.68 50.47 50.23 49.90 49.39 48.69 47.87 47.03 46.23 45.50 44.79 44.05 43.28 42.56 41.84 38.00 
56.00 55.08 52.98 51.18 49.82 48.89 48.30 47.97 47.77 47.63 47.55 47.57 47.76 48.15 48.69 49.29 49.80 50.08 50.04 49.63 48.94 48.12 47.38 46.87 46.67 46.71 46.88 47.05 47.15 47.17 47.15 47.10 47.01 46.87 46.70 46.57 46.58 46.84 47.41 48.26 49.34 50.50 51.57 52.39 52.79 52.69 52.10 51.11 49.91 48.76 47.91 47.55 47.77 48.49 49.54 50.68 51.68 52.36 52.62 52.39 51.69 50.63 49.42 48.35 47.66 47.47 47.74 48.30 48.99 49.71 50.47 51.31 52.21 53.06 53.67 53.89 53.66 53.04 52.17 51.18 50.20 49.32 48.63 48.19 48.06 48.28 48.79 49.51 50.27 50.92 51.34 51.52 51.50 51.34 51.08 50.74 50.28 49.71 49.08 48.46 47.98 47.70 47.66 47.76 47.85 47.79 47.46 46.88 46.15 45.40 44.77 44.37 44.30 44.60 45.31 46.35 47.59 48.83 49.88 50.59 50.89 50.80 50.39 49.77 49.07 48.40 47.87 47.51 47.35 47.36 47.47 47.65 47.91 48.28 48.83 49.57 50.44 51.26 51.83 51.97 51.62 50.85 49.81 48.71 47.72 46.92 46.33 45.93 45.66 45.45 45.28 45.17 45.19 45.44 46.00 46.84 47.85 48.78 49.42 49.58 49.26 48.58 47.81 47.22 47.02 47.24 47.79 48.46 49.07 49.51 49.73 49.73 49.57 49.35 49.22 49.30 49.64 50.18 50.76 51.23 51.47 51.44 51.21 50.88 50.53 50.20 49.87 49.46 48.92 48.22 47.41 46.58 45.82 45.17 44.65 44.29 44.36 46.00 53.88 89.00 
30.00 42.87 47.45 48.69 48.72 48.41 48.11 47.88 47.71 47.56 47.46 47.50 47.74 48.19 48.80 49.46 50.03 50.39 50.43 50.13 49.57 48.88 48.26 47.84 47.66 47.65 47.71 47.73 47.67 47.56 47.45 47.40 47.38 47.38 47.38 47.41 47.54 47.84 48.36 49.08 49.95 50.89 51.77 52.46 52.82 52.75 52.21 51.26 50.05 48.78 47.74 47.15 47.12 47.64 48.54 49.61 50.59 51.30 51.59 51.39 50.72 49.70 48.56 47.55 46.92 46.75 47.02 47.55 48.19 48.89 49.64 50.51 51.48 52.45 53.21 53.61 53.54 53.04 52.24 51.26 50.25 49.33 48.60 48.14 48.03 48.28 48.83 49.55 50.25 50.79 51.07 51.15 51.12 51.10 51.10 51.08 50.93 50.59 50.06 49.42 48.83 48.41 48.19 48.11 48.04 47.86 47.49 46.93 46.27 45.61 45.07 44.73 44.66 44.93 45.55 46.46 47.54 48.62 49.51 50.10 50.30 50.13 49.67 49.05 48.38 47.76 47.25 46.91 46.76 46.79 46.99 47.33 47.78 48.34 49.02 49.78 50.55 51.17 51.48 51.36 50.82 49.94 48.90 47.90 47.08 46.49 46.11 45.88 45.71 45.55 45.37 45.20 45.13 45.23 45.60 46.24 47.05 47.84 48.42 48.62 48.41 47.93 47.39 47.05 47.08 47.53 48.27 49.12 49.87 50.40 50.64 50.62 50.39 50.08 49.85 49.83 50.07 50.51 51.00 51.38 51.53 51.44 51.15 50.74 50.29 49.85 49.41 48.93 48.36 47.70 46.97 46.23 45.58 45.05 44.64 44.32 44.03 43.28 38.73 11.00 
23.00 39.03 45.45 47.72 48.30 48.28 48.10 47.91 47.73 47.57 47.48 47.54 47.82 48.32 48.97 49.64 50.21 50.56 50.63 50.41 49.98 49.47 49.02 48.74 48.63 48.61 48.57 48.43 48.18 47.90 47.68 47.61 47.69 47.89 48.15 48.45 48.79 49.18 49.64 50.17 50.74 51.34 51.90 52.34 52.58 52.50 52.03 51.18 50.02 48.74 47.59 46.82 46.57 46.86 47.60 48.56 49.50 50.21 50.54 50.39 49.80 48.89 47.90 47.05 46.56 46.50 46.79 47.29 47.87 48.48 49.15 49.97 50.93 51.93 52.78 53.31 53.41 53.08 52.41 51.53 50.58 49.68 48.95 48.48 48.33 48.52 48.99 49.59 50.15 50.52 50.64 50.61 50.58 50.67 50.89 51.13 51.23 51.06 50.61 49.98 49.33 48.79 48.43 48.19 47.97 47.68 47.28 46.78 46.24 45.75 45.37 45.14 45.13 45.37 45.87 46.60 47.46 48.31 49.02 49.45 49.55 49.34 48.90 48.33 47.73 47.17 46.71 46.39 46.25 46.34 46.65 47.17 47.83 48.59 49.41 50.20 50.86 51.27 51.32 50.96 50.24 49.29 48.30 47.44 46.82 46.45 46.26 46.14 45.99 45.77 45.49 45.20 44.98 44.92 45.11 45.56 46.19 46.88 47.42 47.70 47.67 47.42 47.17 47.11 47.41 48.06 48.97 49.93 50.73 51.26 51.44 51.30 50.94 50.51 50.17 50.06 50.23 50.61 51.04 51.35 51.45 51.31 50.99 50.53 50.01 49.47 48.93 48.39 47.83 47.24 46.63 46.05 45.55 45.15 44.80 44.46 44.15 44.28 46.71 60.00 
38.00 44.90 47.77 48.71 48.81 48.60 48.33 48.08 47.86 47.67 47.57 47.66 47.98 48.50 49.13 49.75 50.24 50.52 50.56 50.39 50.09 49.77 49.54 49.44 49.44 49.45 49.34 49.05 48.61 48.14 47.79 47.68 47.84 48.25 48.81 49.42 50.01 50.53 50.96 51.28 51.51 51.70 51.86 51.98 52.03 51.91 51.52 50.80 49.78 48.58 47.43 46.56 46.15 46.26 46.82 47.67 48.55 49.25 49.59 49.49 48.99 48.23 47.43 46.81 46.53 46.61 46.97 47.47 47.98 48.49 49.06 49.76 50.63 51.58 52.45 53.06 53.30 53.15 52.68 51.98 51.17 50.36 49.67 49.17 48.94 48.99 49.28 49.69 50.04 50.21 50.18 50.07 50.04 50.21 50.57 50.96 51.19 51.11 50.71 50.09 49.42 48.84 48.39 48.03 47.71 47.34 46.92 46.49 46.09 45.78 45.58 45.51 45.57 45.79 46.19 46.73 47.37 47.99 48.49 48.78 48.82 48.61 48.24 47.77 47.27 46.79 46.37 46.05 45.92 46.05 46.47 47.15 48.03 48.99 49.93 50.75 51.33 51.55 51.37 50.80 49.95 48.98 48.09 47.42 47.03 46.88 46.86 46.81 46.63 46.29 45.84 45.36 44.96 44.73 44.75 45.04 45.53 46.13 46.66 47.03 47.18 47.19 47.22 47.44 47.97 48.79 49.80 50.79 51.56 51.97 51.99 51.66 51.13 50.55 50.13 49.98 50.14 50.50 50.91 51.20 51.28 51.13 50.80 50.32 49.75 49.14 48.53 47.95 47.41 46.91 46.46 46.07 45.74 45.44 45.08 44.50 43.61 42.72 43.65 54.00 
60.00 54.88 52.15 50.78 49.90 49.25 48.74 48.34 48.03 47.80 47.70 47.80 48.13 48.64 49.21 49.72 50.07 50.23 50.19 50.04 49.85 49.72 49.71 49.81 49.94 50.00 49.85 49.46 48.86 48.22 47.74 47.56 47.78 48.34 49.14 50.03 50.88 51.56 51.99 52.14 52.06 51.84 51.59 51.38 51.20 51.01 50.70 50.15 49.32 48.30 47.24 46.38 45.90 45.90 46.33 47.07 47.88 48.54 48.86 48.79 48.37 47.75 47.15 46.77 46.70 46.95 47.41 47.92 48.39 48.82 49.27 49.84 50.57 51.40 52.21 52.85 53.20 53.23 52.98 52.52 51.91 51.26 50.63 50.11 49.76 49.63 49.69 49.85 49.98 49.97 49.83 49.66 49.63 49.83 50.22 50.63 50.86 50.77 50.38 49.78 49.14 48.58 48.12 47.73 47.35 46.95 46.54 46.16 45.88 45.72 45.68 45.73 45.87 46.09 46.40 46.79 47.24 47.67 48.02 48.22 48.24 48.11 47.86 47.55 47.19 46.78 46.37 46.02 45.85 45.97 46.45 47.25 48.29 49.41 50.47 51.32 51.82 51.90 51.54 50.82 49.90 48.98 48.24 47.80 47.66 47.74 47.87 47.88 47.65 47.17 46.53 45.86 45.28 44.89 44.77 44.91 45.29 45.81 46.34 46.77 47.07 47.30 47.56 48.00 48.69 49.62 50.65 51.59 52.23 52.46 52.25 51.69 50.97 50.27 49.81 49.68 49.87 50.27 50.71 51.01 51.11 50.98 50.65 50.17 49.58 48.92 48.27 47.68 47.19 46.80 46.53 46.33 46.18 45.97 45.53 44.56 42.61 38.88 30.87 8.00 
89.00 62.49 55.24 52.48 50.96 49.91 49.15 48.59 48.18 47.90 47.80 47.91 48.22 48.68 49.15 49.52 49.71 49.72 49.59 49.43 49.32 49.34 49.51 49.78 50.05 50.16 50.01 49.55 48.85 48.10 47.51 47.27 47.48 48.12 49.06 50.15 51.19 52.00 52.47 52.53 52.22 51.69 51.09 50.57 50.19 49.93 49.68 49.31 48.72 47.93 47.07 46.33 45.88 45.84 46.20 46.85 47.58 48.18 48.48 48.41 48.04 47.54 47.10 46.91 47.03 47.41 47.95 48.49 48.94 49.30 49.66 50.11 50.68 51.37 52.06 52.66 53.07 53.27 53.24 53.03 52.67 52.20 51.67 51.13 50.66 50.33 50.14 50.06 49.99 49.86 49.65 49.47 49.43 49.59 49.88 50.17 50.26 50.08 49.64 49.07 48.51 48.04 47.67 47.33 46.98 46.60 46.21 45.88 45.67 45.60 45.66 45.79 45.96 46.16 46.39 46.66 46.98 47.30 47.59 47.80 47.91 47.93 47.89 47.79 47.59 47.27 46.85 46.43 46.15 46.18 46.61 47.44 48.54 49.75 50.88 51.74 52.20 52.18 51.70 50.91 50.00 49.20 48.67 48.48 48.58 48.86 49.12 49.17 48.91 48.33 47.55 46.72 46.00 45.49 45.25 45.29 45.58 46.03 46.54 47.00 47.37 47.71 48.10 48.66 49.44 50.41 51.40 52.23 52.70 52.70 52.24 51.47 50.58 49.82 49.36 49.29 49.56 50.02 50.51 50.85 50.99 50.90 50.61 50.14 49.55 48.89 48.23 47.65 47.22 46.96 46.87 46.88 46.90 46.79 46.30 45.08 42.71 38.65 32.53 27.00 
27.00 50.81 53.81 52.94 51.58 50.38 49.43 48.72 48.23 47.93 47.83 47.95 48.25 48.64 49.01 49.23 49.27 49.15 48.93 48.74 48.67 48.77 49.05 49.43 49.77 49.92 49.78 49.31 48.58 47.79 47.15 46.86 47.03 47.66 48.62 49.77 50.89 51.79 52.30 52.34 51.93 51.22 50.39 49.65 49.12 48.81 48.63 48.44 48.11 47.60 46.99 46.43 46.10 46.11 46.46 47.06 47.72 48.26 48.50 48.42 48.08 47.66 47.34 47.27 47.50 47.96 48.53 49.07 49.50 49.83 50.13 50.48 50.92 51.44 51.99 52.50 52.91 53.20 53.37 53.41 53.29 53.02 52.59 52.05 51.48 50.97 50.57 50.29 50.08 49.88 49.67 49.50 49.42 49.45 49.53 49.54 49.39 49.03 48.52 48.00 47.55 47.24 47.02 46.83 46.59 46.29 45.96 45.67 45.50 45.47 45.56 45.70 45.83 45.95 46.07 46.24 46.49 46.79 47.13 47.47 47.78 48.08 48.34 48.52 48.53 48.32 47.89 47.36 46.91 46.75 47.01 47.70 48.73 49.92 51.04 51.89 52.32 52.27 51.77 51.00 50.19 49.56 49.26 49.30 49.60 50.02 50.35 50.43 50.15 49.53 48.69 47.79 47.01 46.44 46.14 46.13 46.36 46.76 47.21 47.64 48.00 48.33 48.72 49.29 50.07 51.00 51.93 52.63 52.92 52.71 52.05 51.11 50.13 49.35 48.93 48.94 49.29 49.82 50.35 50.75 50.94 50.91 50.68 50.28 49.73 49.09 48.44 47.90 47.53 47.40 47.48 47.69 47.89 47.86 47.35 46.04 43.59 39.65 33.10 16.00 
69.00 59.86 56.09 53.77 52.01 50.60 49.50 48.69 48.15 47.86 47.79 47.93 48.22 48.57 48.86 48.99 48.93 48.71 48.42 48.18 48.09 48.21 48.50 48.90 49.25 49.40 49.27 48.81 48.12 47.36 46.73 46.44 46.56 47.11 47.99 49.07 50.15 51.05 51.59 51.66 51.26 50.50 49.59 48.75 48.13 47.81 47.72 47.71 47.63 47.41 47.08 46.75 46.59 46.69 47.08 47.67 48.30 48.77 48.98 48.88 48.56 48.18 47.92 47.91 48.16 48.62 49.16 49.65 50.05 50.36 50.63 50.91 51.24 51.61 51.99 52.36 52.71 53.03 53.33 53.56 53.66 53.58 53.27 52.75 52.11 51.46 50.90 50.48 50.19 49.99 49.82 49.67 49.51 49.33 49.08 48.73 48.25 47.68 47.10 46.63 46.33 46.20 46.19 46.19 46.12 45.96 45.74 45.53 45.39 45.37 45.43 45.49 45.52 45.49 45.47 45.53 45.73 46.09 46.58 47.15 47.78 48.45 49.10 49.63 49.92 49.87 49.46 48.82 48.16 47.72 47.68 48.09 48.89 49.90 50.92 51.73 52.15 52.13 51.70 51.05 50.42 50.00 49.91 50.12 50.53 50.98 51.32 51.39 51.11 50.51 49.69 48.82 48.06 47.52 47.24 47.23 47.45 47.81 48.21 48.54 48.79 49.00 49.28 49.75 50.45 51.31 52.15 52.73 52.88 52.51 51.72 50.69 49.70 48.96 48.61 48.69 49.09 49.66 50.22 50.66 50.92 51.00 50.88 50.57 50.10 49.51 48.90 48.39 48.09 48.07 48.30 48.69 49.02 49.07 48.54 47.18 44.88 42.32 43.64 69.00 
83.00 63.36 56.71 53.82 51.99 50.54 49.37 48.51 47.96 47.70 47.69 47.88 48.20 48.55 48.82 48.93 48.84 48.58 48.26 47.96 47.81 47.85 48.08 48.40 48.68 48.79 48.64 48.22 47.59 46.92 46.37 46.11 46.21 46.68 47.42 48.32 49.26 50.06 50.58 50.70 50.38 49.69 48.82 47.97 47.36 47.07 47.08 47.26 47.44 47.49 47.42 47.32 47.32 47.54 47.99 48.61 49.22 49.67 49.85 49.74 49.43 49.08 48.83 48.81 49.03 49.41 49.86 50.26 50.60 50.89 51.14 51.40 51.65 51.88 52.09 52.28 52.49 52.77 53.11 53.47 53.74 53.82 53.64 53.17 52.50 51.77 51.11 50.62 50.31 50.13 50.01 49.85 49.57 49.12 48.49 47.73 46.91 46.14 45.52 45.12 44.98 45.05 45.24 45.44 45.58 45.59 45.52 45.42 45.34 45.33 45.33 45.28 45.13 44.90 44.69 44.62 44.80 45.25 45.93 46.81 47.82 48.92 50.00 50.94 51.56 51.71 51.39 50.69 49.83 49.07 48.63 48.63 49.05 49.77 50.59 51.31 51.74 51.81 51.55 51.12 50.71 50.50 50.55 50.82 51.20 51.57 51.82 51.84 51.57 51.03 50.31 49.55 48.90 48.46 48.27 48.34 48.61 48.97 49.31 49.53 49.60 49.60 49.68 49.98 50.55 51.30 52.05 52.54 52.58 52.13 51.28 50.26 49.31 48.65 48.38 48.51 48.93 49.49 50.06 50.55 50.90 51.11 51.15 51.00 50.64 50.13 49.55 49.06 48.79 48.85 49.20 49.72 50.15 50.23 49.65 48.12 45.22 40.07 29.54 0.00 
56.00 53.69 53.25 52.55 51.48 50.27 49.15 48.29 47.76 47.54 47.59 47.84 48.22 48.62 48.95 49.11 49.08 48.86 48.53 48.19 47.94 47.87 47.96 48.14 48.29 48.31 48.11 47.71 47.15 46.59 46.16 45.99 46.12 46.52 47.12 47.82 48.54 49.18 49.62 49.77 49.55 48.99 48.22 47.46 46.90 46.69 46.83 47.20 47.60 47.90 48.04 48.10 48.23 48.54 49.07 49.72 50.35 50.81 50.99 50.89 50.59 50.24 49.98 49.91 50.04 50.30 50.61 50.90 51.16 51.40 51.66 51.91 52.12 52.24 52.27 52.27 52.31 52.48 52.78 53.18 53.56 53.78 53.72 53.34 52.71 51.96 51.25 50.70 50.38 50.22 50.12 49.92 49.48 48.74 47.74 46.61 45.50 44.59 43.98 43.70 43.73 43.98 44.35 44.74 45.05 45.25 45.34 45.38 45.40 45.41 45.35 45.17 44.82 44.37 43.96 43.76 43.90 44.43 45.31 46.48 47.85 49.35 50.86 52.19 53.15 53.57 53.40 52.71 51.72 50.67 49.82 49.34 49.30 49.62 50.18 50.76 51.22 51.43 51.40 51.24 51.08 51.04 51.14 51.34 51.55 51.73 51.81 51.75 51.49 51.03 50.43 49.82 49.33 49.05 49.03 49.24 49.62 50.04 50.35 50.46 50.35 50.13 49.97 50.05 50.44 51.06 51.70 52.10 52.08 51.60 50.77 49.81 48.95 48.39 48.19 48.35 48.76 49.30 49.86 50.39 50.86 51.23 51.46 51.49 51.27 50.83 50.28 49.79 49.53 49.62 50.03 50.62 51.10 51.18 50.61 49.16 46.54 42.17 33.86 12.00 
13.00 41.89 49.68 51.33 51.01 50.05 49.01 48.16 47.64 47.44 47.53 47.84 48.29 48.78 49.22 49.52 49.62 49.50 49.21 48.84 48.52 48.31 48.24 48.25 48.24 48.12 47.86 47.44 46.95 46.50 46.20 46.15 46.35 46.73 47.23 47.75 48.25 48.69 49.02 49.16 49.02 48.59 47.95 47.29 46.83 46.72 46.99 47.53 48.12 48.60 48.88 49.03 49.22 49.57 50.13 50.82 51.48 51.97 52.18 52.10 51.83 51.48 51.19 51.05 51.07 51.19 51.34 51.49 51.65 51.86 52.12 52.39 52.57 52.62 52.52 52.34 52.21 52.22 52.43 52.80 53.22 53.54 53.61 53.34 52.79 52.05 51.32 50.73 50.37 50.20 50.06 49.78 49.17 48.18 46.88 45.47 44.20 43.25 42.72 42.60 42.80 43.23 43.74 44.25 44.70 45.05 45.30 45.49 45.64 45.70 45.62 45.32 44.79 44.12 43.51 43.17 43.27 43.84 44.86 46.24 47.88 49.68 51.51 53.16 54.43 55.13 55.17 54.60 53.57 52.32 51.11 50.18 49.66 49.57 49.81 50.25 50.72 51.09 51.32 51.43 51.51 51.58 51.65 51.67 51.63 51.54 51.41 51.23 50.96 50.58 50.10 49.64 49.32 49.22 49.40 49.82 50.38 50.91 51.25 51.30 51.05 50.63 50.24 50.09 50.27 50.71 51.21 51.52 51.46 50.98 50.21 49.34 48.61 48.15 48.02 48.20 48.60 49.12 49.68 50.26 50.84 51.37 51.78 51.98 51.90 51.53 50.99 50.48 50.19 50.27 50.68 51.26 51.73 51.79 51.28 50.12 48.48 47.29 51.24 84.00 
47.00 50.88 51.77 51.66 51.00 50.03 49.02 48.19 47.67 47.47 47.56 47.89 48.40 48.99 49.57 50.04 50.32 50.36 50.16 49.81 49.43 49.11 48.89 48.74 48.58 48.33 47.98 47.54 47.09 46.73 46.56 46.63 46.92 47.33 47.76 48.15 48.46 48.73 48.94 49.04 48.95 48.62 48.09 47.54 47.16 47.14 47.52 48.18 48.89 49.45 49.78 49.95 50.12 50.45 51.00 51.70 52.39 52.92 53.18 53.15 52.92 52.59 52.28 52.07 51.98 51.95 51.94 51.94 52.00 52.17 52.44 52.73 52.93 52.94 52.76 52.45 52.16 52.02 52.09 52.38 52.78 53.16 53.35 53.22 52.76 52.08 51.33 50.69 50.25 50.00 49.79 49.39 48.64 47.47 46.00 44.47 43.16 42.28 41.91 41.99 42.39 42.96 43.58 44.17 44.69 45.14 45.54 45.88 46.15 46.30 46.22 45.84 45.17 44.32 43.55 43.08 43.09 43.65 44.71 46.18 47.94 49.89 51.89 53.73 55.22 56.17 56.45 56.06 55.11 53.79 52.35 51.07 50.15 49.68 49.63 49.91 50.36 50.86 51.31 51.67 51.93 52.07 52.05 51.86 51.54 51.18 50.84 50.54 50.23 49.88 49.48 49.13 48.95 49.04 49.44 50.09 50.86 51.55 51.99 52.06 51.75 51.20 50.63 50.26 50.21 50.42 50.73 50.91 50.80 50.34 49.65 48.91 48.30 47.95 47.90 48.13 48.54 49.06 49.64 50.26 50.92 51.56 52.11 52.43 52.44 52.13 51.60 51.06 50.73 50.75 51.10 51.61 51.98 52.00 51.52 50.56 49.11 46.65 39.49 6.00 
93.00 62.48 54.30 52.01 50.98 50.08 49.17 48.39 47.86 47.63 47.68 47.99 48.51 49.18 49.89 50.55 51.02 51.23 51.15 50.87 50.48 50.11 49.80 49.54 49.26 48.92 48.50 48.03 47.60 47.31 47.24 47.41 47.78 48.22 48.62 48.92 49.10 49.24 49.36 49.43 49.36 49.09 48.65 48.16 47.85 47.87 48.28 48.97 49.69 50.25 50.54 50.64 50.73 51.00 51.51 52.20 52.91 53.47 53.79 53.83 53.66 53.38 53.08 52.84 52.66 52.51 52.34 52.20 52.15 52.26 52.52 52.84 53.07 53.10 52.89 52.53 52.13 51.85 51.77 51.94 52.30 52.70 52.98 52.97 52.62 51.99 51.23 50.52 49.98 49.62 49.29 48.79 47.94 46.70 45.20 43.71 42.51 41.81 41.65 41.95 42.52 43.21 43.90 44.53 45.09 45.61 46.10 46.58 46.99 47.24 47.20 46.79 46.02 45.05 44.14 43.53 43.44 43.91 44.92 46.35 48.09 50.03 52.03 53.92 55.51 56.61 57.09 56.91 56.12 54.86 53.37 51.91 50.73 49.97 49.69 49.80 50.21 50.76 51.34 51.87 52.25 52.42 52.33 51.98 51.46 50.89 50.38 49.96 49.58 49.20 48.81 48.50 48.41 48.65 49.26 50.14 51.13 52.01 52.59 52.75 52.48 51.90 51.22 50.66 50.35 50.29 50.36 50.38 50.19 49.77 49.17 48.55 48.07 47.84 47.89 48.19 48.66 49.22 49.83 50.48 51.16 51.84 52.43 52.81 52.87 52.60 52.08 51.52 51.14 51.07 51.30 51.66 51.90 51.82 51.41 50.80 50.29 50.45 53.93 78.00 
57.00 51.33 50.28 50.39 50.38 49.99 49.35 48.70 48.19 47.93 47.92 48.16 48.65 49.33 50.14 50.93 51.57 51.93 51.99 51.79 51.45 51.09 50.77 50.47 50.14 49.76 49.31 48.84 48.43 48.18 48.17 48.39 48.79 49.23 49.60 49.84 49.96 50.02 50.09 50.14 50.09 49.87 49.48 49.04 48.74 48.74 49.10 49.69 50.30 50.74 50.91 50.90 50.90 51.10 51.56 52.23 52.94 53.53 53.91 54.03 53.96 53.76 53.52 53.29 53.07 52.82 52.52 52.24 52.07 52.10 52.33 52.66 52.94 53.02 52.85 52.49 52.04 51.65 51.45 51.50 51.78 52.18 52.52 52.61 52.35 51.76 50.99 50.20 49.55 49.06 48.62 48.04 47.17 45.97 44.58 43.27 42.29 41.84 41.91 42.41 43.13 43.91 44.64 45.27 45.84 46.39 46.97 47.57 48.12 48.49 48.52 48.13 47.33 46.27 45.24 44.50 44.25 44.58 45.45 46.75 48.37 50.17 52.04 53.83 55.37 56.49 57.09 57.08 56.49 55.41 54.01 52.56 51.30 50.41 49.96 49.93 50.23 50.73 51.34 51.92 52.36 52.56 52.47 52.08 51.49 50.84 50.24 49.72 49.25 48.78 48.32 47.99 47.94 48.29 49.04 50.10 51.26 52.31 53.04 53.33 53.17 52.65 51.94 51.23 50.69 50.34 50.15 49.98 49.72 49.32 48.82 48.32 47.97 47.87 48.04 48.45 49.01 49.64 50.29 50.94 51.58 52.21 52.75 53.10 53.17 52.92 52.44 51.89 51.47 51.29 51.35 51.50 51.54 51.35 50.98 50.69 50.79 51.04 47.90 21.00 
8.00 35.14 44.38 48.13 49.58 49.87 49.59 49.11 48.67 48.38 48.30 48.46 48.87 49.52 50.33 51.18 51.91 52.38 52.54 52.43 52.17 51.87 51.59 51.33 51.03 50.67 50.24 49.79 49.42 49.20 49.21 49.42 49.78 50.17 50.48 50.67 50.75 50.80 50.86 50.92 50.90 50.72 50.38 49.97 49.65 49.56 49.76 50.15 50.55 50.78 50.79 50.66 50.60 50.75 51.20 51.85 52.56 53.17 53.59 53.80 53.83 53.75 53.61 53.44 53.23 52.93 52.54 52.13 51.83 51.75 51.92 52.24 52.56 52.72 52.62 52.30 51.84 51.39 51.09 51.04 51.25 51.64 52.01 52.17 51.97 51.40 50.60 49.75 49.00 48.41 47.88 47.26 46.43 45.37 44.20 43.16 42.48 42.29 42.59 43.24 44.05 44.87 45.59 46.21 46.77 47.36 48.01 48.73 49.43 49.94 50.08 49.75 48.96 47.86 46.72 45.83 45.40 45.54 46.23 47.36 48.79 50.39 52.04 53.60 54.96 55.97 56.55 56.64 56.22 55.36 54.20 52.93 51.77 50.88 50.36 50.20 50.35 50.71 51.21 51.74 52.20 52.45 52.44 52.15 51.66 51.08 50.48 49.91 49.34 48.74 48.19 47.80 47.73 48.11 48.93 50.07 51.31 52.44 53.27 53.70 53.70 53.30 52.64 51.87 51.14 50.54 50.10 49.76 49.43 49.06 48.65 48.28 48.06 48.08 48.37 48.88 49.54 50.24 50.92 51.53 52.08 52.58 53.00 53.28 53.34 53.14 52.72 52.21 51.74 51.43 51.28 51.18 50.99 50.64 50.27 50.30 51.53 55.46 65.91 96.00 
32.00 36.44 43.30 47.39 49.32 49.96 49.94 49.64 49.30 49.02 48.89 48.96 49.27 49.82 50.58 51.39 52.11 52.60 52.80 52.76 52.57 52.35 52.15 51.97 51.76 51.47 51.10 50.71 50.38 50.18 50.15 50.29 50.55 50.82 51.05 51.19 51.28 51.35 51.44 51.54 51.56 51.44 51.14 50.75 50.38 50.17 50.16 50.28 50.39 50.37 50.20 50.00 49.91 50.09 50.57 51.24 51.95 52.56 53.01 53.28 53.42 53.47 53.46 53.40 53.25 52.96 52.51 51.99 51.54 51.33 51.41 51.71 52.06 52.29 52.28 52.02 51.58 51.10 50.73 50.60 50.75 51.12 51.51 51.69 51.52 50.96 50.13 49.22 48.41 47.75 47.18 46.58 45.83 44.96 44.06 43.35 42.99 43.06 43.53 44.26 45.09 45.88 46.56 47.15 47.71 48.33 49.07 49.92 50.77 51.44 51.73 51.50 50.76 49.64 48.41 47.37 46.75 46.69 47.18 48.12 49.36 50.73 52.11 53.38 54.44 55.21 55.65 55.72 55.42 54.79 53.92 52.94 52.01 51.25 50.74 50.47 50.44 50.61 50.92 51.33 51.75 52.08 52.23 52.16 51.90 51.50 51.01 50.45 49.81 49.12 48.47 48.01 47.90 48.24 49.02 50.09 51.26 52.35 53.20 53.72 53.88 53.66 53.13 52.39 51.57 50.81 50.19 49.72 49.35 49.02 48.70 48.45 48.34 48.46 48.82 49.39 50.10 50.84 51.50 52.05 52.49 52.84 53.12 53.32 53.38 53.25 52.92 52.46 51.96 51.50 51.12 50.74 50.29 49.74 49.22 49.11 50.16 54.00 64.68 93.00 
5.00 34.97 44.42 48.18 49.78 50.36 50.43 50.27 50.04 49.83 49.69 49.69 49.90 50.34 50.97 51.67 52.29 52.71 52.89 52.85 52.70 52.54 52.43 52.34 52.22 52.02 51.74 51.41 51.12 50.91 50.83 50.85 50.96 51.10 51.24 51.35 51.45 51.58 51.74 51.90 51.98 51.91 51.66 51.28 50.86 50.51 50.27 50.09 49.90 49.64 49.33 49.10 49.08 49.35 49.91 50.63 51.37 51.99 52.45 52.76 52.98 53.14 53.27 53.34 53.27 53.01 52.52 51.91 51.34 51.00 50.97 51.22 51.58 51.86 51.93 51.73 51.31 50.82 50.41 50.23 50.35 50.69 51.07 51.26 51.08 50.51 49.65 48.72 47.89 47.21 46.64 46.08 45.45 44.78 44.17 43.77 43.70 43.99 44.56 45.30 46.07 46.77 47.38 47.92 48.47 49.14 49.98 50.97 51.98 52.82 53.27 53.17 52.51 51.41 50.13 48.95 48.16 47.91 48.22 48.99 50.04 51.19 52.28 53.21 53.92 54.38 54.58 54.55 54.29 53.85 53.27 52.62 51.98 51.41 50.96 50.62 50.42 50.36 50.45 50.71 51.07 51.46 51.80 52.00 52.04 51.90 51.60 51.12 50.49 49.78 49.09 48.60 48.43 48.67 49.27 50.13 51.08 51.99 52.75 53.30 53.60 53.58 53.26 52.65 51.88 51.09 50.39 49.86 49.47 49.19 48.97 48.82 48.79 48.95 49.31 49.86 50.53 51.21 51.81 52.28 52.61 52.85 53.03 53.18 53.26 53.21 52.99 52.58 52.05 51.45 50.84 50.22 49.54 48.78 47.98 47.25 46.70 46.37 46.21 46.00 
71.00 53.77 50.84 50.65 50.84 50.96 50.97 50.91 50.81 50.69 50.59 50.57 50.71 51.05 51.54 52.09 52.56 52.86 52.94 52.86 52.70 52.56 52.49 52.46 52.41 52.28 52.06 51.79 51.51 51.29 51.13 51.04 51.01 51.02 51.09 51.20 51.36 51.57 51.82 52.06 52.20 52.18 51.96 51.58 51.12 50.63 50.17 49.72 49.26 48.80 48.41 48.22 48.32 48.76 49.46 50.27 51.06 51.69 52.16 52.49 52.75 52.99 53.23 53.40 53.41 53.18 52.67 51.99 51.32 50.86 50.73 50.91 51.26 51.56 51.67 51.51 51.12 50.62 50.20 50.00 50.08 50.39 50.74 50.90 50.70 50.11 49.25 48.33 47.51 46.85 46.32 45.81 45.30 44.82 44.46 44.33 44.50 44.93 45.53 46.21 46.85 47.42 47.92 48.41 48.96 49.68 50.62 51.75 52.93 53.94 54.55 54.59 54.03 52.99 51.70 50.45 49.53 49.13 49.28 49.89 50.76 51.69 52.51 53.11 53.46 53.59 53.53 53.34 53.07 52.75 52.41 52.05 51.70 51.33 50.95 50.57 50.21 49.94 49.83 49.92 50.21 50.64 51.12 51.57 51.90 52.05 51.97 51.65 51.13 50.48 49.85 49.37 49.15 49.23 49.58 50.11 50.71 51.33 51.92 52.45 52.86 53.07 52.99 52.62 52.02 51.32 50.66 50.14 49.77 49.54 49.39 49.31 49.33 49.46 49.74 50.15 50.66 51.19 51.68 52.06 52.33 52.51 52.65 52.80 52.92 52.96 52.82 52.47 51.91 51.20 50.42 49.63 48.82 47.96 47.00 45.75 43.64 39.12 28.14 0.00 
63.00 58.16 54.31 52.47 51.72 51.46 51.40 51.42 51.44 51.43 51.40 51.41 51.54 51.81 52.19 52.60 52.92 53.08 53.05 52.89 52.69 52.53 52.45 52.42 52.39 52.27 52.06 51.80 51.52 51.28 51.07 50.90 50.77 50.72 50.76 50.92 51.17 51.50 51.86 52.17 52.36 52.36 52.16 51.77 51.24 50.64 49.99 49.32 48.64 48.05 47.64 47.54 47.81 48.44 49.32 50.27 51.13 51.81 52.28 52.60 52.87 53.15 53.43 53.66 53.72 53.50 52.98 52.25 51.51 50.96 50.75 50.87 51.17 51.46 51.57 51.43 51.05 50.57 50.14 49.93 49.98 50.23 50.52 50.61 50.37 49.78 48.95 48.09 47.33 46.72 46.23 45.78 45.36 45.02 44.85 44.92 45.23 45.72 46.29 46.84 47.34 47.75 48.14 48.57 49.12 49.90 50.95 52.21 53.54 54.69 55.44 55.62 55.19 54.24 53.00 51.75 50.76 50.24 50.24 50.69 51.39 52.11 52.68 53.00 53.06 52.91 52.62 52.28 51.95 51.69 51.51 51.38 51.24 51.03 50.71 50.29 49.82 49.38 49.09 49.02 49.21 49.62 50.19 50.81 51.38 51.77 51.92 51.80 51.43 50.94 50.44 50.04 49.80 49.72 49.77 49.92 50.13 50.43 50.83 51.31 51.82 52.24 52.44 52.37 52.02 51.51 50.97 50.51 50.18 49.98 49.88 49.84 49.85 49.90 50.01 50.19 50.44 50.74 51.06 51.36 51.60 51.79 51.96 52.14 52.32 52.42 52.35 52.04 51.47 50.71 49.87 49.04 48.26 47.51 46.72 45.62 43.52 38.77 27.46 0.00 
75.00 61.56 55.77 53.20 52.08 51.66 51.59 51.67 51.78 51.85 51.89 51.96 52.12 52.38 52.72 53.04 53.26 53.31 53.20 52.98 52.73 52.53 52.41 52.33 52.24 52.06 51.79 51.49 51.20 50.96 50.75 50.56 50.43 50.38 50.47 50.71 51.08 51.54 52.01 52.39 52.60 52.60 52.37 51.93 51.34 50.63 49.83 48.98 48.16 47.49 47.10 47.12 47.58 48.41 49.47 50.57 51.55 52.28 52.78 53.09 53.34 53.59 53.87 54.09 54.14 53.92 53.38 52.64 51.87 51.29 51.03 51.08 51.32 51.56 51.64 51.49 51.13 50.67 50.26 50.03 50.03 50.19 50.36 50.37 50.08 49.51 48.77 48.01 47.35 46.82 46.37 45.95 45.58 45.32 45.26 45.42 45.78 46.25 46.72 47.14 47.47 47.74 48.03 48.41 48.97 49.82 50.96 52.34 53.79 55.06 55.92 56.22 55.92 55.11 53.97 52.77 51.77 51.15 51.01 51.29 51.81 52.35 52.72 52.84 52.69 52.36 51.91 51.45 51.07 50.83 50.73 50.72 50.70 50.59 50.30 49.84 49.28 48.71 48.27 48.06 48.12 48.46 49.02 49.72 50.43 51.01 51.34 51.40 51.22 50.91 50.59 50.32 50.11 49.91 49.72 49.54 49.42 49.45 49.68 50.13 50.73 51.33 51.79 52.01 51.94 51.66 51.28 50.91 50.61 50.42 50.32 50.27 50.23 50.16 50.05 49.95 49.89 49.93 50.07 50.29 50.54 50.78 51.01 51.24 51.46 51.59 51.56 51.28 50.74 50.02 49.25 48.53 47.96 47.54 47.25 46.97 46.45 45.28 43.05 40.00 
68.00 57.43 54.21 52.73 51.92 51.57 51.53 51.63 51.76 51.85 51.93 52.04 52.24 52.54 52.90 53.21 53.39 53.41 53.27 53.04 52.78 52.57 52.40 52.25 52.04 51.74 51.36 50.98 50.68 50.46 50.32 50.20 50.14 50.16 50.33 50.68 51.18 51.76 52.32 52.75 52.97 52.92 52.63 52.11 51.43 50.62 49.70 48.74 47.83 47.13 46.79 46.93 47.55 48.56 49.78 51.03 52.12 52.94 53.47 53.78 53.99 54.18 54.39 54.56 54.57 54.32 53.79 53.07 52.33 51.77 51.49 51.49 51.66 51.83 51.86 51.69 51.35 50.93 50.54 50.29 50.21 50.23 50.25 50.14 49.82 49.31 48.69 48.09 47.56 47.11 46.69 46.28 45.91 45.66 45.62 45.78 46.11 46.48 46.82 47.08 47.28 47.45 47.66 48.01 48.59 49.49 50.73 52.21 53.75 55.10 56.05 56.45 56.28 55.62 54.62 53.51 52.50 51.79 51.50 51.60 51.95 52.33 52.57 52.57 52.33 51.91 51.40 50.88 50.47 50.21 50.13 50.16 50.19 50.09 49.79 49.29 48.65 48.00 47.45 47.11 47.03 47.24 47.72 48.40 49.16 49.82 50.26 50.44 50.41 50.28 50.17 50.07 49.94 49.72 49.40 49.02 48.70 48.58 48.73 49.17 49.83 50.57 51.23 51.68 51.86 51.80 51.57 51.28 50.99 50.77 50.62 50.51 50.38 50.16 49.84 49.47 49.12 48.92 48.90 49.06 49.33 49.63 49.92 50.19 50.42 50.56 50.53 50.27 49.81 49.22 48.64 48.20 47.96 48.00 48.33 49.04 50.35 53.03 59.53 78.00 
26.00 46.20 51.35 52.07 51.76 51.46 51.37 51.41 51.46 51.49 51.51 51.61 51.85 52.20 52.60 52.95 53.17 53.22 53.15 52.98 52.80 52.62 52.44 52.21 51.86 51.40 50.88 50.42 50.10 49.95 49.92 49.94 50.00 50.12 50.39 50.83 51.43 52.10 52.73 53.19 53.38 53.27 52.88 52.25 51.47 50.56 49.56 48.54 47.61 46.93 46.66 46.90 47.63 48.75 50.08 51.42 52.61 53.52 54.11 54.42 54.57 54.67 54.79 54.87 54.83 54.57 54.07 53.42 52.77 52.27 52.02 51.99 52.09 52.19 52.18 52.01 51.70 51.33 50.96 50.68 50.48 50.34 50.18 49.94 49.59 49.16 48.71 48.29 47.92 47.56 47.16 46.73 46.32 46.03 45.93 46.03 46.23 46.47 46.66 46.79 46.88 46.98 47.16 47.51 48.12 49.07 50.38 51.94 53.54 54.95 55.96 56.44 56.39 55.88 55.03 54.01 53.00 52.19 51.73 51.64 51.82 52.08 52.24 52.21 51.96 51.55 51.04 50.53 50.11 49.85 49.75 49.76 49.75 49.60 49.25 48.70 48.03 47.32 46.71 46.26 46.04 46.10 46.45 47.04 47.74 48.40 48.85 49.07 49.12 49.15 49.22 49.33 49.37 49.23 48.92 48.51 48.16 48.01 48.16 48.62 49.30 50.10 50.86 51.45 51.81 51.91 51.81 51.57 51.27 51.00 50.76 50.55 50.29 49.93 49.42 48.84 48.29 47.91 47.78 47.91 48.20 48.55 48.88 49.15 49.35 49.46 49.41 49.20 48.85 48.47 48.18 48.09 48.27 48.74 49.58 50.93 53.14 57.05 64.09 73.00 
34.00 50.40 53.57 53.20 52.27 51.62 51.31 51.17 51.06 50.93 50.83 50.85 51.05 51.43 51.88 52.29 52.59 52.75 52.80 52.78 52.74 52.66 52.51 52.22 51.75 51.13 50.48 49.93 49.62 49.55 49.66 49.84 50.03 50.26 50.58 51.07 51.71 52.43 53.09 53.55 53.70 53.49 52.98 52.23 51.33 50.36 49.35 48.36 47.49 46.89 46.70 47.00 47.78 48.91 50.25 51.63 52.87 53.84 54.46 54.77 54.86 54.88 54.89 54.89 54.81 54.56 54.15 53.62 53.09 52.69 52.49 52.45 52.51 52.57 52.54 52.39 52.14 51.82 51.48 51.14 50.82 50.48 50.13 49.77 49.40 49.08 48.80 48.58 48.37 48.09 47.72 47.27 46.82 46.46 46.27 46.23 46.28 46.34 46.39 46.41 46.45 46.53 46.72 47.09 47.74 48.74 50.09 51.69 53.32 54.75 55.78 56.33 56.39 56.03 55.31 54.37 53.34 52.43 51.78 51.50 51.52 51.69 51.83 51.81 51.60 51.24 50.80 50.33 49.94 49.67 49.54 49.49 49.40 49.17 48.75 48.16 47.47 46.77 46.14 45.63 45.30 45.21 45.39 45.83 46.42 46.98 47.36 47.54 47.63 47.76 48.03 48.36 48.62 48.67 48.49 48.19 47.93 47.85 48.05 48.51 49.17 49.93 50.68 51.32 51.76 51.97 51.96 51.77 51.47 51.13 50.79 50.45 50.05 49.55 48.92 48.21 47.56 47.11 46.94 47.06 47.37 47.74 48.06 48.29 48.43 48.47 48.40 48.23 48.03 47.89 47.94 48.23 48.79 49.62 50.74 52.23 54.35 57.97 66.76 99.00 
88.00 68.30 60.15 55.82 53.37 52.06 51.42 51.06 50.74 50.40 50.11 49.99 50.11 50.46 50.93 51.40 51.79 52.08 52.31 52.49 52.63 52.69 52.59 52.27 51.72 50.99 50.23 49.63 49.32 49.34 49.57 49.88 50.19 50.47 50.81 51.28 51.89 52.59 53.23 53.65 53.73 53.42 52.78 51.92 50.95 49.97 49.03 48.18 47.47 47.02 46.94 47.28 48.03 49.08 50.33 51.63 52.84 53.81 54.43 54.72 54.76 54.69 54.61 54.55 54.46 54.28 53.97 53.59 53.21 52.92 52.78 52.76 52.82 52.88 52.88 52.79 52.60 52.35 52.02 51.64 51.18 50.67 50.15 49.68 49.30 49.06 48.94 48.89 48.82 48.64 48.32 47.89 47.41 46.99 46.69 46.49 46.37 46.26 46.18 46.14 46.17 46.28 46.52 46.95 47.64 48.67 50.04 51.62 53.22 54.61 55.64 56.22 56.38 56.14 55.55 54.68 53.64 52.61 51.79 51.32 51.19 51.27 51.38 51.39 51.24 50.96 50.59 50.20 49.86 49.60 49.44 49.31 49.11 48.78 48.30 47.70 47.05 46.41 45.82 45.30 44.90 44.69 44.71 44.98 45.40 45.80 46.06 46.16 46.25 46.48 46.93 47.50 48.01 48.29 48.31 48.17 48.04 48.06 48.30 48.73 49.31 49.97 50.64 51.24 51.70 51.97 52.04 51.90 51.62 51.23 50.79 50.33 49.81 49.21 48.51 47.78 47.13 46.69 46.55 46.68 46.98 47.32 47.58 47.73 47.78 47.74 47.65 47.53 47.47 47.58 47.94 48.57 49.43 50.48 51.68 52.97 54.07 53.66 45.92 5.00 
96.00 75.18 63.83 57.61 54.24 52.49 51.60 51.06 50.55 50.02 49.55 49.27 49.27 49.56 50.02 50.53 51.01 51.44 51.84 52.22 52.53 52.72 52.67 52.35 51.75 50.96 50.17 49.55 49.26 49.32 49.63 50.03 50.39 50.69 50.99 51.38 51.90 52.51 53.06 53.40 53.37 52.95 52.20 51.27 50.30 49.42 48.67 48.07 47.64 47.42 47.47 47.84 48.49 49.38 50.43 51.54 52.61 53.48 54.06 54.30 54.28 54.13 53.99 53.90 53.84 53.74 53.57 53.34 53.11 52.93 52.85 52.87 52.96 53.06 53.13 53.13 53.04 52.85 52.55 52.12 51.57 50.93 50.28 49.72 49.32 49.13 49.10 49.16 49.20 49.13 48.90 48.52 48.07 47.62 47.22 46.88 46.58 46.34 46.16 46.10 46.16 46.36 46.70 47.20 47.94 48.98 50.30 51.80 53.29 54.59 55.55 56.13 56.35 56.21 55.73 54.93 53.89 52.77 51.81 51.16 50.89 50.87 50.94 50.95 50.84 50.63 50.35 50.05 49.77 49.54 49.35 49.14 48.85 48.44 47.92 47.34 46.78 46.25 45.76 45.30 44.89 44.60 44.50 44.60 44.84 45.06 45.17 45.18 45.27 45.59 46.21 47.00 47.74 48.23 48.43 48.44 48.42 48.49 48.72 49.09 49.56 50.08 50.62 51.14 51.58 51.90 52.05 52.00 51.76 51.37 50.87 50.31 49.71 49.05 48.36 47.70 47.14 46.78 46.68 46.81 47.07 47.32 47.48 47.51 47.46 47.35 47.23 47.16 47.22 47.52 48.11 48.96 50.01 51.18 52.43 53.73 55.11 56.54 58.16 62.00 
90.00 73.12 63.26 57.57 54.35 52.62 51.69 51.06 50.46 49.80 49.18 48.77 48.67 48.89 49.32 49.86 50.42 50.97 51.52 52.05 52.49 52.75 52.74 52.41 51.81 51.04 50.27 49.69 49.42 49.50 49.82 50.23 50.58 50.85 51.08 51.35 51.73 52.19 52.59 52.78 52.63 52.10 51.28 50.34 49.47 48.80 48.37 48.14 48.07 48.13 48.35 48.72 49.25 49.91 50.67 51.50 52.32 53.01 53.46 53.61 53.52 53.32 53.14 53.05 53.04 53.06 53.03 52.94 52.82 52.73 52.71 52.78 52.93 53.11 53.28 53.38 53.39 53.28 53.01 52.57 51.97 51.26 50.53 49.91 49.49 49.30 49.29 49.39 49.49 49.50 49.38 49.12 48.74 48.29 47.82 47.36 46.94 46.59 46.37 46.34 46.49 46.80 47.25 47.85 48.63 49.64 50.87 52.22 53.54 54.66 55.49 56.01 56.24 56.17 55.78 55.04 54.02 52.86 51.79 51.01 50.60 50.48 50.48 50.47 50.37 50.21 50.00 49.78 49.58 49.39 49.18 48.92 48.57 48.11 47.59 47.09 46.64 46.27 45.93 45.58 45.22 44.91 44.72 44.69 44.76 44.81 44.78 44.73 44.81 45.22 45.98 46.94 47.85 48.48 48.79 48.87 48.87 48.93 49.11 49.38 49.72 50.11 50.53 50.96 51.39 51.75 52.00 52.06 51.91 51.56 51.05 50.45 49.81 49.18 48.57 48.04 47.62 47.38 47.32 47.41 47.56 47.67 47.68 47.59 47.43 47.25 47.11 47.07 47.21 47.62 48.32 49.26 50.36 51.54 52.75 54.07 55.79 59.02 68.06 99.00 
78.00 64.54 59.31 55.93 53.68 52.32 51.52 50.93 50.32 49.63 48.96 48.48 48.32 48.48 48.90 49.47 50.10 50.74 51.39 51.99 52.48 52.74 52.72 52.40 51.84 51.15 50.48 49.98 49.74 49.79 50.07 50.42 50.73 50.94 51.08 51.23 51.45 51.71 51.91 51.92 51.61 50.99 50.16 49.31 48.65 48.29 48.25 48.45 48.77 49.14 49.51 49.88 50.27 50.67 51.11 51.60 52.10 52.54 52.80 52.83 52.66 52.42 52.23 52.17 52.23 52.35 52.43 52.46 52.44 52.42 52.45 52.57 52.78 53.04 53.30 53.51 53.61 53.56 53.34 52.93 52.33 51.61 50.87 50.23 49.78 49.55 49.51 49.58 49.69 49.77 49.75 49.61 49.32 48.90 48.40 47.86 47.35 46.97 46.77 46.82 47.09 47.54 48.11 48.79 49.59 50.54 51.63 52.79 53.87 54.76 55.40 55.79 55.96 55.89 55.54 54.85 53.86 52.70 51.59 50.74 50.23 50.02 49.96 49.91 49.81 49.67 49.51 49.37 49.23 49.08 48.88 48.60 48.22 47.77 47.30 46.89 46.60 46.41 46.24 46.04 45.78 45.50 45.29 45.17 45.10 45.01 44.88 44.77 44.86 45.32 46.16 47.20 48.18 48.87 49.19 49.25 49.20 49.19 49.27 49.43 49.66 49.94 50.27 50.65 51.08 51.50 51.86 52.06 52.03 51.76 51.29 50.71 50.10 49.54 49.09 48.74 48.50 48.37 48.33 48.33 48.32 48.24 48.07 47.83 47.57 47.34 47.18 47.14 47.30 47.72 48.41 49.31 50.34 51.42 52.50 53.56 54.56 55.39 55.92 57.00 
13.00 48.13 54.18 53.86 52.63 51.68 51.06 50.57 50.04 49.41 48.78 48.31 48.12 48.26 48.68 49.27 49.96 50.66 51.35 51.96 52.41 52.62 52.57 52.26 51.79 51.24 50.73 50.33 50.12 50.13 50.31 50.57 50.80 50.95 51.03 51.08 51.15 51.20 51.18 50.98 50.54 49.86 49.09 48.41 48.02 48.02 48.40 49.00 49.67 50.28 50.78 51.14 51.38 51.55 51.69 51.84 52.02 52.16 52.21 52.10 51.87 51.61 51.43 51.41 51.53 51.72 51.90 52.01 52.07 52.10 52.17 52.33 52.57 52.88 53.20 53.46 53.61 53.61 53.44 53.08 52.54 51.87 51.18 50.56 50.11 49.84 49.74 49.76 49.85 49.96 50.02 49.98 49.77 49.39 48.87 48.29 47.76 47.39 47.27 47.43 47.84 48.43 49.10 49.83 50.61 51.47 52.40 53.32 54.14 54.77 55.18 55.39 55.44 55.29 54.92 54.24 53.29 52.16 51.08 50.23 49.70 49.46 49.36 49.28 49.17 49.04 48.92 48.81 48.72 48.60 48.43 48.16 47.80 47.39 47.00 46.72 46.58 46.56 46.58 46.54 46.42 46.23 46.04 45.87 45.72 45.55 45.34 45.20 45.29 45.74 46.56 47.58 48.51 49.15 49.41 49.38 49.24 49.13 49.11 49.19 49.34 49.55 49.82 50.18 50.62 51.11 51.59 51.93 52.05 51.89 51.49 50.97 50.44 50.02 49.75 49.62 49.57 49.54 49.48 49.36 49.15 48.85 48.49 48.11 47.76 47.48 47.29 47.23 47.35 47.70 48.28 49.04 49.92 50.86 51.81 52.68 53.11 51.77 43.07 2.00 
75.00 61.14 55.97 53.27 51.69 50.81 50.33 49.98 49.59 49.10 48.58 48.18 48.02 48.15 48.56 49.17 49.88 50.60 51.27 51.82 52.19 52.33 52.23 51.97 51.62 51.26 50.92 50.64 50.45 50.40 50.48 50.64 50.81 50.93 50.98 50.98 50.92 50.79 50.55 50.16 49.60 48.93 48.28 47.83 47.75 48.09 48.80 49.71 50.61 51.36 51.91 52.23 52.37 52.37 52.28 52.17 52.06 51.95 51.79 51.57 51.28 51.02 50.87 50.88 51.03 51.26 51.49 51.66 51.77 51.85 51.95 52.12 52.36 52.65 52.94 53.17 53.31 53.32 53.18 52.88 52.43 51.87 51.28 50.74 50.33 50.07 49.94 49.92 49.99 50.10 50.21 50.23 50.08 49.73 49.21 48.63 48.11 47.79 47.77 48.06 48.61 49.30 50.04 50.77 51.50 52.24 52.99 53.69 54.25 54.62 54.79 54.79 54.66 54.39 53.93 53.22 52.28 51.22 50.22 49.46 49.00 48.80 48.72 48.64 48.53 48.40 48.28 48.19 48.11 48.00 47.85 47.62 47.31 46.97 46.67 46.51 46.52 46.67 46.87 47.00 47.03 46.95 46.81 46.65 46.47 46.25 46.02 45.86 45.92 46.30 47.01 47.87 48.66 49.16 49.31 49.19 48.97 48.78 48.70 48.72 48.82 48.98 49.22 49.56 50.02 50.57 51.15 51.63 51.88 51.84 51.54 51.11 50.69 50.41 50.34 50.42 50.56 50.63 50.54 50.29 49.88 49.37 48.83 48.32 47.89 47.56 47.34 47.23 47.28 47.50 47.91 48.48 49.18 49.99 50.90 51.89 53.07 55.23 62.43 94.00 
98.00 65.72 55.73 52.02 50.42 49.70 49.40 49.24 49.04 48.76 48.42 48.14 48.03 48.17 48.55 49.13 49.80 50.48 51.07 51.52 51.78 51.83 51.73 51.54 51.34 51.17 51.00 50.82 50.65 50.54 50.53 50.63 50.78 50.93 51.02 50.99 50.84 50.55 50.12 49.58 48.96 48.36 47.89 47.70 47.89 48.49 49.40 50.43 51.40 52.16 52.68 52.95 53.02 52.93 52.73 52.47 52.19 51.91 51.62 51.32 51.01 50.74 50.60 50.60 50.74 50.97 51.21 51.42 51.57 51.70 51.82 51.97 52.16 52.35 52.51 52.62 52.65 52.60 52.45 52.20 51.85 51.43 50.99 50.60 50.30 50.12 50.04 50.04 50.10 50.22 50.34 50.38 50.26 49.93 49.43 48.86 48.37 48.12 48.20 48.59 49.24 50.00 50.76 51.48 52.13 52.75 53.32 53.80 54.13 54.26 54.21 54.01 53.71 53.30 52.72 51.94 51.01 50.02 49.15 48.53 48.22 48.13 48.13 48.11 48.02 47.88 47.74 47.62 47.51 47.40 47.26 47.07 46.82 46.55 46.35 46.30 46.44 46.74 47.09 47.39 47.56 47.59 47.51 47.38 47.21 47.01 46.79 46.63 46.63 46.89 47.39 48.01 48.56 48.87 48.89 48.72 48.47 48.28 48.18 48.19 48.26 48.39 48.59 48.89 49.34 49.92 50.56 51.13 51.49 51.57 51.38 51.05 50.73 50.59 50.68 50.95 51.24 51.40 51.31 50.95 50.38 49.71 49.03 48.43 47.94 47.57 47.30 47.12 47.06 47.15 47.38 47.78 48.31 48.99 49.81 50.75 51.82 53.37 57.23 71.00 
34.00 48.23 49.57 49.10 48.64 48.43 48.42 48.49 48.54 48.50 48.39 48.27 48.24 48.38 48.72 49.21 49.77 50.32 50.77 51.07 51.20 51.20 51.11 51.02 50.99 50.99 50.96 50.85 50.68 50.54 50.50 50.60 50.82 51.06 51.21 51.20 50.98 50.55 49.97 49.33 48.71 48.22 47.95 48.00 48.40 49.12 50.06 51.04 51.91 52.56 52.98 53.19 53.24 53.15 52.95 52.67 52.36 52.04 51.71 51.38 51.06 50.78 50.60 50.55 50.62 50.80 51.02 51.25 51.46 51.64 51.79 51.91 52.00 52.03 51.98 51.85 51.68 51.47 51.26 51.03 50.77 50.50 50.25 50.04 49.93 49.91 49.96 50.05 50.17 50.31 50.43 50.47 50.35 50.04 49.56 49.03 48.58 48.38 48.50 48.95 49.63 50.41 51.17 51.86 52.45 52.97 53.39 53.69 53.81 53.73 53.50 53.15 52.72 52.18 51.51 50.68 49.75 48.84 48.11 47.68 47.55 47.63 47.75 47.80 47.74 47.60 47.43 47.26 47.11 46.98 46.83 46.67 46.47 46.27 46.15 46.19 46.43 46.85 47.33 47.76 48.05 48.16 48.15 48.05 47.90 47.74 47.56 47.42 47.38 47.48 47.72 48.03 48.29 48.39 48.32 48.13 47.93 47.80 47.76 47.79 47.85 47.94 48.08 48.32 48.72 49.26 49.90 50.50 50.93 51.11 51.02 50.79 50.57 50.53 50.74 51.13 51.53 51.75 51.67 51.26 50.62 49.86 49.11 48.46 47.93 47.52 47.19 46.95 46.79 46.76 46.87 47.12 47.52 48.07 48.77 49.51 49.95 49.01 41.97 6.00 
45.00 43.79 45.56 46.59 47.05 47.34 47.61 47.91 48.19 48.41 48.55 48.62 48.71 48.87 49.14 49.50 49.88 50.22 50.46 50.57 50.57 50.51 50.46 50.49 50.62 50.76 50.84 50.79 50.63 50.49 50.49 50.69 51.03 51.40 51.64 51.65 51.37 50.83 50.14 49.44 48.85 48.50 48.42 48.65 49.15 49.86 50.67 51.45 52.09 52.55 52.85 53.01 53.08 53.07 52.97 52.79 52.56 52.30 52.02 51.72 51.39 51.07 50.79 50.62 50.58 50.67 50.85 51.10 51.38 51.63 51.84 51.95 51.93 51.75 51.43 51.00 50.53 50.10 49.75 49.49 49.31 49.18 49.10 49.11 49.21 49.41 49.66 49.93 50.17 50.36 50.50 50.54 50.43 50.13 49.69 49.19 48.77 48.57 48.67 49.08 49.72 50.48 51.23 51.90 52.48 52.94 53.27 53.42 53.37 53.14 52.77 52.32 51.82 51.24 50.53 49.69 48.78 47.95 47.37 47.12 47.18 47.43 47.68 47.82 47.81 47.68 47.49 47.27 47.07 46.90 46.74 46.59 46.43 46.29 46.23 46.34 46.66 47.16 47.74 48.26 48.62 48.78 48.78 48.68 48.56 48.44 48.32 48.22 48.13 48.08 48.06 48.05 48.02 47.92 47.78 47.63 47.54 47.53 47.58 47.65 47.71 47.76 47.82 47.97 48.26 48.71 49.28 49.85 50.31 50.56 50.57 50.43 50.29 50.32 50.58 51.02 51.47 51.73 51.66 51.26 50.60 49.84 49.10 48.45 47.91 47.47 47.10 46.79 46.58 46.49 46.53 46.71 47.02 47.47 48.07 48.77 49.51 50.67 55.55 83.00 
20.00 36.51 42.57 45.04 46.14 46.74 47.19 47.63 48.08 48.50 48.86 49.15 49.38 49.59 49.81 50.03 50.19 50.27 50.24 50.13 49.98 49.87 49.87 50.02 50.29 50.56 50.73 50.72 50.61 50.53 50.64 50.98 51.49 52.00 52.34 52.36 52.03 51.40 50.63 49.89 49.35 49.10 49.15 49.46 49.95 50.53 51.10 51.60 51.98 52.24 52.43 52.59 52.72 52.83 52.88 52.87 52.79 52.66 52.48 52.22 51.87 51.46 51.05 50.71 50.51 50.49 50.65 50.93 51.29 51.65 51.93 52.06 51.96 51.59 50.99 50.24 49.45 48.75 48.21 47.88 47.71 47.68 47.75 47.94 48.25 48.68 49.18 49.67 50.09 50.40 50.59 50.65 50.55 50.29 49.88 49.41 48.98 48.72 48.72 49.01 49.54 50.22 50.95 51.65 52.27 52.74 53.04 53.11 52.94 52.58 52.12 51.63 51.14 50.58 49.91 49.10 48.25 47.51 47.06 46.97 47.21 47.61 48.00 48.24 48.29 48.18 47.98 47.74 47.50 47.29 47.12 46.97 46.83 46.73 46.71 46.87 47.23 47.79 48.42 49.00 49.39 49.55 49.51 49.37 49.23 49.13 49.07 49.02 48.91 48.74 48.50 48.22 47.94 47.68 47.49 47.39 47.41 47.52 47.67 47.78 47.84 47.84 47.83 47.88 48.04 48.36 48.81 49.30 49.74 50.03 50.12 50.07 50.02 50.08 50.35 50.77 51.20 51.46 51.40 51.02 50.42 49.73 49.05 48.45 47.94 47.49 47.09 46.76 46.53 46.44 46.49 46.65 46.92 47.30 47.80 48.40 48.86 48.70 46.55 36.00 
31.00 39.73 43.35 45.18 46.18 46.79 47.25 47.70 48.20 48.72 49.24 49.70 50.09 50.39 50.60 50.69 50.65 50.46 50.15 49.80 49.50 49.33 49.38 49.64 50.03 50.42 50.68 50.74 50.71 50.74 50.99 51.51 52.18 52.82 53.22 53.25 52.88 52.19 51.37 50.62 50.09 49.88 49.95 50.22 50.58 50.94 51.25 51.48 51.64 51.78 51.94 52.15 52.39 52.64 52.85 52.99 53.07 53.07 52.97 52.74 52.35 51.83 51.25 50.72 50.37 50.25 50.38 50.72 51.19 51.68 52.06 52.22 52.08 51.58 50.75 49.72 48.65 47.68 46.95 46.50 46.29 46.29 46.43 46.73 47.20 47.84 48.58 49.33 49.97 50.45 50.75 50.87 50.81 50.58 50.21 49.73 49.25 48.87 48.69 48.77 49.12 49.70 50.41 51.17 51.88 52.45 52.78 52.83 52.60 52.16 51.65 51.15 50.70 50.21 49.62 48.90 48.13 47.49 47.16 47.21 47.60 48.15 48.67 49.02 49.15 49.09 48.92 48.68 48.42 48.18 47.98 47.81 47.67 47.58 47.59 47.77 48.16 48.73 49.39 49.98 50.36 50.48 50.37 50.14 49.93 49.82 49.80 49.79 49.71 49.47 49.10 48.64 48.18 47.80 47.56 47.50 47.59 47.77 47.96 48.10 48.14 48.11 48.04 48.00 48.04 48.22 48.52 48.90 49.28 49.57 49.73 49.78 49.81 49.91 50.15 50.51 50.86 51.06 50.99 50.67 50.17 49.60 49.05 48.54 48.08 47.65 47.25 46.93 46.73 46.69 46.79 46.99 47.26 47.61 48.10 48.73 49.29 49.00 46.09 38.00 
59.00 48.04 45.95 46.27 46.92 47.42 47.77 48.10 48.49 48.99 49.55 50.13 50.64 51.04 51.27 51.30 51.09 50.68 50.14 49.57 49.12 48.91 48.98 49.33 49.83 50.33 50.69 50.85 50.92 51.08 51.49 52.16 52.96 53.69 54.13 54.16 53.77 53.08 52.25 51.47 50.92 50.64 50.61 50.71 50.86 50.98 51.06 51.10 51.18 51.32 51.57 51.90 52.28 52.65 52.98 53.23 53.40 53.47 53.41 53.17 52.71 52.06 51.32 50.63 50.15 49.96 50.09 50.50 51.08 51.68 52.16 52.38 52.23 51.67 50.73 49.54 48.27 47.11 46.21 45.61 45.31 45.24 45.36 45.68 46.22 47.01 47.97 48.98 49.89 50.59 51.06 51.28 51.28 51.08 50.70 50.18 49.59 49.02 48.59 48.42 48.55 49.00 49.71 50.56 51.42 52.13 52.57 52.65 52.40 51.92 51.38 50.90 50.50 50.10 49.60 48.97 48.30 47.75 47.52 47.69 48.21 48.91 49.58 50.06 50.30 50.32 50.20 49.99 49.73 49.47 49.22 49.00 48.82 48.71 48.71 48.88 49.26 49.83 50.48 51.06 51.41 51.46 51.25 50.92 50.62 50.47 50.46 50.51 50.47 50.26 49.85 49.31 48.76 48.30 48.02 47.95 48.03 48.19 48.35 48.44 48.46 48.40 48.30 48.21 48.18 48.23 48.38 48.62 48.89 49.15 49.36 49.50 49.61 49.75 49.96 50.22 50.46 50.59 50.52 50.26 49.90 49.49 49.10 48.73 48.36 47.99 47.65 47.37 47.24 47.26 47.43 47.68 47.97 48.34 48.92 49.87 51.21 52.42 51.06 37.00 
61.00 47.32 45.89 46.86 47.83 48.38 48.60 48.71 48.89 49.23 49.73 50.31 50.90 51.37 51.65 51.66 51.37 50.81 50.10 49.38 48.82 48.55 48.63 49.03 49.62 50.22 50.68 50.96 51.16 51.44 51.95 52.72 53.59 54.35 54.81 54.86 54.51 53.85 53.06 52.28 51.65 51.23 50.98 50.84 50.74 50.63 50.55 50.55 50.67 50.96 51.39 51.91 52.44 52.91 53.29 53.56 53.73 53.80 53.71 53.42 52.89 52.14 51.27 50.47 49.89 49.67 49.82 50.29 50.95 51.63 52.18 52.44 52.32 51.77 50.85 49.64 48.33 47.09 46.06 45.32 44.86 44.65 44.66 44.90 45.44 46.30 47.44 48.70 49.89 50.86 51.53 51.88 51.96 51.77 51.35 50.73 49.96 49.15 48.44 47.98 47.90 48.25 48.98 49.95 50.99 51.88 52.46 52.62 52.39 51.91 51.37 50.90 50.54 50.21 49.78 49.23 48.62 48.14 47.98 48.25 48.90 49.75 50.58 51.21 51.57 51.70 51.64 51.47 51.23 50.93 50.62 50.31 50.05 49.86 49.80 49.92 50.27 50.81 51.43 51.97 52.28 52.27 51.97 51.55 51.17 50.97 50.96 51.06 51.11 50.99 50.65 50.13 49.56 49.07 48.75 48.60 48.59 48.64 48.69 48.68 48.64 48.56 48.47 48.38 48.31 48.28 48.29 48.37 48.50 48.69 48.91 49.12 49.30 49.47 49.64 49.81 49.95 50.01 49.96 49.80 49.60 49.39 49.19 48.99 48.76 48.51 48.27 48.08 48.02 48.11 48.32 48.60 48.91 49.31 50.01 51.42 54.09 59.08 69.12 94.00 
9.00 33.99 42.90 46.88 48.75 49.47 49.57 49.42 49.32 49.42 49.75 50.27 50.84 51.35 51.67 51.70 51.39 50.78 49.98 49.18 48.54 48.22 48.28 48.69 49.32 49.99 50.55 50.93 51.23 51.59 52.17 52.95 53.82 54.56 55.02 55.11 54.85 54.31 53.60 52.84 52.13 51.52 51.03 50.62 50.27 50.00 49.86 49.92 50.21 50.72 51.39 52.12 52.78 53.31 53.68 53.90 54.00 53.99 53.83 53.48 52.89 52.09 51.17 50.31 49.69 49.44 49.60 50.10 50.79 51.49 52.04 52.32 52.25 51.80 51.01 49.95 48.74 47.53 46.44 45.56 44.92 44.51 44.33 44.43 44.90 45.78 47.04 48.50 49.96 51.20 52.10 52.62 52.77 52.57 52.07 51.29 50.31 49.23 48.24 47.53 47.28 47.56 48.35 49.48 50.71 51.80 52.52 52.78 52.61 52.16 51.63 51.18 50.84 50.54 50.15 49.63 49.04 48.59 48.47 48.81 49.55 50.54 51.52 52.30 52.79 53.00 53.01 52.88 52.63 52.29 51.89 51.47 51.07 50.76 50.59 50.63 50.91 51.39 51.97 52.47 52.74 52.69 52.35 51.87 51.44 51.21 51.21 51.36 51.51 51.51 51.29 50.87 50.36 49.88 49.51 49.27 49.12 48.99 48.85 48.70 48.56 48.46 48.40 48.36 48.31 48.24 48.14 48.06 48.05 48.12 48.30 48.54 48.77 48.97 49.10 49.20 49.26 49.29 49.28 49.25 49.22 49.22 49.23 49.23 49.20 49.13 49.04 48.98 48.99 49.11 49.32 49.57 49.86 50.24 50.97 52.49 55.55 61.46 72.75 93.00 
23.00 36.21 43.94 48.01 49.95 50.59 50.49 50.09 49.70 49.54 49.68 50.06 50.57 51.05 51.38 51.43 51.15 50.58 49.81 49.00 48.34 47.96 47.96 48.31 48.91 49.59 50.19 50.64 50.99 51.38 51.94 52.67 53.46 54.16 54.62 54.78 54.66 54.30 53.74 53.05 52.29 51.54 50.83 50.19 49.67 49.31 49.19 49.37 49.85 50.59 51.48 52.36 53.11 53.65 53.97 54.10 54.10 54.00 53.78 53.39 52.80 52.01 51.12 50.26 49.62 49.34 49.46 49.92 50.57 51.23 51.74 52.00 51.99 51.70 51.14 50.34 49.35 48.27 47.17 46.16 45.32 44.67 44.27 44.20 44.55 45.41 46.74 48.36 50.04 51.53 52.66 53.33 53.55 53.34 52.74 51.79 50.59 49.27 48.04 47.15 46.79 47.07 47.95 49.24 50.67 51.94 52.81 53.17 53.07 52.65 52.15 51.72 51.40 51.10 50.71 50.19 49.60 49.14 49.02 49.37 50.17 51.23 52.32 53.20 53.77 54.04 54.08 53.96 53.69 53.29 52.80 52.24 51.69 51.22 50.92 50.84 51.03 51.44 51.96 52.42 52.66 52.61 52.28 51.82 51.39 51.15 51.15 51.32 51.55 51.67 51.59 51.30 50.88 50.44 50.05 49.72 49.42 49.09 48.74 48.40 48.14 48.02 48.01 48.06 48.08 48.02 47.86 47.65 47.49 47.45 47.57 47.80 48.06 48.26 48.37 48.41 48.42 48.44 48.50 48.59 48.74 48.93 49.13 49.34 49.52 49.67 49.78 49.86 49.94 50.04 50.19 50.38 50.60 50.91 51.50 52.69 54.95 59.19 67.85 90.00 
33.00 43.24 47.51 49.93 51.18 51.50 51.19 50.57 49.98 49.62 49.57 49.80 50.19 50.60 50.90 50.97 50.77 50.30 49.64 48.91 48.27 47.85 47.75 47.97 48.46 49.05 49.60 50.03 50.37 50.72 51.20 51.82 52.50 53.12 53.57 53.83 53.90 53.76 53.41 52.87 52.16 51.36 50.54 49.78 49.17 48.80 48.73 49.02 49.65 50.53 51.52 52.47 53.22 53.72 53.97 54.02 53.96 53.80 53.57 53.23 52.71 52.03 51.21 50.40 49.75 49.40 49.42 49.77 50.29 50.84 51.27 51.52 51.58 51.47 51.19 50.71 50.01 49.09 48.02 46.89 45.84 44.95 44.34 44.09 44.34 45.15 46.49 48.21 50.05 51.72 53.02 53.84 54.14 53.92 53.24 52.16 50.78 49.29 47.92 46.92 46.53 46.85 47.83 49.28 50.89 52.32 53.32 53.78 53.73 53.37 52.90 52.49 52.16 51.85 51.45 50.92 50.31 49.82 49.67 49.98 50.75 51.81 52.92 53.82 54.41 54.68 54.70 54.53 54.22 53.76 53.16 52.48 51.78 51.16 50.72 50.53 50.63 50.96 51.43 51.86 52.12 52.12 51.87 51.49 51.11 50.88 50.84 50.99 51.22 51.40 51.41 51.24 50.92 50.54 50.16 49.78 49.35 48.85 48.29 47.76 47.39 47.23 47.28 47.44 47.59 47.60 47.43 47.15 46.88 46.75 46.82 47.05 47.32 47.54 47.63 47.64 47.63 47.65 47.75 47.93 48.19 48.50 48.85 49.22 49.60 49.97 50.27 50.48 50.59 50.65 50.70 50.79 50.94 51.19 51.62 52.28 53.04 53.11 49.83 35.00 
75.00 55.51 51.63 51.52 51.92 51.94 51.50 50.81 50.14 49.68 49.51 49.60 49.85 50.14 50.37 50.46 50.35 50.04 49.56 48.98 48.42 47.98 47.75 47.80 48.07 48.47 48.87 49.18 49.43 49.68 50.04 50.52 51.06 51.59 52.04 52.40 52.65 52.78 52.70 52.39 51.84 51.11 50.31 49.56 48.96 48.62 48.60 48.94 49.59 50.47 51.42 52.30 52.98 53.40 53.59 53.62 53.55 53.44 53.29 53.07 52.72 52.20 51.52 50.77 50.09 49.63 49.47 49.62 49.96 50.35 50.69 50.92 51.07 51.16 51.16 50.99 50.57 49.82 48.77 47.53 46.28 45.19 44.39 44.01 44.18 44.95 46.29 48.04 49.93 51.70 53.12 54.04 54.40 54.21 53.50 52.37 50.93 49.38 47.96 46.93 46.55 46.91 47.99 49.55 51.29 52.85 53.96 54.49 54.51 54.19 53.75 53.34 53.00 52.68 52.26 51.71 51.10 50.59 50.37 50.60 51.28 52.26 53.29 54.14 54.67 54.86 54.81 54.57 54.18 53.65 52.97 52.19 51.38 50.64 50.08 49.80 49.83 50.13 50.58 51.04 51.36 51.47 51.37 51.11 50.81 50.56 50.45 50.48 50.62 50.76 50.80 50.69 50.45 50.14 49.79 49.38 48.88 48.24 47.52 46.85 46.37 46.19 46.30 46.60 46.89 47.01 46.90 46.61 46.30 46.15 46.22 46.49 46.82 47.07 47.19 47.19 47.15 47.16 47.25 47.43 47.69 48.01 48.40 48.86 49.37 49.89 50.34 50.63 50.73 50.70 50.64 50.64 50.77 51.06 51.51 52.04 52.27 50.85 43.67 19.00 
52.00 51.45 50.74 51.13 51.63 51.75 51.42 50.83 50.22 49.76 49.53 49.50 49.61 49.76 49.89 49.97 49.96 49.84 49.59 49.23 48.80 48.39 48.06 47.88 47.88 47.99 48.13 48.25 48.33 48.46 48.69 49.03 49.44 49.88 50.31 50.74 51.18 51.56 51.78 51.76 51.45 50.91 50.24 49.58 49.06 48.78 48.78 49.08 49.64 50.37 51.14 51.84 52.37 52.71 52.87 52.94 52.96 52.98 53.00 52.99 52.86 52.54 52.02 51.33 50.60 49.97 49.57 49.45 49.54 49.75 49.99 50.23 50.47 50.74 50.98 51.09 50.89 50.27 49.23 47.90 46.49 45.23 44.32 43.89 44.05 44.83 46.16 47.89 49.76 51.53 52.96 53.91 54.32 54.18 53.54 52.46 51.08 49.58 48.20 47.21 46.84 47.21 48.31 49.92 51.72 53.36 54.54 55.15 55.23 54.95 54.53 54.11 53.74 53.38 52.95 52.40 51.80 51.28 51.02 51.15 51.70 52.53 53.43 54.15 54.57 54.65 54.48 54.14 53.66 53.06 52.32 51.47 50.59 49.77 49.15 48.83 48.85 49.18 49.69 50.24 50.70 50.98 51.06 50.96 50.72 50.42 50.15 49.98 49.92 49.92 49.90 49.80 49.61 49.35 49.04 48.64 48.10 47.39 46.57 45.79 45.24 45.06 45.26 45.69 46.14 46.40 46.37 46.13 45.85 45.75 45.90 46.28 46.72 47.08 47.26 47.27 47.21 47.15 47.15 47.22 47.36 47.57 47.88 48.31 48.85 49.43 49.93 50.22 50.26 50.12 49.95 49.90 50.08 50.53 51.25 52.24 53.46 54.68 55.19 53.00 
55.00 46.95 47.70 49.39 50.58 51.11 51.09 50.76 50.32 49.95 49.70 49.57 49.51 49.50 49.52 49.57 49.63 49.69 49.69 49.59 49.37 49.04 48.65 48.28 47.97 47.74 47.56 47.42 47.34 47.34 47.46 47.70 48.00 48.35 48.74 49.21 49.77 50.37 50.87 51.14 51.11 50.80 50.33 49.82 49.41 49.17 49.15 49.35 49.72 50.19 50.70 51.16 51.52 51.78 51.97 52.13 52.31 52.53 52.77 52.99 53.09 52.98 52.61 51.97 51.16 50.32 49.63 49.17 48.97 48.97 49.12 49.36 49.70 50.12 50.56 50.86 50.82 50.29 49.24 47.83 46.31 44.98 44.06 43.70 43.95 44.81 46.17 47.85 49.64 51.30 52.64 53.55 53.98 53.91 53.38 52.45 51.24 49.89 48.62 47.68 47.30 47.62 48.64 50.19 51.97 53.62 54.86 55.54 55.69 55.46 55.05 54.60 54.18 53.77 53.31 52.78 52.20 51.70 51.42 51.47 51.88 52.56 53.30 53.88 54.16 54.12 53.82 53.37 52.81 52.15 51.37 50.49 49.56 48.71 48.07 47.78 47.89 48.33 49.00 49.72 50.38 50.88 51.17 51.22 51.01 50.60 50.11 49.65 49.31 49.10 48.97 48.85 48.68 48.46 48.18 47.79 47.23 46.48 45.61 44.79 44.23 44.09 44.37 44.93 45.52 45.90 45.97 45.80 45.60 45.60 45.90 46.45 47.07 47.58 47.86 47.92 47.81 47.64 47.47 47.34 47.25 47.24 47.37 47.67 48.13 48.66 49.11 49.32 49.26 48.99 48.73 48.66 48.95 49.63 50.72 52.33 54.85 59.46 69.54 95.00 
6.00 33.20 42.93 47.22 49.36 50.40 50.76 50.75 50.55 50.30 50.05 49.80 49.57 49.38 49.26 49.25 49.36 49.55 49.78 49.96 49.99 49.83 49.46 48.95 48.37 47.79 47.29 46.91 46.66 46.58 46.66 46.84 47.08 47.36 47.69 48.14 48.75 49.47 50.17 50.68 50.90 50.81 50.52 50.16 49.83 49.62 49.55 49.60 49.75 49.95 50.17 50.40 50.62 50.85 51.10 51.40 51.76 52.18 52.63 53.06 53.35 53.41 53.14 52.52 51.60 50.53 49.50 48.66 48.12 47.88 47.91 48.15 48.58 49.13 49.71 50.14 50.19 49.70 48.65 47.20 45.65 44.34 43.53 43.34 43.81 44.83 46.27 47.92 49.58 51.06 52.23 53.01 53.40 53.39 53.01 52.30 51.31 50.18 49.05 48.16 47.73 47.92 48.77 50.16 51.82 53.43 54.68 55.43 55.65 55.49 55.10 54.62 54.14 53.66 53.16 52.62 52.08 51.62 51.35 51.36 51.69 52.24 52.85 53.31 53.47 53.32 52.92 52.37 51.75 51.04 50.24 49.34 48.40 47.57 46.99 46.81 47.08 47.74 48.64 49.61 50.51 51.26 51.75 51.91 51.69 51.14 50.37 49.58 48.93 48.50 48.25 48.09 47.94 47.76 47.50 47.11 46.54 45.77 44.90 44.09 43.57 43.49 43.85 44.51 45.20 45.66 45.79 45.68 45.58 45.70 46.17 46.90 47.72 48.40 48.81 48.91 48.76 48.45 48.08 47.69 47.32 47.05 46.94 47.04 47.34 47.74 48.05 48.13 47.92 47.54 47.20 47.16 47.57 48.46 49.79 51.60 54.26 58.92 68.59 91.00 
21.00 36.62 43.04 46.56 48.70 49.96 50.64 50.92 50.95 50.82 50.55 50.19 49.78 49.39 49.12 49.01 49.11 49.38 49.78 50.20 50.51 50.58 50.33 49.77 48.99 48.15 47.38 46.80 46.46 46.37 46.47 46.67 46.90 47.12 47.38 47.75 48.31 49.04 49.82 50.46 50.84 50.92 50.75 50.47 50.20 49.98 49.85 49.76 49.70 49.67 49.66 49.72 49.87 50.12 50.47 50.92 51.44 52.02 52.61 53.16 53.57 53.71 53.49 52.83 51.77 50.44 49.03 47.77 46.84 46.31 46.18 46.40 46.89 47.55 48.23 48.73 48.83 48.35 47.30 45.86 44.37 43.18 42.58 42.67 43.43 44.68 46.24 47.87 49.38 50.64 51.57 52.18 52.47 52.50 52.27 51.78 51.05 50.14 49.17 48.33 47.82 47.83 48.44 49.58 51.05 52.54 53.78 54.57 54.89 54.81 54.46 53.96 53.41 52.84 52.27 51.71 51.20 50.79 50.58 50.61 50.92 51.41 51.94 52.31 52.39 52.16 51.69 51.10 50.44 49.72 48.91 48.03 47.14 46.39 45.96 45.99 46.51 47.46 48.64 49.89 51.04 52.01 52.67 52.91 52.65 51.92 50.87 49.77 48.84 48.22 47.89 47.74 47.64 47.51 47.27 46.87 46.27 45.50 44.64 43.88 43.42 43.41 43.83 44.54 45.25 45.72 45.86 45.79 45.74 45.97 46.56 47.46 48.43 49.26 49.77 49.91 49.72 49.29 48.72 48.10 47.49 46.98 46.63 46.52 46.62 46.82 46.94 46.85 46.50 46.02 45.66 45.67 46.20 47.21 48.57 50.11 51.70 53.35 54.91 56.00 
77.00 49.02 45.69 46.90 48.55 49.87 50.77 51.30 51.52 51.46 51.17 50.68 50.09 49.52 49.08 48.86 48.88 49.16 49.65 50.25 50.81 51.13 51.07 50.57 49.73 48.73 47.79 47.11 46.76 46.73 46.92 47.21 47.48 47.67 47.83 48.07 48.49 49.11 49.83 50.49 50.92 51.06 50.95 50.70 50.43 50.19 49.98 49.79 49.59 49.40 49.28 49.27 49.43 49.75 50.21 50.78 51.40 52.05 52.70 53.27 53.69 53.82 53.56 52.81 51.56 49.92 48.09 46.35 44.97 44.09 43.76 43.90 44.42 45.14 45.88 46.41 46.52 46.05 45.02 43.65 42.28 41.30 40.97 41.39 42.45 43.95 45.62 47.22 48.57 49.59 50.27 50.66 50.85 50.88 50.76 50.48 49.99 49.31 48.50 47.70 47.12 46.94 47.29 48.14 49.36 50.69 51.86 52.70 53.11 53.12 52.82 52.31 51.69 51.03 50.38 49.78 49.28 48.95 48.82 48.93 49.28 49.77 50.26 50.58 50.61 50.35 49.87 49.27 48.62 47.93 47.18 46.39 45.66 45.13 44.99 45.35 46.23 47.50 48.98 50.46 51.82 52.95 53.72 53.99 53.67 52.78 51.50 50.14 49.01 48.27 47.93 47.85 47.85 47.80 47.59 47.18 46.56 45.77 44.93 44.23 43.85 43.89 44.34 45.01 45.66 46.07 46.16 46.06 46.03 46.30 46.96 47.92 48.97 49.88 50.45 50.61 50.39 49.89 49.20 48.44 47.68 47.00 46.49 46.19 46.08 46.06 45.97 45.69 45.21 44.68 44.33 44.42 45.04 46.13 47.41 48.51 48.93 47.67 41.57 18.00 
8.00 36.63 43.55 46.51 48.50 50.00 51.09 51.82 52.18 52.17 51.82 51.21 50.46 49.73 49.14 48.78 48.70 48.90 49.38 50.07 50.81 51.38 51.55 51.21 50.43 49.41 48.43 47.74 47.45 47.54 47.88 48.30 48.64 48.84 48.91 48.97 49.17 49.57 50.12 50.67 51.06 51.20 51.09 50.83 50.53 50.25 49.98 49.72 49.45 49.22 49.09 49.13 49.37 49.80 50.36 50.99 51.63 52.26 52.84 53.34 53.67 53.72 53.33 52.40 50.88 48.83 46.49 44.19 42.28 41.00 40.40 40.41 40.89 41.62 42.38 42.91 43.01 42.55 41.58 40.32 39.14 38.40 38.35 39.05 40.36 42.03 43.75 45.28 46.46 47.24 47.68 47.87 47.94 47.95 47.92 47.80 47.52 47.05 46.39 45.67 45.05 44.73 44.83 45.41 46.36 47.49 48.57 49.40 49.88 49.98 49.75 49.25 48.58 47.84 47.11 46.47 45.99 45.72 45.69 45.91 46.33 46.85 47.33 47.63 47.64 47.39 46.93 46.39 45.82 45.22 44.62 44.05 43.65 43.59 43.97 44.85 46.18 47.82 49.55 51.21 52.68 53.88 54.69 54.97 54.58 53.55 52.10 50.58 49.34 48.58 48.30 48.35 48.50 48.56 48.41 48.00 47.36 46.55 45.73 45.08 44.76 44.84 45.26 45.85 46.37 46.64 46.62 46.46 46.40 46.64 47.27 48.19 49.21 50.09 50.67 50.84 50.64 50.13 49.44 48.66 47.87 47.15 46.56 46.13 45.83 45.58 45.27 44.81 44.23 43.68 43.40 43.57 44.28 45.39 46.58 47.41 47.44 46.45 45.47 52.00 
61.00 45.82 45.16 46.86 48.71 50.30 51.54 52.40 52.84 52.84 52.43 51.71 50.83 49.97 49.26 48.78 48.57 48.65 49.04 49.71 50.54 51.29 51.70 51.59 50.98 50.07 49.17 48.56 48.39 48.62 49.11 49.68 50.12 50.34 50.33 50.20 50.14 50.26 50.56 50.94 51.22 51.31 51.17 50.89 50.56 50.23 49.93 49.63 49.35 49.16 49.11 49.29 49.67 50.22 50.84 51.46 52.03 52.54 52.98 53.33 53.51 53.38 52.80 51.58 49.65 47.03 43.97 40.94 38.43 36.70 35.81 35.65 36.03 36.70 37.41 37.90 37.97 37.55 36.67 35.58 34.62 34.12 34.30 35.18 36.60 38.28 39.93 41.31 42.30 42.86 43.10 43.13 43.10 43.09 43.11 43.11 43.00 42.70 42.21 41.59 41.00 40.59 40.53 40.87 41.57 42.49 43.43 44.22 44.72 44.88 44.70 44.24 43.57 42.79 42.02 41.36 40.90 40.70 40.77 41.08 41.57 42.11 42.58 42.85 42.86 42.64 42.25 41.81 41.36 40.94 40.59 40.43 40.65 41.41 42.66 44.33 46.26 48.29 50.24 51.99 53.48 54.67 55.45 55.69 55.24 54.14 52.60 51.01 49.75 49.03 48.85 49.05 49.35 49.54 49.47 49.09 48.43 47.62 46.83 46.23 45.96 46.06 46.44 46.92 47.28 47.38 47.22 46.96 46.81 46.96 47.48 48.27 49.16 49.95 50.48 50.66 50.50 50.08 49.48 48.81 48.13 47.48 46.90 46.40 45.94 45.47 44.93 44.30 43.65 43.12 42.92 43.19 43.96 45.07 46.16 46.75 46.37 44.63 41.50 38.00 
30.00 40.35 44.18 46.80 48.93 50.67 52.02 52.96 53.44 53.41 52.93 52.10 51.13 50.18 49.40 48.84 48.51 48.45 48.69 49.27 50.09 50.95 51.57 51.71 51.35 50.65 49.91 49.43 49.37 49.74 50.38 51.08 51.63 51.89 51.82 51.52 51.20 51.02 51.04 51.20 51.36 51.39 51.24 50.96 50.61 50.25 49.90 49.59 49.34 49.22 49.32 49.66 50.20 50.84 51.46 51.99 52.41 52.74 52.99 53.16 53.15 52.82 51.96 50.34 47.79 44.31 40.19 36.10 32.89 30.77 29.63 29.30 29.54 30.09 30.68 31.09 31.14 30.77 30.04 29.17 28.44 28.14 28.45 29.34 30.68 32.19 33.62 34.76 35.52 35.90 35.99 35.93 35.84 35.81 35.86 35.92 35.92 35.76 35.42 34.94 34.43 34.04 33.88 34.06 34.54 35.24 36.01 36.68 37.15 37.32 37.20 36.79 36.18 35.46 34.73 34.11 33.70 33.55 33.68 34.04 34.53 35.05 35.48 35.72 35.73 35.55 35.26 34.94 34.65 34.44 34.43 34.84 36.01 38.11 40.74 43.53 46.25 48.73 50.87 52.65 54.08 55.19 55.91 56.11 55.64 54.52 52.99 51.41 50.18 49.52 49.43 49.74 50.16 50.44 50.44 50.09 49.45 48.67 47.91 47.39 47.19 47.33 47.68 48.07 48.28 48.23 47.94 47.56 47.31 47.33 47.68 48.28 48.99 49.63 50.08 50.26 50.19 49.90 49.49 49.00 48.51 48.01 47.50 46.98 46.39 45.72 44.96 44.18 43.47 42.99 42.89 43.25 44.07 45.15 46.15 46.59 45.95 43.51 37.50 20.00 
42.00 41.24 44.13 46.93 49.24 51.09 52.51 53.47 53.93 53.85 53.27 52.35 51.30 50.32 49.51 48.92 48.52 48.33 48.41 48.83 49.58 50.47 51.25 51.65 51.57 51.12 50.57 50.22 50.26 50.71 51.45 52.28 52.94 53.26 53.16 52.73 52.17 51.71 51.46 51.41 51.46 51.47 51.35 51.10 50.76 50.38 50.00 49.66 49.43 49.40 49.63 50.11 50.76 51.43 51.98 52.36 52.57 52.69 52.75 52.75 52.57 52.03 50.84 48.68 45.29 40.55 34.78 28.99 25.09 22.77 21.59 21.18 21.28 21.66 22.08 22.37 22.40 22.12 21.59 20.98 20.49 20.34 20.64 21.38 22.42 23.57 24.63 25.45 25.97 26.19 26.21 26.11 26.02 25.99 26.04 26.12 26.16 26.10 25.90 25.57 25.20 24.88 24.73 24.80 25.10 25.58 26.13 26.63 26.99 27.14 27.05 26.75 26.27 25.70 25.11 24.62 24.31 24.21 24.35 24.66 25.08 25.50 25.83 26.01 26.02 25.89 25.70 25.51 25.37 25.36 25.65 26.63 28.96 33.22 37.91 42.24 45.94 48.93 51.26 53.03 54.37 55.39 56.04 56.22 55.78 54.73 53.29 51.79 50.62 50.00 49.93 50.25 50.68 50.99 51.01 50.69 50.10 49.38 48.72 48.30 48.22 48.44 48.83 49.17 49.30 49.15 48.76 48.29 47.92 47.80 47.97 48.37 48.88 49.36 49.72 49.91 49.92 49.80 49.58 49.32 49.03 48.70 48.30 47.77 47.08 46.24 45.31 44.39 43.64 43.20 43.19 43.64 44.49 45.55 46.51 46.97 46.57 45.25 44.58 55.00 
23.00 38.28 43.86 47.18 49.63 51.54 52.97 53.91 54.31 54.13 53.45 52.44 51.33 50.34 49.55 48.98 48.56 48.28 48.22 48.49 49.11 50.00 50.89 51.51 51.70 51.49 51.12 50.85 50.92 51.40 52.21 53.13 53.91 54.30 54.21 53.68 52.94 52.24 51.77 51.56 51.54 51.57 51.53 51.37 51.08 50.71 50.29 49.90 49.65 49.64 49.93 50.49 51.16 51.78 52.20 52.37 52.36 52.26 52.16 52.03 51.74 51.01 49.49 46.73 42.31 35.92 27.60 18.52 14.46 12.58 11.72 11.41 11.43 11.62 11.85 12.00 12.02 11.86 11.58 11.25 11.00 10.94 11.13 11.56 12.14 12.78 13.35 13.79 14.06 14.16 14.15 14.08 14.02 14.00 14.03 14.09 14.13 14.11 14.02 13.85 13.65 13.47 13.37 13.40 13.55 13.79 14.09 14.36 14.56 14.65 14.60 14.44 14.17 13.84 13.51 13.23 13.05 13.00 13.09 13.28 13.52 13.76 13.95 14.05 14.06 13.99 13.90 13.81 13.77 13.84 14.20 15.32 18.45 26.54 34.18 40.42 45.21 48.75 51.25 53.01 54.27 55.20 55.82 56.02 55.69 54.80 53.53 52.18 51.10 50.48 50.34 50.54 50.85 51.06 51.03 50.72 50.19 49.57 49.06 48.82 48.91 49.27 49.74 50.11 50.23 50.05 49.61 49.08 48.63 48.39 48.41 48.64 48.97 49.32 49.60 49.78 49.87 49.88 49.84 49.77 49.66 49.48 49.16 48.64 47.87 46.89 45.81 44.78 43.99 43.59 43.66 44.18 45.05 46.10 47.06 47.61 47.39 45.69 40.18 20.00 
54.00 44.83 45.54 47.90 50.17 52.02 53.40 54.27 54.56 54.26 53.47 52.37 51.23 50.25 49.53 49.01 48.61 48.29 48.13 48.26 48.78 49.62 50.59 51.39 51.80 51.79 51.52 51.27 51.30 51.74 52.55 53.55 54.43 54.92 54.85 54.28 53.41 52.54 51.91 51.62 51.60 51.71 51.81 51.78 51.59 51.24 50.78 50.32 50.00 49.93 50.18 50.69 51.29 51.78 52.00 51.95 51.71 51.44 51.22 51.03 50.68 49.83 48.03 44.72 39.31 31.20 19.52 1.89 0.81 0.67 0.62 0.60 0.60 0.61 0.62 0.63 0.63 0.63 0.61 0.59 0.58 0.58 0.59 0.61 0.64 0.67 0.71 0.73 0.74 0.75 0.75 0.74 0.74 0.74 0.74 0.74 0.75 0.74 0.74 0.73 0.72 0.71 0.71 0.71 0.71 0.73 0.74 0.76 0.77 0.77 0.77 0.76 0.75 0.73 0.71 0.70 0.69 0.69 0.69 0.70 0.71 0.73 0.74 0.74 0.74 0.74 0.73 0.73 0.73 0.73 0.75 0.86 1.86 18.90 30.23 38.36 44.16 48.16 50.81 52.55 53.73 54.61 55.23 55.51 55.35 54.70 53.70 52.58 51.62 50.98 50.71 50.69 50.75 50.74 50.57 50.21 49.73 49.26 48.95 48.92 49.22 49.76 50.35 50.80 50.97 50.80 50.38 49.85 49.37 49.06 48.99 49.10 49.32 49.56 49.77 49.94 50.06 50.16 50.25 50.31 50.32 50.23 49.95 49.41 48.58 47.49 46.29 45.18 44.36 43.99 44.10 44.66 45.55 46.61 47.63 48.45 48.99 49.39 50.09 52.00 
39.00 41.33 45.21 48.32 50.69 52.48 53.76 54.52 54.69 54.27 53.36 52.20 51.06 50.13 49.47 49.03 48.67 48.36 48.14 48.19 48.63 49.45 50.46 51.38 51.93 52.03 51.78 51.46 51.37 51.71 52.48 53.51 54.47 55.04 55.03 54.44 53.51 52.55 51.84 51.53 51.58 51.84 52.13 52.30 52.24 51.95 51.47 50.93 50.48 50.26 50.36 50.72 51.15 51.44 51.45 51.18 50.75 50.35 50.06 49.86 49.51 48.61 46.62 42.93 36.92 28.07 16.04 0.89 0.08 0.04 0.03 0.03 0.03 0.03 0.03 0.03 0.03 0.03 0.03 0.03 0.03 0.03 0.03 0.03 0.03 0.04 0.04 0.04 0.04 0.04 0.04 0.04 0.04 0.04 0.04 0.04 0.04 0.04 0.04 0.04 0.04 0.04 0.04 0.04 0.04 0.04 0.04 0.04 0.04 0.04 0.04 0.04 0.04 0.04 0.04 0.04 0.04 0.04 0.04 0.04 0.04 0.04 0.04 0.04 0.04 0.04 0.04 0.04 0.04 0.04 0.04 0.09 0.88 15.77 27.68 36.65 43.02 47.29 50.02 51.73 52.86 53.69 54.32 54.70 54.74 54.40 53.74 52.93 52.15 51.54 51.12 50.82 50.56 50.25 49.86 49.40 48.95 48.61 48.50 48.70 49.20 49.90 50.62 51.15 51.38 51.28 50.92 50.44 49.99 49.71 49.62 49.70 49.86 50.02 50.17 50.29 50.41 50.55 50.70 50.83 50.90 50.84 50.55 49.97 49.06 47.90 46.62 45.45 44.61 44.24 44.37 44.94 45.83 46.88 47.96 49.01 50.18 52.30 58.53 81.00 
4.00 36.11 45.36 49.12 51.33 52.90 54.02 54.64 54.68 54.15 53.18 52.01 50.90 50.05 49.47 49.10 48.79 48.50 48.28 48.30 48.71 49.52 50.56 51.53 52.14 52.24 51.93 51.47 51.20 51.37 52.05 53.05 54.05 54.68 54.72 54.15 53.21 52.23 51.53 51.27 51.46 51.92 52.45 52.84 52.96 52.76 52.29 51.67 51.06 50.65 50.52 50.63 50.83 50.91 50.73 50.29 49.73 49.24 48.92 48.73 48.40 47.48 45.38 41.49 35.20 26.18 14.45 0.77 0.04 0.00 0.00 0.00 0.00 0.00 0.00 0.00 0.00 0.00 0.00 0.00 0.00 0.00 0.00 0.00 0.00 0.00 0.00 0.00 0.00 0.00 0.00 0.00 0.00 0.00 0.00 0.00 0.00 0.00 0.00 0.00 0.00 0.00 0.00 0.00 0.00 0.00 0.00 0.00 0.00 0.00 0.00 0.00 0.00 0.00 0.00 0.00 0.00 0.00 0.00 0.00 0.00 0.00 0.00 0.00 0.00 0.00 0.00 0.00 0.00 0.00 0.00 0.04 0.76 14.41 26.16 35.34 41.94 46.33 49.08 50.76 51.83 52.60 53.21 53.66 53.89 53.86 53.58 53.15 52.64 52.13 51.61 51.07 50.48 49.84 49.19 48.58 48.12 47.87 47.93 48.31 48.97 49.78 50.56 51.15 51.43 51.40 51.13 50.76 50.42 50.23 50.21 50.31 50.45 50.57 50.64 50.70 50.79 50.92 51.08 51.23 51.30 51.21 50.88 50.24 49.26 48.02 46.68 45.49 44.63 44.26 44.39 44.95 45.81 46.84 47.92 48.99 50.00 50.76 50.55 47.00 
71.00 53.64 50.83 51.18 52.20 53.27 54.13 54.59 54.52 53.94 52.97 51.85 50.84 50.08 49.59 49.28 49.00 48.74 48.56 48.61 49.04 49.86 50.89 51.85 52.43 52.46 52.00 51.34 50.84 50.81 51.33 52.25 53.23 53.89 53.98 53.46 52.57 51.64 51.00 50.86 51.21 51.90 52.67 53.31 53.63 53.56 53.13 52.46 51.71 51.09 50.70 50.54 50.50 50.38 50.06 49.52 48.90 48.38 48.06 47.87 47.54 46.59 44.43 40.42 34.04 25.04 13.65 0.72 0.04 0.00 0.00 0.00 0.00 0.00 0.00 0.00 0.00 0.00 0.00 0.00 0.00 0.00 0.00 0.00 0.00 0.00 0.00 0.00 0.00 0.00 0.00 0.00 0.00 0.00 0.00 0.00 0.00 0.00 0.00 0.00 0.00 0.00 0.00 0.00 0.00 0.00 0.00 0.00 0.00 0.00 0.00 0.00 0.00 0.00 0.00 0.00 0.00 0.00 0.00 0.00 0.00 0.00 0.00 0.00 0.00 0.00 0.00 0.00 0.00 0.00 0.00 0.04 0.72 13.72 25.20 34.35 41.00 45.44 48.21 49.87 50.89 51.58 52.12 52.57 52.91 53.14 53.23 53.19 53.01 52.69 52.18 51.50 50.65 49.72 48.82 48.05 47.53 47.32 47.46 47.93 48.65 49.49 50.27 50.86 51.16 51.19 51.03 50.81 50.63 50.59 50.68 50.85 50.99 51.06 51.06 51.04 51.07 51.16 51.30 51.42 51.46 51.31 50.91 50.18 49.13 47.83 46.47 45.27 44.43 44.07 44.20 44.72 45.54 46.52 47.61 48.74 49.78 49.99 45.81 21.00 
70.00 56.67 53.16 52.48 52.79 53.42 54.04 54.35 54.22 53.64 52.74 51.75 50.89 50.26 49.85 49.57 49.31 49.07 48.94 49.07 49.56 50.39 51.40 52.28 52.76 52.65 52.01 51.13 50.40 50.13 50.46 51.24 52.15 52.81 52.95 52.53 51.73 50.91 50.38 50.37 50.89 51.78 52.78 53.64 54.15 54.23 53.87 53.18 52.35 51.55 50.94 50.55 50.29 50.03 49.63 49.07 48.46 47.95 47.62 47.42 47.04 46.02 43.78 39.69 33.28 24.35 13.20 0.70 0.04 0.00 0.00 0.00 0.00 0.00 0.00 0.00 0.00 0.00 0.00 0.00 0.00 0.00 0.00 0.00 0.00 0.00 0.00 0.00 0.00 0.00 0.00 0.00 0.00 0.00 0.00 0.00 0.00 0.00 0.00 0.00 0.00 0.00 0.00 0.00 0.00 0.00 0.00 0.00 0.00 0.00 0.00 0.00 0.00 0.00 0.00 0.00 0.00 0.00 0.00 0.00 0.00 0.00 0.00 0.00 0.00 0.00 0.00 0.00 0.00 0.00 0.00 0.04 0.70 13.29 24.54 33.61 40.27 44.77 47.59 49.28 50.26 50.87 51.29 51.65 52.00 52.38 52.76 53.08 53.26 53.18 52.79 52.07 51.10 49.98 48.89 47.98 47.37 47.12 47.26 47.71 48.40 49.18 49.90 50.43 50.73 50.81 50.76 50.69 50.69 50.82 51.04 51.27 51.41 51.41 51.33 51.23 51.18 51.21 51.30 51.36 51.33 51.11 50.63 49.82 48.70 47.37 46.02 44.85 44.05 43.73 43.86 44.35 45.11 46.05 47.14 48.45 50.28 53.55 61.67 89.00 
32.00 50.08 52.95 53.05 53.08 53.38 53.77 53.97 53.81 53.27 52.51 51.70 51.02 50.53 50.19 49.90 49.62 49.39 49.31 49.52 50.08 50.93 51.88 52.66 52.99 52.72 51.92 50.85 49.90 49.41 49.53 50.14 50.95 51.60 51.82 51.54 50.91 50.24 49.85 49.96 50.60 51.63 52.79 53.80 54.46 54.65 54.38 53.73 52.87 51.99 51.24 50.68 50.27 49.91 49.48 48.96 48.40 47.93 47.61 47.34 46.87 45.73 43.37 39.20 32.77 23.91 12.93 0.68 0.04 0.00 0.00 0.00 0.00 0.00 0.00 0.00 0.00 0.00 0.00 0.00 0.00 0.00 0.00 0.00 0.00 0.00 0.00 0.00 0.00 0.00 0.00 0.00 0.00 0.00 0.00 0.00 0.00 0.00 0.00 0.00 0.00 0.00 0.00 0.00 0.00 0.00 0.00 0.00 0.00 0.00 0.00 0.00 0.00 0.00 0.00 0.00 0.00 0.00 0.00 0.00 0.00 0.00 0.00 0.00 0.00 0.00 0.00 0.00 0.00 0.00 0.00 0.04 0.69 13.00 24.06 33.07 39.77 44.38 47.32 49.09 50.09 50.61 50.89 51.11 51.39 51.82 52.38 52.98 53.45 53.63 53.40 52.75 51.76 50.57 49.38 48.37 47.68 47.36 47.42 47.78 48.35 49.01 49.61 50.07 50.34 50.45 50.49 50.56 50.73 51.02 51.34 51.60 51.71 51.64 51.46 51.26 51.12 51.06 51.06 51.04 50.93 50.63 50.07 49.20 48.05 46.72 45.41 44.31 43.59 43.33 43.48 43.96 44.66 45.52 46.51 47.72 49.41 52.32 58.35 71.00 
65.00 59.08 56.12 54.29 53.44 53.28 53.42 53.50 53.32 52.87 52.26 51.66 51.17 50.81 50.49 50.15 49.79 49.52 49.47 49.75 50.36 51.22 52.11 52.77 52.96 52.56 51.64 50.45 49.36 48.69 48.61 49.05 49.77 50.44 50.79 50.72 50.32 49.85 49.59 49.78 50.47 51.53 52.74 53.81 54.54 54.80 54.61 54.03 53.23 52.36 51.56 50.92 50.42 49.99 49.55 49.08 48.60 48.17 47.83 47.48 46.86 45.56 43.06 38.81 32.36 23.56 12.73 0.67 0.04 0.00 0.00 0.00 0.00 0.00 0.00 0.00 0.00 0.00 0.00 0.00 0.00 0.00 0.00 0.00 0.00 0.00 0.00 0.00 0.00 0.00 0.00 0.00 0.00 0.00 0.00 0.00 0.00 0.00 0.00 0.00 0.00 0.00 0.00 0.00 0.00 0.00 0.00 0.00 0.00 0.00 0.00 0.00 0.00 0.00 0.00 0.00 0.00 0.00 0.00 0.00 0.00 0.00 0.00 0.00 0.00 0.00 0.00 0.00 0.00 0.00 0.00 0.04 0.68 12.81 23.75 32.75 39.53 44.28 47.38 49.28 50.34 50.82 50.99 51.06 51.24 51.64 52.28 53.04 53.72 54.09 54.02 53.48 52.53 51.37 50.17 49.14 48.40 48.00 47.94 48.16 48.58 49.10 49.59 49.96 50.19 50.31 50.41 50.59 50.88 51.27 51.66 51.92 51.96 51.79 51.50 51.19 50.93 50.75 50.62 50.49 50.29 49.93 49.33 48.44 47.30 46.01 44.76 43.77 43.16 42.98 43.18 43.66 44.32 45.07 45.89 46.73 47.53 48.13 48.51 51.00 
77.00 65.64 59.00 55.42 53.71 53.11 53.00 52.98 52.79 52.42 51.97 51.56 51.23 50.94 50.60 50.16 49.67 49.31 49.23 49.53 50.19 51.04 51.87 52.43 52.52 52.04 51.08 49.87 48.73 47.97 47.75 48.07 48.74 49.48 50.03 50.24 50.13 49.87 49.73 49.94 50.58 51.58 52.71 53.73 54.43 54.71 54.57 54.08 53.38 52.60 51.85 51.19 50.63 50.15 49.69 49.25 48.81 48.41 48.04 47.58 46.80 45.33 42.68 38.34 31.90 23.20 12.52 0.66 0.03 0.00 0.00 0.00 0.00 0.00 0.00 0.00 0.00 0.00 0.00 0.00 0.00 0.00 0.00 0.00 0.00 0.00 0.00 0.00 0.00 0.00 0.00 0.00 0.00 0.00 0.00 0.00 0.00 0.00 0.00 0.00 0.00 0.00 0.00 0.00 0.00 0.00 0.00 0.00 0.00 0.00 0.00 0.00 0.00 0.00 0.00 0.00 0.00 0.00 0.00 0.00 0.00 0.00 0.00 0.00 0.00 0.00 0.00 0.00 0.00 0.00 0.00 0.04 0.67 12.72 23.62 32.64 39.52 44.41 47.69 49.73 50.87 51.38 51.50 51.49 51.59 51.95 52.61 53.43 54.19 54.65 54.66 54.19 53.32 52.22 51.09 50.09 49.34 48.90 48.74 48.84 49.13 49.51 49.89 50.19 50.38 50.49 50.62 50.86 51.23 51.67 52.07 52.29 52.25 51.97 51.55 51.10 50.69 50.35 50.07 49.81 49.53 49.13 48.53 47.67 46.57 45.36 44.22 43.34 42.84 42.75 43.01 43.52 44.17 44.87 45.56 46.11 46.14 44.41 36.67 7.00 
90.00 68.09 59.82 55.68 53.60 52.74 52.47 52.36 52.17 51.88 51.56 51.30 51.09 50.83 50.41 49.82 49.17 48.66 48.50 48.78 49.44 50.28 51.07 51.56 51.60 51.13 50.22 49.09 48.01 47.25 47.00 47.28 47.98 48.87 49.68 50.22 50.42 50.37 50.32 50.48 50.98 51.80 52.76 53.64 54.24 54.47 54.35 53.95 53.37 52.71 52.04 51.39 50.79 50.24 49.74 49.27 48.84 48.43 48.00 47.43 46.49 44.85 42.08 37.69 31.29 22.73 12.26 0.65 0.03 0.00 0.00 0.00 0.00 0.00 0.00 0.00 0.00 0.00 0.00 0.00 0.00 0.00 0.00 0.00 0.00 0.00 0.00 0.00 0.00 0.00 0.00 0.00 0.00 0.00 0.00 0.00 0.00 0.00 0.00 0.00 0.00 0.00 0.00 0.00 0.00 0.00 0.00 0.00 0.00 0.00 0.00 0.00 0.00 0.00 0.00 0.00 0.00 0.00 0.00 0.00 0.00 0.00 0.00 0.00 0.00 0.00 0.00 0.00 0.00 0.00 0.00 0.04 0.67 12.73 23.66 32.74 39.70 44.70 48.09 50.24 51.49 52.07 52.23 52.24 52.34 52.69 53.34 54.15 54.89 55.33 55.32 54.85 54.02 52.98 51.93 51.01 50.31 49.87 49.68 49.72 49.92 50.21 50.51 50.74 50.88 50.97 51.10 51.36 51.76 52.23 52.61 52.78 52.65 52.26 51.71 51.10 50.51 49.97 49.51 49.12 48.77 48.37 47.80 47.01 46.00 44.89 43.86 43.09 42.69 42.68 43.01 43.56 44.24 44.98 45.71 46.37 46.85 46.97 46.90 49.00 
36.00 57.49 57.47 54.83 52.96 52.06 51.72 51.56 51.38 51.16 50.96 50.81 50.66 50.39 49.88 49.13 48.29 47.62 47.35 47.57 48.19 49.00 49.74 50.19 50.24 49.84 49.07 48.12 47.21 46.58 46.41 46.77 47.58 48.68 49.80 50.68 51.17 51.32 51.29 51.34 51.64 52.21 52.93 53.61 54.06 54.21 54.08 53.73 53.25 52.69 52.09 51.45 50.80 50.16 49.56 49.02 48.54 48.09 47.60 46.93 45.86 44.10 41.24 36.85 30.54 22.15 11.94 0.63 0.03 0.00 0.00 0.00 0.00 0.00 0.00 0.00 0.00 0.00 0.00 0.00 0.00 0.00 0.00 0.00 0.00 0.00 0.00 0.00 0.00 0.00 0.00 0.00 0.00 0.00 0.00 0.00 0.00 0.00 0.00 0.00 0.00 0.00 0.00 0.00 0.00 0.00 0.00 0.00 0.00 0.00 0.00 0.00 0.00 0.00 0.00 0.00 0.00 0.00 0.00 0.00 0.00 0.00 0.00 0.00 0.00 0.00 0.00 0.00 0.00 0.00 0.00 0.04 0.68 12.83 23.85 32.99 40.00 45.03 48.44 50.65 51.98 52.67 52.97 53.09 53.28 53.69 54.33 55.09 55.74 56.07 55.96 55.42 54.55 53.53 52.54 51.69 51.07 50.70 50.56 50.61 50.80 51.05 51.30 51.48 51.57 51.63 51.75 52.01 52.41 52.87 53.23 53.36 53.17 52.70 52.03 51.27 50.48 49.74 49.09 48.58 48.18 47.78 47.27 46.56 45.64 44.64 43.73 43.06 42.73 42.78 43.15 43.75 44.49 45.32 46.19 47.13 48.24 50.01 55.13 77.00 
97.00 68.91 58.59 54.03 51.91 51.02 50.68 50.52 50.37 50.22 50.11 50.05 49.95 49.66 49.06 48.17 47.17 46.35 45.96 46.08 46.63 47.37 48.05 48.48 48.57 48.30 47.75 47.07 46.44 46.06 46.08 46.60 47.62 48.96 50.38 51.55 52.29 52.55 52.49 52.38 52.44 52.74 53.21 53.67 53.97 54.03 53.86 53.52 53.09 52.58 52.00 51.34 50.61 49.86 49.14 48.49 47.93 47.42 46.87 46.13 45.00 43.17 40.28 35.93 29.74 21.56 11.62 0.61 0.03 0.00 0.00 0.00 0.00 0.00 0.00 0.00 0.00 0.00 0.00 0.00 0.00 0.00 0.00 0.00 0.00 0.00 0.00 0.00 0.00 0.00 0.00 0.00 0.00 0.00 0.00 0.00 0.00 0.00 0.00 0.00 0.00 0.00 0.00 0.00 0.00 0.00 0.00 0.00 0.00 0.00 0.00 0.00 0.00 0.00 0.00 0.00 0.00 0.00 0.00 0.00 0.00 0.00 0.00 0.00 0.00 0.00 0.00 0.00 0.00 0.00 0.00 0.04 0.68 12.97 24.09 33.29 40.29 45.26 48.63 50.82 52.20 53.03 53.51 53.84 54.19 54.69 55.35 56.04 56.57 56.76 56.50 55.83 54.87 53.81 52.81 52.01 51.48 51.21 51.18 51.33 51.58 51.85 52.09 52.24 52.30 52.33 52.43 52.67 53.05 53.50 53.84 53.96 53.75 53.24 52.49 51.59 50.64 49.71 48.91 48.29 47.85 47.46 46.99 46.34 45.50 44.60 43.78 43.19 42.93 43.00 43.38 44.01 44.81 45.73 46.79 47.98 49.25 49.99 46.76 21.00 
90.00 62.98 54.61 51.40 50.05 49.53 49.34 49.25 49.15 49.07 49.05 49.06 49.01 48.72 48.08 47.11 46.01 45.07 44.55 44.55 44.97 45.60 46.20 46.61 46.76 46.67 46.40 46.08 45.82 45.77 46.08 46.85 48.09 49.67 51.31 52.70 53.56 53.84 53.69 53.39 53.21 53.26 53.50 53.78 53.95 53.93 53.72 53.37 52.95 52.44 51.84 51.13 50.31 49.44 48.58 47.81 47.14 46.57 45.99 45.24 44.09 42.27 39.43 35.15 29.08 21.08 11.36 0.60 0.03 0.00 0.00 0.00 0.00 0.00 0.00 0.00 0.00 0.00 0.00 0.00 0.00 0.00 0.00 0.00 0.00 0.00 0.00 0.00 0.00 0.00 0.00 0.00 0.00 0.00 0.00 0.00 0.00 0.00 0.00 0.00 0.00 0.00 0.00 0.00 0.00 0.00 0.00 0.00 0.00 0.00 0.00 0.00 0.00 0.00 0.00 0.00 0.00 0.00 0.00 0.00 0.00 0.00 0.00 0.00 0.00 0.00 0.00 0.00 0.00 0.00 0.00 0.04 0.69 13.09 24.29 33.50 40.44 45.31 48.56 50.69 52.11 53.07 53.76 54.32 54.87 55.48 56.16 56.79 57.21 57.25 56.85 56.03 54.95 53.79 52.74 51.94 51.47 51.32 51.43 51.71 52.07 52.42 52.70 52.86 52.92 52.94 53.02 53.23 53.58 53.99 54.33 54.46 54.28 53.78 52.99 52.01 50.93 49.88 48.97 48.29 47.82 47.43 46.97 46.34 45.54 44.70 43.96 43.44 43.21 43.29 43.66 44.26 45.07 46.09 47.36 48.98 51.11 54.25 61.12 88.00 
3.00 38.70 45.95 47.37 47.67 47.79 47.86 47.86 47.83 47.83 47.89 47.99 48.00 47.75 47.11 46.12 44.98 43.96 43.32 43.17 43.41 43.87 44.36 44.74 44.98 45.12 45.19 45.27 45.44 45.79 46.43 47.47 48.92 50.67 52.44 53.90 54.76 54.95 54.65 54.15 53.74 53.58 53.65 53.81 53.90 53.84 53.61 53.27 52.84 52.33 51.70 50.94 50.05 49.07 48.10 47.20 46.44 45.81 45.22 44.50 43.42 41.67 38.91 34.72 28.75 20.85 11.24 0.59 0.03 0.00 0.00 0.00 0.00 0.00 0.00 0.00 0.00 0.00 0.00 0.00 0.00 0.00 0.00 0.00 0.00 0.00 0.00 0.00 0.00 0.00 0.00 0.00 0.00 0.00 0.00 0.00 0.00 0.00 0.00 0.00 0.00 0.00 0.00 0.00 0.00 0.00 0.00 0.00 0.00 0.00 0.00 0.00 0.00 0.00 0.00 0.00 0.00 0.00 0.00 0.00 0.00 0.00 0.00 0.00 0.00 0.00 0.00 0.00 0.00 0.00 0.00 0.04 0.69 13.13 24.33 33.49 40.34 45.08 48.21 50.27 51.71 52.80 53.69 54.46 55.19 55.90 56.58 57.16 57.49 57.44 56.93 56.00 54.81 53.53 52.39 51.54 51.09 51.02 51.26 51.69 52.19 52.65 53.02 53.25 53.36 53.40 53.46 53.63 53.92 54.29 54.62 54.76 54.63 54.16 53.38 52.37 51.24 50.15 49.22 48.53 48.05 47.65 47.16 46.51 45.72 44.90 44.21 43.74 43.54 43.61 43.91 44.45 45.22 46.30 47.78 49.80 52.42 55.22 55.76 42.00 
56.00 43.07 43.46 44.82 45.72 46.23 46.49 46.58 46.61 46.67 46.82 47.01 47.11 46.93 46.35 45.38 44.23 43.15 42.38 42.03 42.06 42.32 42.67 43.04 43.41 43.80 44.25 44.77 45.38 46.12 47.09 48.36 49.97 51.79 53.56 54.94 55.66 55.69 55.18 54.47 53.86 53.54 53.49 53.57 53.64 53.59 53.41 53.13 52.75 52.29 51.69 50.92 50.00 48.96 47.90 46.91 46.08 45.41 44.84 44.19 43.20 41.57 38.91 34.81 28.87 20.96 11.31 0.60 0.03 0.00 0.00 0.00 0.00 0.00 0.00 0.00 0.00 0.00 0.00 0.00 0.00 0.00 0.00 0.00 0.00 0.00 0.00 0.00 0.00 0.00 0.00 0.00 0.00 0.00 0.00 0.00 0.00 0.00 0.00 0.00 0.00 0.00 0.00 0.00 0.00 0.00 0.00 0.00 0.00 0.00 0.00 0.00 0.00 0.00 0.00 0.00 0.00 0.00 0.00 0.00 0.00 0.00 0.00 0.00 0.00 0.00 0.00 0.00 0.00 0.00 0.00 0.04 0.69 13.04 24.16 33.23 39.96 44.59 47.62 49.63 51.09 52.28 53.33 54.27 55.11 55.88 56.55 57.08 57.36 57.26 56.72 55.76 54.49 53.13 51.89 50.98 50.50 50.46 50.78 51.32 51.94 52.53 53.02 53.37 53.57 53.66 53.73 53.85 54.08 54.38 54.67 54.82 54.71 54.27 53.52 52.52 51.41 50.37 49.51 48.89 48.45 48.05 47.54 46.85 46.03 45.21 44.54 44.10 43.90 43.92 44.13 44.55 45.25 46.35 48.05 50.60 54.24 59.08 65.10 74.00 
16.00 34.31 40.28 42.99 44.39 45.11 45.45 45.58 45.64 45.76 45.99 46.28 46.49 46.40 45.90 44.98 43.83 42.69 41.78 41.23 41.02 41.08 41.31 41.68 42.20 42.86 43.68 44.61 45.61 46.70 47.93 49.37 51.04 52.83 54.48 55.67 56.16 55.94 55.20 54.27 53.48 53.01 52.86 52.91 53.00 53.03 52.98 52.84 52.64 52.32 51.84 51.15 50.26 49.21 48.11 47.07 46.20 45.53 45.00 44.43 43.58 42.08 39.52 35.46 29.48 21.43 11.57 0.61 0.03 0.00 0.00 0.00 0.00 0.00 0.00 0.00 0.00 0.00 0.00 0.00 0.00 0.00 0.00 0.00 0.00 0.00 0.00 0.00 0.00 0.00 0.00 0.00 0.00 0.00 0.00 0.00 0.00 0.00 0.00 0.00 0.00 0.00 0.00 0.00 0.00 0.00 0.00 0.00 0.00 0.00 0.00 0.00 0.00 0.00 0.00 0.00 0.00 0.00 0.00 0.00 0.00 0.00 0.00 0.00 0.00 0.00 0.00 0.00 0.00 0.00 0.00 0.04 0.68 12.85 23.81 32.74 39.37 43.92 46.89 48.87 50.34 51.59 52.73 53.75 54.66 55.43 56.08 56.58 56.84 56.76 56.26 55.33 54.07 52.68 51.39 50.42 49.89 49.83 50.16 50.74 51.44 52.14 52.77 53.25 53.58 53.75 53.84 53.93 54.08 54.30 54.52 54.62 54.49 54.05 53.30 52.35 51.33 50.42 49.72 49.25 48.91 48.55 48.03 47.32 46.48 45.66 44.99 44.53 44.29 44.23 44.32 44.61 45.20 46.29 48.16 51.19 55.83 62.62 72.06 84.00 
42.00 38.02 40.60 42.76 43.99 44.60 44.87 44.96 45.02 45.18 45.49 45.89 46.20 46.23 45.81 44.95 43.81 42.61 41.58 40.84 40.43 40.32 40.47 40.87 41.54 42.46 43.58 44.82 46.12 47.43 48.81 50.31 51.95 53.62 55.08 56.01 56.24 55.74 54.75 53.61 52.63 52.01 51.76 51.77 51.90 52.06 52.21 52.34 52.42 52.37 52.12 51.59 50.79 49.77 48.66 47.61 46.75 46.12 45.67 45.23 44.53 43.18 40.71 36.64 30.53 22.23 12.01 0.63 0.03 0.00 0.00 0.00 0.00 0.00 0.00 0.00 0.00 0.00 0.00 0.00 0.00 0.00 0.00 0.00 0.00 0.00 0.00 0.00 0.00 0.00 0.00 0.00 0.00 0.00 0.00 0.00 0.00 0.00 0.00 0.00 0.00 0.00 0.00 0.00 0.00 0.00 0.00 0.00 0.00 0.00 0.00 0.00 0.00 0.00 0.00 0.00 0.00 0.00 0.00 0.00 0.00 0.00 0.00 0.00 0.00 0.00 0.00 0.00 0.00 0.00 0.00 0.04 0.67 12.61 23.37 32.17 38.72 43.21 46.15 48.11 49.56 50.79 51.93 52.96 53.86 54.61 55.24 55.72 56.00 55.99 55.58 54.76 53.60 52.27 50.99 50.00 49.42 49.30 49.58 50.13 50.85 51.62 52.36 52.99 53.44 53.71 53.83 53.90 53.99 54.11 54.23 54.24 54.03 53.53 52.77 51.86 50.96 50.24 49.76 49.50 49.32 49.05 48.58 47.89 47.08 46.27 45.58 45.08 44.76 44.59 44.54 44.68 45.15 46.17 48.07 51.27 56.42 64.47 77.08 98.00 
16.00 35.33 41.60 43.77 44.50 44.71 44.72 44.68 44.71 44.90 45.28 45.78 46.21 46.34 46.02 45.25 44.15 42.96 41.87 41.02 40.48 40.27 40.38 40.82 41.61 42.70 44.01 45.42 46.85 48.24 49.63 51.07 52.60 54.09 55.31 55.99 55.95 55.20 53.99 52.63 51.46 50.67 50.30 50.26 50.44 50.75 51.15 51.61 52.06 52.38 52.42 52.09 51.39 50.41 49.32 48.30 47.49 46.96 46.67 46.42 45.91 44.73 42.35 38.23 31.92 23.26 12.57 0.66 0.04 0.00 0.00 0.00 0.00 0.00 0.00 0.00 0.00 0.00 0.00 0.00 0.00 0.00 0.00 0.00 0.00 0.00 0.00 0.00 0.00 0.00 0.00 0.00 0.00 0.00 0.00 0.00 0.00 0.00 0.00 0.00 0.00 0.00 0.00 0.00 0.00 0.00 0.00 0.00 0.00 0.00 0.00 0.00 0.00 0.00 0.00 0.00 0.00 0.00 0.00 0.00 0.00 0.00 0.00 0.00 0.00 0.00 0.00 0.00 0.00 0.00 0.00 0.03 0.65 12.40 23.00 31.67 38.16 42.61 45.51 47.41 48.78 49.92 50.96 51.92 52.76 53.49 54.10 54.60 54.93 55.01 54.73 54.06 53.06 51.87 50.70 49.75 49.15 48.95 49.13 49.60 50.28 51.07 51.90 52.64 53.22 53.57 53.74 53.80 53.83 53.87 53.88 53.76 53.42 52.83 52.03 51.16 50.39 49.87 49.64 49.61 49.62 49.49 49.12 48.52 47.78 47.02 46.33 45.78 45.35 45.03 44.84 44.84 45.17 46.04 47.73 50.59 55.25 62.68 74.32 90.00 
38.00 45.89 47.03 46.60 45.90 45.30 44.88 44.65 44.61 44.82 45.26 45.85 46.38 46.63 46.43 45.79 44.83 43.75 42.73 41.90 41.35 41.10 41.21 41.68 42.50 43.64 44.97 46.38 47.75 49.05 50.30 51.59 52.91 54.19 55.18 55.64 55.38 54.45 53.05 51.52 50.18 49.24 48.74 48.64 48.84 49.28 49.94 50.74 51.58 52.27 52.60 52.45 51.82 50.85 49.77 48.79 48.10 47.76 47.70 47.72 47.49 46.51 44.24 40.05 33.50 24.43 13.21 0.70 0.04 0.00 0.00 0.00 0.00 0.00 0.00 0.00 0.00 0.00 0.00 0.00 0.00 0.00 0.00 0.00 0.00 0.00 0.00 0.00 0.00 0.00 0.00 0.00 0.00 0.00 0.00 0.00 0.00 0.00 0.00 0.00 0.00 0.00 0.00 0.00 0.00 0.00 0.00 0.00 0.00 0.00 0.00 0.00 0.00 0.00 0.00 0.00 0.00 0.00 0.00 0.00 0.00 0.00 0.00 0.00 0.00 0.00 0.00 0.00 0.00 0.00 0.00 0.03 0.65 12.28 22.78 31.39 37.81 42.22 45.04 46.83 48.04 49.00 49.87 50.68 51.44 52.13 52.74 53.28 53.68 53.85 53.70 53.20 52.40 51.42 50.43 49.59 49.02 48.77 48.83 49.19 49.79 50.57 51.43 52.26 52.93 53.37 53.58 53.64 53.64 53.60 53.51 53.27 52.81 52.12 51.27 50.44 49.79 49.46 49.44 49.62 49.81 49.83 49.59 49.13 48.51 47.84 47.19 46.59 46.06 45.61 45.28 45.15 45.34 45.96 47.16 49.10 52.17 57.38 67.89 95.00 
89.00 63.41 54.45 50.18 47.68 46.13 45.20 44.73 44.61 44.81 45.29 45.94 46.55 46.92 46.90 46.49 45.79 44.97 44.17 43.51 43.06 42.86 42.96 43.40 44.16 45.19 46.37 47.60 48.75 49.80 50.80 51.82 52.89 53.94 54.72 55.00 54.61 53.56 52.06 50.44 49.00 47.94 47.35 47.20 47.41 47.95 48.80 49.89 51.04 52.02 52.57 52.52 51.90 50.88 49.77 48.85 48.31 48.23 48.51 48.90 49.00 48.28 46.12 41.87 35.07 25.59 13.83 0.73 0.04 0.00 0.00 0.00 0.00 0.00 0.00 0.00 0.00 0.00 0.00 0.00 0.00 0.00 0.00 0.00 0.00 0.00 0.00 0.00 0.00 0.00 0.00 0.00 0.00 0.00 0.00 0.00 0.00 0.00 0.00 0.00 0.00 0.00 0.00 0.00 0.00 0.00 0.00 0.00 0.00 0.00 0.00 0.00 0.00 0.00 0.00 0.00 0.00 0.00 0.00 0.00 0.00 0.00 0.00 0.00 0.00 0.00 0.00 0.00 0.00 0.00 0.00 0.03 0.65 12.28 22.77 31.35 37.72 42.04 44.74 46.35 47.35 48.07 48.71 49.34 49.98 50.61 51.23 51.80 52.25 52.50 52.47 52.14 51.55 50.82 50.06 49.40 48.90 48.63 48.62 48.87 49.38 50.12 50.99 51.87 52.60 53.10 53.35 53.42 53.40 53.33 53.19 52.87 52.33 51.58 50.71 49.90 49.34 49.15 49.29 49.63 49.96 50.10 50.00 49.67 49.21 48.68 48.09 47.49 46.88 46.33 45.89 45.66 45.69 45.99 46.49 47.03 47.38 47.10 45.01 37.00 
73.00 64.63 57.73 52.69 49.19 46.92 45.56 44.86 44.65 44.82 45.30 45.96 46.63 47.12 47.33 47.24 46.93 46.51 46.09 45.72 45.45 45.33 45.41 45.73 46.31 47.09 47.98 48.88 49.70 50.41 51.06 51.76 52.55 53.36 53.97 54.13 53.66 52.58 51.08 49.46 48.02 46.95 46.34 46.16 46.38 46.98 47.94 49.19 50.54 51.68 52.32 52.27 51.56 50.45 49.28 48.40 48.05 48.28 48.95 49.76 50.24 49.79 47.74 43.44 36.41 26.57 14.36 0.76 0.04 0.00 0.00 0.00 0.00 0.00 0.00 0.00 0.00 0.00 0.00 0.00 0.00 0.00 0.00 0.00 0.00 0.00 0.00 0.00 0.00 0.00 0.00 0.00 0.00 0.00 0.00 0.00 0.00 0.00 0.00 0.00 0.00 0.00 0.00 0.00 0.00 0.00 0.00 0.00 0.00 0.00 0.00 0.00 0.00 0.00 0.00 0.00 0.00 0.00 0.00 0.00 0.00 0.00 0.00 0.00 0.00 0.00 0.00 0.00 0.00 0.00 0.00 0.03 0.65 12.38 22.93 31.51 37.82 42.03 44.57 45.98 46.74 47.20 47.59 48.01 48.50 49.05 49.64 50.22 50.71 51.01 51.07 50.88 50.50 50.01 49.51 49.05 48.68 48.45 48.40 48.58 49.03 49.73 50.58 51.47 52.23 52.75 53.03 53.12 53.12 53.06 52.93 52.62 52.09 51.34 50.48 49.71 49.21 49.09 49.32 49.75 50.15 50.37 50.36 50.16 49.84 49.45 48.97 48.41 47.79 47.19 46.69 46.38 46.26 46.22 46.01 45.20 43.14 38.51 27.97 1.00 
61.00 64.78 59.89 54.56 50.43 47.65 45.96 45.07 44.76 44.87 45.29 45.90 46.59 47.20 47.65 47.95 48.12 48.20 48.23 48.21 48.15 48.09 48.10 48.23 48.52 48.96 49.48 49.98 50.41 50.74 51.04 51.41 51.93 52.53 53.00 53.08 52.60 51.55 50.12 48.59 47.25 46.27 45.72 45.58 45.82 46.44 47.44 48.74 50.13 51.30 51.91 51.77 50.93 49.69 48.45 47.61 47.43 47.97 49.04 50.25 51.07 50.84 48.87 44.51 37.31 27.21 14.70 0.78 0.04 0.00 0.00 0.00 0.00 0.00 0.00 0.00 0.00 0.00 0.00 0.00 0.00 0.00 0.00 0.00 0.00 0.00 0.00 0.00 0.00 0.00 0.00 0.00 0.00 0.00 0.00 0.00 0.00 0.00 0.00 0.00 0.00 0.00 0.00 0.00 0.00 0.00 0.00 0.00 0.00 0.00 0.00 0.00 0.00 0.00 0.00 0.00 0.00 0.00 0.00 0.00 0.00 0.00 0.00 0.00 0.00 0.00 0.00 0.00 0.00 0.00 0.00 0.03 0.66 12.53 23.17 31.78 38.04 42.13 44.50 45.70 46.23 46.46 46.62 46.84 47.17 47.61 48.13 48.68 49.16 49.48 49.60 49.53 49.33 49.06 48.78 48.51 48.29 48.14 48.12 48.30 48.72 49.37 50.20 51.05 51.80 52.32 52.61 52.72 52.76 52.78 52.74 52.54 52.11 51.45 50.66 49.93 49.46 49.36 49.60 50.04 50.45 50.69 50.72 50.59 50.38 50.11 49.75 49.28 48.72 48.13 47.63 47.27 47.01 46.67 45.89 44.19 40.92 35.35 27.07 19.00 
94.00 74.09 63.41 56.37 51.55 48.39 46.46 45.43 45.00 44.99 45.29 45.82 46.48 47.19 47.89 48.57 49.22 49.80 50.27 50.58 50.69 50.64 50.52 50.40 50.36 50.41 50.53 50.65 50.71 50.70 50.69 50.80 51.10 51.54 51.92 51.97 51.51 50.53 49.21 47.83 46.64 45.82 45.39 45.33 45.61 46.24 47.23 48.50 49.85 50.94 51.44 51.18 50.21 48.85 47.56 46.75 46.72 47.50 48.86 50.37 51.42 51.32 49.36 44.93 37.62 27.41 14.79 0.78 0.04 0.00 0.00 0.00 0.00 0.00 0.00 0.00 0.00 0.00 0.00 0.00 0.00 0.00 0.00 0.00 0.00 0.00 0.00 0.00 0.00 0.00 0.00 0.00 0.00 0.00 0.00 0.00 0.00 0.00 0.00 0.00 0.00 0.00 0.00 0.00 0.00 0.00 0.00 0.00 0.00 0.00 0.00 0.00 0.00 0.00 0.00 0.00 0.00 0.00 0.00 0.00 0.00 0.00 0.00 0.00 0.00 0.00 0.00 0.00 0.00 0.00 0.00 0.04 0.67 12.68 23.43 32.06 38.28 42.26 44.48 45.52 45.88 45.93 45.91 45.95 46.12 46.43 46.86 47.34 47.77 48.09 48.26 48.28 48.20 48.09 47.97 47.85 47.75 47.69 47.73 47.95 48.38 49.02 49.80 50.60 51.29 51.78 52.06 52.21 52.33 52.47 52.59 52.59 52.34 51.83 51.15 50.49 50.03 49.92 50.12 50.51 50.87 51.06 51.06 50.95 50.79 50.61 50.37 50.02 49.58 49.08 48.62 48.23 47.86 47.28 46.13 43.92 40.13 34.19 25.57 14.00 
93.00 74.74 64.35 57.30 52.40 49.14 47.11 45.96 45.39 45.23 45.37 45.77 46.38 47.16 48.08 49.08 50.11 51.09 51.90 52.43 52.63 52.53 52.23 51.84 51.46 51.16 50.93 50.73 50.51 50.26 50.04 49.99 50.18 50.56 50.91 50.97 50.55 49.65 48.44 47.20 46.16 45.49 45.18 45.21 45.54 46.18 47.15 48.37 49.62 50.60 50.99 50.63 49.59 48.20 46.90 46.14 46.19 47.10 48.62 50.24 51.34 51.20 49.16 44.64 37.28 27.11 14.61 0.77 0.04 0.00 0.00 0.00 0.00 0.00 0.00 0.00 0.00 0.00 0.00 0.00 0.00 0.00 0.00 0.00 0.00 0.00 0.00 0.00 0.00 0.00 0.00 0.00 0.00 0.00 0.00 0.00 0.00 0.00 0.00 0.00 0.00 0.00 0.00 0.00 0.00 0.00 0.00 0.00 0.00 0.00 0.00 0.00 0.00 0.00 0.00 0.00 0.00 0.00 0.00 0.00 0.00 0.00 0.00 0.00 0.00 0.00 0.00 0.00 0.00 0.00 0.00 0.04 0.68 12.80 23.62 32.27 38.46 42.36 44.50 45.44 45.70 45.65 45.52 45.44 45.48 45.67 45.98 46.36 46.73 47.02 47.21 47.29 47.31 47.28 47.23 47.17 47.11 47.09 47.20 47.48 47.95 48.59 49.33 50.06 50.67 51.10 51.37 51.57 51.79 52.09 52.42 52.65 52.63 52.33 51.80 51.22 50.79 50.66 50.80 51.09 51.35 51.43 51.34 51.16 50.98 50.85 50.72 50.53 50.25 49.90 49.53 49.16 48.70 47.95 46.60 44.25 40.50 34.91 26.56 12.00 
64.00 68.14 63.05 57.44 53.00 49.89 47.87 46.64 45.92 45.58 45.54 45.80 46.35 47.17 48.21 49.42 50.69 51.90 52.88 53.51 53.70 53.50 53.00 52.36 51.70 51.12 50.63 50.22 49.83 49.46 49.19 49.12 49.33 49.74 50.15 50.27 49.91 49.07 47.94 46.77 45.82 45.22 44.97 45.04 45.39 46.05 47.01 48.18 49.36 50.25 50.57 50.19 49.19 47.88 46.68 45.98 46.08 47.01 48.49 50.02 50.96 50.63 48.39 43.74 36.38 26.38 14.20 0.75 0.04 0.00 0.00 0.00 0.00 0.00 0.00 0.00 0.00 0.00 0.00 0.00 0.00 0.00 0.00 0.00 0.00 0.00 0.00 0.00 0.00 0.00 0.00 0.00 0.00 0.00 0.00 0.00 0.00 0.00 0.00 0.00 0.00 0.00 0.00 0.00 0.00 0.00 0.00 0.00 0.00 0.00 0.00 0.00 0.00 0.00 0.00 0.00 0.00 0.00 0.00 0.00 0.00 0.00 0.00 0.00 0.00 0.00 0.00 0.00 0.00 0.00 0.00 0.04 0.68 12.85 23.71 32.38 38.55 42.42 44.52 45.44 45.69 45.63 45.47 45.33 45.29 45.37 45.56 45.84 46.13 46.38 46.57 46.69 46.75 46.74 46.66 46.54 46.42 46.38 46.50 46.82 47.33 47.99 48.70 49.36 49.89 50.27 50.55 50.80 51.15 51.62 52.16 52.61 52.82 52.72 52.36 51.90 51.54 51.40 51.49 51.67 51.77 51.69 51.44 51.14 50.89 50.78 50.75 50.75 50.68 50.53 50.29 49.96 49.46 48.62 47.21 45.00 41.82 37.66 33.39 35.00 
89.00 71.36 63.29 57.65 53.50 50.58 48.62 47.32 46.47 45.96 45.76 45.89 46.38 47.20 48.29 49.56 50.90 52.15 53.14 53.73 53.83 53.49 52.83 52.01 51.17 50.42 49.80 49.29 48.86 48.51 48.31 48.36 48.71 49.26 49.79 50.01 49.72 48.93 47.82 46.66 45.68 45.02 44.72 44.73 45.06 45.71 46.66 47.81 48.94 49.79 50.12 49.83 49.02 47.93 46.93 46.38 46.51 47.36 48.66 49.92 50.52 49.83 47.30 42.48 35.16 25.40 13.64 0.72 0.04 0.00 0.00 0.00 0.00 0.00 0.00 0.00 0.00 0.00 0.00 0.00 0.00 0.00 0.00 0.00 0.00 0.00 0.00 0.00 0.00 0.00 0.00 0.00 0.00 0.00 0.00 0.00 0.00 0.00 0.00 0.00 0.00 0.00 0.00 0.00 0.00 0.00 0.00 0.00 0.00 0.00 0.00 0.00 0.00 0.00 0.00 0.00 0.00 0.00 0.00 0.00 0.00 0.00 0.00 0.00 0.00 0.00 0.00 0.00 0.00 0.00 0.00 0.04 0.68 12.86 23.73 32.41 38.58 42.46 44.56 45.51 45.82 45.82 45.71 45.58 45.51 45.51 45.60 45.77 45.97 46.17 46.35 46.47 46.52 46.47 46.29 46.01 45.74 45.58 45.65 45.97 46.51 47.18 47.87 48.47 48.94 49.30 49.59 49.93 50.39 51.02 51.72 52.35 52.75 52.83 52.64 52.32 52.06 51.96 52.01 52.09 52.03 51.75 51.31 50.85 50.52 50.42 50.51 50.71 50.89 50.97 50.89 50.63 50.12 49.25 47.90 45.98 43.43 40.03 34.10 15.00 
57.00 65.50 61.96 57.37 53.66 51.00 49.14 47.84 46.90 46.27 45.95 45.99 46.42 47.19 48.23 49.45 50.71 51.85 52.72 53.17 53.14 52.68 51.92 51.01 50.12 49.34 48.71 48.22 47.86 47.64 47.62 47.88 48.45 49.20 49.89 50.22 50.00 49.24 48.11 46.87 45.78 44.96 44.48 44.34 44.56 45.14 46.06 47.19 48.30 49.16 49.58 49.49 48.98 48.26 47.60 47.28 47.48 48.21 49.24 50.10 50.24 49.10 46.21 41.20 33.91 24.40 13.07 0.69 0.04 0.00 0.00 0.00 0.00 0.00 0.00 0.00 0.00 0.00 0.00 0.00 0.00 0.00 0.00 0.00 0.00 0.00 0.00 0.00 0.00 0.00 0.00 0.00 0.00 0.00 0.00 0.00 0.00 0.00 0.00 0.00 0.00 0.00 0.00 0.00 0.00 0.00 0.00 0.00 0.00 0.00 0.00 0.00 0.00 0.00 0.00 0.00 0.00 0.00 0.00 0.00 0.00 0.00 0.00 0.00 0.00 0.00 0.00 0.00 0.00 0.00 0.00 0.04 0.68 12.87 23.75 32.44 38.63 42.53 44.68 45.69 46.08 46.19 46.18 46.12 46.06 46.02 46.03 46.09 46.19 46.32 46.45 46.55 46.57 46.43 46.10 45.64 45.15 44.81 44.76 45.02 45.55 46.21 46.87 47.43 47.86 48.20 48.53 48.96 49.55 50.29 51.11 51.84 52.34 52.54 52.49 52.32 52.19 52.16 52.22 52.21 52.01 51.57 50.96 50.37 49.99 49.93 50.18 50.61 51.05 51.35 51.42 51.23 50.73 49.89 48.67 47.15 45.56 44.72 47.86 70.00 
95.00 72.09 62.37 56.93 53.40 50.98 49.28 48.04 47.09 46.40 46.03 46.02 46.37 47.06 47.99 49.05 50.13 51.08 51.76 52.04 51.90 51.36 50.58 49.70 48.87 48.17 47.64 47.28 47.07 47.04 47.25 47.77 48.58 49.53 50.37 50.80 50.63 49.88 48.71 47.37 46.11 45.07 44.34 43.97 44.00 44.45 45.28 46.35 47.45 48.34 48.90 49.09 48.99 48.75 48.54 48.54 48.86 49.49 50.20 50.62 50.26 48.65 45.39 40.19 32.90 23.58 12.61 0.66 0.03 0.00 0.00 0.00 0.00 0.00 0.00 0.00 0.00 0.00 0.00 0.00 0.00 0.00 0.00 0.00 0.00 0.00 0.00 0.00 0.00 0.00 0.00 0.00 0.00 0.00 0.00 0.00 0.00 0.00 0.00 0.00 0.00 0.00 0.00 0.00 0.00 0.00 0.00 0.00 0.00 0.00 0.00 0.00 0.00 0.00 0.00 0.00 0.00 0.00 0.00 0.00 0.00 0.00 0.00 0.00 0.00 0.00 0.00 0.00 0.00 0.00 0.00 0.04 0.68 12.92 23.85 32.59 38.83 42.76 44.95 46.02 46.51 46.73 46.84 46.87 46.84 46.78 46.72 46.68 46.67 46.70 46.76 46.80 46.76 46.53 46.07 45.43 44.74 44.20 43.98 44.14 44.59 45.21 45.81 46.32 46.70 47.04 47.43 47.95 48.65 49.49 50.36 51.12 51.64 51.89 51.92 51.87 51.86 51.93 52.03 52.00 51.74 51.21 50.52 49.89 49.54 49.59 50.02 50.68 51.35 51.83 52.02 51.86 51.37 50.56 49.47 48.20 46.88 45.43 42.67 31.00 
85.00 65.82 59.04 55.18 52.44 50.44 48.97 47.85 46.97 46.32 45.94 45.90 46.18 46.75 47.51 48.37 49.24 49.99 50.49 50.65 50.43 49.89 49.16 48.39 47.71 47.18 46.82 46.63 46.60 46.77 47.21 47.96 48.98 50.10 51.04 51.53 51.39 50.65 49.45 48.03 46.62 45.37 44.38 43.75 43.53 43.79 44.46 45.42 46.46 47.38 48.10 48.61 48.97 49.27 49.57 49.95 50.43 50.97 51.40 51.39 50.56 48.52 44.95 39.58 32.27 23.08 12.32 0.65 0.03 0.00 0.00 0.00 0.00 0.00 0.00 0.00 0.00 0.00 0.00 0.00 0.00 0.00 0.00 0.00 0.00 0.00 0.00 0.00 0.00 0.00 0.00 0.00 0.00 0.00 0.00 0.00 0.00 0.00 0.00 0.00 0.00 0.00 0.00 0.00 0.00 0.00 0.00 0.00 0.00 0.00 0.00 0.00 0.00 0.00 0.00 0.00 0.00 0.00 0.00 0.00 0.00 0.00 0.00 0.00 0.00 0.00 0.00 0.00 0.00 0.00 0.00 0.04 0.69 13.07 24.12 32.96 39.25 43.22 45.43 46.54 47.10 47.42 47.64 47.76 47.78 47.71 47.57 47.42 47.28 47.18 47.14 47.10 47.00 46.70 46.16 45.39 44.55 43.85 43.46 43.48 43.81 44.32 44.84 45.26 45.59 45.93 46.36 46.98 47.79 48.71 49.61 50.35 50.82 51.05 51.10 51.11 51.18 51.34 51.50 51.52 51.29 50.80 50.18 49.65 49.42 49.65 50.28 51.13 51.96 52.54 52.74 52.55 52.03 51.24 50.28 49.29 48.41 47.62 46.50 44.00 
14.00 47.50 53.36 52.86 51.18 49.59 48.32 47.35 46.58 46.01 45.67 45.61 45.81 46.23 46.81 47.48 48.17 48.78 49.18 49.29 49.08 48.60 47.98 47.38 46.89 46.55 46.37 46.34 46.47 46.80 47.41 48.33 49.49 50.69 51.67 52.18 52.05 51.33 50.15 48.72 47.24 45.85 44.67 43.80 43.33 43.33 43.79 44.57 45.50 46.42 47.28 48.09 48.90 49.71 50.51 51.25 51.89 52.36 52.53 52.16 50.96 48.63 44.85 39.39 32.07 22.91 12.23 0.64 0.03 0.00 0.00 0.00 0.00 0.00 0.00 0.00 0.00 0.00 0.00 0.00 0.00 0.00 0.00 0.00 0.00 0.00 0.00 0.00 0.00 0.00 0.00 0.00 0.00 0.00 0.00 0.00 0.00 0.00 0.00 0.00 0.00 0.00 0.00 0.00 0.00 0.00 0.00 0.00 0.00 0.00 0.00 0.00 0.00 0.00 0.00 0.00 0.00 0.00 0.00 0.00 0.00 0.00 0.00 0.00 0.00 0.00 0.00 0.00 0.00 0.00 0.00 0.04 0.70 13.32 24.57 33.54 39.90 43.88 46.09 47.21 47.80 48.19 48.49 48.69 48.75 48.66 48.45 48.18 47.89 47.64 47.46 47.33 47.16 46.83 46.27 45.47 44.57 43.77 43.26 43.12 43.32 43.69 44.08 44.40 44.67 44.99 45.47 46.19 47.11 48.11 49.03 49.73 50.13 50.28 50.28 50.28 50.38 50.58 50.81 50.93 50.84 50.54 50.12 49.81 49.81 50.23 51.04 52.01 52.87 53.41 53.52 53.21 52.60 51.79 50.96 50.26 49.94 50.29 51.80 56.00 
66.00 57.19 54.64 52.42 50.38 48.74 47.53 46.65 45.98 45.51 45.23 45.16 45.28 45.57 46.00 46.54 47.13 47.70 48.12 48.28 48.16 47.80 47.32 46.87 46.55 46.37 46.33 46.41 46.63 47.05 47.75 48.74 49.95 51.16 52.12 52.60 52.48 51.80 50.70 49.36 47.93 46.52 45.25 44.21 43.52 43.26 43.44 43.98 44.74 45.61 46.56 47.61 48.77 49.99 51.17 52.20 52.95 53.36 53.32 52.70 51.27 48.78 44.95 39.49 32.20 23.04 12.31 0.65 0.03 0.00 0.00 0.00 0.00 0.00 0.00 0.00 0.00 0.00 0.00 0.00 0.00 0.00 0.00 0.00 0.00 0.00 0.00 0.00 0.00 0.00 0.00 0.00 0.00 0.00 0.00 0.00 0.00 0.00 0.00 0.00 0.00 0.00 0.00 0.00 0.00 0.00 0.00 0.00 0.00 0.00 0.00 0.00 0.00 0.00 0.00 0.00 0.00 0.00 0.00 0.00 0.00 0.00 0.00 0.00 0.00 0.00 0.00 0.00 0.00 0.00 0.00 0.04 0.72 13.64 25.14 34.26 40.67 44.65 46.81 47.89 48.48 48.91 49.27 49.53 49.62 49.51 49.22 48.81 48.35 47.93 47.60 47.36 47.14 46.83 46.32 45.57 44.71 43.89 43.30 43.06 43.12 43.37 43.65 43.87 44.08 44.38 44.91 45.72 46.74 47.83 48.78 49.46 49.79 49.85 49.76 49.68 49.73 49.92 50.21 50.46 50.58 50.55 50.44 50.43 50.69 51.30 52.20 53.16 53.93 54.29 54.18 53.67 52.90 52.03 51.24 50.72 50.77 51.82 54.47 59.00 
64.00 61.04 56.29 52.61 49.92 48.03 46.74 45.88 45.30 44.91 44.68 44.61 44.68 44.88 45.23 45.72 46.34 46.98 47.52 47.84 47.88 47.67 47.33 47.00 46.78 46.69 46.71 46.82 47.04 47.46 48.16 49.15 50.33 51.47 52.36 52.78 52.66 52.06 51.10 49.92 48.65 47.36 46.12 45.01 44.16 43.66 43.56 43.83 44.37 45.12 46.07 47.24 48.60 50.06 51.47 52.64 53.43 53.76 53.59 52.82 51.31 48.85 45.12 39.78 32.55 23.36 12.50 0.66 0.03 0.00 0.00 0.00 0.00 0.00 0.00 0.00 0.00 0.00 0.00 0.00 0.00 0.00 0.00 0.00 0.00 0.00 0.00 0.00 0.00 0.00 0.00 0.00 0.00 0.00 0.00 0.00 0.00 0.00 0.00 0.00 0.00 0.00 0.00 0.00 0.00 0.00 0.00 0.00 0.00 0.00 0.00 0.00 0.00 0.00 0.00 0.00 0.00 0.00 0.00 0.00 0.00 0.00 0.00 0.00 0.00 0.00 0.00 0.00 0.00 0.00 0.00 0.04 0.74 13.98 25.73 34.98 41.42 45.34 47.41 48.42 48.97 49.40 49.80 50.11 50.24 50.13 49.77 49.22 48.58 47.97 47.48 47.14 46.89 46.62 46.20 45.59 44.83 44.07 43.49 43.20 43.20 43.38 43.60 43.78 43.97 44.27 44.82 45.68 46.78 47.94 48.94 49.62 49.91 49.89 49.70 49.51 49.46 49.60 49.91 50.28 50.62 50.88 51.11 51.41 51.90 52.64 53.52 54.35 54.88 54.95 54.54 53.75 52.77 51.77 50.91 50.37 50.41 51.66 55.18 61.00 
97.00 67.12 57.63 52.75 49.56 47.42 46.03 45.16 44.62 44.31 44.14 44.10 44.16 44.35 44.70 45.24 45.96 46.77 47.52 48.06 48.29 48.24 48.01 47.74 47.55 47.47 47.46 47.52 47.68 48.04 48.67 49.59 50.66 51.69 52.46 52.80 52.67 52.15 51.36 50.41 49.38 48.30 47.22 46.17 45.25 44.58 44.23 44.21 44.49 45.05 45.90 47.03 48.41 49.91 51.36 52.53 53.28 53.55 53.30 52.52 51.08 48.79 45.28 40.15 33.02 23.80 12.77 0.67 0.04 0.00 0.00 0.00 0.00 0.00 0.00 0.00 0.00 0.00 0.00 0.00 0.00 0.00 0.00 0.00 0.00 0.00 0.00 0.00 0.00 0.00 0.00 0.00 0.00 0.00 0.00 0.00 0.00 0.00 0.00 0.00 0.00 0.00 0.00 0.00 0.00 0.00 0.00 0.00 0.00 0.00 0.00 0.00 0.00 0.00 0.00 0.00 0.00 0.00 0.00 0.00 0.00 0.00 0.00 0.00 0.00 0.00 0.00 0.00 0.00 0.00 0.00 0.04 0.75 14.28 26.23 35.57 41.99 45.81 47.76 48.66 49.13 49.54 49.97 50.34 50.52 50.43 50.02 49.36 48.56 47.77 47.12 46.68 46.41 46.20 45.91 45.47 44.87 44.24 43.74 43.48 43.50 43.70 43.96 44.18 44.39 44.71 45.28 46.15 47.26 48.44 49.46 50.15 50.42 50.35 50.08 49.78 49.62 49.69 49.98 50.44 50.97 51.49 52.00 52.56 53.23 54.00 54.77 55.35 55.55 55.25 54.49 53.40 52.17 50.99 49.95 49.11 48.58 49.00 53.49 77.00 
23.00 53.28 55.18 52.20 49.15 46.90 45.44 44.57 44.09 43.86 43.78 43.80 43.92 44.15 44.56 45.21 46.08 47.09 48.07 48.83 49.26 49.34 49.18 48.93 48.71 48.56 48.47 48.44 48.50 48.76 49.29 50.09 51.03 51.90 52.51 52.74 52.59 52.14 51.50 50.79 50.05 49.26 48.42 47.53 46.67 45.92 45.38 45.09 45.10 45.40 46.03 46.99 48.22 49.60 50.92 51.98 52.66 52.88 52.64 51.94 50.70 48.66 45.45 40.55 33.54 24.28 13.07 0.69 0.04 0.00 0.00 0.00 0.00 0.00 0.00 0.00 0.00 0.00 0.00 0.00 0.00 0.00 0.00 0.00 0.00 0.00 0.00 0.00 0.00 0.00 0.00 0.00 0.00 0.00 0.00 0.00 0.00 0.00 0.00 0.00 0.00 0.00 0.00 0.00 0.00 0.00 0.00 0.00 0.00 0.00 0.00 0.00 0.00 0.00 0.00 0.00 0.00 0.00 0.00 0.00 0.00 0.00 0.00 0.00 0.00 0.00 0.00 0.00 0.00 0.00 0.00 0.04 0.77 14.49 26.56 35.94 42.29 45.99 47.80 48.56 48.94 49.31 49.76 50.20 50.46 50.42 50.02 49.29 48.36 47.42 46.63 46.10 45.81 45.67 45.52 45.26 44.86 44.40 44.03 43.89 44.00 44.32 44.70 45.04 45.33 45.68 46.23 47.04 48.09 49.21 50.20 50.87 51.14 51.04 50.71 50.33 50.07 50.06 50.33 50.84 51.49 52.19 52.92 53.66 54.43 55.17 55.77 56.05 55.88 55.21 54.10 52.72 51.26 49.89 48.62 47.32 45.52 42.02 32.61 0.00 
94.00 68.26 58.44 52.73 48.97 46.51 45.02 44.20 43.82 43.71 43.76 43.90 44.10 44.41 44.91 45.66 46.66 47.83 48.99 49.93 50.51 50.69 50.57 50.30 50.01 49.77 49.58 49.44 49.40 49.55 49.98 50.65 51.43 52.12 52.56 52.66 52.45 52.03 51.53 51.04 50.57 50.08 49.54 48.91 48.19 47.47 46.81 46.32 46.04 46.06 46.41 47.10 48.08 49.21 50.32 51.23 51.81 52.03 51.87 51.34 50.33 48.58 45.65 40.98 34.07 24.75 13.35 0.70 0.04 0.00 0.00 0.00 0.00 0.00 0.00 0.00 0.00 0.00 0.00 0.00 0.00 0.00 0.00 0.00 0.00 0.00 0.00 0.00 0.00 0.00 0.00 0.00 0.00 0.00 0.00 0.00 0.00 0.00 0.00 0.00 0.00 0.00 0.00 0.00 0.00 0.00 0.00 0.00 0.00 0.00 0.00 0.00 0.00 0.00 0.00 0.00 0.00 0.00 0.00 0.00 0.00 0.00 0.00 0.00 0.00 0.00 0.00 0.00 0.00 0.00 0.00 0.04 0.77 14.58 26.70 36.05 42.32 45.89 47.56 48.19 48.47 48.79 49.26 49.77 50.14 50.20 49.85 49.11 48.12 47.07 46.18 45.57 45.27 45.19 45.18 45.11 44.91 44.65 44.45 44.45 44.71 45.19 45.74 46.24 46.64 47.02 47.51 48.19 49.08 50.05 50.93 51.54 51.79 51.68 51.32 50.89 50.57 50.50 50.74 51.25 51.97 52.79 53.66 54.54 55.37 56.07 56.49 56.49 55.98 54.97 53.56 51.93 50.30 48.79 47.41 45.97 44.03 40.75 34.79 26.00 
79.00 67.76 58.36 52.31 48.48 46.11 44.75 44.09 43.89 43.97 44.20 44.48 44.79 45.17 45.71 46.49 47.53 48.77 50.01 51.04 51.71 51.96 51.85 51.56 51.22 50.90 50.62 50.38 50.25 50.31 50.62 51.16 51.79 52.30 52.56 52.52 52.23 51.81 51.41 51.08 50.84 50.65 50.41 50.06 49.56 48.94 48.26 47.62 47.11 46.86 46.92 47.33 48.03 48.89 49.78 50.53 51.05 51.29 51.25 50.90 50.13 48.64 45.94 41.42 34.56 25.18 13.60 0.72 0.04 0.00 0.00 0.00 0.00 0.00 0.00 0.00 0.00 0.00 0.00 0.00 0.00 0.00 0.00 0.00 0.00 0.00 0.00 0.00 0.00 0.00 0.00 0.00 0.00 0.00 0.00 0.00 0.00 0.00 0.00 0.00 0.00 0.00 0.00 0.00 0.00 0.00 0.00 0.00 0.00 0.00 0.00 0.00 0.00 0.00 0.00 0.00 0.00 0.00 0.00 0.00 0.00 0.00 0.00 0.00 0.00 0.00 0.00 0.00 0.00 0.00 0.00 0.04 0.77 14.55 26.63 35.92 42.10 45.57 47.13 47.66 47.85 48.13 48.62 49.21 49.70 49.88 49.64 48.95 47.96 46.87 45.91 45.25 44.94 44.91 45.03 45.13 45.14 45.07 45.04 45.20 45.62 46.26 46.97 47.61 48.11 48.49 48.87 49.37 50.02 50.77 51.46 51.95 52.14 52.00 51.63 51.18 50.83 50.73 50.95 51.46 52.20 53.10 54.08 55.08 55.99 56.68 56.98 56.77 56.00 54.72 53.08 51.28 49.53 47.97 46.61 45.34 43.91 42.11 39.71 35.00 
97.00 65.82 55.67 50.60 47.50 45.61 44.60 44.24 44.32 44.66 45.11 45.55 45.95 46.34 46.84 47.55 48.52 49.68 50.89 51.94 52.64 52.92 52.85 52.56 52.18 51.81 51.46 51.14 50.93 50.90 51.12 51.54 52.01 52.36 52.45 52.26 51.89 51.46 51.10 50.89 50.83 50.88 50.91 50.84 50.58 50.11 49.47 48.76 48.11 47.65 47.49 47.66 48.12 48.77 49.47 50.10 50.57 50.85 50.92 50.74 50.16 48.86 46.30 41.86 35.00 25.53 13.80 0.73 0.04 0.00 0.00 0.00 0.00 0.00 0.00 0.00 0.00 0.00 0.00 0.00 0.00 0.00 0.00 0.00 0.00 0.00 0.00 0.00 0.00 0.00 0.00 0.00 0.00 0.00 0.00 0.00 0.00 0.00 0.00 0.00 0.00 0.00 0.00 0.00 0.00 0.00 0.00 0.00 0.00 0.00 0.00 0.00 0.00 0.00 0.00 0.00 0.00 0.00 0.00 0.00 0.00 0.00 0.00 0.00 0.00 0.00 0.00 0.00 0.00 0.00 0.00 0.04 0.76 14.40 26.36 35.55 41.67 45.09 46.60 47.07 47.23 47.49 48.00 48.66 49.27 49.60 49.48 48.90 47.96 46.89 45.92 45.24 44.92 44.94 45.15 45.40 45.59 45.70 45.84 46.14 46.68 47.43 48.25 48.98 49.52 49.86 50.10 50.38 50.75 51.21 51.66 51.97 52.05 51.86 51.48 51.03 50.69 50.60 50.81 51.32 52.08 53.04 54.13 55.27 56.30 57.04 57.31 56.98 56.04 54.60 52.82 50.93 49.15 47.60 46.34 45.28 44.38 44.10 46.93 63.00 
4.00 43.20 48.58 47.74 46.20 45.08 44.58 44.62 45.05 45.69 46.38 46.96 47.41 47.75 48.13 48.67 49.46 50.45 51.54 52.53 53.22 53.54 53.52 53.26 52.89 52.49 52.08 51.68 51.38 51.26 51.38 51.69 52.03 52.23 52.18 51.88 51.42 50.95 50.62 50.48 50.55 50.77 51.02 51.19 51.16 50.86 50.33 49.63 48.92 48.36 48.07 48.09 48.40 48.89 49.46 50.01 50.45 50.76 50.90 50.83 50.37 49.16 46.67 42.24 35.33 25.78 13.94 0.74 0.04 0.00 0.00 0.00 0.00 0.00 0.00 0.00 0.00 0.00 0.00 0.00 0.00 0.00 0.00 0.00 0.00 0.00 0.00 0.00 0.00 0.00 0.00 0.00 0.00 0.00 0.00 0.00 0.00 0.00 0.00 0.00 0.00 0.00 0.00 0.00 0.00 0.00 0.00 0.00 0.00 0.00 0.00 0.00 0.00 0.00 0.00 0.00 0.00 0.00 0.00 0.00 0.00 0.00 0.00 0.00 0.00 0.00 0.00 0.00 0.00 0.00 0.00 0.04 0.75 14.16 25.93 35.00 41.07 44.50 46.04 46.54 46.72 47.01 47.56 48.29 49.00 49.45 49.47 49.01 48.18 47.18 46.24 45.56 45.24 45.27 45.55 45.91 46.24 46.49 46.76 47.17 47.78 48.57 49.43 50.17 50.68 50.95 51.04 51.09 51.18 51.33 51.50 51.59 51.52 51.27 50.88 50.46 50.16 50.09 50.32 50.83 51.62 52.65 53.86 55.16 56.36 57.21 57.51 57.14 56.13 54.61 52.79 50.91 49.16 47.70 46.55 45.57 44.54 43.10 40.93 39.00 
88.00 54.72 48.25 46.30 45.25 44.71 44.69 45.14 45.94 46.89 47.80 48.50 48.95 49.21 49.42 49.74 50.27 51.05 51.96 52.85 53.54 53.91 53.96 53.76 53.42 52.99 52.50 52.00 51.58 51.36 51.39 51.60 51.84 51.94 51.78 51.39 50.86 50.36 50.02 49.92 50.07 50.40 50.82 51.18 51.34 51.22 50.83 50.22 49.56 49.00 48.67 48.63 48.85 49.24 49.72 50.19 50.59 50.89 51.06 51.03 50.61 49.43 46.93 42.47 35.52 25.90 14.00 0.74 0.04 0.00 0.00 0.00 0.00 0.00 0.00 0.00 0.00 0.00 0.00 0.00 0.00 0.00 0.00 0.00 0.00 0.00 0.00 0.00 0.00 0.00 0.00 0.00 0.00 0.00 0.00 0.00 0.00 0.00 0.00 0.00 0.00 0.00 0.00 0.00 0.00 0.00 0.00 0.00 0.00 0.00 0.00 0.00 0.00 0.00 0.00 0.00 0.00 0.00 0.00 0.00 0.00 0.00 0.00 0.00 0.00 0.00 0.00 0.00 0.00 0.00 0.00 0.04 0.73 13.84 25.38 34.33 40.38 43.87 45.52 46.15 46.42 46.78 47.39 48.19 48.98 49.53 49.67 49.35 48.65 47.75 46.86 46.20 45.87 45.89 46.19 46.60 46.99 47.34 47.68 48.13 48.75 49.52 50.34 51.04 51.51 51.69 51.65 51.49 51.31 51.17 51.04 50.90 50.67 50.35 49.95 49.58 49.34 49.33 49.59 50.12 50.94 52.05 53.39 54.86 56.22 57.21 57.57 57.22 56.20 54.68 52.90 51.11 49.50 48.20 47.22 46.43 45.42 42.98 34.72 2.00 
24.00 39.69 43.88 44.62 44.51 44.50 44.91 45.74 46.86 48.06 49.13 49.90 50.33 50.49 50.54 50.64 50.95 51.49 52.23 53.03 53.71 54.15 54.30 54.19 53.86 53.38 52.78 52.14 51.59 51.26 51.20 51.34 51.52 51.55 51.34 50.89 50.32 49.78 49.43 49.33 49.51 49.92 50.44 50.93 51.25 51.30 51.07 50.61 50.07 49.59 49.30 49.24 49.40 49.71 50.10 50.48 50.81 51.06 51.21 51.16 50.74 49.54 47.01 42.50 35.51 25.88 13.98 0.74 0.04 0.00 0.00 0.00 0.00 0.00 0.00 0.00 0.00 0.00 0.00 0.00 0.00 0.00 0.00 0.00 0.00 0.00 0.00 0.00 0.00 0.00 0.00 0.00 0.00 0.00 0.00 0.00 0.00 0.00 0.00 0.00 0.00 0.00 0.00 0.00 0.00 0.00 0.00 0.00 0.00 0.00 0.00 0.00 0.00 0.00 0.00 0.00 0.00 0.00 0.00 0.00 0.00 0.00 0.00 0.00 0.00 0.00 0.00 0.00 0.00 0.00 0.00 0.04 0.71 13.50 24.80 33.63 39.70 43.30 45.13 45.94 46.38 46.86 47.55 48.41 49.26 49.90 50.14 49.95 49.38 48.58 47.77 47.12 46.77 46.75 46.99 47.36 47.75 48.09 48.42 48.84 49.40 50.11 50.85 51.50 51.92 52.06 51.93 51.62 51.23 50.82 50.43 50.05 49.68 49.30 48.92 48.61 48.45 48.50 48.80 49.37 50.23 51.40 52.86 54.47 55.97 57.05 57.46 57.12 56.11 54.65 52.98 51.35 49.95 48.88 48.20 47.88 47.94 48.79 53.00 75.00 
2.00 36.37 43.40 44.37 44.34 44.54 45.22 46.31 47.65 49.00 50.15 50.94 51.34 51.43 51.37 51.32 51.45 51.81 52.40 53.12 53.81 54.34 54.61 54.58 54.28 53.73 53.00 52.20 51.49 51.04 50.90 51.00 51.16 51.19 50.96 50.50 49.90 49.34 48.95 48.84 49.02 49.45 50.02 50.59 51.02 51.22 51.15 50.87 50.50 50.14 49.92 49.86 49.96 50.18 50.46 50.74 50.97 51.13 51.21 51.11 50.64 49.40 46.82 42.28 35.28 25.69 13.87 0.73 0.04 0.00 0.00 0.00 0.00 0.00 0.00 0.00 0.00 0.00 0.00 0.00 0.00 0.00 0.00 0.00 0.00 0.00 0.00 0.00 0.00 0.00 0.00 0.00 0.00 0.00 0.00 0.00 0.00 0.00 0.00 0.00 0.00 0.00 0.00 0.00 0.00 0.00 0.00 0.00 0.00 0.00 0.00 0.00 0.00 0.00 0.00 0.00 0.00 0.00 0.00 0.00 0.00 0.00 0.00 0.00 0.00 0.00 0.00 0.00 0.00 0.00 0.00 0.04 0.70 13.19 24.26 33.01 39.12 42.88 44.92 45.97 46.60 47.23 48.02 48.95 49.85 50.55 50.89 50.81 50.36 49.67 48.92 48.28 47.88 47.76 47.88 48.12 48.38 48.61 48.84 49.14 49.60 50.20 50.88 51.50 51.92 52.06 51.91 51.53 50.99 50.38 49.78 49.23 48.74 48.33 47.99 47.76 47.68 47.79 48.14 48.73 49.62 50.85 52.39 54.08 55.65 56.74 57.13 56.77 55.77 54.39 52.88 51.46 50.30 49.49 49.09 49.15 49.80 51.29 53.50 51.00 
98.00 60.62 49.39 45.70 44.63 44.75 45.57 46.80 48.22 49.59 50.72 51.48 51.85 51.91 51.81 51.70 51.71 51.95 52.43 53.09 53.82 54.44 54.83 54.90 54.63 54.02 53.16 52.20 51.35 50.80 50.60 50.69 50.88 50.94 50.76 50.32 49.73 49.14 48.72 48.56 48.70 49.10 49.67 50.26 50.75 51.05 51.13 51.04 50.84 50.63 50.48 50.41 50.45 50.58 50.74 50.89 51.00 51.05 51.03 50.85 50.30 48.99 46.35 41.79 34.83 25.33 13.67 0.72 0.04 0.00 0.00 0.00 0.00 0.00 0.00 0.00 0.00 0.00 0.00 0.00 0.00 0.00 0.00 0.00 0.00 0.00 0.00 0.00 0.00 0.00 0.00 0.00 0.00 0.00 0.00 0.00 0.00 0.00 0.00 0.00 0.00 0.00 0.00 0.00 0.00 0.00 0.00 0.00 0.00 0.00 0.00 0.00 0.00 0.00 0.00 0.00 0.00 0.00 0.00 0.00 0.00 0.00 0.00 0.00 0.00 0.00 0.00 0.00 0.00 0.00 0.00 0.04 0.68 12.95 23.86 32.55 38.74 42.67 44.94 46.22 47.07 47.86 48.76 49.74 50.70 51.45 51.86 51.87 51.51 50.91 50.20 49.55 49.09 48.84 48.77 48.79 48.82 48.83 48.85 48.98 49.28 49.77 50.40 51.02 51.50 51.72 51.63 51.26 50.66 49.95 49.23 48.57 48.04 47.63 47.34 47.18 47.17 47.34 47.72 48.34 49.25 50.50 52.06 53.76 55.28 56.30 56.61 56.17 55.16 53.86 52.51 51.32 50.40 49.81 49.62 49.91 50.88 53.11 58.73 77.00 
93.00 58.93 48.23 44.97 44.36 44.85 45.88 47.18 48.53 49.78 50.78 51.46 51.80 51.89 51.81 51.70 51.67 51.83 52.22 52.85 53.59 54.31 54.83 55.02 54.81 54.19 53.26 52.20 51.25 50.62 50.40 50.51 50.75 50.89 50.79 50.40 49.83 49.23 48.75 48.52 48.59 48.93 49.44 49.99 50.49 50.84 51.04 51.10 51.07 51.00 50.92 50.87 50.86 50.90 50.95 50.97 50.96 50.88 50.74 50.45 49.80 48.39 45.69 41.12 34.22 24.86 13.41 0.71 0.04 0.00 0.00 0.00 0.00 0.00 0.00 0.00 0.00 0.00 0.00 0.00 0.00 0.00 0.00 0.00 0.00 0.00 0.00 0.00 0.00 0.00 0.00 0.00 0.00 0.00 0.00 0.00 0.00 0.00 0.00 0.00 0.00 0.00 0.00 0.00 0.00 0.00 0.00 0.00 0.00 0.00 0.00 0.00 0.00 0.00 0.00 0.00 0.00 0.00 0.00 0.00 0.00 0.00 0.00 0.00 0.00 0.00 0.00 0.00 0.00 0.00 0.00 0.04 0.68 12.81 23.64 32.33 38.60 42.69 45.18 46.68 47.74 48.68 49.68 50.73 51.71 52.49 52.94 53.00 52.69 52.13 51.45 50.78 50.23 49.84 49.55 49.30 49.03 48.74 48.48 48.38 48.50 48.88 49.46 50.12 50.70 51.05 51.10 50.83 50.29 49.60 48.86 48.21 47.69 47.31 47.08 46.98 47.01 47.22 47.61 48.23 49.14 50.37 51.88 53.49 54.89 55.76 55.91 55.37 54.34 53.10 51.91 50.91 50.19 49.79 49.73 50.05 50.75 51.64 51.35 42.00 
9.00 34.02 39.93 42.03 43.47 44.82 46.16 47.45 48.62 49.62 50.41 50.96 51.29 51.42 51.41 51.33 51.28 51.38 51.70 52.27 53.03 53.82 54.46 54.79 54.69 54.15 53.24 52.18 51.23 50.59 50.38 50.52 50.83 51.06 51.05 50.74 50.19 49.56 49.02 48.70 48.67 48.91 49.33 49.82 50.26 50.62 50.88 51.06 51.16 51.21 51.21 51.20 51.19 51.19 51.17 51.11 50.98 50.78 50.51 50.09 49.31 47.78 45.00 40.41 33.58 24.38 13.14 0.69 0.04 0.00 0.00 0.00 0.00 0.00 0.00 0.00 0.00 0.00 0.00 0.00 0.00 0.00 0.00 0.00 0.00 0.00 0.00 0.00 0.00 0.00 0.00 0.00 0.00 0.00 0.00 0.00 0.00 0.00 0.00 0.00 0.00 0.00 0.00 0.00 0.00 0.00 0.00 0.00 0.00 0.00 0.00 0.00 0.00 0.00 0.00 0.00 0.00 0.00 0.00 0.00 0.00 0.00 0.00 0.00 0.00 0.00 0.00 0.00 0.00 0.00 0.00 0.04 0.67 12.77 23.60 32.33 38.70 42.95 45.63 47.33 48.56 49.64 50.72 51.80 52.79 53.55 53.98 54.03 53.72 53.16 52.46 51.76 51.14 50.62 50.14 49.62 49.03 48.41 47.85 47.49 47.41 47.67 48.21 48.91 49.60 50.12 50.36 50.28 49.91 49.36 48.75 48.18 47.74 47.43 47.24 47.16 47.21 47.42 47.80 48.40 49.27 50.43 51.82 53.26 54.45 55.11 55.09 54.45 53.42 52.26 51.20 50.36 49.80 49.53 49.58 49.96 50.63 51.51 53.12 61.00 
16.00 28.27 35.55 39.90 42.80 44.90 46.47 47.64 48.53 49.21 49.74 50.17 50.49 50.68 50.74 50.70 50.62 50.64 50.87 51.38 52.12 52.95 53.70 54.18 54.26 53.88 53.13 52.20 51.34 50.77 50.60 50.79 51.15 51.45 51.50 51.23 50.69 50.01 49.39 48.98 48.86 49.00 49.34 49.74 50.12 50.43 50.70 50.93 51.12 51.27 51.37 51.45 51.50 51.53 51.51 51.41 51.20 50.90 50.51 49.95 49.03 47.39 44.52 39.90 33.11 24.02 12.95 0.68 0.04 0.00 0.00 0.00 0.00 0.00 0.00 0.00 0.00 0.00 0.00 0.00 0.00 0.00 0.00 0.00 0.00 0.00 0.00 0.00 0.00 0.00 0.00 0.00 0.00 0.00 0.00 0.00 0.00 0.00 0.00 0.00 0.00 0.00 0.00 0.00 0.00 0.00 0.00 0.00 0.00 0.00 0.00 0.00 0.00 0.00 0.00 0.00 0.00 0.00 0.00 0.00 0.00 0.00 0.00 0.00 0.00 0.00 0.00 0.00 0.00 0.00 0.00 0.04 0.68 12.84 23.74 32.55 39.03 43.42 46.24 48.09 49.45 50.63 51.75 52.83 53.78 54.47 54.83 54.80 54.43 53.82 53.09 52.36 51.71 51.10 50.47 49.73 48.87 47.95 47.10 46.48 46.20 46.33 46.82 47.54 48.33 49.02 49.48 49.65 49.55 49.26 48.87 48.49 48.17 47.94 47.78 47.70 47.73 47.89 48.24 48.78 49.56 50.59 51.79 52.99 53.92 54.35 54.18 53.50 52.52 51.47 50.55 49.85 49.41 49.25 49.42 49.93 50.65 50.96 48.81 37.00 
22.00 27.36 33.82 38.93 42.61 45.13 46.78 47.77 48.33 48.68 48.98 49.30 49.63 49.89 50.01 49.97 49.84 49.77 49.89 50.31 50.99 51.84 52.67 53.31 53.60 53.48 53.00 52.31 51.65 51.21 51.12 51.33 51.70 52.00 52.05 51.77 51.18 50.44 49.73 49.23 49.03 49.12 49.40 49.73 50.04 50.30 50.53 50.75 50.99 51.23 51.45 51.65 51.83 51.97 52.03 51.94 51.71 51.35 50.87 50.21 49.17 47.41 44.45 39.78 32.98 23.91 12.88 0.68 0.04 0.00 0.00 0.00 0.00 0.00 0.00 0.00 0.00 0.00 0.00 0.00 0.00 0.00 0.00 0.00 0.00 0.00 0.00 0.00 0.00 0.00 0.00 0.00 0.00 0.00 0.00 0.00 0.00 0.00 0.00 0.00 0.00 0.00 0.00 0.00 0.00 0.00 0.00 0.00 0.00 0.00 0.00 0.00 0.00 0.00 0.00 0.00 0.00 0.00 0.00 0.00 0.00 0.00 0.00 0.00 0.00 0.00 0.00 0.00 0.00 0.00 0.00 0.04 0.68 12.98 24.00 32.93 39.52 44.02 46.95 48.90 50.33 51.54 52.65 53.66 54.51 55.08 55.31 55.17 54.70 54.03 53.27 52.55 51.89 51.26 50.55 49.67 48.61 47.45 46.35 45.50 45.05 45.04 45.46 46.17 47.04 47.88 48.57 49.02 49.23 49.25 49.15 49.01 48.86 48.72 48.58 48.47 48.45 48.54 48.81 49.25 49.90 50.73 51.68 52.57 53.22 53.45 53.20 52.56 51.72 50.87 50.13 49.57 49.22 49.16 49.48 50.29 51.63 53.31 54.42 52.00 
13.00 24.99 32.81 38.56 42.67 45.40 47.00 47.78 48.07 48.16 48.29 48.56 48.92 49.25 49.40 49.35 49.15 48.96 48.98 49.29 49.90 50.72 51.60 52.39 52.92 53.11 52.97 52.61 52.22 51.96 51.94 52.15 52.45 52.67 52.62 52.23 51.54 50.69 49.89 49.33 49.09 49.16 49.43 49.74 50.01 50.20 50.36 50.56 50.81 51.12 51.47 51.84 52.21 52.52 52.70 52.70 52.50 52.14 51.62 50.91 49.80 47.95 44.89 40.13 33.24 24.09 12.97 0.68 0.04 0.00 0.00 0.00 0.00 0.00 0.00 0.00 0.00 0.00 0.00 0.00 0.00 0.00 0.00 0.00 0.00 0.00 0.00 0.00 0.00 0.00 0.00 0.00 0.00 0.00 0.00 0.00 0.00 0.00 0.00 0.00 0.00 0.00 0.00 0.00 0.00 0.00 0.00 0.00 0.00 0.00 0.00 0.00 0.00 0.00 0.00 0.00 0.00 0.00 0.00 0.00 0.00 0.00 0.00 0.00 0.00 0.00 0.00 0.00 0.00 0.00 0.00 0.04 0.69 13.16 24.33 33.40 40.10 44.68 47.67 49.65 51.07 52.23 53.25 54.13 54.82 55.23 55.30 55.03 54.49 53.77 53.03 52.35 51.74 51.14 50.41 49.47 48.28 46.96 45.69 44.68 44.08 43.96 44.30 45.01 45.92 46.88 47.76 48.46 48.96 49.29 49.49 49.60 49.63 49.59 49.47 49.33 49.22 49.22 49.37 49.69 50.16 50.75 51.39 51.96 52.32 52.38 52.13 51.65 51.06 50.49 49.99 49.60 49.36 49.37 49.80 50.89 52.98 56.78 63.85 77.00 
22.00 26.24 32.85 38.57 42.79 45.53 47.03 47.64 47.74 47.69 47.76 48.05 48.47 48.85 49.03 48.94 48.67 48.40 48.32 48.54 49.08 49.85 50.75 51.65 52.41 52.92 53.14 53.15 53.04 52.97 53.01 53.17 53.33 53.36 53.11 52.54 51.68 50.71 49.83 49.22 48.97 49.06 49.35 49.67 49.90 50.04 50.15 50.30 50.57 50.96 51.45 52.02 52.60 53.11 53.45 53.58 53.46 53.16 52.68 51.98 50.85 48.94 45.78 40.88 33.82 24.49 13.18 0.70 0.04 0.00 0.00 0.00 0.00 0.00 0.00 0.00 0.00 0.00 0.00 0.00 0.00 0.00 0.00 0.00 0.00 0.00 0.00 0.00 0.00 0.00 0.00 0.00 0.00 0.00 0.00 0.00 0.00 0.00 0.00 0.00 0.00 0.00 0.00 0.00 0.00 0.00 0.00 0.00 0.00 0.00 0.00 0.00 0.00 0.00 0.00 0.00 0.00 0.00 0.00 0.00 0.00 0.00 0.00 0.00 0.00 0.00 0.00 0.00 0.00 0.00 0.00 0.04 0.70 13.34 24.67 33.87 40.68 45.32 48.33 50.27 51.60 52.61 53.46 54.15 54.63 54.86 54.77 54.40 53.81 53.12 52.45 51.85 51.33 50.79 50.10 49.15 47.92 46.53 45.18 44.08 43.40 43.22 43.52 44.22 45.16 46.20 47.20 48.07 48.78 49.35 49.79 50.11 50.31 50.35 50.26 50.07 49.88 49.78 49.81 49.97 50.25 50.58 50.91 51.15 51.25 51.20 51.02 50.78 50.53 50.31 50.12 49.95 49.83 49.87 50.28 51.33 53.41 57.55 67.53 99.00 
14.00 24.47 32.57 38.57 42.77 45.42 46.82 47.32 47.35 47.28 47.38 47.72 48.21 48.63 48.82 48.72 48.42 48.13 48.02 48.19 48.67 49.38 50.27 51.23 52.16 52.95 53.51 53.85 54.02 54.11 54.19 54.24 54.21 53.97 53.45 52.63 51.59 50.50 49.55 48.92 48.68 48.78 49.09 49.41 49.62 49.72 49.79 49.94 50.25 50.74 51.40 52.16 52.95 53.65 54.17 54.42 54.43 54.23 53.85 53.22 52.11 50.16 46.89 41.82 34.54 24.97 13.43 0.71 0.04 0.00 0.00 0.00 0.00 0.00 0.00 0.00 0.00 0.00 0.00 0.00 0.00 0.00 0.00 0.00 0.00 0.00 0.00 0.00 0.00 0.00 0.00 0.00 0.00 0.00 0.00 0.00 0.00 0.00 0.00 0.00 0.00 0.00 0.00 0.00 0.00 0.00 0.00 0.00 0.00 0.00 0.00 0.00 0.00 0.00 0.00 0.00 0.00 0.00 0.00 0.00 0.00 0.00 0.00 0.00 0.00 0.00 0.00 0.00 0.00 0.00 0.00 0.04 0.71 13.50 24.97 34.29 41.19 45.88 48.88 50.72 51.89 52.68 53.28 53.73 53.99 54.02 53.80 53.37 52.80 52.19 51.63 51.17 50.76 50.31 49.68 48.76 47.57 46.20 44.87 43.78 43.10 42.92 43.22 43.94 44.90 45.97 47.00 47.93 48.73 49.42 50.00 50.46 50.77 50.88 50.80 50.57 50.31 50.11 50.02 50.05 50.15 50.24 50.28 50.24 50.13 50.01 49.95 49.98 50.11 50.29 50.45 50.53 50.54 50.60 50.89 51.56 52.55 53.08 50.02 32.00 
4.00 24.37 33.19 38.84 42.70 45.12 46.38 46.83 46.87 46.86 47.03 47.45 47.98 48.43 48.63 48.55 48.31 48.08 48.03 48.22 48.67 49.32 50.15 51.12 52.15 53.13 53.96 54.57 54.96 55.18 55.26 55.18 54.91 54.39 53.57 52.51 51.30 50.12 49.13 48.49 48.24 48.33 48.61 48.90 49.09 49.18 49.25 49.44 49.84 50.47 51.30 52.25 53.22 54.08 54.72 55.10 55.22 55.15 54.90 54.37 53.31 51.33 47.95 42.69 35.19 25.40 13.64 0.72 0.04 0.00 0.00 0.00 0.00 0.00 0.00 0.00 0.00 0.00 0.00 0.00 0.00 0.00 0.00 0.00 0.00 0.00 0.00 0.00 0.00 0.00 0.00 0.00 0.00 0.00 0.00 0.00 0.00 0.00 0.00 0.00 0.00 0.00 0.00 0.00 0.00 0.00 0.00 0.00 0.00 0.00 0.00 0.00 0.00 0.00 0.00 0.00 0.00 0.00 0.00 0.00 0.00 0.00 0.00 0.00 0.00 0.00 0.00 0.00 0.00 0.00 0.00 0.04 0.72 13.61 25.19 34.62 41.60 46.33 49.29 51.02 51.97 52.50 52.82 53.00 53.03 52.90 52.59 52.13 51.61 51.12 50.72 50.40 50.12 49.76 49.20 48.36 47.27 46.02 44.80 43.82 43.23 43.12 43.49 44.23 45.20 46.24 47.22 48.09 48.85 49.52 50.13 50.65 51.01 51.15 51.07 50.80 50.47 50.19 50.02 49.95 49.91 49.82 49.63 49.37 49.11 48.97 49.03 49.32 49.80 50.35 50.85 51.20 51.37 51.48 51.69 52.19 52.87 52.76 47.79 23.00 
54.00 35.23 35.94 39.57 42.69 44.75 45.84 46.26 46.33 46.39 46.62 47.07 47.60 48.05 48.28 48.29 48.19 48.13 48.23 48.52 48.96 49.55 50.28 51.19 52.23 53.31 54.30 55.09 55.64 55.94 56.00 55.79 55.29 54.49 53.42 52.17 50.86 49.65 48.67 48.03 47.73 47.75 47.94 48.16 48.33 48.43 48.56 48.84 49.37 50.16 51.17 52.28 53.39 54.34 55.06 55.50 55.71 55.75 55.61 55.18 54.17 52.17 48.69 43.29 35.62 25.66 13.76 0.73 0.04 0.00 0.00 0.00 0.00 0.00 0.00 0.00 0.00 0.00 0.00 0.00 0.00 0.00 0.00 0.00 0.00 0.00 0.00 0.00 0.00 0.00 0.00 0.00 0.00 0.00 0.00 0.00 0.00 0.00 0.00 0.00 0.00 0.00 0.00 0.00 0.00 0.00 0.00 0.00 0.00 0.00 0.00 0.00 0.00 0.00 0.00 0.00 0.00 0.00 0.00 0.00 0.00 0.00 0.00 0.00 0.00 0.00 0.00 0.00 0.00 0.00 0.00 0.04 0.72 13.69 25.35 34.86 41.91 46.68 49.60 51.19 51.93 52.18 52.22 52.14 51.98 51.72 51.34 50.89 50.45 50.09 49.83 49.65 49.48 49.20 48.72 48.00 47.07 46.03 45.03 44.25 43.82 43.84 44.28 45.04 45.98 46.92 47.77 48.48 49.10 49.68 50.24 50.74 51.10 51.24 51.14 50.84 50.45 50.11 49.88 49.75 49.63 49.42 49.09 48.70 48.35 48.20 48.36 48.84 49.57 50.41 51.20 51.79 52.15 52.33 52.56 53.15 54.59 57.81 65.69 89.00 
5.00 26.18 35.00 39.84 42.76 44.48 45.36 45.70 45.78 45.86 46.09 46.50 46.99 47.42 47.70 47.86 47.98 48.18 48.50 48.92 49.38 49.90 50.52 51.30 52.26 53.33 54.37 55.25 55.87 56.20 56.21 55.88 55.21 54.21 52.98 51.64 50.32 49.15 48.22 47.57 47.21 47.10 47.16 47.30 47.45 47.59 47.82 48.24 48.94 49.90 51.07 52.32 53.49 54.47 55.18 55.61 55.83 55.91 55.84 55.48 54.51 52.51 49.00 43.52 35.77 25.74 13.80 0.73 0.04 0.00 0.00 0.00 0.00 0.00 0.00 0.00 0.00 0.00 0.00 0.00 0.00 0.00 0.00 0.00 0.00 0.00 0.00 0.00 0.00 0.00 0.00 0.00 0.00 0.00 0.00 0.00 0.00 0.00 0.00 0.00 0.00 0.00 0.00 0.00 0.00 0.00 0.00 0.00 0.00 0.00 0.00 0.00 0.00 0.00 0.00 0.00 0.00 0.00 0.00 0.00 0.00 0.00 0.00 0.00 0.00 0.00 0.00 0.00 0.00 0.00 0.00 0.04 0.73 13.74 25.47 35.04 42.15 46.93 49.81 51.28 51.81 51.82 51.60 51.31 51.00 50.65 50.26 49.84 49.47 49.21 49.07 49.00 48.90 48.68 48.29 47.72 47.01 46.23 45.52 45.01 44.80 44.96 45.46 46.22 47.06 47.85 48.49 48.99 49.42 49.86 50.33 50.79 51.14 51.27 51.15 50.81 50.38 50.01 49.75 49.58 49.42 49.15 48.75 48.29 47.90 47.75 47.95 48.52 49.39 50.40 51.39 52.19 52.70 52.95 53.13 53.59 54.98 58.66 68.41 96.00 
9.00 29.26 37.62 41.48 43.49 44.58 45.12 45.31 45.32 45.34 45.49 45.79 46.19 46.59 46.95 47.30 47.70 48.19 48.75 49.31 49.80 50.24 50.72 51.35 52.17 53.12 54.10 54.95 55.55 55.85 55.81 55.39 54.61 53.54 52.28 50.98 49.75 48.69 47.83 47.18 46.72 46.46 46.39 46.46 46.61 46.85 47.23 47.81 48.68 49.80 51.09 52.41 53.60 54.52 55.13 55.45 55.58 55.61 55.53 55.18 54.25 52.30 48.82 43.38 35.67 25.67 13.76 0.73 0.04 0.00 0.00 0.00 0.00 0.00 0.00 0.00 0.00 0.00 0.00 0.00 0.00 0.00 0.00 0.00 0.00 0.00 0.00 0.00 0.00 0.00 0.00 0.00 0.00 0.00 0.00 0.00 0.00 0.00 0.00 0.00 0.00 0.00 0.00 0.00 0.00 0.00 0.00 0.00 0.00 0.00 0.00 0.00 0.00 0.00 0.00 0.00 0.00 0.00 0.00 0.00 0.00 0.00 0.00 0.00 0.00 0.00 0.00 0.00 0.00 0.00 0.00 0.04 0.73 13.80 25.58 35.20 42.34 47.13 49.96 51.31 51.68 51.48 51.06 50.60 50.19 49.80 49.41 49.03 48.73 48.55 48.48 48.46 48.40 48.23 47.93 47.53 47.06 46.60 46.21 46.00 46.01 46.31 46.85 47.53 48.21 48.78 49.18 49.45 49.69 50.01 50.42 50.86 51.21 51.34 51.20 50.84 50.39 49.99 49.71 49.53 49.34 49.05 48.62 48.14 47.73 47.56 47.75 48.31 49.20 50.28 51.37 52.30 52.92 53.19 53.22 53.21 53.39 53.79 53.54 48.00 
44.00 44.22 44.69 44.91 45.05 45.16 45.21 45.16 45.04 44.93 44.94 45.09 45.38 45.76 46.22 46.77 47.44 48.20 48.97 49.63 50.14 50.51 50.85 51.30 51.92 52.69 53.50 54.20 54.69 54.90 54.78 54.33 53.55 52.54 51.39 50.25 49.21 48.31 47.54 46.88 46.34 45.95 45.76 45.79 45.99 46.36 46.91 47.67 48.69 49.92 51.28 52.61 53.74 54.54 54.96 55.07 54.99 54.86 54.68 54.30 53.40 51.53 48.19 42.90 35.35 25.49 13.68 0.72 0.04 0.00 0.00 0.00 0.00 0.00 0.00 0.00 0.00 0.00 0.00 0.00 0.00 0.00 0.00 0.00 0.00 0.00 0.00 0.00 0.00 0.00 0.00 0.00 0.00 0.00 0.00 0.00 0.00 0.00 0.00 0.00 0.00 0.00 0.00 0.00 0.00 0.00 0.00 0.00 0.00 0.00 0.00 0.00 0.00 0.00 0.00 0.00 0.00 0.00 0.00 0.00 0.00 0.00 0.00 0.00 0.00 0.00 0.00 0.00 0.00 0.00 0.00 0.04 0.73 13.87 25.71 35.37 42.52 47.29 50.06 51.32 51.55 51.20 50.63 50.05 49.56 49.15 48.78 48.44 48.19 48.06 48.03 48.04 48.00 47.87 47.65 47.40 47.18 47.02 46.97 47.04 47.27 47.67 48.19 48.75 49.22 49.52 49.66 49.72 49.82 50.07 50.47 50.94 51.33 51.48 51.34 50.97 50.51 50.09 49.80 49.60 49.39 49.09 48.66 48.18 47.76 47.56 47.68 48.17 48.99 50.04 51.16 52.14 52.83 53.11 53.00 52.54 51.70 49.81 44.13 25.00 
73.00 59.12 52.31 48.78 46.94 46.03 45.58 45.27 44.98 44.72 44.56 44.58 44.78 45.16 45.72 46.46 47.34 48.29 49.19 49.92 50.41 50.71 50.93 51.20 51.60 52.12 52.66 53.12 53.40 53.45 53.26 52.82 52.14 51.31 50.41 49.54 48.75 48.06 47.40 46.76 46.16 45.68 45.42 45.43 45.72 46.23 46.95 47.88 49.00 50.30 51.67 52.94 53.95 54.55 54.71 54.51 54.13 53.74 53.37 52.92 52.05 50.31 47.19 42.17 34.88 25.23 13.57 0.72 0.04 0.00 0.00 0.00 0.00 0.00 0.00 0.00 0.00 0.00 0.00 0.00 0.00 0.00 0.00 0.00 0.00 0.00 0.00 0.00 0.00 0.00 0.00 0.00 0.00 0.00 0.00 0.00 0.00 0.00 0.00 0.00 0.00 0.00 0.00 0.00 0.00 0.00 0.00 0.00 0.00 0.00 0.00 0.00 0.00 0.00 0.00 0.00 0.00 0.00 0.00 0.00 0.00 0.00 0.00 0.00 0.00 0.00 0.00 0.00 0.00 0.00 0.00 0.04 0.74 13.96 25.85 35.55 42.70 47.43 50.14 51.32 51.46 51.01 50.33 49.67 49.13 48.69 48.32 48.01 47.78 47.68 47.69 47.72 47.70 47.60 47.46 47.35 47.33 47.44 47.66 47.98 48.39 48.86 49.33 49.72 49.95 49.98 49.88 49.76 49.78 50.03 50.48 51.01 51.45 51.63 51.50 51.13 50.66 50.25 49.95 49.74 49.53 49.23 48.81 48.34 47.92 47.68 47.72 48.09 48.79 49.75 50.83 51.82 52.53 52.82 52.65 52.05 51.07 49.74 48.30 49.00 
87.00 67.33 57.30 51.67 48.55 46.92 46.08 45.57 45.14 44.75 44.47 44.39 44.55 44.97 45.64 46.51 47.53 48.57 49.52 50.24 50.70 50.93 51.04 51.14 51.31 51.53 51.74 51.87 51.87 51.72 51.44 51.05 50.55 49.99 49.43 48.91 48.44 47.98 47.48 46.90 46.30 45.78 45.49 45.50 45.85 46.48 47.35 48.40 49.60 50.90 52.21 53.37 54.19 54.54 54.38 53.82 53.08 52.36 51.76 51.19 50.36 48.79 45.94 41.25 34.29 24.92 13.44 0.71 0.04 0.00 0.00 0.00 0.00 0.00 0.00 0.00 0.00 0.00 0.00 0.00 0.00 0.00 0.00 0.00 0.00 0.00 0.00 0.00 0.00 0.00 0.00 0.00 0.00 0.00 0.00 0.00 0.00 0.00 0.00 0.00 0.00 0.00 0.00 0.00 0.00 0.00 0.00 0.00 0.00 0.00 0.00 0.00 0.00 0.00 0.00 0.00 0.00 0.00 0.00 0.00 0.00 0.00 0.00 0.00 0.00 0.00 0.00 0.00 0.00 0.00 0.00 0.04 0.74 14.04 25.99 35.72 42.86 47.56 50.22 51.34 51.43 50.93 50.20 49.49 48.90 48.42 48.01 47.68 47.47 47.39 47.42 47.49 47.52 47.47 47.40 47.39 47.52 47.80 48.22 48.73 49.26 49.77 50.17 50.39 50.38 50.17 49.86 49.63 49.61 49.90 50.43 51.04 51.52 51.71 51.57 51.18 50.72 50.32 50.05 49.86 49.67 49.40 49.03 48.60 48.20 47.93 47.88 48.13 48.70 49.53 50.51 51.46 52.16 52.47 52.30 51.69 50.75 49.84 50.40 59.00 
70.00 66.42 58.77 53.03 49.50 47.57 46.56 45.95 45.46 45.01 44.68 44.58 44.76 45.25 46.01 46.97 48.03 49.09 50.00 50.67 51.08 51.25 51.27 51.22 51.15 51.06 50.91 50.67 50.34 49.96 49.58 49.24 48.96 48.72 48.54 48.41 48.28 48.10 47.80 47.36 46.83 46.32 46.01 46.01 46.37 47.06 48.00 49.13 50.36 51.63 52.83 53.81 54.40 54.46 53.96 53.03 51.92 50.88 50.05 49.36 48.55 47.15 44.59 40.26 33.64 24.56 13.29 0.70 0.04 0.00 0.00 0.00 0.00 0.00 0.00 0.00 0.00 0.00 0.00 0.00 0.00 0.00 0.00 0.00 0.00 0.00 0.00 0.00 0.00 0.00 0.00 0.00 0.00 0.00 0.00 0.00 0.00 0.00 0.00 0.00 0.00 0.00 0.00 0.00 0.00 0.00 0.00 0.00 0.00 0.00 0.00 0.00 0.00 0.00 0.00 0.00 0.00 0.00 0.00 0.00 0.00 0.00 0.00 0.00 0.00 0.00 0.00 0.00 0.00 0.00 0.00 0.04 0.74 14.09 26.08 35.82 42.96 47.64 50.27 51.38 51.47 50.97 50.25 49.52 48.89 48.35 47.89 47.51 47.27 47.20 47.28 47.42 47.52 47.54 47.53 47.58 47.78 48.14 48.66 49.27 49.88 50.40 50.72 50.79 50.59 50.19 49.74 49.43 49.43 49.77 50.37 51.02 51.50 51.64 51.45 51.04 50.57 50.21 49.99 49.88 49.77 49.60 49.33 48.99 48.64 48.37 48.25 48.38 48.79 49.48 50.33 51.19 51.86 52.18 52.04 51.43 50.33 48.51 44.52 31.00 
96.00 70.17 59.32 53.28 49.78 47.86 46.87 46.28 45.82 45.41 45.13 45.09 45.35 45.92 46.74 47.74 48.80 49.79 50.63 51.24 51.61 51.74 51.69 51.50 51.21 50.82 50.32 49.70 49.04 48.42 47.93 47.64 47.54 47.61 47.79 48.03 48.25 48.38 48.33 48.09 47.68 47.24 46.92 46.86 47.16 47.82 48.77 49.92 51.14 52.34 53.41 54.19 54.52 54.28 53.46 52.21 50.80 49.49 48.46 47.68 46.88 45.63 43.32 39.29 33.00 24.18 13.12 0.69 0.04 0.00 0.00 0.00 0.00 0.00 0.00 0.00 0.00 0.00 0.00 0.00 0.00 0.00 0.00 0.00 0.00 0.00 0.00 0.00 0.00 0.00 0.00 0.00 0.00 0.00 0.00 0.00 0.00 0.00 0.00 0.00 0.00 0.00 0.00 0.00 0.00 0.00 0.00 0.00 0.00 0.00 0.00 0.00 0.00 0.00 0.00 0.00 0.00 0.00 0.00 0.00 0.00 0.00 0.00 0.00 0.00 0.00 0.00 0.00 0.00 0.00 0.00 0.04 0.74 14.08 26.06 35.79 42.91 47.58 50.23 51.37 51.51 51.09 50.44 49.76 49.12 48.54 48.00 47.55 47.27 47.21 47.35 47.58 47.77 47.88 47.92 47.99 48.17 48.52 49.05 49.68 50.31 50.81 51.08 51.04 50.70 50.18 49.65 49.32 49.34 49.74 50.37 51.01 51.42 51.47 51.17 50.69 50.22 49.90 49.78 49.80 49.84 49.83 49.73 49.53 49.28 49.04 48.87 48.88 49.13 49.64 50.34 51.09 51.71 52.03 51.95 51.46 50.59 49.39 48.21 51.00 
51.00 59.56 56.09 52.10 49.33 47.73 46.90 46.44 46.10 45.84 45.70 45.79 46.16 46.81 47.68 48.67 49.67 50.59 51.35 51.91 52.24 52.36 52.28 52.00 51.54 50.90 50.09 49.15 48.17 47.31 46.69 46.40 46.44 46.74 47.22 47.77 48.31 48.73 48.96 48.95 48.72 48.36 48.02 47.87 48.05 48.60 49.48 50.59 51.77 52.90 53.82 54.40 54.48 53.98 52.91 51.44 49.83 48.36 47.20 46.35 45.57 44.41 42.27 38.48 32.42 23.83 12.95 0.68 0.04 0.00 0.00 0.00 0.00 0.00 0.00 0.00 0.00 0.00 0.00 0.00 0.00 0.00 0.00 0.00 0.00 0.00 0.00 0.00 0.00 0.00 0.00 0.00 0.00 0.00 0.00 0.00 0.00 0.00 0.00 0.00 0.00 0.00 0.00 0.00 0.00 0.00 0.00 0.00 0.00 0.00 0.00 0.00 0.00 0.00 0.00 0.00 0.00 0.00 0.00 0.00 0.00 0.00 0.00 0.00 0.00 0.00 0.00 0.00 0.00 0.00 0.00 0.04 0.74 13.99 25.89 35.55 42.64 47.30 49.98 51.19 51.44 51.17 50.67 50.10 49.53 48.95 48.36 47.86 47.54 47.50 47.70 48.02 48.33 48.51 48.58 48.61 48.72 48.99 49.44 50.03 50.63 51.11 51.33 51.23 50.83 50.26 49.71 49.40 49.46 49.88 50.51 51.08 51.38 51.28 50.85 50.28 49.78 49.51 49.51 49.70 49.95 50.15 50.26 50.25 50.13 49.92 49.71 49.60 49.68 49.99 50.52 51.14 51.68 52.00 51.98 51.65 51.09 50.26 47.99 37.00 
87.00 61.56 54.33 50.72 48.51 47.25 46.63 46.36 46.23 46.18 46.26 46.52 47.02 47.75 48.63 49.59 50.53 51.37 52.06 52.58 52.92 53.07 53.00 52.69 52.14 51.33 50.30 49.10 47.86 46.77 46.00 45.66 45.74 46.16 46.82 47.60 48.38 49.06 49.54 49.76 49.70 49.43 49.07 48.80 48.81 49.21 49.97 51.00 52.13 53.18 53.99 54.39 54.28 53.59 52.37 50.80 49.13 47.60 46.40 45.51 44.72 43.59 41.54 37.88 31.98 23.54 12.81 0.68 0.04 0.00 0.00 0.00 0.00 0.00 0.00 0.00 0.00 0.00 0.00 0.00 0.00 0.00 0.00 0.00 0.00 0.00 0.00 0.00 0.00 0.00 0.00 0.00 0.00 0.00 0.00 0.00 0.00 0.00 0.00 0.00 0.00 0.00 0.00 0.00 0.00 0.00 0.00 0.00 0.00 0.00 0.00 0.00 0.00 0.00 0.00 0.00 0.00 0.00 0.00 0.00 0.00 0.00 0.00 0.00 0.00 0.00 0.00 0.00 0.00 0.00 0.00 0.04 0.73 13.81 25.56 35.09 42.10 46.72 49.41 50.71 51.11 51.03 50.75 50.39 49.97 49.48 48.92 48.41 48.09 48.07 48.33 48.74 49.14 49.39 49.47 49.43 49.41 49.54 49.87 50.36 50.91 51.35 51.56 51.45 51.05 50.50 49.99 49.72 49.83 50.26 50.85 51.33 51.49 51.23 50.66 49.98 49.44 49.22 49.33 49.68 50.13 50.57 50.90 51.08 51.09 50.93 50.67 50.43 50.33 50.44 50.77 51.22 51.67 51.94 51.97 51.79 51.70 52.52 56.51 71.00 
17.00 45.85 49.79 48.86 47.47 46.55 46.13 46.06 46.17 46.39 46.72 47.18 47.81 48.59 49.48 50.40 51.28 52.05 52.69 53.20 53.58 53.80 53.80 53.54 52.98 52.12 50.95 49.57 48.12 46.83 45.89 45.43 45.45 45.88 46.60 47.49 48.41 49.27 49.95 50.36 50.44 50.23 49.83 49.44 49.28 49.50 50.13 51.08 52.16 53.16 53.88 54.18 53.94 53.16 51.90 50.34 48.71 47.23 46.05 45.15 44.34 43.20 41.16 37.53 31.70 23.35 12.71 0.67 0.04 0.00 0.00 0.00 0.00 0.00 0.00 0.00 0.00 0.00 0.00 0.00 0.00 0.00 0.00 0.00 0.00 0.00 0.00 0.00 0.00 0.00 0.00 0.00 0.00 0.00 0.00 0.00 0.00 0.00 0.00 0.00 0.00 0.00 0.00 0.00 0.00 0.00 0.00 0.00 0.00 0.00 0.00 0.00 0.00 0.00 0.00 0.00 0.00 0.00 0.00 0.00 0.00 0.00 0.00 0.00 0.00 0.00 0.00 0.00 0.00 0.00 0.00 0.04 0.72 13.58 25.12 34.47 41.32 45.84 48.50 49.84 50.39 50.54 50.52 50.44 50.27 49.96 49.53 49.09 48.82 48.84 49.16 49.65 50.12 50.41 50.47 50.34 50.18 50.13 50.30 50.68 51.16 51.57 51.78 51.70 51.35 50.86 50.43 50.24 50.39 50.83 51.37 51.76 51.79 51.39 50.69 49.92 49.35 49.14 49.32 49.79 50.41 51.03 51.55 51.90 52.01 51.88 51.59 51.22 50.94 50.83 50.94 51.22 51.53 51.72 51.69 51.43 51.14 51.50 54.48 67.00 
68.00 55.50 50.87 48.29 46.70 45.84 45.55 45.65 45.99 46.48 47.06 47.72 48.46 49.29 50.18 51.07 51.89 52.61 53.22 53.74 54.17 54.49 54.62 54.48 54.01 53.17 51.96 50.47 48.87 47.40 46.27 45.63 45.51 45.84 46.51 47.40 48.37 49.32 50.12 50.65 50.82 50.63 50.18 49.68 49.37 49.44 49.95 50.83 51.88 52.87 53.57 53.82 53.54 52.74 51.52 50.05 48.54 47.16 46.04 45.16 44.33 43.16 41.09 37.45 31.63 23.30 12.69 0.67 0.04 0.00 0.00 0.00 0.00 0.00 0.00 0.00 0.00 0.00 0.00 0.00 0.00 0.00 0.00 0.00 0.00 0.00 0.00 0.00 0.00 0.00 0.00 0.00 0.00 0.00 0.00 0.00 0.00 0.00 0.00 0.00 0.00 0.00 0.00 0.00 0.00 0.00 0.00 0.00 0.00 0.00 0.00 0.00 0.00 0.00 0.00 0.00 0.00 0.00 0.00 0.00 0.00 0.00 0.00 0.00 0.00 0.00 0.00 0.00 0.00 0.00 0.00 0.04 0.71 13.39 24.71 33.82 40.44 44.77 47.31 48.64 49.29 49.64 49.91 50.14 50.27 50.24 50.02 49.74 49.57 49.65 50.03 50.58 51.10 51.41 51.43 51.20 50.89 50.68 50.69 50.94 51.35 51.73 51.96 51.93 51.66 51.27 50.94 50.83 51.04 51.50 52.00 52.31 52.23 51.73 50.94 50.11 49.51 49.29 49.50 50.02 50.72 51.45 52.10 52.55 52.74 52.64 52.30 51.83 51.37 51.06 50.95 51.02 51.18 51.26 51.12 50.62 49.61 47.65 42.82 27.00 
79.00 57.63 50.54 47.52 45.96 45.20 45.01 45.27 45.82 46.55 47.35 48.18 49.02 49.88 50.76 51.62 52.41 53.08 53.67 54.19 54.69 55.12 55.40 55.42 55.08 54.33 53.14 51.61 49.91 48.29 46.97 46.13 45.80 45.95 46.48 47.29 48.24 49.20 50.05 50.62 50.82 50.62 50.12 49.53 49.12 49.09 49.53 50.38 51.42 52.42 53.13 53.39 53.12 52.36 51.22 49.87 48.49 47.24 46.21 45.37 44.55 43.37 41.30 37.66 31.83 23.48 12.81 0.68 0.04 0.00 0.00 0.00 0.00 0.00 0.00 0.00 0.00 0.00 0.00 0.00 0.00 0.00 0.00 0.00 0.00 0.00 0.00 0.00 0.00 0.00 0.00 0.00 0.00 0.00 0.00 0.00 0.00 0.00 0.00 0.00 0.00 0.00 0.00 0.00 0.00 0.00 0.00 0.00 0.00 0.00 0.00 0.00 0.00 0.00 0.00 0.00 0.00 0.00 0.00 0.00 0.00 0.00 0.00 0.00 0.00 0.00 0.00 0.00 0.00 0.00 0.00 0.04 0.70 13.32 24.50 33.37 39.69 43.74 46.07 47.30 47.97 48.47 48.99 49.52 49.98 50.25 50.30 50.21 50.17 50.34 50.76 51.35 51.89 52.21 52.20 51.89 51.45 51.09 50.95 51.09 51.41 51.77 52.01 52.04 51.86 51.57 51.36 51.36 51.64 52.12 52.60 52.84 52.69 52.13 51.29 50.44 49.82 49.60 49.78 50.30 51.00 51.76 52.44 52.95 53.18 53.10 52.73 52.17 51.57 51.06 50.74 50.62 50.64 50.63 50.43 49.84 48.65 46.42 42.05 33.00 
36.00 45.79 46.70 45.98 45.20 44.73 44.69 45.07 45.78 46.70 47.68 48.63 49.53 50.41 51.28 52.11 52.86 53.50 54.05 54.57 55.09 55.61 56.02 56.20 56.02 55.38 54.26 52.74 51.00 49.27 47.80 46.74 46.18 46.10 46.45 47.12 48.00 48.95 49.79 50.37 50.56 50.34 49.79 49.16 48.70 48.63 49.05 49.89 50.94 51.95 52.68 52.95 52.70 51.98 50.92 49.68 48.43 47.30 46.38 45.62 44.87 43.76 41.75 38.18 32.41 24.03 13.18 0.70 0.04 0.00 0.00 0.00 0.00 0.00 0.00 0.00 0.00 0.00 0.00 0.00 0.00 0.00 0.00 0.00 0.00 0.00 0.00 0.00 0.00 0.00 0.00 0.00 0.00 0.00 0.00 0.00 0.00 0.00 0.00 0.00 0.00 0.00 0.00 0.00 0.00 0.00 0.00 0.00 0.00 0.00 0.00 0.00 0.00 0.00 0.00 0.00 0.00 0.00 0.00 0.00 0.00 0.00 0.00 0.00 0.00 0.00 0.00 0.00 0.00 0.00 0.00 0.04 0.72 13.55 24.73 33.38 39.35 43.03 45.05 46.09 46.72 47.30 47.99 48.78 49.52 50.06 50.35 50.44 50.52 50.75 51.20 51.79 52.35 52.67 52.64 52.29 51.77 51.29 51.03 51.05 51.29 51.62 51.87 51.94 51.84 51.67 51.58 51.70 52.07 52.58 53.05 53.25 53.04 52.43 51.58 50.74 50.14 49.91 50.07 50.54 51.19 51.91 52.59 53.10 53.35 53.27 52.88 52.25 51.53 50.87 50.38 50.11 50.02 49.96 49.78 49.30 48.41 47.10 45.85 49.00 
38.00 43.04 44.90 45.12 44.85 44.62 44.69 45.16 45.97 47.01 48.09 49.13 50.07 50.95 51.79 52.59 53.30 53.89 54.38 54.84 55.35 55.89 56.38 56.68 56.63 56.12 55.10 53.65 51.93 50.17 48.58 47.33 46.54 46.23 46.37 46.90 47.70 48.62 49.47 50.05 50.24 50.00 49.45 48.81 48.36 48.30 48.72 49.55 50.59 51.58 52.28 52.52 52.26 51.55 50.54 49.38 48.23 47.23 46.43 45.81 45.20 44.26 42.45 39.10 33.51 25.18 14.02 0.74 0.04 0.00 0.00 0.00 0.00 0.00 0.00 0.00 0.00 0.00 0.00 0.00 0.00 0.00 0.00 0.00 0.00 0.00 0.00 0.00 0.00 0.00 0.00 0.00 0.00 0.00 0.00 0.00 0.00 0.00 0.00 0.00 0.00 0.00 0.00 0.00 0.00 0.00 0.00 0.00 0.00 0.00 0.00 0.00 0.00 0.00 0.00 0.00 0.00 0.00 0.00 0.00 0.00 0.00 0.00 0.00 0.00 0.00 0.00 0.00 0.00 0.00 0.00 0.04 0.76 14.31 25.68 34.11 39.67 42.90 44.54 45.33 45.83 46.42 47.21 48.16 49.09 49.81 50.25 50.46 50.59 50.82 51.24 51.81 52.37 52.70 52.69 52.34 51.79 51.24 50.88 50.79 50.94 51.21 51.44 51.54 51.52 51.47 51.52 51.78 52.25 52.82 53.29 53.44 53.18 52.54 51.70 50.90 50.35 50.15 50.29 50.71 51.29 51.95 52.58 53.08 53.32 53.24 52.83 52.15 51.34 50.57 49.97 49.60 49.45 49.38 49.25 48.91 48.33 47.50 45.13 30.00 
37.00 43.62 45.04 45.22 45.06 44.93 45.06 45.56 46.41 47.49 48.63 49.69 50.65 51.52 52.33 53.09 53.74 54.25 54.64 55.00 55.41 55.90 56.40 56.75 56.80 56.41 55.53 54.22 52.60 50.87 49.23 47.85 46.85 46.31 46.26 46.66 47.41 48.34 49.22 49.85 50.07 49.85 49.33 48.74 48.34 48.32 48.75 49.54 50.49 51.37 51.95 52.09 51.76 51.01 50.00 48.89 47.84 46.95 46.30 45.87 45.50 44.85 43.41 40.49 35.36 27.32 15.85 0.89 0.09 0.05 0.04 0.04 0.04 0.04 0.04 0.04 0.04 0.04 0.04 0.04 0.04 0.04 0.04 0.04 0.04 0.04 0.04 0.04 0.04 0.04 0.04 0.04 0.04 0.04 0.04 0.03 0.03 0.03 0.03 0.04 0.04 0.04 0.04 0.04 0.04 0.04 0.04 0.04 0.04 0.04 0.04 0.04 0.04 0.04 0.04 0.04 0.04 0.04 0.04 0.04 0.04 0.04 0.04 0.04 0.04 0.04 0.04 0.04 0.04 0.04 0.04 0.09 0.90 16.10 27.74 35.81 40.81 43.50 44.71 45.20 45.54 46.06 46.88 47.88 48.87 49.65 50.12 50.32 50.41 50.57 50.91 51.41 51.94 52.30 52.34 52.05 51.52 50.95 50.51 50.31 50.34 50.51 50.69 50.80 50.85 50.93 51.15 51.57 52.18 52.82 53.30 53.42 53.11 52.44 51.62 50.88 50.40 50.26 50.42 50.81 51.34 51.94 52.53 52.98 53.20 53.10 52.65 51.94 51.08 50.26 49.61 49.22 49.05 48.99 48.88 48.59 48.31 49.24 57.08 98.00 
66.00 49.49 46.60 45.99 45.71 45.59 45.74 46.23 47.06 48.11 49.24 50.30 51.25 52.11 52.90 53.60 54.17 54.56 54.80 55.00 55.25 55.61 56.04 56.39 56.51 56.25 55.55 54.43 53.00 51.38 49.76 48.29 47.12 46.38 46.17 46.48 47.22 48.21 49.19 49.91 50.20 50.06 49.62 49.12 48.79 48.82 49.22 49.90 50.69 51.36 51.72 51.68 51.20 50.36 49.32 48.24 47.26 46.49 46.00 45.79 45.71 45.47 44.56 42.36 38.12 31.03 19.97 2.04 0.98 0.85 0.80 0.78 0.76 0.74 0.73 0.72 0.72 0.72 0.72 0.73 0.74 0.75 0.76 0.77 0.78 0.78 0.78 0.77 0.76 0.74 0.73 0.71 0.69 0.68 0.66 0.66 0.65 0.65 0.66 0.67 0.69 0.71 0.73 0.75 0.76 0.77 0.77 0.77 0.77 0.76 0.75 0.73 0.72 0.71 0.70 0.69 0.68 0.68 0.68 0.69 0.70 0.72 0.74 0.75 0.75 0.75 0.74 0.73 0.73 0.75 0.80 0.94 2.03 20.17 31.45 38.61 42.78 44.81 45.56 45.74 45.89 46.31 47.06 48.01 48.95 49.66 50.03 50.11 50.06 50.07 50.27 50.67 51.16 51.54 51.67 51.48 51.02 50.45 49.95 49.62 49.49 49.52 49.62 49.72 49.85 50.07 50.47 51.08 51.84 52.59 53.10 53.20 52.85 52.16 51.36 50.69 50.30 50.24 50.45 50.85 51.36 51.93 52.47 52.89 53.06 52.91 52.43 51.68 50.82 50.00 49.38 49.02 48.88 48.83 48.67 48.12 46.82 43.86 35.80 8.00 
20.00 41.76 46.00 46.59 46.51 46.44 46.60 47.06 47.82 48.80 49.86 50.88 51.82 52.67 53.43 54.08 54.55 54.79 54.84 54.82 54.86 55.04 55.35 55.67 55.84 55.73 55.26 54.40 53.21 51.78 50.23 48.72 47.42 46.53 46.19 46.46 47.23 48.32 49.43 50.28 50.69 50.66 50.33 49.93 49.70 49.74 50.08 50.61 51.15 51.53 51.61 51.32 50.65 49.70 48.61 47.53 46.60 45.93 45.59 45.59 45.82 46.03 45.78 44.52 41.66 36.70 29.52 21.12 17.58 16.02 15.22 14.73 14.38 14.09 13.86 13.71 13.64 13.64 13.72 13.85 14.03 14.22 14.43 14.61 14.73 14.78 14.74 14.60 14.37 14.08 13.75 13.41 13.10 12.83 12.61 12.45 12.36 12.39 12.53 12.80 13.16 13.55 13.93 14.25 14.48 14.63 14.68 14.64 14.52 14.34 14.14 13.93 13.72 13.51 13.29 13.09 12.93 12.86 12.90 13.06 13.32 13.63 13.93 14.15 14.23 14.17 14.00 13.84 13.83 14.14 14.98 16.79 20.70 29.55 37.13 42.35 45.32 46.61 46.89 46.78 46.75 47.03 47.66 48.48 49.26 49.80 49.99 49.87 49.61 49.42 49.44 49.72 50.15 50.56 50.78 50.71 50.34 49.80 49.23 48.76 48.46 48.32 48.30 48.38 48.58 48.95 49.54 50.36 51.30 52.16 52.73 52.83 52.45 51.74 50.97 50.38 50.10 50.14 50.41 50.84 51.36 51.92 52.43 52.81 52.93 52.73 52.20 51.43 50.58 49.81 49.26 48.98 48.91 48.90 48.73 48.13 46.67 43.27 34.09 4.00 
58.00 51.58 49.08 47.96 47.47 47.35 47.51 47.93 48.60 49.45 50.40 51.35 52.26 53.10 53.85 54.45 54.80 54.88 54.71 54.45 54.25 54.23 54.40 54.68 54.93 54.99 54.77 54.22 53.33 52.12 50.69 49.19 47.83 46.84 46.42 46.67 47.50 48.70 49.93 50.91 51.43 51.51 51.29 51.01 50.85 50.90 51.16 51.49 51.77 51.85 51.65 51.11 50.26 49.19 48.04 46.95 46.04 45.42 45.17 45.31 45.80 46.41 46.81 46.54 45.13 42.30 38.19 33.70 30.73 28.93 27.81 27.02 26.40 25.88 25.48 25.21 25.09 25.13 25.29 25.54 25.87 26.24 26.63 26.98 27.22 27.32 27.23 26.96 26.51 25.95 25.34 24.73 24.19 23.75 23.40 23.17 23.06 23.12 23.38 23.84 24.46 25.15 25.82 26.38 26.81 27.08 27.18 27.12 26.92 26.61 26.25 25.87 25.47 25.05 24.61 24.20 23.89 23.75 23.83 24.12 24.59 25.14 25.66 26.03 26.15 26.02 25.71 25.40 25.34 25.78 26.96 29.16 32.76 37.97 42.74 46.10 47.91 48.50 48.38 48.05 47.86 48.00 48.46 49.09 49.66 49.97 49.93 49.59 49.12 48.72 48.55 48.69 49.06 49.49 49.79 49.82 49.56 49.05 48.42 47.82 47.33 47.02 46.89 46.95 47.22 47.74 48.53 49.53 50.63 51.61 52.23 52.35 51.96 51.27 50.54 50.02 49.84 49.96 50.30 50.77 51.31 51.87 52.38 52.73 52.82 52.56 52.00 51.22 50.41 49.71 49.25 49.05 49.04 49.07 48.95 48.56 47.95 48.00 53.05 83.00 
79.00 57.49 50.80 48.69 48.12 48.10 48.33 48.74 49.31 50.01 50.80 51.64 52.49 53.32 54.06 54.61 54.86 54.76 54.38 53.89 53.46 53.25 53.29 53.54 53.86 54.12 54.18 53.97 53.39 52.45 51.18 49.74 48.37 47.34 46.90 47.15 48.03 49.29 50.60 51.63 52.22 52.37 52.23 52.03 51.93 51.99 52.17 52.35 52.42 52.27 51.84 51.11 50.13 48.98 47.79 46.67 45.74 45.10 44.84 45.02 45.62 46.52 47.44 48.00 47.82 46.68 44.67 42.28 40.25 38.72 37.56 36.62 35.82 35.14 34.62 34.29 34.17 34.25 34.49 34.85 35.30 35.82 36.36 36.86 37.22 37.37 37.24 36.83 36.19 35.39 34.54 33.74 33.08 32.59 32.26 32.07 32.02 32.14 32.47 33.04 33.79 34.64 35.48 36.21 36.77 37.14 37.29 37.24 37.01 36.64 36.18 35.65 35.07 34.42 33.75 33.13 32.67 32.47 32.59 33.00 33.62 34.33 34.97 35.39 35.50 35.27 34.83 34.40 34.27 34.71 35.91 37.95 40.80 44.16 47.13 49.12 50.04 50.11 49.71 49.23 48.93 48.94 49.23 49.65 49.98 50.06 49.80 49.26 48.60 48.01 47.68 47.69 47.99 48.42 48.78 48.90 48.71 48.24 47.58 46.88 46.27 45.83 45.63 45.70 46.05 46.70 47.63 48.77 49.97 51.02 51.68 51.81 51.45 50.78 50.11 49.67 49.57 49.76 50.15 50.65 51.20 51.77 52.28 52.62 52.69 52.42 51.85 51.11 50.35 49.73 49.34 49.18 49.18 49.17 49.00 48.56 47.88 47.17 46.76 46.00 
48.00 48.57 47.92 47.86 48.15 48.55 48.96 49.39 49.85 50.37 50.97 51.67 52.44 53.25 53.98 54.48 54.63 54.39 53.83 53.13 52.51 52.13 52.07 52.30 52.70 53.15 53.51 53.63 53.40 52.74 51.67 50.34 49.02 48.01 47.57 47.83 48.72 49.97 51.25 52.25 52.82 52.97 52.86 52.71 52.65 52.73 52.87 52.98 52.95 52.69 52.16 51.35 50.31 49.13 47.91 46.76 45.77 45.04 44.67 44.75 45.33 46.33 47.55 48.68 49.39 49.44 48.80 47.69 46.45 45.26 44.18 43.20 42.32 41.57 41.01 40.68 40.60 40.73 41.02 41.44 41.95 42.55 43.20 43.81 44.26 44.44 44.29 43.77 42.96 41.98 40.98 40.10 39.45 39.05 38.86 38.82 38.89 39.08 39.43 39.98 40.73 41.59 42.47 43.26 43.89 44.33 44.55 44.55 44.35 43.99 43.48 42.85 42.09 41.22 40.31 39.49 38.91 38.69 38.85 39.36 40.08 40.86 41.52 41.90 41.92 41.58 41.03 40.51 40.32 40.69 41.77 43.52 45.73 48.04 49.93 51.07 51.42 51.18 50.65 50.11 49.76 49.67 49.80 50.01 50.13 50.00 49.56 48.87 48.06 47.33 46.87 46.78 47.01 47.42 47.81 48.00 47.88 47.46 46.82 46.10 45.43 44.96 44.76 44.87 45.31 46.05 47.06 48.24 49.45 50.48 51.13 51.27 50.94 50.35 49.76 49.40 49.36 49.60 50.01 50.50 51.04 51.60 52.10 52.45 52.53 52.30 51.79 51.11 50.43 49.87 49.52 49.34 49.25 49.09 48.73 48.07 47.05 45.38 40.44 16.00 
38.00 40.86 44.41 46.61 47.94 48.80 49.39 49.82 50.16 50.49 50.88 51.40 52.07 52.83 53.54 54.02 54.10 53.74 53.03 52.18 51.42 50.92 50.78 50.98 51.46 52.09 52.72 53.17 53.27 52.91 52.07 50.90 49.67 48.72 48.31 48.55 49.37 50.53 51.69 52.57 53.04 53.13 53.01 52.88 52.85 52.96 53.14 53.28 53.28 53.05 52.55 51.76 50.74 49.56 48.34 47.16 46.10 45.24 44.68 44.56 44.96 45.88 47.17 48.60 49.84 50.64 50.86 50.54 49.86 48.98 48.02 47.07 46.19 45.47 44.96 44.70 44.67 44.84 45.14 45.54 46.04 46.63 47.30 47.94 48.43 48.64 48.46 47.88 46.97 45.89 44.85 44.00 43.46 43.25 43.28 43.46 43.69 43.94 44.24 44.68 45.27 46.00 46.79 47.55 48.20 48.68 48.98 49.09 49.00 48.72 48.23 47.52 46.61 45.53 44.41 43.43 42.78 42.57 42.80 43.39 44.17 44.94 45.52 45.78 45.65 45.19 44.56 43.98 43.74 44.04 44.97 46.45 48.22 49.93 51.22 51.90 51.98 51.64 51.12 50.61 50.27 50.12 50.12 50.17 50.11 49.81 49.23 48.42 47.52 46.71 46.17 45.99 46.16 46.54 46.93 47.16 47.11 46.78 46.23 45.58 44.98 44.57 44.45 44.65 45.17 45.95 46.94 48.05 49.14 50.05 50.62 50.75 50.48 49.99 49.53 49.28 49.32 49.58 49.98 50.44 50.93 51.43 51.90 52.24 52.35 52.20 51.79 51.24 50.66 50.16 49.79 49.52 49.25 48.84 48.15 47.14 46.04 46.17 53.24 94.00 
4.00 32.47 42.24 46.16 48.01 49.03 49.64 50.00 50.19 50.32 50.51 50.85 51.40 52.11 52.79 53.23 53.26 52.82 52.02 51.08 50.23 49.65 49.46 49.65 50.19 50.96 51.81 52.54 52.93 52.84 52.23 51.24 50.15 49.27 48.87 49.06 49.76 50.75 51.73 52.45 52.80 52.83 52.69 52.55 52.55 52.71 52.97 53.22 53.35 53.27 52.89 52.21 51.25 50.12 48.90 47.70 46.57 45.57 44.82 44.45 44.59 45.28 46.47 47.94 49.42 50.62 51.32 51.48 51.16 50.52 49.70 48.85 48.07 47.47 47.08 46.93 46.98 47.17 47.44 47.76 48.16 48.65 49.23 49.81 50.27 50.45 50.25 49.64 48.72 47.65 46.67 45.95 45.60 45.62 45.91 46.30 46.67 46.94 47.15 47.38 47.73 48.23 48.83 49.47 50.07 50.60 51.02 51.29 51.38 51.25 50.84 50.11 49.07 47.82 46.54 45.47 44.80 44.64 44.96 45.61 46.39 47.08 47.52 47.60 47.30 46.71 46.00 45.39 45.13 45.37 46.18 47.45 48.92 50.29 51.29 51.79 51.84 51.58 51.18 50.79 50.51 50.35 50.27 50.18 49.97 49.53 48.85 47.96 47.01 46.16 45.57 45.34 45.45 45.78 46.15 46.40 46.44 46.25 45.88 45.41 44.99 44.73 44.74 45.04 45.61 46.37 47.25 48.16 49.02 49.72 50.16 50.27 50.09 49.76 49.47 49.37 49.50 49.80 50.18 50.57 50.97 51.37 51.75 52.04 52.18 52.11 51.85 51.44 50.98 50.53 50.12 49.71 49.20 48.45 47.30 45.55 43.05 39.37 31.98 5.00 
41.00 42.83 45.97 47.77 48.76 49.38 49.76 49.94 49.97 49.92 49.91 50.10 50.54 51.17 51.81 52.21 52.19 51.69 50.85 49.88 49.01 48.42 48.21 48.40 48.96 49.81 50.79 51.71 52.32 52.44 52.04 51.22 50.26 49.45 49.03 49.13 49.68 50.48 51.29 51.89 52.17 52.18 52.05 51.94 51.96 52.17 52.51 52.90 53.21 53.31 53.10 52.54 51.67 50.59 49.39 48.18 47.01 45.92 45.00 44.41 44.27 44.69 45.65 47.00 48.49 49.82 50.75 51.17 51.08 50.62 49.96 49.25 48.65 48.23 48.02 48.01 48.14 48.35 48.57 48.79 49.04 49.35 49.75 50.17 50.50 50.60 50.37 49.77 48.90 47.94 47.10 46.58 46.45 46.70 47.19 47.75 48.20 48.45 48.51 48.51 48.57 48.77 49.12 49.60 50.14 50.72 51.28 51.78 52.12 52.21 51.94 51.24 50.13 48.77 47.39 46.28 45.64 45.55 45.94 46.62 47.35 47.92 48.17 48.04 47.56 46.84 46.06 45.43 45.16 45.36 46.06 47.17 48.45 49.63 50.52 51.03 51.20 51.15 50.97 50.78 50.60 50.46 50.33 50.14 49.79 49.24 48.46 47.52 46.54 45.69 45.11 44.84 44.89 45.14 45.46 45.72 45.87 45.87 45.76 45.57 45.40 45.36 45.52 45.89 46.45 47.12 47.80 48.44 49.01 49.45 49.74 49.83 49.76 49.64 49.58 49.67 49.94 50.29 50.66 50.98 51.25 51.49 51.72 51.91 52.02 52.02 51.89 51.64 51.30 50.89 50.43 49.87 49.13 48.06 46.45 44.04 40.53 35.68 29.97 29.00 
47.00 51.99 51.17 50.26 49.85 49.76 49.77 49.73 49.59 49.38 49.24 49.30 49.64 50.19 50.76 51.10 51.01 50.47 49.62 48.69 47.88 47.35 47.18 47.37 47.92 48.76 49.76 50.74 51.45 51.70 51.43 50.75 49.89 49.12 48.67 48.66 49.06 49.72 50.43 51.00 51.33 51.41 51.36 51.30 51.35 51.57 51.97 52.46 52.91 53.16 53.11 52.67 51.87 50.83 49.66 48.47 47.29 46.16 45.16 44.40 44.04 44.19 44.88 46.02 47.37 48.67 49.65 50.18 50.23 49.92 49.42 48.90 48.50 48.29 48.29 48.44 48.67 48.91 49.10 49.23 49.32 49.44 49.61 49.79 49.91 49.87 49.57 48.99 48.21 47.41 46.76 46.43 46.49 46.91 47.54 48.18 48.66 48.84 48.76 48.53 48.31 48.21 48.32 48.62 49.11 49.75 50.49 51.24 51.88 52.23 52.14 51.52 50.41 49.01 47.61 46.51 45.93 45.91 46.33 46.99 47.62 48.02 48.07 47.73 47.07 46.22 45.38 44.74 44.45 44.62 45.24 46.21 47.34 48.42 49.29 49.91 50.30 50.53 50.65 50.69 50.66 50.58 50.41 50.13 49.66 48.98 48.09 47.10 46.13 45.32 44.75 44.48 44.46 44.61 44.85 45.12 45.39 45.63 45.82 45.97 46.11 46.28 46.56 46.96 47.44 47.93 48.37 48.72 48.98 49.18 49.33 49.43 49.50 49.60 49.80 50.13 50.56 51.00 51.37 51.62 51.75 51.80 51.82 51.84 51.87 51.88 51.84 51.72 51.48 51.12 50.61 49.94 49.04 47.76 45.86 43.00 38.70 32.30 22.93 9.00 
94.00 67.11 56.69 52.46 50.70 49.99 49.68 49.46 49.19 48.89 48.66 48.63 48.89 49.35 49.82 50.05 49.88 49.32 48.50 47.66 46.98 46.58 46.48 46.68 47.17 47.91 48.82 49.73 50.42 50.69 50.49 49.89 49.08 48.33 47.85 47.75 48.05 48.64 49.36 50.02 50.50 50.76 50.85 50.87 50.94 51.16 51.54 52.05 52.55 52.89 52.92 52.56 51.83 50.83 49.69 48.53 47.38 46.27 45.24 44.40 43.88 43.82 44.27 45.16 46.31 47.48 48.41 48.96 49.10 48.93 48.59 48.26 48.07 48.07 48.26 48.57 48.91 49.22 49.42 49.50 49.49 49.43 49.35 49.26 49.14 48.90 48.51 47.94 47.26 46.61 46.13 45.95 46.12 46.61 47.27 47.92 48.37 48.49 48.29 47.89 47.45 47.13 47.03 47.19 47.64 48.36 49.28 50.29 51.20 51.81 51.91 51.41 50.37 49.00 47.64 46.61 46.10 46.14 46.56 47.14 47.64 47.86 47.70 47.16 46.34 45.39 44.49 43.83 43.53 43.66 44.20 45.05 46.05 47.05 47.94 48.70 49.34 49.89 50.33 50.63 50.78 50.77 50.59 50.22 49.62 48.80 47.81 46.76 45.81 45.05 44.53 44.25 44.16 44.20 44.35 44.62 45.01 45.49 46.02 46.51 46.93 47.30 47.64 47.98 48.31 48.59 48.77 48.85 48.86 48.87 48.92 49.05 49.26 49.58 50.03 50.58 51.19 51.74 52.14 52.33 52.32 52.17 51.95 51.76 51.64 51.60 51.60 51.56 51.40 51.08 50.57 49.86 48.92 47.60 45.69 42.79 38.33 31.36 20.14 2.00 
95.00 65.93 56.31 52.45 50.72 49.91 49.50 49.20 48.88 48.54 48.27 48.20 48.39 48.75 49.10 49.21 48.96 48.38 47.63 46.94 46.44 46.20 46.18 46.37 46.75 47.34 48.07 48.83 49.41 49.63 49.42 48.83 48.05 47.30 46.79 46.65 46.92 47.54 48.36 49.21 49.92 50.41 50.68 50.80 50.88 51.05 51.36 51.80 52.25 52.58 52.62 52.30 51.61 50.66 49.57 48.45 47.34 46.26 45.24 44.36 43.75 43.52 43.77 44.44 45.40 46.42 47.27 47.82 48.03 47.98 47.81 47.67 47.67 47.86 48.22 48.67 49.14 49.53 49.77 49.86 49.78 49.58 49.29 48.95 48.58 48.16 47.66 47.09 46.48 45.93 45.55 45.43 45.61 46.05 46.65 47.25 47.65 47.74 47.49 47.01 46.46 46.01 45.79 45.87 46.30 47.07 48.13 49.33 50.45 51.24 51.50 51.13 50.19 48.94 47.70 46.80 46.39 46.48 46.88 47.37 47.73 47.77 47.43 46.72 45.77 44.73 43.79 43.12 42.81 42.90 43.35 44.08 44.94 45.85 46.74 47.62 48.49 49.34 50.08 50.65 50.98 51.06 50.88 50.43 49.71 48.74 47.64 46.56 45.63 44.95 44.50 44.22 44.06 43.98 44.03 44.28 44.76 45.46 46.27 47.06 47.73 48.22 48.57 48.81 48.96 49.02 48.96 48.82 48.64 48.52 48.53 48.69 49.01 49.49 50.12 50.85 51.60 52.25 52.69 52.85 52.73 52.39 51.95 51.54 51.25 51.11 51.09 51.08 50.97 50.69 50.22 49.57 48.73 47.58 45.95 43.53 39.89 34.17 23.98 0.00 
17.00 45.45 50.44 50.59 50.03 49.57 49.25 48.98 48.67 48.35 48.09 48.00 48.13 48.40 48.64 48.65 48.34 47.77 47.13 46.60 46.29 46.20 46.25 46.40 46.65 47.03 47.56 48.14 48.58 48.71 48.46 47.86 47.07 46.32 45.80 45.67 45.99 46.71 47.71 48.79 49.75 50.47 50.90 51.10 51.18 51.27 51.46 51.76 52.09 52.33 52.33 52.01 51.37 50.48 49.45 48.37 47.29 46.22 45.19 44.26 43.56 43.22 43.32 43.84 44.65 45.55 46.35 46.91 47.20 47.28 47.28 47.31 47.49 47.85 48.35 48.94 49.51 49.98 50.29 50.40 50.29 49.98 49.52 48.97 48.40 47.82 47.23 46.65 46.08 45.58 45.22 45.07 45.15 45.46 45.93 46.43 46.78 46.88 46.67 46.23 45.70 45.23 44.97 45.00 45.40 46.18 47.28 48.54 49.73 50.59 50.93 50.65 49.86 48.80 47.78 47.09 46.84 47.01 47.41 47.82 48.05 47.95 47.46 46.63 45.58 44.48 43.52 42.84 42.52 42.57 42.93 43.52 44.23 45.02 45.88 46.82 47.86 48.93 49.92 50.72 51.23 51.41 51.25 50.75 49.91 48.84 47.66 46.58 45.72 45.14 44.78 44.52 44.30 44.10 44.03 44.20 44.71 45.54 46.56 47.56 48.40 48.97 49.28 49.40 49.38 49.23 48.98 48.68 48.38 48.18 48.15 48.31 48.67 49.22 49.93 50.76 51.59 52.31 52.79 52.95 52.76 52.29 51.67 51.06 50.60 50.36 50.28 50.27 50.19 49.96 49.58 49.08 48.45 47.63 46.50 44.94 42.94 40.99 41.32 53.00 
47.00 48.54 49.58 49.63 49.39 49.15 48.96 48.75 48.50 48.21 47.97 47.89 48.00 48.21 48.37 48.32 48.01 47.51 47.00 46.64 46.49 46.51 46.58 46.65 46.75 46.96 47.30 47.73 48.06 48.12 47.81 47.18 46.38 45.63 45.13 45.06 45.50 46.39 47.59 48.88 50.06 50.94 51.47 51.69 51.73 51.72 51.77 51.91 52.09 52.21 52.14 51.82 51.23 50.42 49.46 48.42 47.35 46.24 45.13 44.11 43.30 42.86 42.86 43.29 44.03 44.90 45.71 46.33 46.72 46.93 47.08 47.28 47.62 48.12 48.75 49.44 50.09 50.63 50.98 51.09 50.95 50.56 49.97 49.27 48.54 47.84 47.20 46.61 46.06 45.58 45.20 44.96 44.90 45.03 45.33 45.71 46.03 46.18 46.10 45.80 45.39 45.00 44.74 44.73 45.05 45.73 46.73 47.88 48.98 49.77 50.10 49.90 49.29 48.50 47.81 47.42 47.41 47.70 48.13 48.50 48.65 48.45 47.86 46.95 45.83 44.71 43.74 43.06 42.73 42.74 43.01 43.46 44.02 44.66 45.43 46.36 47.46 48.66 49.82 50.78 51.44 51.72 51.60 51.08 50.20 49.07 47.91 46.89 46.17 45.74 45.49 45.28 45.00 44.68 44.45 44.50 44.94 45.78 46.87 47.99 48.91 49.51 49.80 49.82 49.65 49.35 48.96 48.54 48.15 47.88 47.80 47.91 48.23 48.73 49.41 50.20 51.04 51.79 52.30 52.48 52.27 51.74 51.01 50.28 49.71 49.38 49.25 49.21 49.14 48.97 48.71 48.41 48.07 47.65 47.07 46.29 45.45 45.12 47.05 56.00 
60.00 52.18 49.82 49.10 48.82 48.68 48.58 48.45 48.24 47.99 47.78 47.72 47.82 48.02 48.17 48.15 47.91 47.54 47.19 46.98 46.95 47.01 47.06 47.04 47.01 47.07 47.30 47.63 47.91 47.93 47.59 46.93 46.11 45.36 44.92 44.95 45.53 46.60 47.99 49.45 50.74 51.69 52.23 52.40 52.35 52.23 52.14 52.14 52.19 52.20 52.09 51.80 51.29 50.58 49.71 48.72 47.61 46.41 45.16 43.98 43.04 42.48 42.41 42.80 43.55 44.46 45.35 46.06 46.57 46.91 47.20 47.53 48.00 48.62 49.34 50.10 50.80 51.37 51.73 51.84 51.66 51.20 50.51 49.69 48.86 48.08 47.41 46.81 46.29 45.82 45.43 45.12 44.93 44.89 45.02 45.28 45.59 45.82 45.91 45.83 45.61 45.33 45.09 45.01 45.16 45.62 46.35 47.24 48.09 48.70 48.95 48.83 48.45 48.02 47.74 47.74 48.02 48.49 48.97 49.33 49.42 49.16 48.53 47.58 46.45 45.32 44.36 43.69 43.36 43.33 43.51 43.83 44.23 44.72 45.35 46.19 47.25 48.46 49.68 50.74 51.51 51.88 51.82 51.33 50.46 49.39 48.34 47.50 46.99 46.77 46.68 46.52 46.20 45.75 45.33 45.19 45.47 46.20 47.24 48.35 49.30 49.92 50.19 50.16 49.91 49.50 49.01 48.48 48.01 47.67 47.49 47.50 47.69 48.04 48.55 49.22 49.97 50.69 51.23 51.45 51.28 50.75 50.01 49.25 48.64 48.27 48.11 48.04 47.97 47.85 47.73 47.65 47.63 47.61 47.51 47.30 47.00 46.65 45.57 39.00 
61.00 50.42 48.54 48.23 48.18 48.17 48.14 48.05 47.86 47.62 47.43 47.38 47.50 47.73 47.94 48.02 47.92 47.73 47.57 47.51 47.57 47.65 47.65 47.55 47.42 47.39 47.54 47.84 48.09 48.10 47.76 47.08 46.26 45.53 45.15 45.30 46.02 47.25 48.77 50.31 51.63 52.53 52.97 53.02 52.84 52.59 52.39 52.29 52.26 52.24 52.15 51.93 51.55 51.00 50.26 49.31 48.17 46.83 45.40 44.03 42.91 42.22 42.07 42.46 43.25 44.25 45.25 46.09 46.70 47.14 47.52 47.94 48.49 49.17 49.94 50.73 51.44 52.01 52.37 52.48 52.28 51.78 51.02 50.12 49.21 48.37 47.66 47.07 46.58 46.15 45.78 45.47 45.22 45.08 45.08 45.24 45.52 45.85 46.12 46.26 46.25 46.10 45.87 45.66 45.57 45.69 46.04 46.54 47.05 47.43 47.59 47.57 47.48 47.47 47.67 48.09 48.67 49.29 49.82 50.15 50.20 49.91 49.27 48.32 47.21 46.10 45.18 44.53 44.21 44.14 44.27 44.48 44.74 45.07 45.53 46.22 47.15 48.27 49.45 50.53 51.35 51.80 51.81 51.38 50.61 49.69 48.85 48.28 48.07 48.10 48.18 48.11 47.75 47.17 46.56 46.18 46.23 46.77 47.68 48.72 49.65 50.29 50.57 50.53 50.24 49.77 49.19 48.57 48.01 47.56 47.27 47.13 47.12 47.24 47.51 47.95 48.54 49.17 49.70 49.96 49.86 49.41 48.75 48.06 47.52 47.18 47.01 46.92 46.84 46.76 46.75 46.87 47.14 47.48 47.80 48.04 48.25 48.64 49.42 49.00 
13.00 40.06 45.88 47.30 47.68 47.78 47.77 47.66 47.46 47.20 47.00 46.95 47.09 47.37 47.68 47.90 48.00 48.02 48.06 48.16 48.31 48.42 48.40 48.25 48.04 47.94 48.04 48.29 48.52 48.53 48.19 47.53 46.73 46.04 45.74 45.99 46.84 48.16 49.72 51.25 52.47 53.23 53.50 53.37 53.02 52.64 52.36 52.21 52.17 52.19 52.21 52.15 51.98 51.64 51.07 50.21 49.04 47.58 45.96 44.38 43.07 42.24 42.01 42.37 43.19 44.28 45.38 46.32 47.02 47.51 47.91 48.34 48.89 49.57 50.33 51.09 51.79 52.36 52.74 52.88 52.71 52.21 51.43 50.48 49.50 48.61 47.85 47.25 46.79 46.43 46.15 45.91 45.69 45.51 45.43 45.52 45.79 46.19 46.62 46.97 47.14 47.10 46.86 46.50 46.13 45.87 45.78 45.84 45.99 46.14 46.27 46.40 46.65 47.08 47.73 48.53 49.35 50.05 50.56 50.83 50.82 50.50 49.86 48.95 47.88 46.83 45.95 45.35 45.05 44.99 45.09 45.24 45.40 45.58 45.86 46.34 47.07 48.03 49.10 50.13 50.96 51.45 51.52 51.19 50.57 49.87 49.31 49.07 49.17 49.46 49.72 49.72 49.35 48.66 47.88 47.29 47.11 47.44 48.19 49.14 50.05 50.71 51.03 51.00 50.69 50.16 49.50 48.80 48.14 47.60 47.19 46.89 46.67 46.52 46.49 46.64 46.98 47.45 47.91 48.18 48.16 47.84 47.34 46.83 46.44 46.20 46.07 45.96 45.85 45.77 45.83 46.10 46.60 47.25 47.92 48.53 49.08 50.05 54.36 78.00 
76.00 51.10 47.94 47.80 47.84 47.79 47.68 47.49 47.22 46.92 46.68 46.62 46.78 47.10 47.49 47.85 48.14 48.39 48.63 48.91 49.18 49.35 49.35 49.17 48.91 48.72 48.72 48.88 49.06 49.06 48.75 48.14 47.40 46.79 46.58 46.91 47.82 49.15 50.67 52.07 53.12 53.66 53.70 53.36 52.84 52.33 51.96 51.80 51.81 51.96 52.16 52.36 52.48 52.43 52.09 51.36 50.19 48.65 46.87 45.12 43.65 42.68 42.34 42.64 43.44 44.55 45.70 46.68 47.40 47.88 48.23 48.60 49.07 49.67 50.35 51.04 51.70 52.27 52.71 52.93 52.86 52.44 51.70 50.74 49.71 48.75 47.94 47.32 46.88 46.60 46.44 46.32 46.20 46.06 45.97 46.03 46.28 46.73 47.28 47.77 48.08 48.12 47.86 47.37 46.75 46.14 45.65 45.31 45.15 45.13 45.27 45.60 46.18 47.02 48.03 49.08 50.00 50.68 51.08 51.22 51.11 50.75 50.12 49.26 48.27 47.29 46.49 45.96 45.72 45.72 45.84 45.99 46.09 46.15 46.26 46.52 47.02 47.76 48.67 49.60 50.39 50.89 51.02 50.79 50.33 49.87 49.61 49.67 50.05 50.56 50.96 51.02 50.65 49.91 49.02 48.29 47.95 48.12 48.74 49.62 50.51 51.20 51.55 51.55 51.22 50.64 49.91 49.13 48.41 47.80 47.31 46.88 46.46 46.05 45.71 45.52 45.55 45.78 46.08 46.30 46.33 46.16 45.88 45.62 45.46 45.38 45.32 45.21 45.05 44.93 44.99 45.34 46.02 46.93 47.94 48.87 49.33 48.03 39.96 4.00 
11.00 40.67 47.44 48.72 48.65 48.34 48.04 47.73 47.37 47.01 46.73 46.63 46.77 47.10 47.53 47.98 48.41 48.83 49.27 49.73 50.15 50.43 50.48 50.28 49.94 49.62 49.46 49.48 49.56 49.54 49.28 48.77 48.15 47.67 47.55 47.95 48.86 50.12 51.48 52.67 53.48 53.77 53.58 53.03 52.33 51.69 51.26 51.09 51.19 51.50 51.95 52.47 52.95 53.23 53.16 52.60 51.50 49.92 48.07 46.22 44.65 43.57 43.12 43.30 44.01 45.04 46.15 47.10 47.77 48.16 48.40 48.62 48.95 49.40 49.95 50.54 51.15 51.74 52.26 52.62 52.70 52.42 51.78 50.86 49.82 48.82 47.96 47.31 46.90 46.70 46.65 46.67 46.66 46.61 46.56 46.62 46.88 47.35 47.94 48.51 48.91 49.00 48.75 48.18 47.41 46.55 45.76 45.13 44.73 44.61 44.79 45.31 46.17 47.30 48.53 49.67 50.54 51.07 51.28 51.24 51.01 50.59 49.98 49.18 48.28 47.41 46.72 46.30 46.17 46.27 46.48 46.67 46.76 46.74 46.70 46.75 47.02 47.53 48.25 49.04 49.75 50.23 50.38 50.25 49.96 49.71 49.69 49.99 50.56 51.19 51.66 51.75 51.39 50.66 49.77 49.00 48.60 48.70 49.25 50.10 50.99 51.71 52.10 52.10 51.74 51.11 50.31 49.49 48.75 48.13 47.61 47.11 46.56 45.92 45.28 44.75 44.43 44.33 44.39 44.48 44.52 44.49 44.46 44.49 44.60 44.72 44.76 44.64 44.42 44.23 44.24 44.60 45.39 46.56 48.00 49.63 51.34 52.86 53.50 53.00 
52.00 53.46 53.01 51.69 50.44 49.52 48.90 48.43 48.00 47.59 47.26 47.12 47.20 47.47 47.86 48.31 48.79 49.33 49.93 50.57 51.14 51.52 51.61 51.36 50.89 50.39 50.02 49.87 49.86 49.85 49.69 49.35 48.92 48.59 48.58 49.01 49.86 50.97 52.12 53.05 53.58 53.63 53.22 52.50 51.66 50.91 50.41 50.24 50.42 50.90 51.62 52.48 53.31 53.94 54.14 53.76 52.75 51.21 49.38 47.53 45.95 44.83 44.29 44.33 44.88 45.75 46.71 47.52 48.06 48.30 48.37 48.41 48.55 48.82 49.20 49.68 50.22 50.82 51.44 51.95 52.22 52.12 51.62 50.80 49.81 48.82 47.96 47.33 46.94 46.79 46.83 46.96 47.07 47.12 47.14 47.24 47.50 47.95 48.53 49.10 49.51 49.63 49.41 48.86 48.05 47.09 46.14 45.34 44.80 44.62 44.85 45.50 46.52 47.77 49.04 50.12 50.83 51.14 51.13 50.91 50.55 50.08 49.47 48.73 47.94 47.20 46.66 46.39 46.41 46.66 47.00 47.28 47.41 47.34 47.18 47.06 47.11 47.40 47.92 48.55 49.15 49.57 49.74 49.68 49.52 49.44 49.59 50.02 50.66 51.31 51.77 51.87 51.54 50.87 50.07 49.37 49.01 49.11 49.66 50.50 51.41 52.15 52.54 52.52 52.11 51.43 50.61 49.79 49.08 48.51 48.02 47.52 46.89 46.10 45.22 44.38 43.70 43.24 43.00 42.89 42.89 42.97 43.18 43.51 43.90 44.21 44.34 44.23 43.94 43.65 43.58 43.92 44.77 46.15 48.04 50.48 53.74 58.76 68.32 91.00 
86.00 68.53 60.10 55.40 52.64 51.04 50.11 49.51 49.02 48.58 48.22 48.01 48.00 48.15 48.42 48.77 49.23 49.80 50.50 51.25 51.94 52.39 52.45 52.11 51.47 50.75 50.18 49.88 49.84 49.91 49.94 49.83 49.64 49.50 49.59 50.02 50.76 51.68 52.57 53.22 53.50 53.33 52.77 51.93 51.00 50.18 49.65 49.48 49.73 50.36 51.30 52.43 53.56 54.45 54.87 54.64 53.73 52.29 50.56 48.83 47.35 46.28 45.71 45.63 45.99 46.64 47.37 47.96 48.29 48.34 48.20 48.04 47.97 48.05 48.26 48.60 49.06 49.66 50.35 51.00 51.45 51.54 51.22 50.55 49.69 48.79 48.01 47.43 47.10 47.00 47.09 47.27 47.46 47.61 47.71 47.86 48.12 48.52 49.01 49.49 49.85 49.98 49.81 49.34 48.61 47.69 46.73 45.88 45.29 45.06 45.29 45.95 46.97 48.17 49.33 50.23 50.75 50.86 50.68 50.32 49.87 49.35 48.74 48.07 47.39 46.81 46.44 46.34 46.53 46.94 47.42 47.81 47.99 47.92 47.68 47.43 47.31 47.41 47.74 48.21 48.69 49.04 49.20 49.19 49.12 49.14 49.37 49.83 50.44 51.03 51.44 51.52 51.24 50.68 50.02 49.45 49.19 49.34 49.91 50.76 51.67 52.40 52.77 52.70 52.24 51.51 50.67 49.89 49.25 48.76 48.36 47.90 47.27 46.42 45.41 44.34 43.37 42.59 42.03 41.71 41.63 41.79 42.19 42.76 43.37 43.85 44.05 43.94 43.61 43.23 43.07 43.35 44.22 45.74 47.93 50.85 54.77 60.43 70.24 94.00 
95.00 74.92 64.08 57.94 54.42 52.44 51.35 50.69 50.20 49.75 49.36 49.08 48.94 48.92 49.01 49.21 49.55 50.08 50.80 51.60 52.33 52.76 52.74 52.24 51.40 50.49 49.77 49.43 49.46 49.72 50.01 50.21 50.29 50.34 50.51 50.90 51.50 52.21 52.85 53.26 53.32 53.00 52.34 51.46 50.52 49.70 49.18 49.05 49.35 50.07 51.14 52.42 53.71 54.74 55.26 55.12 54.30 52.97 51.41 49.88 48.61 47.70 47.19 47.07 47.27 47.68 48.15 48.48 48.56 48.37 48.02 47.66 47.39 47.27 47.30 47.49 47.85 48.41 49.12 49.87 50.47 50.76 50.65 50.19 49.52 48.80 48.17 47.70 47.44 47.38 47.48 47.68 47.92 48.14 48.32 48.51 48.73 49.03 49.36 49.69 49.94 50.04 49.92 49.57 48.99 48.22 47.36 46.56 45.96 45.71 45.86 46.41 47.27 48.27 49.21 49.91 50.27 50.28 50.03 49.62 49.13 48.59 47.99 47.38 46.82 46.40 46.21 46.29 46.64 47.17 47.75 48.22 48.44 48.39 48.13 47.81 47.59 47.56 47.74 48.06 48.41 48.68 48.82 48.83 48.81 48.88 49.12 49.55 50.07 50.58 50.92 50.99 50.78 50.34 49.82 49.39 49.23 49.43 50.00 50.84 51.72 52.42 52.73 52.59 52.06 51.28 50.44 49.69 49.13 48.74 48.43 48.06 47.50 46.69 45.67 44.53 43.40 42.40 41.62 41.11 40.93 41.12 41.63 42.35 43.10 43.67 43.92 43.80 43.43 43.00 42.77 42.98 43.82 45.38 47.69 50.76 54.52 58.35 58.45 36.00 
85.00 72.37 63.92 58.50 55.22 53.34 52.31 51.69 51.23 50.78 50.36 50.00 49.72 49.52 49.41 49.42 49.61 50.05 50.71 51.48 52.16 52.49 52.32 51.64 50.62 49.58 48.84 48.59 48.81 49.36 49.99 50.52 50.86 51.08 51.28 51.60 52.04 52.55 52.98 53.20 53.12 52.70 52.01 51.16 50.28 49.56 49.12 49.06 49.41 50.16 51.25 52.53 53.81 54.83 55.33 55.19 54.41 53.20 51.82 50.54 49.54 48.87 48.52 48.44 48.57 48.81 49.05 49.13 48.96 48.55 48.00 47.43 46.97 46.66 46.51 46.53 46.76 47.24 47.94 48.74 49.46 49.93 50.06 49.86 49.45 48.97 48.53 48.20 48.00 47.95 48.02 48.21 48.46 48.73 48.97 49.17 49.33 49.47 49.60 49.72 49.81 49.84 49.75 49.51 49.09 48.50 47.81 47.13 46.60 46.32 46.35 46.70 47.28 47.99 48.67 49.19 49.47 49.49 49.29 48.94 48.47 47.94 47.36 46.81 46.36 46.10 46.09 46.32 46.78 47.37 47.99 48.47 48.71 48.68 48.44 48.12 47.87 47.79 47.88 48.10 48.36 48.56 48.65 48.66 48.65 48.71 48.92 49.28 49.73 50.17 50.47 50.57 50.43 50.10 49.70 49.36 49.25 49.46 50.00 50.79 51.61 52.23 52.46 52.22 51.59 50.75 49.88 49.16 48.65 48.34 48.12 47.86 47.43 46.77 45.90 44.87 43.77 42.72 41.82 41.20 40.94 41.09 41.61 42.36 43.13 43.70 43.93 43.80 43.40 42.95 42.67 42.82 43.60 45.11 47.42 50.56 54.71 60.38 69.41 90.00 
67.00 65.87 61.12 57.38 54.98 53.57 52.78 52.28 51.86 51.42 50.96 50.51 50.10 49.74 49.45 49.29 49.34 49.66 50.23 50.90 51.44 51.62 51.27 50.41 49.29 48.24 47.61 47.57 48.09 48.98 49.96 50.79 51.35 51.67 51.88 52.10 52.40 52.75 53.02 53.11 52.92 52.46 51.79 51.02 50.29 49.73 49.46 49.51 49.91 50.63 51.62 52.77 53.89 54.75 55.13 54.91 54.14 53.01 51.79 50.76 50.04 49.66 49.54 49.60 49.76 49.94 50.04 49.94 49.59 49.00 48.26 47.52 46.88 46.38 46.04 45.88 45.96 46.32 46.96 47.77 48.60 49.25 49.63 49.73 49.63 49.42 49.18 48.97 48.79 48.69 48.69 48.81 49.06 49.36 49.64 49.84 49.90 49.85 49.74 49.62 49.52 49.44 49.34 49.16 48.87 48.45 47.94 47.42 46.98 46.70 46.61 46.73 47.01 47.40 47.83 48.22 48.50 48.63 48.56 48.32 47.93 47.42 46.89 46.40 46.07 45.95 46.08 46.43 46.94 47.53 48.10 48.53 48.74 48.72 48.52 48.28 48.09 48.04 48.13 48.31 48.51 48.65 48.71 48.68 48.64 48.67 48.83 49.13 49.54 49.96 50.29 50.43 50.36 50.10 49.76 49.45 49.33 49.49 49.97 50.66 51.39 51.91 52.03 51.68 50.95 50.02 49.11 48.38 47.89 47.63 47.49 47.34 47.09 46.68 46.09 45.33 44.44 43.51 42.65 42.00 41.67 41.73 42.15 42.79 43.43 43.89 44.04 43.86 43.46 43.00 42.71 42.82 43.51 44.89 47.01 49.91 53.80 59.38 68.97 90.00 
80.00 63.10 57.50 55.12 53.86 53.15 52.71 52.36 51.98 51.53 51.01 50.48 49.98 49.51 49.11 48.85 48.81 49.02 49.47 50.00 50.38 50.37 49.86 48.90 47.76 46.82 46.40 46.65 47.51 48.72 49.99 51.03 51.74 52.11 52.29 52.43 52.63 52.86 53.03 53.02 52.77 52.28 51.64 50.98 50.43 50.10 50.03 50.22 50.66 51.31 52.14 53.05 53.92 54.55 54.75 54.42 53.62 52.53 51.45 50.60 50.13 50.02 50.17 50.44 50.74 50.98 51.06 50.89 50.44 49.73 48.86 47.97 47.16 46.48 45.96 45.62 45.54 45.77 46.33 47.13 48.03 48.85 49.49 49.90 50.12 50.20 50.15 50.01 49.80 49.58 49.44 49.47 49.67 49.98 50.28 50.45 50.41 50.17 49.82 49.46 49.16 48.95 48.78 48.59 48.35 48.04 47.68 47.32 47.00 46.76 46.60 46.52 46.54 46.67 46.91 47.23 47.56 47.80 47.88 47.75 47.44 46.99 46.51 46.10 45.88 45.89 46.12 46.53 47.04 47.57 48.03 48.36 48.50 48.47 48.35 48.23 48.19 48.25 48.41 48.62 48.81 48.93 48.95 48.88 48.80 48.77 48.89 49.17 49.58 50.04 50.42 50.61 50.58 50.34 49.98 49.64 49.46 49.54 49.91 50.49 51.10 51.51 51.53 51.08 50.26 49.25 48.28 47.52 47.03 46.80 46.71 46.69 46.65 46.53 46.29 45.91 45.37 44.69 43.98 43.36 42.98 42.91 43.12 43.51 43.91 44.15 44.15 43.91 43.50 43.06 42.79 42.87 43.46 44.63 46.41 48.74 51.55 54.60 57.22 58.00 
49.00 49.02 50.65 51.67 52.11 52.23 52.18 51.98 51.63 51.14 50.57 49.98 49.42 48.91 48.50 48.22 48.15 48.31 48.66 49.04 49.25 49.08 48.46 47.48 46.44 45.69 45.53 46.08 47.21 48.66 50.10 51.26 52.02 52.40 52.55 52.65 52.78 52.96 53.06 52.98 52.66 52.12 51.50 50.95 50.59 50.49 50.64 50.97 51.43 51.98 52.60 53.25 53.84 54.22 54.24 53.81 52.97 51.92 50.92 50.22 49.94 50.07 50.46 50.98 51.47 51.84 52.01 51.88 51.42 50.66 49.71 48.70 47.75 46.91 46.22 45.73 45.51 45.62 46.09 46.85 47.79 48.75 49.63 50.35 50.89 51.24 51.37 51.26 50.96 50.58 50.26 50.13 50.25 50.54 50.85 50.99 50.87 50.47 49.91 49.33 48.85 48.48 48.19 47.94 47.67 47.38 47.11 46.87 46.68 46.51 46.34 46.16 46.02 46.00 46.13 46.43 46.80 47.12 47.28 47.22 46.95 46.55 46.15 45.84 45.71 45.81 46.10 46.52 46.99 47.42 47.75 47.95 48.00 47.97 47.94 47.97 48.12 48.36 48.66 48.95 49.18 49.30 49.30 49.21 49.10 49.04 49.14 49.43 49.87 50.38 50.81 51.02 50.98 50.68 50.25 49.83 49.56 49.53 49.79 50.25 50.75 51.06 51.01 50.50 49.63 48.58 47.58 46.80 46.31 46.09 46.06 46.15 46.30 46.47 46.59 46.60 46.43 46.06 45.55 45.01 44.57 44.33 44.27 44.34 44.40 44.38 44.19 43.86 43.44 43.04 42.81 42.88 43.37 44.32 45.71 47.43 49.25 50.39 47.35 23.00 
2.00 33.20 44.23 48.54 50.37 51.15 51.39 51.29 50.95 50.43 49.81 49.18 48.61 48.12 47.76 47.55 47.53 47.70 47.98 48.26 48.34 48.06 47.40 46.49 45.61 45.08 45.17 45.93 47.23 48.79 50.27 51.44 52.19 52.56 52.71 52.81 52.95 53.11 53.17 53.01 52.60 51.99 51.36 50.88 50.68 50.77 51.10 51.54 52.00 52.44 52.85 53.24 53.58 53.75 53.63 53.14 52.30 51.29 50.36 49.77 49.65 49.96 50.57 51.29 51.98 52.51 52.81 52.77 52.37 51.62 50.63 49.55 48.48 47.51 46.70 46.09 45.76 45.78 46.16 46.86 47.80 48.85 49.92 50.91 51.76 52.37 52.66 52.59 52.19 51.62 51.09 50.78 50.78 51.02 51.32 51.45 51.28 50.78 50.08 49.34 48.68 48.16 47.74 47.36 47.00 46.67 46.40 46.23 46.13 46.05 45.93 45.76 45.59 45.54 45.67 45.98 46.37 46.70 46.84 46.75 46.48 46.13 45.80 45.58 45.52 45.65 45.93 46.30 46.69 47.01 47.23 47.31 47.30 47.28 47.34 47.54 47.89 48.34 48.80 49.21 49.50 49.66 49.68 49.60 49.50 49.46 49.58 49.90 50.39 50.92 51.34 51.51 51.37 50.97 50.42 49.89 49.52 49.40 49.56 49.91 50.32 50.56 50.47 49.97 49.12 48.11 47.15 46.40 45.93 45.73 45.75 45.93 46.23 46.62 47.02 47.34 47.48 47.38 47.05 46.59 46.10 45.66 45.32 45.04 44.78 44.47 44.11 43.69 43.27 42.93 42.75 42.83 43.23 43.97 45.00 46.24 47.76 50.39 58.82 97.00 
19.00 37.38 44.21 47.53 49.31 50.22 50.57 50.52 50.17 49.63 48.98 48.33 47.77 47.35 47.09 47.00 47.09 47.30 47.58 47.79 47.80 47.49 46.87 46.08 45.39 45.07 45.32 46.19 47.52 49.05 50.47 51.58 52.29 52.65 52.84 52.99 53.18 53.36 53.39 53.14 52.60 51.89 51.21 50.76 50.65 50.88 51.32 51.83 52.27 52.59 52.82 53.00 53.14 53.16 52.95 52.43 51.62 50.69 49.87 49.40 49.41 49.88 50.64 51.51 52.33 52.98 53.38 53.45 53.12 52.41 51.42 50.28 49.14 48.08 47.18 46.51 46.12 46.08 46.39 47.02 47.91 48.98 50.17 51.37 52.47 53.33 53.80 53.78 53.31 52.58 51.84 51.35 51.21 51.39 51.68 51.84 51.67 51.16 50.39 49.55 48.78 48.12 47.56 47.04 46.55 46.11 45.79 45.62 45.56 45.56 45.51 45.42 45.35 45.38 45.59 45.96 46.35 46.62 46.66 46.48 46.16 45.83 45.56 45.40 45.36 45.45 45.63 45.88 46.14 46.35 46.48 46.50 46.48 46.49 46.65 47.01 47.55 48.18 48.81 49.33 49.70 49.92 50.00 49.98 49.95 49.97 50.16 50.52 51.02 51.52 51.86 51.90 51.60 51.04 50.37 49.75 49.31 49.13 49.21 49.48 49.80 50.00 49.92 49.49 48.75 47.87 47.02 46.35 45.94 45.79 45.85 46.09 46.49 46.99 47.53 48.02 48.34 48.41 48.22 47.80 47.24 46.63 46.04 45.47 44.95 44.44 43.96 43.50 43.11 42.83 42.70 42.78 43.10 43.63 44.29 44.89 45.17 44.55 40.51 18.00 
86.00 52.90 47.37 47.67 48.74 49.52 49.87 49.84 49.51 48.96 48.30 47.65 47.11 46.76 46.62 46.67 46.88 47.19 47.49 47.69 47.68 47.40 46.87 46.23 45.71 45.53 45.86 46.72 47.97 49.38 50.69 51.71 52.37 52.76 53.01 53.25 53.52 53.73 53.71 53.35 52.68 51.85 51.09 50.62 50.54 50.82 51.32 51.84 52.24 52.47 52.56 52.58 52.57 52.48 52.21 51.70 50.97 50.16 49.49 49.18 49.34 49.92 50.77 51.70 52.56 53.26 53.70 53.82 53.54 52.87 51.89 50.73 49.54 48.43 47.49 46.81 46.42 46.35 46.61 47.16 47.97 49.00 50.23 51.56 52.85 53.92 54.54 54.60 54.11 53.28 52.40 51.76 51.53 51.66 51.96 52.17 52.07 51.61 50.86 50.00 49.16 48.41 47.73 47.07 46.44 45.87 45.46 45.23 45.18 45.21 45.25 45.28 45.35 45.55 45.91 46.37 46.77 46.96 46.87 46.55 46.16 45.82 45.58 45.43 45.34 45.30 45.30 45.35 45.44 45.53 45.61 45.63 45.65 45.75 46.01 46.50 47.18 47.95 48.69 49.30 49.74 50.02 50.18 50.27 50.34 50.48 50.75 51.15 51.62 52.02 52.20 52.04 51.55 50.84 50.07 49.41 48.95 48.76 48.80 49.01 49.28 49.46 49.42 49.09 48.52 47.82 47.14 46.62 46.31 46.21 46.32 46.59 46.99 47.50 48.05 48.55 48.91 49.03 48.87 48.45 47.83 47.09 46.33 45.60 44.94 44.36 43.86 43.44 43.11 42.88 42.78 42.84 43.06 43.42 43.79 43.91 43.43 42.02 40.58 48.00 
31.00 40.65 44.42 46.68 48.14 49.00 49.39 49.40 49.11 48.59 47.94 47.30 46.79 46.50 46.45 46.63 46.95 47.34 47.69 47.90 47.91 47.69 47.27 46.78 46.39 46.28 46.60 47.36 48.47 49.72 50.90 51.85 52.50 52.93 53.28 53.63 53.97 54.19 54.12 53.65 52.85 51.89 51.04 50.52 50.42 50.69 51.17 51.66 52.01 52.16 52.16 52.08 51.96 51.79 51.49 51.01 50.39 49.74 49.27 49.15 49.46 50.12 50.99 51.88 52.69 53.33 53.75 53.86 53.60 52.95 51.96 50.79 49.57 48.44 47.52 46.86 46.52 46.49 46.73 47.20 47.91 48.86 50.04 51.40 52.80 53.99 54.74 54.88 54.42 53.57 52.64 51.95 51.69 51.82 52.18 52.48 52.50 52.15 51.49 50.66 49.81 49.00 48.23 47.46 46.69 46.01 45.49 45.20 45.12 45.16 45.25 45.39 45.63 46.02 46.57 47.15 47.58 47.71 47.50 47.07 46.59 46.22 45.97 45.79 45.59 45.35 45.10 44.89 44.77 44.75 44.79 44.87 44.98 45.19 45.57 46.15 46.90 47.73 48.51 49.15 49.62 49.95 50.19 50.38 50.58 50.83 51.18 51.59 51.99 52.25 52.22 51.86 51.20 50.38 49.59 48.95 48.55 48.39 48.44 48.63 48.86 49.02 49.02 48.81 48.40 47.91 47.43 47.08 46.88 46.86 47.00 47.26 47.62 48.04 48.47 48.85 49.11 49.17 48.98 48.53 47.87 47.07 46.26 45.50 44.86 44.35 43.95 43.64 43.39 43.20 43.09 43.09 43.22 43.45 43.65 43.52 42.47 39.35 31.66 14.00 
9.00 34.15 42.72 46.23 47.92 48.80 49.20 49.26 49.04 48.58 47.97 47.35 46.86 46.60 46.61 46.87 47.27 47.72 48.11 48.34 48.39 48.23 47.91 47.52 47.21 47.11 47.35 47.97 48.90 50.01 51.09 52.00 52.68 53.19 53.64 54.08 54.49 54.70 54.56 53.99 53.07 52.01 51.08 50.50 50.34 50.55 50.96 51.38 51.66 51.76 51.70 51.56 51.39 51.17 50.86 50.44 49.93 49.47 49.21 49.29 49.72 50.42 51.23 52.01 52.68 53.21 53.54 53.61 53.32 52.65 51.65 50.44 49.20 48.09 47.22 46.67 46.44 46.50 46.77 47.20 47.80 48.62 49.69 50.98 52.35 53.57 54.37 54.57 54.18 53.39 52.53 51.91 51.71 51.94 52.41 52.84 53.00 52.78 52.23 51.47 50.64 49.81 48.97 48.11 47.26 46.49 45.90 45.55 45.43 45.45 45.56 45.78 46.14 46.71 47.44 48.16 48.66 48.77 48.49 47.97 47.44 47.02 46.74 46.48 46.15 45.71 45.20 44.74 44.41 44.26 44.27 44.41 44.63 44.96 45.42 46.04 46.80 47.60 48.34 48.94 49.38 49.71 49.98 50.25 50.54 50.89 51.28 51.68 51.98 52.08 51.88 51.35 50.59 49.76 49.02 48.49 48.21 48.14 48.24 48.42 48.62 48.77 48.80 48.68 48.42 48.11 47.82 47.61 47.53 47.57 47.71 47.93 48.19 48.46 48.71 48.89 48.97 48.91 48.64 48.16 47.48 46.71 45.94 45.30 44.81 44.49 44.28 44.13 43.98 43.81 43.64 43.53 43.54 43.69 43.89 43.94 43.38 41.00 32.52 0.00 
43.00 44.10 45.91 47.38 48.36 48.97 49.31 49.41 49.28 48.91 48.36 47.77 47.29 47.04 47.08 47.37 47.81 48.28 48.68 48.91 48.97 48.85 48.59 48.27 47.99 47.85 47.97 48.43 49.20 50.17 51.19 52.10 52.85 53.46 54.02 54.55 54.99 55.18 54.96 54.30 53.29 52.17 51.20 50.58 50.36 50.48 50.77 51.08 51.27 51.30 51.20 51.03 50.84 50.62 50.35 50.01 49.65 49.38 49.32 49.55 50.04 50.71 51.40 52.02 52.52 52.91 53.14 53.14 52.80 52.07 51.01 49.76 48.51 47.44 46.69 46.32 46.28 46.50 46.86 47.28 47.78 48.43 49.31 50.43 51.67 52.80 53.56 53.78 53.46 52.81 52.12 51.69 51.69 52.09 52.71 53.29 53.57 53.48 53.02 52.34 51.55 50.71 49.84 48.93 48.03 47.22 46.60 46.23 46.07 46.05 46.14 46.36 46.80 47.49 48.36 49.21 49.79 49.92 49.62 49.07 48.49 48.04 47.72 47.41 46.99 46.41 45.72 45.06 44.56 44.29 44.26 44.43 44.72 45.12 45.62 46.23 46.92 47.61 48.23 48.71 49.05 49.32 49.57 49.86 50.20 50.58 50.98 51.34 51.56 51.54 51.21 50.61 49.85 49.10 48.50 48.14 48.01 48.07 48.23 48.43 48.62 48.75 48.79 48.72 48.57 48.38 48.22 48.13 48.13 48.20 48.32 48.46 48.60 48.68 48.71 48.67 48.56 48.35 48.00 47.49 46.85 46.16 45.54 45.09 44.85 44.79 44.82 44.84 44.79 44.61 44.35 44.10 43.97 44.04 44.33 44.85 45.84 48.45 57.24 89.00 
77.00 53.27 49.30 48.92 49.12 49.38 49.62 49.77 49.74 49.48 49.02 48.48 48.01 47.75 47.78 48.06 48.50 48.95 49.32 49.52 49.56 49.44 49.22 48.92 48.63 48.42 48.41 48.70 49.31 50.17 51.15 52.10 52.95 53.68 54.35 54.94 55.39 55.53 55.23 54.49 53.44 52.31 51.37 50.75 50.49 50.51 50.67 50.82 50.87 50.79 50.64 50.45 50.28 50.11 49.92 49.70 49.50 49.41 49.51 49.83 50.32 50.88 51.42 51.86 52.21 52.47 52.62 52.55 52.13 51.33 50.19 48.88 47.63 46.66 46.10 45.98 46.22 46.67 47.16 47.61 48.00 48.46 49.09 49.94 50.93 51.87 52.52 52.73 52.50 52.03 51.60 51.46 51.73 52.36 53.16 53.85 54.23 54.20 53.81 53.19 52.43 51.61 50.74 49.82 48.91 48.12 47.53 47.16 46.96 46.87 46.88 47.04 47.47 48.20 49.14 50.07 50.71 50.89 50.61 50.06 49.46 48.99 48.66 48.35 47.94 47.36 46.65 45.93 45.34 44.97 44.87 45.00 45.29 45.68 46.15 46.68 47.24 47.77 48.20 48.50 48.70 48.85 49.02 49.27 49.59 49.97 50.35 50.67 50.82 50.73 50.38 49.80 49.13 48.53 48.11 47.94 47.97 48.14 48.37 48.60 48.79 48.91 48.95 48.90 48.80 48.69 48.60 48.57 48.60 48.66 48.73 48.78 48.77 48.67 48.49 48.25 47.96 47.62 47.21 46.70 46.12 45.55 45.12 44.92 44.96 45.18 45.46 45.67 45.69 45.49 45.11 44.69 44.39 44.33 44.59 45.21 46.45 49.48 58.83 91.00 
7.00 42.65 49.09 49.91 49.86 49.86 50.02 50.22 50.31 50.18 49.83 49.35 48.90 48.64 48.65 48.89 49.28 49.68 49.98 50.11 50.09 49.95 49.72 49.42 49.09 48.80 48.66 48.78 49.24 50.01 50.97 51.98 52.94 53.80 54.56 55.19 55.61 55.67 55.29 54.49 53.45 52.40 51.54 51.00 50.75 50.69 50.69 50.64 50.49 50.25 49.99 49.77 49.63 49.55 49.48 49.43 49.41 49.48 49.69 50.04 50.47 50.90 51.27 51.56 51.80 51.99 52.08 51.95 51.47 50.58 49.35 48.00 46.79 45.96 45.65 45.85 46.42 47.14 47.80 48.27 48.55 48.78 49.11 49.63 50.32 51.01 51.51 51.69 51.58 51.33 51.19 51.37 51.94 52.80 53.74 54.50 54.91 54.90 54.54 53.94 53.23 52.45 51.61 50.73 49.88 49.15 48.62 48.26 48.01 47.81 47.67 47.70 48.02 48.68 49.60 50.54 51.21 51.43 51.19 50.65 50.07 49.60 49.30 49.08 48.82 48.41 47.86 47.24 46.66 46.25 46.06 46.08 46.27 46.56 46.92 47.30 47.69 48.01 48.24 48.35 48.37 48.38 48.45 48.62 48.88 49.22 49.56 49.83 49.95 49.86 49.55 49.07 48.54 48.12 47.88 47.85 48.01 48.27 48.57 48.84 49.04 49.17 49.20 49.16 49.07 48.97 48.90 48.88 48.89 48.91 48.91 48.86 48.71 48.46 48.12 47.72 47.30 46.87 46.42 45.92 45.41 44.98 44.74 44.77 45.09 45.58 46.10 46.48 46.57 46.34 45.85 45.26 44.77 44.55 44.66 44.99 45.18 44.05 37.52 10.00 
84.00 61.30 54.62 51.94 50.76 50.38 50.45 50.71 50.92 50.93 50.70 50.31 49.91 49.65 49.61 49.81 50.12 50.43 50.62 50.65 50.54 50.33 50.07 49.75 49.38 49.01 48.74 48.72 49.05 49.74 50.70 51.78 52.84 53.80 54.62 55.25 55.60 55.56 55.09 54.27 53.29 52.38 51.70 51.31 51.13 51.03 50.88 50.59 50.18 49.71 49.30 49.01 48.89 48.89 48.97 49.09 49.24 49.46 49.76 50.10 50.45 50.75 50.99 51.18 51.35 51.51 51.59 51.44 50.91 49.96 48.68 47.33 46.21 45.58 45.55 46.09 46.99 47.97 48.77 49.23 49.38 49.36 49.37 49.55 49.92 50.37 50.74 50.92 50.93 50.91 51.07 51.54 52.36 53.38 54.40 55.17 55.55 55.51 55.15 54.59 53.93 53.21 52.45 51.67 50.93 50.32 49.86 49.51 49.19 48.83 48.47 48.27 48.38 48.87 49.66 50.51 51.16 51.39 51.19 50.70 50.15 49.73 49.52 49.47 49.47 49.39 49.16 48.78 48.33 47.92 47.62 47.49 47.50 47.61 47.78 47.97 48.15 48.28 48.31 48.25 48.13 48.02 47.98 48.06 48.25 48.51 48.79 49.02 49.13 49.08 48.85 48.50 48.13 47.86 47.74 47.81 48.02 48.32 48.66 48.98 49.23 49.39 49.43 49.38 49.27 49.14 49.04 48.98 48.95 48.93 48.87 48.74 48.50 48.15 47.70 47.21 46.71 46.23 45.75 45.27 44.81 44.48 44.39 44.62 45.17 45.91 46.64 47.18 47.35 47.10 46.52 45.78 45.13 44.79 44.84 45.18 45.37 44.09 37.19 10.00 
79.00 64.08 56.44 52.82 51.25 50.76 50.86 51.21 51.55 51.71 51.62 51.33 50.98 50.73 50.66 50.78 51.00 51.19 51.24 51.13 50.89 50.60 50.28 49.92 49.51 49.06 48.70 48.57 48.81 49.45 50.42 51.56 52.69 53.71 54.52 55.08 55.31 55.15 54.60 53.80 52.94 52.24 51.82 51.66 51.62 51.52 51.24 50.72 50.03 49.29 48.66 48.25 48.10 48.16 48.35 48.61 48.92 49.27 49.63 49.98 50.27 50.48 50.63 50.77 50.94 51.12 51.22 51.08 50.55 49.60 48.34 47.06 46.08 45.67 45.92 46.76 47.92 49.08 49.95 50.36 50.34 50.07 49.78 49.65 49.75 50.01 50.30 50.52 50.67 50.88 51.27 51.97 52.93 54.03 55.03 55.75 56.07 55.99 55.62 55.10 54.52 53.91 53.27 52.64 52.07 51.60 51.23 50.88 50.44 49.88 49.25 48.75 48.55 48.77 49.33 50.02 50.58 50.81 50.65 50.23 49.74 49.40 49.32 49.51 49.84 50.17 50.35 50.32 50.08 49.71 49.33 49.01 48.79 48.66 48.59 48.56 48.54 48.48 48.37 48.20 48.00 47.82 47.72 47.72 47.82 47.99 48.18 48.35 48.45 48.44 48.30 48.08 47.85 47.68 47.61 47.68 47.88 48.18 48.54 48.92 49.25 49.46 49.55 49.49 49.34 49.15 48.97 48.85 48.77 48.72 48.63 48.48 48.22 47.84 47.37 46.86 46.35 45.86 45.37 44.88 44.43 44.13 44.12 44.48 45.19 46.11 47.03 47.71 47.96 47.72 47.09 46.26 45.52 45.13 45.29 46.06 47.48 50.03 57.31 90.00 
70.00 59.79 54.60 52.16 51.16 50.97 51.25 51.73 52.21 52.51 52.57 52.40 52.12 51.87 51.75 51.77 51.86 51.90 51.80 51.53 51.15 50.75 50.35 49.94 49.48 48.98 48.55 48.36 48.55 49.18 50.17 51.34 52.49 53.49 54.23 54.65 54.72 54.42 53.81 53.05 52.37 51.94 51.84 51.97 52.13 52.10 51.75 51.05 50.10 49.09 48.22 47.64 47.39 47.42 47.65 48.01 48.43 48.87 49.31 49.68 49.96 50.15 50.29 50.43 50.61 50.83 50.97 50.88 50.41 49.53 48.38 47.24 46.45 46.26 46.75 47.80 49.10 50.32 51.15 51.44 51.23 50.73 50.18 49.82 49.73 49.88 50.16 50.47 50.78 51.16 51.73 52.53 53.52 54.58 55.50 56.12 56.37 56.27 55.93 55.47 54.99 54.52 54.05 53.62 53.25 52.95 52.67 52.31 51.75 50.95 50.02 49.16 48.60 48.47 48.72 49.20 49.64 49.85 49.75 49.41 49.02 48.79 48.87 49.31 49.99 50.74 51.36 51.69 51.69 51.40 50.94 50.45 49.98 49.58 49.25 48.98 48.76 48.58 48.39 48.20 48.00 47.82 47.68 47.61 47.61 47.65 47.73 47.81 47.88 47.90 47.84 47.73 47.59 47.47 47.39 47.40 47.52 47.78 48.15 48.60 49.02 49.34 49.48 49.44 49.25 48.98 48.71 48.51 48.39 48.32 48.26 48.15 47.94 47.63 47.23 46.79 46.34 45.88 45.39 44.88 44.38 44.03 43.99 44.37 45.16 46.20 47.25 48.04 48.37 48.17 47.53 46.68 45.92 45.57 45.90 47.09 49.17 51.80 52.31 34.00 
56.00 50.69 50.42 50.58 50.79 51.14 51.68 52.32 52.92 53.36 53.55 53.50 53.28 53.03 52.82 52.71 52.64 52.50 52.23 51.80 51.29 50.78 50.30 49.83 49.32 48.78 48.31 48.09 48.27 48.90 49.89 51.05 52.17 53.07 53.67 53.92 53.81 53.37 52.72 52.05 51.56 51.44 51.67 52.13 52.54 52.66 52.34 51.54 50.42 49.18 48.08 47.29 46.87 46.79 46.97 47.33 47.79 48.31 48.81 49.25 49.58 49.82 49.99 50.17 50.39 50.64 50.83 50.82 50.46 49.73 48.76 47.82 47.24 47.25 47.90 49.03 50.35 51.49 52.18 52.29 51.89 51.19 50.47 49.96 49.78 49.90 50.23 50.64 51.08 51.59 52.23 53.03 53.94 54.86 55.65 56.17 56.38 56.30 56.03 55.68 55.32 55.00 54.73 54.51 54.36 54.25 54.07 53.70 53.01 51.98 50.74 49.52 48.57 48.05 47.98 48.21 48.53 48.73 48.70 48.47 48.21 48.12 48.38 49.04 50.04 51.17 52.18 52.84 53.07 52.86 52.35 51.69 50.99 50.31 49.71 49.21 48.82 48.55 48.36 48.23 48.11 47.98 47.85 47.70 47.56 47.44 47.35 47.32 47.33 47.36 47.38 47.35 47.28 47.16 47.03 46.95 46.97 47.16 47.53 48.04 48.58 49.02 49.25 49.25 49.04 48.71 48.36 48.08 47.91 47.84 47.82 47.80 47.72 47.55 47.32 47.04 46.73 46.37 45.92 45.36 44.76 44.28 44.11 44.39 45.14 46.20 47.30 48.16 48.56 48.41 47.81 47.00 46.30 46.06 46.62 48.25 51.29 56.42 66.53 97.00 
9.00 36.75 46.14 49.41 50.72 51.50 52.21 52.95 53.64 54.18 54.49 54.54 54.37 54.08 53.77 53.49 53.23 52.91 52.47 51.91 51.30 50.71 50.16 49.62 49.05 48.46 47.97 47.74 47.92 48.53 49.49 50.58 51.59 52.36 52.78 52.86 52.59 52.07 51.41 50.84 50.56 50.71 51.26 52.02 52.70 53.03 52.82 52.07 50.89 49.54 48.27 47.27 46.64 46.37 46.41 46.69 47.12 47.66 48.23 48.75 49.19 49.52 49.78 50.02 50.26 50.53 50.75 50.82 50.61 50.08 49.34 48.64 48.27 48.43 49.16 50.29 51.50 52.46 52.93 52.82 52.24 51.41 50.59 50.02 49.81 49.96 50.36 50.86 51.41 51.97 52.59 53.29 54.03 54.76 55.39 55.84 56.06 56.06 55.91 55.70 55.49 55.32 55.23 55.23 55.29 55.35 55.27 54.89 54.09 52.85 51.34 49.78 48.46 47.58 47.19 47.20 47.41 47.63 47.70 47.63 47.52 47.59 48.01 48.88 50.13 51.54 52.85 53.79 54.20 54.08 53.53 52.72 51.80 50.88 50.02 49.31 48.78 48.47 48.33 48.31 48.32 48.29 48.16 47.92 47.61 47.28 46.99 46.81 46.74 46.78 46.85 46.89 46.87 46.76 46.57 46.39 46.30 46.42 46.78 47.35 47.99 48.56 48.91 48.99 48.82 48.47 48.07 47.73 47.51 47.43 47.45 47.52 47.59 47.63 47.63 47.60 47.51 47.31 46.92 46.33 45.61 44.93 44.54 44.61 45.19 46.15 47.22 48.08 48.51 48.42 47.91 47.20 46.63 46.55 47.30 49.17 52.40 56.93 60.87 51.00 
17.00 41.30 48.24 50.50 51.46 52.14 52.82 53.55 54.27 54.87 55.25 55.35 55.20 54.86 54.43 53.98 53.53 53.03 52.47 51.84 51.19 50.56 49.97 49.37 48.72 48.07 47.53 47.27 47.41 47.97 48.84 49.81 50.67 51.28 51.55 51.50 51.16 50.61 49.99 49.52 49.41 49.76 50.54 51.55 52.47 53.03 53.03 52.44 51.37 50.04 48.70 47.56 46.73 46.24 46.08 46.20 46.54 47.05 47.64 48.25 48.81 49.27 49.64 49.94 50.20 50.46 50.70 50.84 50.77 50.45 49.96 49.49 49.31 49.59 50.35 51.39 52.43 53.16 53.38 53.07 52.35 51.43 50.58 50.02 49.84 50.04 50.49 51.05 51.63 52.18 52.70 53.23 53.75 54.27 54.74 55.14 55.42 55.56 55.59 55.55 55.49 55.46 55.53 55.70 55.94 56.14 56.14 55.74 54.84 53.43 51.69 49.85 48.23 47.05 46.40 46.23 46.39 46.66 46.88 46.99 47.07 47.30 47.88 48.90 50.31 51.92 53.43 54.56 55.11 55.05 54.47 53.55 52.45 51.32 50.25 49.37 48.74 48.42 48.37 48.50 48.66 48.73 48.60 48.25 47.74 47.17 46.67 46.32 46.17 46.19 46.31 46.42 46.45 46.34 46.11 45.84 45.67 45.72 46.05 46.65 47.37 48.06 48.55 48.77 48.69 48.41 48.02 47.64 47.37 47.25 47.26 47.39 47.59 47.85 48.12 48.38 48.56 48.56 48.28 47.69 46.85 45.97 45.30 45.07 45.38 46.12 47.04 47.84 48.28 48.25 47.85 47.30 46.91 47.01 47.91 49.90 53.30 58.87 69.50 99.00 
94.00 63.27 55.14 53.02 52.63 52.84 53.34 53.98 54.66 55.25 55.64 55.75 55.57 55.17 54.64 54.06 53.48 52.88 52.26 51.63 51.01 50.40 49.79 49.13 48.38 47.62 46.98 46.63 46.68 47.13 47.86 48.67 49.38 49.85 50.04 49.96 49.63 49.14 48.61 48.25 48.23 48.69 49.57 50.69 51.78 52.55 52.81 52.49 51.66 50.51 49.25 48.06 47.09 46.41 46.03 45.95 46.15 46.57 47.15 47.81 48.46 49.05 49.53 49.88 50.16 50.40 50.63 50.80 50.85 50.71 50.44 50.19 50.19 50.56 51.30 52.25 53.11 53.62 53.63 53.15 52.34 51.41 50.60 50.08 49.95 50.18 50.64 51.21 51.76 52.23 52.61 52.92 53.19 53.49 53.82 54.19 54.56 54.87 55.11 55.25 55.34 55.45 55.63 55.91 56.27 56.56 56.58 56.15 55.16 53.62 51.70 49.68 47.85 46.46 45.65 45.39 45.54 45.91 46.29 46.60 46.88 47.28 47.99 49.11 50.60 52.29 53.90 55.12 55.75 55.73 55.14 54.15 52.93 51.66 50.45 49.45 48.78 48.49 48.57 48.86 49.19 49.34 49.19 48.72 48.00 47.19 46.47 45.97 45.74 45.75 45.90 46.06 46.13 46.03 45.78 45.45 45.20 45.18 45.47 46.06 46.83 47.62 48.26 48.65 48.76 48.61 48.31 47.95 47.63 47.43 47.37 47.49 47.77 48.19 48.71 49.25 49.70 49.92 49.79 49.23 48.32 47.25 46.30 45.74 45.70 46.14 46.85 47.53 47.95 48.00 47.74 47.38 47.19 47.46 48.42 50.26 53.02 56.49 59.67 58.00 
84.00 62.67 56.06 53.87 53.21 53.22 53.57 54.11 54.71 55.23 55.56 55.61 55.38 54.93 54.35 53.72 53.10 52.50 51.92 51.36 50.83 50.28 49.67 48.92 48.03 47.10 46.30 45.80 45.70 46.00 46.57 47.22 47.80 48.20 48.39 48.38 48.17 47.82 47.42 47.15 47.16 47.59 48.43 49.54 50.67 51.60 52.11 52.11 51.65 50.81 49.76 48.67 47.67 46.85 46.28 46.00 46.00 46.28 46.78 47.44 48.15 48.83 49.39 49.81 50.10 50.32 50.52 50.69 50.79 50.78 50.68 50.62 50.76 51.21 51.96 52.82 53.53 53.88 53.75 53.20 52.38 51.50 50.77 50.33 50.25 50.49 50.93 51.45 51.92 52.27 52.47 52.55 52.58 52.64 52.83 53.16 53.60 54.09 54.52 54.85 55.10 55.31 55.56 55.91 56.30 56.59 56.58 56.08 55.00 53.37 51.37 49.26 47.36 45.89 45.01 44.73 44.93 45.41 45.96 46.47 46.95 47.51 48.31 49.46 50.94 52.61 54.19 55.41 56.05 56.05 55.46 54.44 53.18 51.85 50.59 49.56 48.92 48.73 48.96 49.44 49.92 50.14 49.95 49.34 48.42 47.41 46.51 45.89 45.60 45.59 45.75 45.93 46.02 45.94 45.67 45.31 45.00 44.91 45.13 45.68 46.46 47.33 48.12 48.71 49.03 49.09 48.93 48.63 48.29 47.99 47.82 47.86 48.14 48.66 49.36 50.12 50.80 51.22 51.22 50.73 49.79 48.58 47.39 46.51 46.12 46.24 46.71 47.26 47.67 47.79 47.69 47.51 47.51 47.92 48.91 50.56 52.75 54.95 54.97 43.00 
18.00 47.38 52.62 53.19 53.11 53.17 53.46 53.91 54.41 54.81 55.02 54.96 54.65 54.17 53.60 53.02 52.48 51.99 51.55 51.13 50.72 50.24 49.60 48.74 47.67 46.52 45.49 44.78 44.51 44.64 45.07 45.61 46.13 46.54 46.82 46.96 46.95 46.79 46.55 46.34 46.32 46.62 47.29 48.24 49.31 50.30 51.03 51.37 51.32 50.89 50.18 49.29 48.36 47.49 46.77 46.29 46.09 46.18 46.56 47.15 47.86 48.58 49.21 49.68 49.99 50.20 50.36 50.49 50.59 50.63 50.64 50.72 50.99 51.52 52.28 53.09 53.72 53.99 53.81 53.27 52.53 51.77 51.17 50.83 50.80 51.04 51.45 51.89 52.26 52.47 52.48 52.34 52.12 51.95 51.96 52.21 52.68 53.27 53.87 54.37 54.76 55.06 55.37 55.72 56.07 56.29 56.18 55.57 54.40 52.73 50.74 48.68 46.84 45.43 44.61 44.38 44.65 45.23 45.93 46.61 47.25 47.92 48.76 49.88 51.27 52.80 54.25 55.36 55.95 55.93 55.35 54.35 53.12 51.81 50.60 49.66 49.13 49.11 49.52 50.18 50.79 51.06 50.83 50.09 49.02 47.87 46.87 46.18 45.84 45.79 45.91 46.08 46.16 46.08 45.81 45.42 45.07 44.90 45.06 45.55 46.32 47.24 48.15 48.92 49.46 49.73 49.76 49.57 49.24 48.87 48.59 48.52 48.75 49.29 50.07 50.97 51.79 52.33 52.43 51.99 51.05 49.75 48.38 47.24 46.56 46.40 46.66 47.11 47.51 47.73 47.77 47.77 47.93 48.44 49.42 50.92 52.97 55.94 62.42 88.00 
71.00 56.30 53.94 53.26 52.94 52.89 53.10 53.46 53.84 54.12 54.17 53.98 53.58 53.07 52.55 52.10 51.73 51.45 51.21 50.98 50.69 50.25 49.56 48.54 47.25 45.85 44.57 43.65 43.19 43.20 43.55 44.06 44.61 45.12 45.55 45.89 46.11 46.17 46.08 45.91 45.80 45.91 46.32 47.02 47.93 48.90 49.78 50.43 50.78 50.79 50.47 49.86 49.07 48.21 47.40 46.75 46.34 46.23 46.44 46.91 47.57 48.28 48.94 49.45 49.80 50.01 50.13 50.20 50.25 50.28 50.34 50.51 50.89 51.50 52.29 53.08 53.67 53.92 53.77 53.33 52.74 52.16 51.73 51.53 51.56 51.81 52.19 52.57 52.85 52.94 52.79 52.43 51.97 51.56 51.35 51.44 51.84 52.46 53.15 53.79 54.30 54.71 55.05 55.37 55.63 55.71 55.44 54.69 53.45 51.80 49.92 48.06 46.43 45.23 44.55 44.43 44.77 45.42 46.20 46.99 47.72 48.46 49.30 50.32 51.54 52.85 54.07 55.00 55.46 55.37 54.80 53.86 52.71 51.53 50.46 49.69 49.36 49.55 50.16 50.98 51.68 51.97 51.68 50.86 49.71 48.51 47.48 46.78 46.40 46.28 46.33 46.43 46.46 46.36 46.09 45.71 45.33 45.13 45.22 45.66 46.41 47.35 48.33 49.23 49.93 50.39 50.59 50.53 50.28 49.91 49.58 49.44 49.60 50.11 50.90 51.83 52.69 53.26 53.38 52.94 51.98 50.63 49.15 47.85 46.97 46.62 46.74 47.12 47.54 47.85 48.02 48.17 48.44 48.99 49.88 51.12 52.55 53.57 50.84 25.00 
44.00 53.02 53.83 53.26 52.72 52.52 52.62 52.90 53.20 53.34 53.25 52.90 52.40 51.87 51.42 51.12 50.97 50.93 50.93 50.88 50.70 50.27 49.48 48.30 46.79 45.15 43.64 42.52 41.93 41.87 42.22 42.80 43.46 44.13 44.76 45.32 45.76 46.02 46.05 45.91 45.70 45.58 45.68 46.08 46.76 47.65 48.61 49.51 50.21 50.62 50.66 50.35 49.73 48.91 48.04 47.24 46.65 46.35 46.38 46.71 47.27 47.94 48.58 49.11 49.47 49.68 49.76 49.77 49.74 49.73 49.80 50.04 50.50 51.19 52.00 52.78 53.35 53.61 53.54 53.24 52.86 52.51 52.29 52.24 52.37 52.65 53.03 53.40 53.63 53.63 53.35 52.81 52.12 51.45 50.97 50.84 51.08 51.63 52.35 53.07 53.71 54.21 54.60 54.89 55.03 54.93 54.46 53.57 52.28 50.72 49.08 47.53 46.26 45.36 44.92 44.92 45.30 45.95 46.74 47.54 48.30 49.05 49.84 50.74 51.75 52.80 53.74 54.41 54.68 54.50 53.91 53.05 52.05 51.06 50.23 49.70 49.62 50.01 50.79 51.71 52.43 52.69 52.35 51.49 50.34 49.17 48.20 47.52 47.12 46.92 46.84 46.82 46.78 46.65 46.40 46.05 45.70 45.50 45.56 45.96 46.67 47.59 48.59 49.52 50.29 50.86 51.20 51.30 51.18 50.92 50.64 50.50 50.63 51.10 51.85 52.73 53.54 54.05 54.10 53.61 52.59 51.20 49.66 48.28 47.30 46.86 46.92 47.28 47.73 48.12 48.40 48.66 49.00 49.54 50.32 51.33 52.65 54.98 62.38 97.00 
60.00 58.19 55.52 53.67 52.63 52.20 52.20 52.41 52.63 52.68 52.45 51.97 51.36 50.78 50.38 50.21 50.26 50.45 50.66 50.78 50.67 50.21 49.33 47.99 46.31 44.48 42.81 41.56 40.90 40.84 41.26 41.97 42.81 43.67 44.51 45.28 45.92 46.33 46.47 46.33 46.02 45.68 45.48 45.56 45.98 46.72 47.70 48.76 49.73 50.45 50.80 50.72 50.25 49.48 48.57 47.67 46.93 46.47 46.34 46.54 46.98 47.55 48.12 48.60 48.94 49.13 49.18 49.13 49.04 48.98 49.06 49.35 49.89 50.63 51.45 52.19 52.73 53.00 53.01 52.88 52.72 52.61 52.61 52.73 52.98 53.35 53.78 54.18 54.43 54.39 54.01 53.32 52.41 51.47 50.71 50.30 50.32 50.74 51.43 52.21 52.95 53.57 54.02 54.29 54.32 54.04 53.39 52.37 51.09 49.70 48.38 47.26 46.41 45.89 45.69 45.80 46.17 46.74 47.42 48.15 48.88 49.60 50.33 51.11 51.92 52.70 53.35 53.74 53.79 53.48 52.89 52.12 51.31 50.57 50.02 49.78 49.93 50.50 51.36 52.27 52.93 53.11 52.72 51.86 50.77 49.72 48.86 48.24 47.81 47.51 47.28 47.11 46.98 46.82 46.60 46.33 46.06 45.92 46.00 46.37 47.03 47.88 48.79 49.66 50.41 51.00 51.42 51.67 51.74 51.68 51.56 51.53 51.71 52.17 52.86 53.65 54.34 54.73 54.66 54.06 52.97 51.53 49.97 48.58 47.59 47.14 47.19 47.56 48.04 48.49 48.86 49.19 49.58 50.07 50.66 51.28 51.71 51.27 46.65 20.00 
91.00 64.50 56.90 53.91 52.55 52.01 51.95 52.12 52.28 52.23 51.89 51.29 50.57 49.94 49.54 49.46 49.65 50.01 50.38 50.61 50.54 50.05 49.09 47.66 45.88 43.97 42.24 40.95 40.28 40.26 40.77 41.63 42.66 43.73 44.77 45.72 46.50 47.03 47.23 47.09 46.69 46.16 45.69 45.46 45.61 46.18 47.10 48.24 49.38 50.32 50.88 50.97 50.61 49.88 48.95 47.97 47.13 46.55 46.30 46.37 46.68 47.12 47.56 47.93 48.19 48.32 48.32 48.24 48.12 48.06 48.17 48.51 49.10 49.86 50.65 51.34 51.81 52.06 52.14 52.16 52.21 52.33 52.53 52.81 53.19 53.68 54.21 54.70 54.99 54.95 54.51 53.69 52.60 51.43 50.40 49.73 49.52 49.79 50.41 51.23 52.07 52.81 53.35 53.62 53.57 53.15 52.37 51.30 50.10 48.96 48.03 47.37 46.98 46.81 46.80 46.94 47.21 47.60 48.11 48.70 49.35 50.03 50.71 51.40 52.05 52.61 52.98 53.11 52.94 52.51 51.91 51.26 50.67 50.21 49.97 50.00 50.36 51.02 51.86 52.66 53.17 53.22 52.77 51.94 50.97 50.05 49.32 48.76 48.31 47.91 47.54 47.23 47.00 46.82 46.67 46.51 46.39 46.35 46.48 46.84 47.40 48.12 48.87 49.57 50.18 50.69 51.14 51.52 51.81 52.01 52.15 52.33 52.62 53.11 53.76 54.46 55.03 55.28 55.07 54.36 53.19 51.71 50.17 48.81 47.88 47.46 47.53 47.92 48.43 48.92 49.35 49.74 50.14 50.57 51.00 51.34 51.50 51.61 52.87 63.00 
28.00 52.23 54.20 53.21 52.36 51.97 51.94 52.08 52.18 52.05 51.60 50.89 50.07 49.37 48.95 48.89 49.16 49.61 50.07 50.36 50.31 49.81 48.82 47.38 45.61 43.74 42.04 40.79 40.16 40.18 40.77 41.75 42.93 44.17 45.37 46.46 47.34 47.92 48.15 48.00 47.52 46.85 46.16 45.67 45.56 45.93 46.75 47.88 49.10 50.16 50.86 51.08 50.81 50.13 49.20 48.19 47.29 46.63 46.29 46.24 46.42 46.70 46.97 47.17 47.28 47.31 47.26 47.15 47.04 47.01 47.17 47.57 48.19 48.93 49.65 50.23 50.62 50.84 50.97 51.12 51.33 51.62 51.97 52.39 52.90 53.51 54.17 54.77 55.13 55.11 54.63 53.72 52.49 51.15 49.93 49.05 48.67 48.80 49.37 50.21 51.14 51.99 52.62 52.94 52.87 52.39 51.57 50.54 49.53 48.70 48.18 47.96 47.96 48.05 48.14 48.20 48.27 48.41 48.68 49.10 49.65 50.29 50.96 51.58 52.12 52.49 52.65 52.55 52.20 51.69 51.11 50.59 50.23 50.05 50.10 50.38 50.89 51.58 52.31 52.92 53.22 53.11 52.59 51.80 50.94 50.16 49.53 49.01 48.54 48.06 47.58 47.17 46.88 46.71 46.64 46.64 46.68 46.79 46.99 47.31 47.76 48.28 48.78 49.23 49.61 49.97 50.37 50.83 51.32 51.80 52.24 52.67 53.13 53.69 54.33 54.96 55.44 55.59 55.29 54.50 53.28 51.81 50.31 49.04 48.18 47.84 47.94 48.34 48.87 49.39 49.85 50.28 50.69 51.06 51.32 51.38 51.13 50.57 50.10 51.00 
96.00 62.44 54.91 52.98 52.38 52.20 52.22 52.32 52.33 52.08 51.52 50.69 49.79 49.01 48.56 48.50 48.78 49.27 49.77 50.07 50.03 49.55 48.60 47.23 45.59 43.86 42.29 41.13 40.54 40.59 41.19 42.20 43.45 44.79 46.08 47.23 48.14 48.73 48.94 48.76 48.24 47.47 46.64 45.96 45.63 45.80 46.48 47.55 48.78 49.91 50.71 51.06 50.91 50.32 49.43 48.42 47.49 46.77 46.34 46.19 46.23 46.34 46.42 46.43 46.36 46.27 46.15 46.03 45.94 45.95 46.15 46.57 47.18 47.85 48.48 48.95 49.26 49.46 49.64 49.88 50.20 50.58 51.02 51.51 52.11 52.83 53.62 54.33 54.76 54.77 54.27 53.31 52.01 50.59 49.28 48.31 47.84 47.90 48.44 49.29 50.27 51.20 51.92 52.30 52.27 51.83 51.09 50.23 49.48 49.02 48.90 49.04 49.30 49.51 49.56 49.44 49.23 49.07 49.08 49.32 49.79 50.40 51.05 51.64 52.08 52.31 52.29 52.03 51.56 51.01 50.49 50.13 49.98 50.06 50.34 50.81 51.42 52.09 52.69 53.08 53.16 52.87 52.27 51.50 50.71 50.02 49.46 48.97 48.48 47.96 47.43 46.98 46.67 46.55 46.59 46.76 46.99 47.24 47.51 47.80 48.10 48.38 48.59 48.71 48.80 48.93 49.22 49.70 50.34 51.05 51.76 52.44 53.09 53.74 54.40 55.00 55.42 55.52 55.18 54.39 53.21 51.80 50.40 49.25 48.50 48.24 48.38 48.80 49.33 49.86 50.35 50.81 51.20 51.50 51.61 51.42 50.72 49.15 45.80 39.00 
38.00 46.76 50.25 51.79 52.43 52.68 52.79 52.80 52.66 52.26 51.56 50.62 49.63 48.79 48.30 48.22 48.51 49.00 49.50 49.81 49.78 49.35 48.51 47.31 45.87 44.36 42.98 41.93 41.38 41.38 41.91 42.85 44.06 45.38 46.67 47.79 48.65 49.17 49.32 49.11 48.57 47.79 46.90 46.11 45.63 45.63 46.16 47.12 48.32 49.50 50.42 50.94 50.97 50.54 49.77 48.81 47.86 47.08 46.55 46.28 46.18 46.14 46.04 45.87 45.65 45.43 45.23 45.08 45.00 45.02 45.22 45.61 46.14 46.71 47.23 47.62 47.89 48.10 48.33 48.63 48.99 49.39 49.82 50.32 50.97 51.77 52.66 53.45 53.94 53.98 53.49 52.53 51.25 49.84 48.56 47.62 47.15 47.21 47.74 48.59 49.58 50.55 51.32 51.77 51.81 51.48 50.92 50.33 49.93 49.84 50.06 50.46 50.84 51.01 50.90 50.52 50.01 49.56 49.32 49.41 49.79 50.37 51.00 51.54 51.90 52.01 51.87 51.49 50.97 50.43 50.01 49.81 49.85 50.12 50.58 51.17 51.82 52.45 52.92 53.13 52.99 52.53 51.82 51.03 50.27 49.62 49.08 48.60 48.12 47.61 47.11 46.69 46.43 46.39 46.56 46.90 47.31 47.71 48.05 48.30 48.45 48.48 48.38 48.16 47.93 47.80 47.90 48.31 49.00 49.86 50.77 51.66 52.47 53.21 53.88 54.45 54.84 54.93 54.63 53.91 52.84 51.59 50.36 49.38 48.78 48.61 48.81 49.23 49.76 50.29 50.79 51.25 51.62 51.86 51.86 51.52 50.74 49.15 44.75 26.00 
2.00 36.29 47.49 51.53 53.02 53.49 53.56 53.42 53.08 52.49 51.63 50.57 49.49 48.61 48.09 48.00 48.27 48.76 49.26 49.58 49.59 49.26 48.58 47.62 46.47 45.23 44.06 43.12 42.55 42.45 42.81 43.57 44.62 45.81 46.97 47.96 48.68 49.08 49.15 48.91 48.40 47.68 46.83 46.04 45.50 45.37 45.75 46.59 47.73 48.95 50.03 50.78 51.09 50.91 50.32 49.45 48.50 47.63 46.97 46.56 46.32 46.14 45.92 45.64 45.31 45.00 44.73 44.53 44.40 44.39 44.51 44.78 45.18 45.63 46.05 46.39 46.67 46.93 47.22 47.54 47.87 48.21 48.56 49.02 49.67 50.51 51.46 52.31 52.85 52.92 52.47 51.58 50.39 49.10 47.95 47.12 46.75 46.86 47.39 48.22 49.18 50.12 50.88 51.33 51.44 51.25 50.92 50.66 50.64 50.91 51.40 51.93 52.30 52.34 52.00 51.35 50.57 49.87 49.45 49.40 49.69 50.21 50.79 51.27 51.54 51.55 51.32 50.89 50.37 49.92 49.63 49.59 49.78 50.18 50.72 51.35 52.01 52.58 52.94 52.98 52.66 52.03 51.20 50.34 49.56 48.91 48.39 47.93 47.50 47.06 46.64 46.31 46.16 46.23 46.55 47.05 47.63 48.16 48.57 48.80 48.83 48.65 48.27 47.74 47.19 46.78 46.66 46.92 47.55 48.44 49.46 50.47 51.38 52.16 52.82 53.33 53.68 53.77 53.54 52.96 52.09 51.07 50.10 49.34 48.94 48.89 49.15 49.58 50.09 50.60 51.09 51.54 51.88 52.05 51.95 51.54 51.02 51.52 57.78 90.00 
48.00 48.64 51.50 53.42 54.31 54.52 54.35 53.98 53.43 52.65 51.63 50.47 49.32 48.40 47.86 47.76 48.03 48.51 49.01 49.35 49.44 49.24 48.79 48.13 47.30 46.36 45.41 44.56 43.95 43.68 43.80 44.30 45.08 46.03 46.96 47.74 48.26 48.50 48.48 48.25 47.83 47.24 46.54 45.84 45.30 45.10 45.34 46.04 47.10 48.37 49.62 50.65 51.29 51.44 51.09 50.35 49.39 48.43 47.61 47.03 46.65 46.37 46.10 45.79 45.43 45.08 44.76 44.50 44.29 44.17 44.14 44.24 44.45 44.75 45.09 45.43 45.77 46.10 46.42 46.72 46.97 47.17 47.40 47.78 48.39 49.25 50.22 51.09 51.66 51.78 51.43 50.66 49.64 48.55 47.60 46.96 46.73 46.91 47.45 48.23 49.10 49.93 50.59 50.97 51.08 51.01 50.92 50.99 51.32 51.90 52.58 53.15 53.41 53.26 52.70 51.84 50.87 50.02 49.46 49.29 49.48 49.90 50.38 50.77 50.96 50.91 50.63 50.21 49.77 49.45 49.33 49.45 49.77 50.23 50.78 51.39 51.98 52.48 52.73 52.63 52.13 51.33 50.36 49.40 48.58 47.92 47.43 47.03 46.70 46.39 46.12 45.93 45.91 46.12 46.57 47.22 47.93 48.58 49.05 49.29 49.24 48.91 48.31 47.54 46.72 46.04 45.67 45.73 46.22 47.05 48.06 49.09 50.01 50.76 51.34 51.75 52.01 52.09 51.93 51.53 50.92 50.20 49.55 49.09 48.92 49.03 49.35 49.78 50.26 50.73 51.20 51.63 51.95 52.05 51.79 51.02 49.65 47.61 44.57 37.00 
72.00 58.31 55.69 55.52 55.55 55.32 54.86 54.25 53.51 52.60 51.50 50.29 49.11 48.16 47.61 47.50 47.76 48.24 48.73 49.10 49.27 49.25 49.06 48.73 48.26 47.64 46.89 46.12 45.43 44.97 44.83 45.01 45.48 46.12 46.76 47.27 47.57 47.65 47.57 47.38 47.11 46.73 46.25 45.71 45.23 44.98 45.09 45.63 46.59 47.86 49.26 50.57 51.56 52.06 51.98 51.38 50.43 49.36 48.38 47.63 47.13 46.80 46.54 46.27 45.97 45.65 45.32 45.01 44.70 44.42 44.19 44.07 44.08 44.23 44.50 44.86 45.26 45.65 45.97 46.20 46.31 46.35 46.44 46.72 47.28 48.10 49.05 49.93 50.52 50.72 50.50 49.93 49.15 48.31 47.60 47.17 47.09 47.36 47.89 48.58 49.31 49.95 50.40 50.62 50.65 50.62 50.72 51.08 51.73 52.54 53.33 53.86 53.99 53.66 52.93 51.95 50.90 49.98 49.35 49.08 49.14 49.42 49.78 50.06 50.19 50.11 49.86 49.52 49.21 49.07 49.14 49.43 49.86 50.35 50.87 51.38 51.87 52.25 52.37 52.11 51.45 50.48 49.37 48.32 47.45 46.81 46.38 46.10 45.92 45.79 45.70 45.67 45.79 46.12 46.69 47.43 48.23 48.96 49.49 49.74 49.66 49.24 48.51 47.56 46.55 45.65 45.05 44.89 45.20 45.89 46.80 47.76 48.59 49.22 49.63 49.87 50.00 50.03 49.94 49.72 49.39 49.02 48.72 48.60 48.69 48.97 49.37 49.80 50.23 50.67 51.11 51.54 51.86 51.92 51.54 50.45 48.28 44.16 35.57 15.00 
52.00 56.33 56.41 56.28 56.00 55.48 54.79 54.04 53.22 52.29 51.22 50.04 48.90 47.98 47.42 47.29 47.52 47.96 48.42 48.80 49.05 49.21 49.31 49.34 49.23 48.92 48.37 47.66 46.90 46.26 45.86 45.75 45.91 46.22 46.56 46.79 46.86 46.80 46.70 46.60 46.52 46.40 46.16 45.81 45.42 45.13 45.11 45.48 46.30 47.51 48.99 50.51 51.79 52.59 52.77 52.32 51.40 50.26 49.15 48.26 47.66 47.31 47.11 46.95 46.77 46.55 46.27 45.93 45.53 45.09 44.66 44.31 44.12 44.13 44.35 44.72 45.16 45.56 45.84 45.94 45.89 45.76 45.72 45.90 46.39 47.15 48.05 48.88 49.50 49.80 49.77 49.47 48.98 48.44 48.00 47.78 47.83 48.14 48.62 49.18 49.70 50.07 50.23 50.19 50.06 50.03 50.26 50.85 51.73 52.71 53.54 54.01 54.00 53.55 52.74 51.74 50.71 49.80 49.15 48.79 48.71 48.83 49.04 49.23 49.33 49.28 49.11 48.90 48.78 48.85 49.15 49.62 50.15 50.65 51.10 51.50 51.84 52.05 52.00 51.58 50.76 49.65 48.43 47.32 46.44 45.85 45.53 45.41 45.43 45.51 45.62 45.75 45.98 46.39 46.99 47.76 48.59 49.34 49.89 50.15 50.04 49.57 48.77 47.73 46.59 45.54 44.78 44.43 44.55 45.07 45.83 46.63 47.29 47.71 47.89 47.91 47.86 47.81 47.77 47.71 47.65 47.62 47.69 47.90 48.25 48.70 49.17 49.61 50.01 50.43 50.87 51.34 51.70 51.80 51.40 50.28 48.16 44.58 38.23 24.00 
69.00 57.93 56.23 55.95 55.55 54.88 54.08 53.29 52.52 51.71 50.81 49.80 48.80 47.95 47.42 47.27 47.43 47.78 48.16 48.49 48.80 49.13 49.51 49.89 50.13 50.10 49.73 49.06 48.24 47.46 46.87 46.54 46.45 46.49 46.54 46.50 46.35 46.17 46.06 46.07 46.19 46.31 46.31 46.14 45.84 45.54 45.41 45.61 46.25 47.35 48.81 50.41 51.87 52.89 53.26 52.95 52.09 50.92 49.74 48.76 48.11 47.77 47.65 47.63 47.62 47.55 47.38 47.07 46.62 46.05 45.45 44.90 44.55 44.45 44.62 44.99 45.43 45.79 45.97 45.92 45.69 45.41 45.25 45.35 45.75 46.42 47.21 47.98 48.61 49.05 49.27 49.28 49.14 48.93 48.76 48.72 48.87 49.16 49.54 49.91 50.15 50.19 50.00 49.65 49.33 49.24 49.56 50.32 51.37 52.45 53.29 53.69 53.59 53.08 52.29 51.35 50.41 49.57 48.91 48.48 48.27 48.24 48.33 48.47 48.57 48.59 48.55 48.51 48.60 48.90 49.42 50.06 50.68 51.20 51.58 51.84 52.00 52.01 51.78 51.19 50.25 49.05 47.80 46.69 45.86 45.37 45.18 45.25 45.48 45.78 46.06 46.33 46.61 47.01 47.56 48.26 49.02 49.72 50.24 50.46 50.33 49.83 48.99 47.91 46.72 45.61 44.75 44.28 44.25 44.62 45.21 45.81 46.24 46.39 46.30 46.06 45.83 45.68 45.66 45.74 45.91 46.17 46.54 47.02 47.59 48.17 48.71 49.17 49.58 50.02 50.52 51.06 51.53 51.71 51.38 50.39 48.76 47.14 48.43 66.00 
37.00 49.56 53.58 54.59 54.39 53.68 52.86 52.14 51.53 50.98 50.37 49.66 48.89 48.20 47.73 47.54 47.59 47.79 48.02 48.26 48.59 49.06 49.69 50.37 50.91 51.11 50.86 50.22 49.35 48.49 47.81 47.37 47.14 46.99 46.79 46.50 46.14 45.83 45.70 45.79 46.07 46.39 46.58 46.55 46.34 46.05 45.86 45.94 46.42 47.36 48.70 50.26 51.74 52.84 53.33 53.13 52.35 51.22 50.03 49.02 48.35 48.03 47.99 48.12 48.30 48.42 48.40 48.18 47.73 47.11 46.39 45.73 45.27 45.11 45.25 45.59 45.97 46.24 46.28 46.07 45.69 45.30 45.05 45.06 45.36 45.89 46.54 47.23 47.88 48.48 48.98 49.36 49.60 49.73 49.82 49.94 50.11 50.34 50.54 50.65 50.56 50.22 49.67 49.02 48.52 48.38 48.76 49.63 50.79 51.92 52.75 53.11 52.99 52.50 51.78 50.97 50.16 49.42 48.79 48.31 47.99 47.86 47.88 48.00 48.15 48.27 48.36 48.50 48.78 49.29 49.99 50.76 51.46 51.97 52.27 52.39 52.37 52.18 51.77 51.06 50.05 48.86 47.66 46.64 45.93 45.57 45.54 45.78 46.20 46.66 47.08 47.41 47.68 47.97 48.37 48.89 49.49 50.06 50.48 50.63 50.44 49.91 49.06 47.99 46.83 45.73 44.86 44.35 44.26 44.51 44.94 45.34 45.53 45.41 45.04 44.56 44.14 43.90 43.86 44.02 44.34 44.79 45.35 46.00 46.69 47.37 47.96 48.46 48.92 49.43 50.04 50.72 51.31 51.59 51.30 50.29 48.54 46.12 41.96 25.00 
31.00 49.22 53.13 53.65 53.12 52.26 51.44 50.83 50.46 50.22 49.99 49.65 49.21 48.75 48.37 48.14 48.06 48.04 48.07 48.17 48.46 49.02 49.84 50.77 51.53 51.88 51.70 51.06 50.16 49.29 48.62 48.21 47.95 47.70 47.34 46.83 46.25 45.78 45.57 45.68 46.02 46.43 46.73 46.81 46.68 46.46 46.28 46.31 46.69 47.48 48.65 50.05 51.42 52.48 52.98 52.86 52.17 51.13 49.99 49.01 48.33 48.02 48.04 48.30 48.65 48.97 49.13 49.04 48.67 48.06 47.33 46.64 46.16 45.99 46.11 46.40 46.69 46.82 46.71 46.35 45.87 45.40 45.09 45.03 45.21 45.57 46.05 46.63 47.31 48.07 48.88 49.64 50.27 50.74 51.06 51.28 51.44 51.54 51.51 51.31 50.86 50.16 49.27 48.38 47.74 47.58 48.00 48.94 50.14 51.29 52.12 52.48 52.40 52.00 51.43 50.78 50.12 49.48 48.90 48.40 48.03 47.84 47.84 47.99 48.22 48.45 48.67 48.95 49.38 50.02 50.82 51.66 52.37 52.83 53.04 53.03 52.85 52.50 51.96 51.18 50.18 49.09 48.05 47.21 46.67 46.47 46.58 46.95 47.48 48.04 48.52 48.83 49.00 49.11 49.27 49.54 49.90 50.27 50.54 50.58 50.33 49.77 48.94 47.93 46.85 45.85 45.06 44.60 44.51 44.71 45.04 45.27 45.24 44.88 44.27 43.58 43.00 42.64 42.57 42.73 43.10 43.60 44.21 44.90 45.60 46.29 46.91 47.47 48.03 48.66 49.41 50.24 50.98 51.34 51.07 49.96 48.07 46.14 47.89 72.00 
97.00 62.86 55.58 53.34 52.01 50.92 50.09 49.61 49.46 49.55 49.70 49.78 49.71 49.51 49.27 49.02 48.78 48.53 48.32 48.24 48.44 49.04 49.97 51.05 51.94 52.36 52.19 51.53 50.64 49.83 49.27 48.98 48.81 48.57 48.12 47.43 46.65 45.99 45.63 45.64 45.93 46.31 46.61 46.73 46.69 46.58 46.52 46.62 46.98 47.67 48.66 49.83 50.99 51.89 52.33 52.23 51.64 50.71 49.68 48.75 48.09 47.78 47.83 48.15 48.64 49.13 49.47 49.54 49.30 48.78 48.12 47.51 47.10 46.97 47.09 47.31 47.48 47.45 47.18 46.72 46.17 45.68 45.36 45.23 45.27 45.45 45.75 46.21 46.89 47.81 48.90 50.02 51.00 51.77 52.29 52.59 52.70 52.63 52.35 51.83 51.05 50.02 48.88 47.83 47.11 46.94 47.39 48.35 49.56 50.70 51.52 51.93 51.96 51.72 51.33 50.86 50.37 49.84 49.32 48.83 48.45 48.25 48.28 48.50 48.82 49.16 49.48 49.84 50.33 51.00 51.80 52.59 53.23 53.60 53.70 53.58 53.29 52.84 52.24 51.47 50.57 49.64 48.82 48.21 47.88 47.83 48.05 48.48 49.04 49.61 50.05 50.27 50.28 50.17 50.05 50.02 50.12 50.27 50.37 50.30 49.98 49.42 48.65 47.75 46.82 45.98 45.34 45.01 44.99 45.22 45.50 45.62 45.44 44.90 44.11 43.25 42.52 42.05 41.88 41.97 42.27 42.70 43.21 43.79 44.40 45.03 45.66 46.29 46.97 47.75 48.67 49.65 50.51 50.95 50.68 49.38 46.69 41.71 31.06 0.00 
21.00 49.49 52.80 52.10 50.88 49.77 48.99 48.61 48.65 49.00 49.50 49.97 50.27 50.36 50.27 50.02 49.64 49.17 48.72 48.43 48.51 49.06 50.03 51.15 52.07 52.50 52.31 51.65 50.81 50.11 49.73 49.64 49.64 49.49 49.02 48.24 47.30 46.45 45.89 45.70 45.81 46.03 46.23 46.33 46.35 46.39 46.51 46.78 47.23 47.87 48.70 49.63 50.52 51.20 51.52 51.41 50.91 50.13 49.23 48.38 47.74 47.42 47.44 47.77 48.31 48.91 49.40 49.63 49.55 49.20 48.71 48.27 48.01 47.97 48.09 48.23 48.24 48.03 47.63 47.10 46.55 46.10 45.78 45.61 45.53 45.52 45.63 45.96 46.62 47.64 48.94 50.34 51.62 52.64 53.32 53.66 53.70 53.46 52.94 52.15 51.10 49.86 48.56 47.43 46.70 46.54 46.99 47.92 49.09 50.20 51.05 51.55 51.72 51.67 51.48 51.22 50.88 50.48 50.03 49.57 49.21 49.05 49.13 49.42 49.84 50.26 50.63 51.01 51.46 52.05 52.72 53.36 53.83 54.06 54.06 53.86 53.53 53.07 52.49 51.79 51.04 50.32 49.73 49.36 49.22 49.31 49.59 50.01 50.51 50.98 51.30 51.39 51.22 50.88 50.50 50.21 50.06 50.01 49.96 49.80 49.46 48.93 48.27 47.53 46.80 46.17 45.75 45.59 45.71 46.01 46.32 46.40 46.14 45.48 44.56 43.57 42.71 42.10 41.80 41.75 41.88 42.12 42.43 42.80 43.24 43.77 44.40 45.11 45.93 46.86 47.92 49.02 49.98 50.52 50.35 49.17 46.67 42.27 34.24 17.00 
93.00 61.26 54.08 51.57 50.06 48.95 48.20 47.90 48.05 48.60 49.37 50.16 50.78 51.14 51.19 50.96 50.48 49.83 49.15 48.66 48.59 49.04 49.94 51.02 51.91 52.30 52.10 51.47 50.73 50.20 50.03 50.16 50.36 50.34 49.95 49.15 48.13 47.12 46.35 45.91 45.74 45.71 45.72 45.72 45.79 45.97 46.30 46.78 47.36 48.02 48.73 49.43 50.06 50.50 50.68 50.55 50.14 49.51 48.76 48.02 47.42 47.06 47.02 47.29 47.81 48.43 49.00 49.37 49.46 49.33 49.09 48.89 48.83 48.91 49.03 49.05 48.88 48.51 47.99 47.45 46.96 46.58 46.31 46.11 45.92 45.75 45.68 45.86 46.44 47.48 48.90 50.48 51.97 53.17 53.97 54.34 54.32 53.93 53.23 52.25 51.04 49.70 48.37 47.25 46.55 46.39 46.80 47.67 48.76 49.84 50.72 51.32 51.66 51.80 51.82 51.73 51.55 51.27 50.90 50.51 50.19 50.07 50.21 50.59 51.08 51.54 51.92 52.22 52.54 52.93 53.37 53.75 54.00 54.07 53.98 53.78 53.48 53.10 52.62 52.04 51.43 50.89 50.51 50.33 50.36 50.54 50.83 51.19 51.57 51.88 52.03 51.95 51.61 51.09 50.52 50.04 49.71 49.51 49.36 49.16 48.84 48.41 47.89 47.35 46.85 46.46 46.27 46.33 46.63 47.06 47.44 47.55 47.27 46.56 45.55 44.44 43.44 42.68 42.20 41.96 41.87 41.88 41.94 42.08 42.33 42.76 43.39 44.18 45.12 46.19 47.34 48.52 49.55 50.19 50.21 49.41 47.79 45.85 46.32 61.00 
30.00 48.53 50.85 50.33 49.34 48.40 47.73 47.47 47.69 48.35 49.30 50.33 51.19 51.74 51.91 51.69 51.13 50.33 49.48 48.82 48.58 48.89 49.67 50.64 51.44 51.79 51.61 51.08 50.49 50.15 50.17 50.49 50.87 51.02 50.75 50.03 49.02 47.94 46.99 46.30 45.82 45.50 45.26 45.13 45.18 45.46 45.97 46.64 47.35 48.05 48.67 49.19 49.59 49.83 49.88 49.73 49.42 48.96 48.39 47.78 47.23 46.84 46.70 46.85 47.27 47.84 48.42 48.87 49.13 49.24 49.29 49.38 49.55 49.74 49.83 49.72 49.36 48.83 48.25 47.74 47.36 47.10 46.90 46.69 46.42 46.11 45.88 45.89 46.35 47.32 48.73 50.38 51.98 53.29 54.16 54.56 54.49 54.01 53.20 52.14 50.91 49.60 48.35 47.31 46.65 46.47 46.81 47.57 48.58 49.62 50.54 51.24 51.72 52.02 52.19 52.24 52.18 52.02 51.76 51.45 51.22 51.17 51.37 51.80 52.33 52.79 53.09 53.25 53.33 53.43 53.54 53.63 53.64 53.57 53.45 53.32 53.16 52.93 52.58 52.13 51.64 51.21 50.95 50.90 51.03 51.28 51.57 51.85 52.08 52.21 52.18 51.93 51.44 50.80 50.12 49.54 49.11 48.85 48.67 48.50 48.26 47.96 47.61 47.28 47.01 46.87 46.91 47.20 47.69 48.27 48.76 48.94 48.68 47.96 46.88 45.66 44.50 43.56 42.87 42.42 42.12 41.91 41.76 41.71 41.84 42.22 42.87 43.74 44.78 45.91 47.10 48.29 49.34 50.07 50.30 49.86 48.64 46.61 43.97 42.00 
63.00 52.07 50.60 49.85 49.00 48.18 47.57 47.34 47.59 48.31 49.36 50.50 51.49 52.14 52.35 52.09 51.45 50.53 49.56 48.78 48.41 48.57 49.19 50.01 50.70 51.01 50.90 50.52 50.13 49.98 50.17 50.61 51.12 51.41 51.31 50.75 49.84 48.77 47.73 46.84 46.11 45.50 45.02 44.71 44.68 44.98 45.58 46.35 47.15 47.87 48.43 48.82 49.05 49.14 49.10 48.97 48.77 48.50 48.15 47.72 47.25 46.84 46.60 46.60 46.88 47.34 47.87 48.34 48.71 49.03 49.36 49.75 50.15 50.44 50.50 50.24 49.71 49.05 48.45 48.02 47.77 47.63 47.50 47.29 46.97 46.55 46.17 46.03 46.33 47.18 48.52 50.14 51.76 53.10 53.99 54.37 54.27 53.77 52.95 51.93 50.80 49.64 48.54 47.62 47.00 46.77 46.98 47.61 48.52 49.54 50.49 51.27 51.85 52.24 52.49 52.62 52.64 52.58 52.45 52.29 52.18 52.22 52.49 52.95 53.46 53.86 54.02 53.92 53.68 53.40 53.14 52.91 52.71 52.57 52.52 52.56 52.63 52.61 52.43 52.06 51.60 51.19 50.96 50.96 51.16 51.47 51.78 52.02 52.13 52.09 51.87 51.47 50.87 50.16 49.43 48.83 48.41 48.17 48.05 47.96 47.85 47.70 47.53 47.39 47.33 47.39 47.64 48.12 48.78 49.51 50.11 50.39 50.19 49.48 48.35 47.01 45.67 44.52 43.62 42.96 42.49 42.14 41.88 41.76 41.87 42.28 42.98 43.91 44.97 46.08 47.22 48.34 49.38 50.22 50.71 50.71 49.97 47.72 40.80 17.00 
22.00 46.17 49.74 49.68 49.00 48.29 47.76 47.58 47.85 48.57 49.59 50.71 51.70 52.33 52.47 52.11 51.34 50.32 49.28 48.45 48.00 48.04 48.51 49.18 49.74 50.00 49.96 49.79 49.67 49.72 50.02 50.51 51.08 51.52 51.62 51.26 50.50 49.53 48.50 47.52 46.61 45.77 45.04 44.51 44.33 44.57 45.15 45.91 46.69 47.38 47.90 48.21 48.35 48.37 48.29 48.19 48.12 48.09 48.01 47.81 47.48 47.09 46.78 46.66 46.81 47.19 47.64 48.04 48.39 48.81 49.37 50.03 50.66 51.07 51.12 50.75 50.06 49.30 48.71 48.37 48.25 48.20 48.11 47.90 47.51 47.00 46.51 46.25 46.42 47.16 48.44 50.02 51.60 52.88 53.70 54.02 53.89 53.39 52.64 51.75 50.82 49.88 48.99 48.21 47.60 47.24 47.25 47.70 48.51 49.51 50.50 51.35 52.00 52.44 52.71 52.84 52.89 52.93 52.97 53.03 53.12 53.30 53.61 54.05 54.50 54.77 54.68 54.21 53.50 52.76 52.12 51.61 51.26 51.12 51.24 51.58 51.99 52.27 52.23 51.87 51.34 50.84 50.54 50.54 50.80 51.19 51.60 51.89 51.94 51.76 51.37 50.83 50.14 49.35 48.62 48.06 47.73 47.62 47.63 47.70 47.75 47.75 47.73 47.75 47.85 48.07 48.46 49.07 49.85 50.67 51.34 51.68 51.57 50.95 49.82 48.37 46.84 45.45 44.32 43.47 42.88 42.48 42.23 42.18 42.41 42.94 43.73 44.65 45.62 46.56 47.52 48.52 49.57 50.59 51.45 52.13 52.72 53.42 54.50 57.00 
97.00 60.86 52.54 50.24 49.33 48.74 48.35 48.28 48.57 49.21 50.04 50.95 51.79 52.31 52.30 51.72 50.73 49.57 48.54 47.79 47.35 47.31 47.68 48.19 48.60 48.71 48.73 48.84 49.07 49.38 49.74 50.20 50.82 51.43 51.78 51.66 51.07 50.24 49.33 48.36 47.36 46.32 45.33 44.48 44.05 44.15 44.60 45.20 45.85 46.47 46.97 47.26 47.40 47.45 47.37 47.26 47.33 47.61 47.88 47.99 47.87 47.57 47.26 47.07 47.20 47.63 48.05 48.24 48.32 48.64 49.33 50.26 51.15 51.78 51.92 51.50 50.67 49.77 49.21 48.99 48.96 48.90 48.77 48.48 48.02 47.36 46.77 46.44 46.57 47.34 48.74 50.40 51.96 53.10 53.71 53.84 53.64 53.17 52.50 51.78 51.10 50.39 49.69 49.05 48.39 47.77 47.43 47.64 48.38 49.41 50.48 51.42 52.19 52.69 52.96 53.03 53.04 53.18 53.49 53.90 54.31 54.65 54.98 55.31 55.61 55.67 55.21 54.18 52.80 51.48 50.45 49.71 49.26 49.20 49.60 50.38 51.32 52.02 52.14 51.67 50.93 50.22 49.76 49.72 50.06 50.59 51.22 51.70 51.80 51.49 50.94 50.31 49.49 48.57 47.80 47.33 47.20 47.34 47.58 47.85 48.09 48.22 48.30 48.44 48.65 48.96 49.40 50.08 50.89 51.70 52.32 52.66 52.71 52.32 51.32 49.82 48.07 46.39 44.99 43.90 43.22 42.84 42.68 42.82 43.32 44.11 45.02 45.84 46.51 47.06 47.66 48.51 49.63 50.99 52.35 53.68 55.44 58.84 66.83 88.00 
31.00 47.66 49.26 49.47 49.62 49.52 49.44 49.54 49.86 50.33 50.67 51.09 51.65 52.07 51.83 50.91 49.51 48.11 47.22 46.78 46.49 46.39 46.79 47.16 47.35 47.02 46.97 47.52 48.35 49.06 49.46 49.74 50.40 51.33 52.12 52.26 51.74 51.05 50.39 49.55 48.49 47.19 45.86 44.40 43.57 43.56 43.81 44.08 44.41 44.97 45.55 45.89 46.11 46.38 46.27 45.98 46.13 46.86 47.59 48.10 48.30 48.13 47.97 47.75 48.02 48.88 49.45 49.22 48.53 48.40 49.13 50.47 51.73 52.82 53.26 52.94 51.91 50.69 50.20 50.11 50.13 49.88 49.53 49.08 48.49 47.52 46.79 46.46 46.66 47.71 49.67 51.71 53.39 54.29 54.49 54.21 53.89 53.45 52.80 52.17 51.73 51.16 50.57 50.13 49.37 48.25 47.24 47.13 47.89 49.06 50.32 51.43 52.50 53.16 53.53 53.44 53.29 53.52 54.26 55.30 56.24 56.76 56.97 57.00 57.03 56.90 55.92 53.99 51.50 49.40 48.01 47.12 46.57 46.61 47.37 48.80 50.63 52.08 52.42 51.62 50.49 49.46 48.67 48.62 49.10 49.75 50.82 51.78 52.02 51.52 50.75 50.17 49.18 47.90 46.96 46.65 46.84 47.46 48.02 48.57 49.03 49.24 49.27 49.54 49.84 50.17 50.53 51.23 51.96 52.67 53.00 53.16 53.54 53.72 53.09 51.63 49.61 47.52 45.78 44.27 43.49 43.15 43.07 43.42 44.43 45.68 46.83 47.38 47.46 47.20 47.18 47.85 49.21 51.28 53.35 54.98 56.77 59.90 66.13 77.00 
68.00 49.41 47.27 48.78 50.41 50.79 51.10 51.49 51.81 52.14 51.37 50.77 51.04 51.69 51.16 49.74 47.54 45.52 45.07 45.55 45.54 45.18 46.05 46.19 46.29 44.61 44.15 45.62 47.61 49.09 49.42 49.06 49.86 51.46 53.16 53.57 52.72 52.06 51.99 51.36 50.25 48.42 46.77 43.89 42.34 42.67 42.72 42.37 42.02 42.64 43.61 44.01 44.32 45.37 45.13 44.02 44.03 45.70 46.97 47.97 48.69 48.52 48.87 48.37 48.88 51.21 52.47 51.37 48.70 47.64 48.41 50.72 52.39 54.49 55.61 55.67 54.25 51.97 51.89 52.05 52.19 51.26 50.44 49.71 49.14 47.24 46.33 46.07 46.34 47.90 51.48 54.44 56.56 57.02 56.45 55.27 54.94 54.62 53.74 52.94 52.86 52.15 51.37 51.55 50.75 48.65 46.14 45.67 46.74 48.29 49.95 51.20 53.12 54.03 54.86 54.37 53.70 53.99 55.50 57.67 59.58 60.22 60.07 59.36 58.91 58.96 57.31 53.96 49.30 46.09 44.59 43.75 42.92 42.94 44.10 46.40 49.89 52.89 53.61 51.88 50.12 48.76 47.21 47.27 48.15 48.54 50.49 52.52 53.05 51.98 50.66 50.78 49.53 47.23 45.85 45.86 46.50 48.17 49.02 49.91 50.77 50.96 50.53 51.11 51.50 51.86 51.80 52.72 53.22 53.87 53.42 52.82 53.99 55.57 55.66 54.35 51.80 49.00 47.01 44.42 43.62 43.36 43.14 43.49 45.51 47.59 49.40 49.33 48.45 46.60 45.46 45.99 47.75 51.46 54.90 56.42 57.11 58.17 61.00 77.00 
3.00 34.60 41.48 47.95 52.61 52.60 53.34 54.26 54.40 55.45 51.90 49.23 49.41 51.67 50.57 48.54 44.65 40.80 41.59 44.65 44.99 42.88 46.14 45.18 46.75 40.58 38.99 42.85 47.23 50.28 50.25 47.51 48.85 51.83 55.84 56.48 53.88 52.93 54.64 54.16 53.16 49.73 49.03 42.04 39.14 41.79 41.62 40.02 37.88 39.12 41.48 41.63 41.39 45.38 44.64 40.71 39.92 44.41 45.96 47.42 49.35 48.01 50.54 48.22 48.39 55.23 58.55 55.69 47.72 45.32 46.23 51.55 52.61 57.28 59.44 60.65 58.54 52.28 54.56 55.01 56.01 52.92 51.41 50.16 50.98 45.76 45.06 45.17 45.01 46.70 54.79 59.05 62.44 61.79 59.95 56.36 56.88 57.23 55.43 53.61 54.98 53.34 51.14 53.84 53.29 49.36 42.88 42.45 44.83 47.02 49.59 50.02 54.68 55.20 57.92 56.10 53.89 54.10 57.03 61.38 65.35 65.64 64.78 62.25 60.75 62.83 60.26 54.90 45.21 40.56 40.01 39.90 37.96 37.63 39.15 42.24 49.13 55.59 57.04 52.20 49.61 48.68 44.61 45.51 47.98 45.91 50.10 54.79 55.74 52.90 49.43 53.12 51.29 45.97 43.66 44.81 45.52 50.17 50.50 51.79 53.71 53.78 51.27 53.34 53.69 54.47 52.60 55.03 54.57 56.17 53.77 50.34 53.67 58.78 59.82 58.81 55.00 50.51 49.58 43.33 43.56 43.64 42.64 41.86 46.54 49.81 53.82 51.89 50.02 44.72 41.45 42.41 44.01 51.82 58.49 58.98 57.45 55.03 42.88 1.00 
39.00 44.41 35.97 48.89 59.61 53.97 55.85 58.34 56.53 63.60 51.52 44.52 45.15 54.35 50.22 48.56 41.12 30.93 35.51 46.29 46.90 35.31 50.51 41.62 54.78 31.64 28.02 39.27 48.04 54.57 53.98 42.22 46.60 51.61 62.31 63.08 53.82 51.60 59.96 57.92 58.85 48.53 57.64 35.98 30.17 43.42 41.49 37.64 29.68 33.79 40.95 39.19 33.91 49.89 47.17 34.05 30.18 45.57 44.41 45.73 52.67 43.21 56.89 45.66 41.53 63.21 71.27 65.56 41.50 39.85 39.67 56.62 49.24 62.76 64.66 69.70 67.96 45.17 60.10 58.29 64.58 53.39 52.31 48.55 58.80 39.61 42.82 44.51 41.99 39.52 62.58 65.35 73.23 68.65 66.07 54.19 59.85 62.86 57.87 51.64 60.40 55.15 45.90 59.22 59.02 52.48 33.42 36.20 42.81 45.02 51.05 44.39 60.36 54.35 65.95 58.77 52.38 52.26 58.05 66.42 75.85 73.24 72.08 64.84 59.46 71.53 65.93 59.92 35.71 30.52 34.55 37.41 30.91 29.98 32.06 33.73 48.27 62.92 66.60 50.37 47.74 52.17 37.52 42.61 52.65 37.18 49.27 60.83 62.28 54.60 41.29 61.27 56.84 41.98 38.24 44.46 40.91 56.82 51.39 53.46 58.88 59.57 47.83 57.70 55.83 60.15 49.53 60.62 54.15 62.57 55.07 40.97 51.44 66.12 66.33 66.59 59.59 49.20 58.17 36.29 43.95 45.10 41.87 34.67 48.88 51.21 64.07 54.20 54.69 40.34 32.71 37.79 33.80 53.26 68.37 63.80 58.99 61.88 54.67 33.00 
14.00 68.00 9.00 52.00 83.00 48.00 58.00 67.00 50.00 91.00 46.00 32.00 32.00 70.00 47.00 54.00 40.00 6.00 23.00 58.00 61.00 1.00 79.00 16.00 99.00 3.00 2.00 38.00 51.00 66.00 69.00 21.00 44.00 46.00 79.00 80.00 47.00 40.00 76.00 59.00 76.00 28.00 97.00 14.00 2.00 60.00 43.00 39.00 9.00 25.00 49.00 40.00 5.00 73.00 60.00 18.00 1.00 63.00 40.00 38.00 72.00 15.00 88.00 36.00 9.00 85.00 98.00 94.00 13.00 33.00 16.00 86.00 25.00 80.00 67.00 86.00 99.00 1.00 83.00 54.00 91.00 44.00 56.00 33.00 96.00 11.00 42.00 48.00 39.00 7.00 91.00 67.00 97.00 74.00 82.00 35.00 66.00 77.00 62.00 35.00 80.00 61.00 18.00 78.00 71.00 68.00 2.00 26.00 45.00 39.00 65.00 16.00 88.00 36.00 93.00 61.00 45.00 45.00 57.00 71.00 99.00 80.00 86.00 66.00 41.00 98.00 72.00 83.00 7.00 11.00 30.00 44.00 18.00 19.00 25.00 12.00 47.00 81.00 96.00 35.00 39.00 75.00 11.00 35.00 83.00 1.00 49.00 77.00 78.00 62.00 0.00 94.00 73.00 27.00 23.00 54.00 17.00 85.00 45.00 52.00 69.00 78.00 23.00 74.00 52.00 81.00 25.00 84.00 39.00 85.00 63.00 7.00 45.00 88.00 73.00 82.00 68.00 29.00 98.00 0.00 51.00 51.00 45.00 6.00 63.00 42.00 97.00 46.00 74.00 29.00 11.00 42.00 0.00 59.00 98.00 69.00 53.00 79.00 81.00 0.00 

--- Lane 2 ---
77.00 35.00 49.00 27.00 63.00 26.00 11.00 29.00 62.00 35.00 22.00 67.00 11.00 73.00 84.00 24.00 13.00 80.00 62.00 81.00 84.00 5.00 13.00 95.00 14.00 64.00 87.00 78.00 3.00 99.00 76.00 12.00 94.00 70.00 67.00 2.00 52.00 80.00 65.00 19.00 31.00 71.00 9.00 56.00 86.00 83.00 28.00 29.00 70.00 15.00 96.00 45.00 21.00 88.00 41.00 0.00 24.00 56.00 27.00 36.00 37.00 7.00 58.00 37.00 18.00 11.00 76.00 63.00 6.00 18.00 69.00 96.00 70.00 99.00 44.00 39.00 69.00 64.00 55.00 11.00 99.00 68.00 11.00 1.00 78.00 36.00 22.00 16.00 24.00 24.00 52.00 50.00 73.00 30.00 60.00 81.00 59.00 68.00 26.00 40.00 76.00 7.00 79.00 12.00 59.00 10.00 6.00 72.00 19.00 4.00 40.00 28.00 84.00 24.00 96.00 84.00 72.00 85.00 40.00 13.00 24.00 81.00 32.00 4.00 73.00 55.00 79.00 5.00 4.00 54.00 44.00 6.00 42.00 89.00 58.00 8.00 3.00 48.00 67.00 29.00 88.00 90.00 63.00 92.00 52.00 88.00 36.00 21.00 28.00 48.00 94.00 43.00 28.00 81.00 59.00 34.00 15.00 29.00 85.00 35.00 38.00 89.00 92.00 44.00 82.00 69.00 61.00 17.00 81.00 25.00 77.00 26.00 14.00 58.00 0.00 94.00 78.00 90.00 51.00 93.00 12.00 55.00 12.00 69.00 55.00 33.00 38.00 84.00 6.00 37.00 17.00 83.00 73.00 83.00 57.00 29.00 18.00 88.00 57.00 58.00 
17.00 31.91 40.02 38.89 45.83 36.52 31.54 37.47 46.48 41.13 38.74 47.99 40.09 55.45 58.36 42.59 40.44 58.53 60.28 64.64 60.18 37.81 38.76 57.43 44.65 57.01 65.46 61.07 45.41 65.51 61.28 47.85 64.99 61.39 54.82 38.58 49.89 59.01 53.65 40.12 41.72 50.02 39.69 52.85 64.15 61.94 45.72 43.39 51.36 43.48 59.92 49.15 43.10 55.48 42.41 29.01 33.99 42.50 37.27 37.80 36.63 31.29 42.27 38.15 32.49 34.10 51.48 49.01 34.62 39.46 58.46 70.85 68.42 71.15 55.80 51.60 57.76 56.36 51.02 42.77 61.39 52.79 33.97 30.66 47.86 39.40 32.37 29.48 32.11 36.15 46.56 51.08 56.91 49.71 57.92 64.72 60.07 57.70 46.02 47.81 53.66 39.56 50.54 36.58 41.37 29.09 28.38 42.55 31.13 26.78 36.64 40.84 55.82 49.63 67.90 69.00 65.33 62.86 46.54 35.34 38.62 51.63 40.53 34.71 51.64 51.74 52.28 31.65 28.91 41.19 40.08 33.00 44.49 57.68 48.26 31.53 29.56 43.90 52.90 50.56 67.33 71.46 66.45 69.98 60.49 62.51 46.47 38.41 40.82 50.55 62.77 51.66 47.80 59.22 53.45 43.07 36.56 42.52 57.00 48.80 51.93 67.37 69.75 59.24 65.17 61.17 54.51 43.61 54.61 44.56 51.86 38.95 34.74 44.07 38.70 63.91 67.57 69.30 59.89 62.49 42.26 46.01 39.21 52.24 50.64 44.88 46.70 54.40 36.57 40.18 41.37 60.50 63.57 64.31 54.52 44.31 44.52 64.98 68.88 90.00 
38.00 35.45 39.96 42.31 44.50 42.28 40.81 42.62 45.16 44.22 43.88 46.19 46.03 50.47 51.52 47.72 47.83 53.59 56.16 57.31 54.44 47.43 46.93 51.45 50.38 54.19 57.11 55.77 52.39 56.67 56.04 53.33 56.89 55.92 52.47 47.74 50.10 52.61 50.60 46.24 45.92 47.85 47.04 51.66 55.79 54.81 49.45 47.42 48.55 47.63 51.05 48.59 46.70 48.24 43.88 39.29 40.00 42.26 41.37 40.97 40.16 39.10 41.49 40.74 39.60 41.35 46.71 46.91 44.08 46.97 54.81 60.89 62.02 61.70 56.68 54.04 54.33 53.00 50.31 48.07 51.36 48.05 41.53 39.76 43.27 41.19 38.38 37.25 38.65 41.81 46.89 50.72 53.71 53.80 56.96 59.51 58.41 56.22 52.04 51.06 50.90 46.76 46.87 42.33 40.81 36.63 35.90 38.72 36.25 35.50 39.22 43.30 49.31 51.36 57.55 59.32 57.96 54.90 48.13 43.19 43.39 46.16 43.62 42.57 47.05 47.97 46.59 40.22 38.55 41.52 41.94 41.32 45.29 49.04 45.96 40.44 39.93 45.25 50.27 53.15 59.47 62.29 61.62 61.26 57.73 55.32 49.15 45.47 46.40 50.66 54.86 53.04 52.24 54.49 52.29 48.02 45.44 47.37 51.62 51.28 53.61 58.94 60.53 58.24 58.47 56.23 52.48 48.54 49.49 46.97 47.09 43.31 42.02 44.91 46.96 55.58 59.33 60.06 57.10 55.06 48.70 47.63 46.56 49.97 50.24 48.91 49.21 49.95 45.30 45.45 47.54 53.94 56.47 56.30 52.69 49.50 51.11 58.76 63.67 71.00 
0.00 31.63 41.51 45.19 46.79 46.57 46.16 46.53 47.01 46.62 46.41 47.02 47.56 49.13 49.77 49.22 49.88 52.20 53.82 54.34 53.11 50.75 50.21 51.27 51.51 52.72 53.60 53.17 52.38 53.33 53.37 52.93 53.67 53.19 51.66 50.03 50.35 50.87 50.04 48.50 48.11 48.67 49.19 51.03 52.49 51.91 49.68 48.17 47.78 47.49 48.11 47.45 46.78 46.65 45.13 43.62 43.70 44.39 44.28 43.98 43.51 43.16 43.64 43.59 43.66 44.86 47.00 47.82 47.93 49.84 53.43 56.51 57.70 57.46 55.56 53.91 52.92 51.53 49.81 48.53 48.50 46.91 44.48 43.52 44.03 43.36 42.36 42.11 43.13 45.28 48.25 50.98 53.14 54.43 56.13 57.32 57.08 55.89 54.00 52.70 51.44 49.22 47.56 44.96 42.91 40.75 39.91 40.24 39.75 39.99 41.87 44.47 47.59 49.89 52.59 53.71 53.12 51.25 48.24 45.91 45.39 45.72 44.99 44.76 45.98 46.41 45.71 43.76 43.12 43.97 44.47 44.85 46.27 47.33 46.26 44.52 44.63 47.04 49.94 52.49 55.42 56.99 56.96 56.22 54.36 52.35 49.68 48.19 48.78 50.91 52.97 53.31 53.46 53.87 52.80 50.82 49.41 49.60 50.72 51.18 52.48 54.57 55.52 55.09 54.60 53.17 51.05 49.02 48.25 47.12 46.52 45.38 45.25 46.72 48.82 52.40 54.55 55.00 53.87 52.37 50.08 49.30 49.32 50.54 51.02 50.80 50.65 50.23 48.58 48.19 49.03 51.10 52.18 52.04 50.93 50.45 52.20 55.74 56.31 44.00 
55.00 49.22 48.60 49.29 49.96 50.06 49.86 49.64 49.29 48.68 48.20 48.14 48.39 49.06 49.59 49.91 50.65 51.92 52.98 53.45 53.12 52.32 51.95 52.02 51.97 52.10 52.10 51.77 51.47 51.69 51.82 51.86 52.07 51.84 51.20 50.58 50.52 50.57 50.23 49.68 49.49 49.71 50.12 50.79 51.09 50.44 49.04 47.76 46.99 46.59 46.58 46.40 46.25 46.21 45.90 45.69 45.97 46.43 46.60 46.52 46.29 46.09 46.13 46.20 46.50 47.32 48.50 49.38 50.10 51.37 53.15 54.71 55.49 55.44 54.58 53.48 52.32 50.97 49.57 48.48 47.85 47.01 46.07 45.62 45.63 45.39 45.11 45.24 46.07 47.58 49.52 51.43 53.02 54.20 55.23 55.89 55.90 55.35 54.40 53.38 52.17 50.54 48.82 46.86 45.08 43.58 42.78 42.62 42.61 43.06 44.20 45.76 47.50 48.99 50.29 50.85 50.53 49.51 48.09 46.91 46.35 46.10 45.66 45.46 45.77 46.01 45.95 45.63 45.70 46.21 46.66 47.02 47.52 47.77 47.36 46.85 47.13 48.39 50.03 51.61 53.01 53.71 53.61 52.95 51.84 50.65 49.55 49.17 49.85 51.27 52.73 53.59 54.08 54.22 53.59 52.39 51.24 50.61 50.45 50.46 50.97 51.86 52.46 52.50 52.18 51.31 50.04 48.78 47.93 47.26 46.90 46.69 47.00 47.98 49.31 50.90 51.88 52.04 51.54 50.84 50.16 50.11 50.58 51.39 51.89 51.91 51.61 50.95 49.87 49.13 48.94 49.23 49.38 49.30 49.24 49.98 52.26 56.30 62.14 72.00 
96.00 61.30 53.73 52.51 52.63 52.73 52.53 52.04 51.29 50.40 49.64 49.23 49.22 49.55 50.03 50.57 51.31 52.22 53.04 53.54 53.63 53.41 53.13 52.84 52.46 52.07 51.65 51.23 50.97 50.97 51.08 51.19 51.29 51.19 50.92 50.65 50.59 50.60 50.53 50.41 50.40 50.53 50.68 50.74 50.41 49.51 48.21 46.96 46.07 45.60 45.48 45.51 45.65 45.92 46.25 46.70 47.35 48.00 48.44 48.63 48.61 48.51 48.45 48.50 48.77 49.38 50.22 51.03 51.78 52.63 53.55 54.32 54.73 54.68 54.17 53.31 52.20 50.92 49.65 48.63 47.97 47.49 47.15 47.02 47.02 46.96 46.94 47.19 47.87 48.98 50.36 51.70 52.81 53.62 54.20 54.56 54.64 54.46 54.04 53.42 52.54 51.34 49.92 48.36 46.90 45.73 45.04 44.86 45.01 45.50 46.30 47.26 48.22 49.02 49.58 49.76 49.50 48.90 48.14 47.45 46.95 46.52 46.08 45.81 45.85 46.10 46.44 46.83 47.34 47.92 48.36 48.62 48.77 48.74 48.51 48.34 48.56 49.23 50.09 50.90 51.48 51.65 51.39 50.85 50.17 49.59 49.29 49.51 50.35 51.61 52.90 53.89 54.49 54.61 54.13 53.14 51.95 50.88 50.10 49.69 49.74 50.17 50.65 50.90 50.84 50.36 49.56 48.70 48.03 47.62 47.53 47.70 48.15 48.82 49.52 50.09 50.30 50.13 49.80 49.59 49.68 50.21 51.04 51.91 52.46 52.53 52.13 51.31 50.19 49.10 48.25 47.72 47.39 47.31 47.70 48.94 51.46 55.77 64.35 92.00 
14.00 45.91 51.90 53.48 54.21 54.51 54.34 53.73 52.79 51.73 50.81 50.24 50.10 50.34 50.81 51.41 52.12 52.88 53.58 54.09 54.33 54.30 54.05 53.63 53.06 52.44 51.85 51.36 51.06 50.96 50.97 51.02 51.01 50.90 50.70 50.53 50.49 50.55 50.64 50.76 50.91 51.03 51.02 50.72 49.99 48.83 47.43 46.15 45.23 44.76 44.67 44.82 45.16 45.68 46.38 47.26 48.27 49.22 49.97 50.42 50.60 50.58 50.50 50.49 50.70 51.18 51.87 52.61 53.28 53.86 54.34 54.67 54.80 54.66 54.21 53.44 52.38 51.13 49.91 48.93 48.31 48.00 47.90 47.92 47.96 47.96 48.00 48.22 48.77 49.62 50.65 51.62 52.36 52.82 53.08 53.23 53.33 53.37 53.32 53.09 52.59 51.78 50.71 49.49 48.30 47.36 46.82 46.72 46.99 47.50 48.14 48.76 49.26 49.59 49.73 49.67 49.40 48.98 48.48 47.98 47.49 46.98 46.50 46.18 46.16 46.46 47.02 47.73 48.49 49.15 49.60 49.79 49.76 49.59 49.34 49.19 49.26 49.56 49.95 50.28 50.43 50.32 50.00 49.57 49.17 48.96 49.07 49.61 50.56 51.78 53.01 54.01 54.61 54.70 54.22 53.25 51.98 50.72 49.69 49.09 48.98 49.29 49.78 50.19 50.32 50.08 49.54 48.90 48.39 48.15 48.22 48.53 48.98 49.40 49.62 49.55 49.17 48.67 48.30 48.30 48.80 49.74 50.90 51.96 52.64 52.76 52.31 51.35 50.07 48.70 47.47 46.54 45.98 45.90 46.43 47.77 49.90 51.75 47.91 13.00 
77.00 56.17 53.90 54.45 55.17 55.54 55.41 54.78 53.78 52.67 51.72 51.14 51.01 51.26 51.76 52.38 53.05 53.73 54.34 54.80 55.06 55.06 54.82 54.35 53.74 53.07 52.45 51.96 51.62 51.43 51.31 51.19 51.01 50.76 50.48 50.26 50.20 50.29 50.50 50.77 51.04 51.20 51.11 50.61 49.66 48.32 46.84 45.54 44.64 44.22 44.19 44.44 44.91 45.60 46.55 47.73 49.04 50.29 51.30 51.96 52.27 52.29 52.19 52.14 52.28 52.69 53.30 53.98 54.58 55.00 55.24 55.31 55.23 54.98 54.50 53.73 52.67 51.43 50.21 49.23 48.62 48.36 48.34 48.42 48.45 48.42 48.40 48.53 48.92 49.57 50.37 51.10 51.61 51.86 51.94 51.99 52.11 52.32 52.53 52.61 52.45 51.98 51.21 50.26 49.31 48.55 48.16 48.17 48.53 49.06 49.60 50.00 50.22 50.25 50.15 49.96 49.70 49.37 49.00 48.57 48.08 47.55 47.06 46.73 46.71 47.04 47.68 48.51 49.34 50.02 50.43 50.52 50.36 50.04 49.69 49.44 49.35 49.42 49.55 49.65 49.62 49.45 49.18 48.88 48.67 48.65 48.92 49.55 50.50 51.66 52.81 53.75 54.30 54.34 53.84 52.86 51.60 50.34 49.32 48.74 48.68 49.03 49.59 50.10 50.34 50.22 49.79 49.26 48.84 48.68 48.82 49.17 49.55 49.75 49.59 49.04 48.21 47.37 46.85 46.91 47.62 48.85 50.31 51.64 52.51 52.74 52.30 51.27 49.86 48.32 46.90 45.80 45.14 45.03 45.59 47.04 49.70 54.26 63.00 86.00 
26.00 47.60 52.59 54.49 55.53 56.00 55.92 55.32 54.36 53.30 52.42 51.92 51.87 52.19 52.74 53.38 54.02 54.61 55.12 55.50 55.70 55.68 55.44 54.99 54.42 53.81 53.25 52.79 52.43 52.14 51.85 51.52 51.11 50.64 50.20 49.88 49.76 49.86 50.15 50.53 50.89 51.09 50.98 50.41 49.37 47.98 46.52 45.27 44.46 44.11 44.15 44.46 45.01 45.82 46.93 48.32 49.84 51.28 52.44 53.19 53.53 53.54 53.40 53.30 53.42 53.80 54.38 55.03 55.56 55.88 55.97 55.89 55.68 55.35 54.82 54.03 52.96 51.71 50.47 49.47 48.83 48.56 48.53 48.58 48.57 48.45 48.29 48.26 48.47 48.95 49.58 50.19 50.62 50.81 50.86 50.93 51.12 51.47 51.87 52.18 52.26 52.03 51.50 50.77 50.00 49.40 49.14 49.25 49.66 50.18 50.62 50.85 50.84 50.68 50.45 50.22 50.00 49.77 49.50 49.15 48.72 48.24 47.79 47.51 47.51 47.83 48.45 49.24 50.02 50.61 50.89 50.84 50.52 50.04 49.56 49.19 48.98 48.92 48.95 48.99 48.97 48.89 48.76 48.61 48.52 48.55 48.81 49.35 50.17 51.16 52.18 53.02 53.51 53.52 53.03 52.11 50.98 49.87 49.04 48.64 48.71 49.15 49.76 50.30 50.56 50.46 50.06 49.57 49.18 49.05 49.21 49.53 49.81 49.82 49.39 48.49 47.32 46.19 45.51 45.54 46.35 47.80 49.51 51.10 52.21 52.62 52.26 51.25 49.79 48.18 46.70 45.55 44.85 44.67 45.08 46.26 48.63 53.38 64.27 94.00 
73.00 55.45 53.94 54.79 55.67 56.14 56.10 55.57 54.70 53.74 52.96 52.58 52.63 53.04 53.64 54.29 54.89 55.40 55.80 56.07 56.18 56.11 55.86 55.47 54.98 54.48 54.01 53.59 53.21 52.82 52.36 51.80 51.14 50.46 49.86 49.44 49.28 49.40 49.73 50.16 50.57 50.80 50.70 50.14 49.14 47.84 46.50 45.40 44.71 44.46 44.57 44.92 45.52 46.40 47.61 49.10 50.69 52.17 53.31 54.01 54.26 54.19 53.99 53.88 54.01 54.41 55.00 55.63 56.12 56.38 56.39 56.22 55.95 55.58 55.04 54.25 53.18 51.93 50.68 49.64 48.96 48.64 48.57 48.56 48.45 48.19 47.86 47.62 47.62 47.92 48.43 48.99 49.45 49.74 49.91 50.11 50.44 50.92 51.45 51.90 52.13 52.06 51.68 51.11 50.49 50.03 49.86 50.04 50.45 50.90 51.21 51.25 51.06 50.74 50.43 50.20 50.06 49.95 49.82 49.60 49.31 48.96 48.65 48.46 48.48 48.77 49.29 49.95 50.56 50.97 51.07 50.83 50.32 49.70 49.09 48.62 48.34 48.25 48.28 48.38 48.50 48.61 48.68 48.69 48.65 48.63 48.72 49.02 49.58 50.34 51.17 51.90 52.33 52.35 51.93 51.16 50.25 49.40 48.84 48.66 48.88 49.38 49.98 50.46 50.66 50.52 50.12 49.63 49.26 49.12 49.25 49.52 49.71 49.59 48.99 47.90 46.52 45.23 44.42 44.40 45.26 46.82 48.73 50.54 51.88 52.48 52.27 51.34 49.93 48.35 46.89 45.76 45.04 44.71 44.78 45.24 46.07 47.03 47.08 43.00 
23.00 47.08 52.58 54.55 55.60 56.11 56.13 55.69 54.92 54.07 53.40 53.11 53.23 53.70 54.35 55.01 55.58 56.00 56.28 56.40 56.38 56.24 55.98 55.64 55.25 54.87 54.51 54.16 53.77 53.29 52.67 51.91 51.05 50.20 49.48 49.01 48.85 48.99 49.36 49.82 50.24 50.47 50.38 49.88 49.00 47.88 46.76 45.88 45.37 45.23 45.40 45.80 46.42 47.33 48.56 50.02 51.54 52.87 53.82 54.30 54.36 54.16 53.92 53.83 54.02 54.49 55.14 55.79 56.27 56.48 56.45 56.25 55.96 55.58 55.06 54.31 53.28 52.06 50.82 49.78 49.06 48.70 48.57 48.48 48.25 47.83 47.30 46.83 46.60 46.71 47.12 47.68 48.24 48.72 49.12 49.53 50.04 50.64 51.26 51.79 52.09 52.10 51.84 51.38 50.88 50.52 50.43 50.61 50.96 51.29 51.43 51.28 50.91 50.46 50.08 49.87 49.80 49.83 49.86 49.84 49.76 49.64 49.52 49.46 49.52 49.75 50.13 50.59 50.99 51.19 51.07 50.63 49.95 49.18 48.47 47.95 47.65 47.58 47.68 47.92 48.25 48.60 48.90 49.06 49.03 48.86 48.67 48.63 48.84 49.31 49.94 50.55 50.96 51.02 50.72 50.15 49.50 48.96 48.67 48.70 49.01 49.50 50.00 50.35 50.44 50.24 49.83 49.35 48.98 48.82 48.90 49.10 49.23 49.05 48.40 47.28 45.89 44.57 43.73 43.69 44.55 46.14 48.13 50.08 51.59 52.38 52.33 51.54 50.24 48.76 47.39 46.31 45.56 45.07 44.76 44.49 43.97 42.07 34.27 0.00 
77.00 57.13 54.42 54.81 55.54 56.01 56.07 55.71 55.05 54.30 53.71 53.46 53.62 54.12 54.79 55.45 55.98 56.32 56.44 56.39 56.21 55.95 55.66 55.36 55.09 54.85 54.62 54.36 54.00 53.47 52.75 51.84 50.83 49.87 49.10 48.64 48.52 48.70 49.10 49.58 49.99 50.22 50.16 49.74 49.00 48.10 47.24 46.61 46.29 46.29 46.53 46.96 47.60 48.50 49.66 50.99 52.28 53.30 53.90 54.05 53.86 53.51 53.24 53.23 53.54 54.13 54.88 55.58 56.08 56.29 56.24 56.03 55.72 55.35 54.85 54.15 53.19 52.04 50.86 49.85 49.15 48.77 48.60 48.44 48.10 47.54 46.81 46.12 45.68 45.60 45.90 46.47 47.15 47.83 48.48 49.14 49.82 50.54 51.22 51.77 52.10 52.18 52.00 51.65 51.25 50.96 50.87 51.00 51.23 51.40 51.34 51.01 50.49 49.93 49.50 49.29 49.29 49.44 49.65 49.86 50.04 50.18 50.28 50.37 50.47 50.64 50.87 51.14 51.33 51.32 51.01 50.39 49.56 48.69 47.91 47.36 47.06 47.03 47.23 47.63 48.19 48.81 49.34 49.62 49.55 49.18 48.66 48.23 48.07 48.25 48.68 49.20 49.59 49.71 49.55 49.20 48.81 48.53 48.48 48.65 48.99 49.40 49.74 49.92 49.88 49.61 49.20 48.74 48.37 48.17 48.18 48.30 48.38 48.21 47.65 46.67 45.43 44.25 43.50 43.47 44.29 45.84 47.80 49.78 51.37 52.29 52.40 51.77 50.65 49.32 48.07 47.05 46.26 45.61 45.01 44.33 43.57 43.30 48.09 84.00 
38.00 49.86 52.86 54.30 55.22 55.73 55.84 55.56 55.00 54.34 53.81 53.60 53.77 54.27 54.93 55.58 56.06 56.28 56.23 55.98 55.60 55.20 54.85 54.59 54.43 54.35 54.29 54.17 53.90 53.40 52.62 51.63 50.54 49.53 48.75 48.33 48.27 48.53 48.98 49.48 49.91 50.16 50.13 49.79 49.20 48.51 47.89 47.48 47.36 47.48 47.79 48.26 48.90 49.74 50.77 51.86 52.82 53.43 53.59 53.36 52.90 52.43 52.17 52.27 52.74 53.49 54.36 55.15 55.70 55.94 55.89 55.65 55.32 54.92 54.41 53.73 52.83 51.77 50.70 49.78 49.14 48.81 48.65 48.46 48.08 47.42 46.55 45.69 45.06 44.82 45.01 45.56 46.32 47.16 48.02 48.86 49.69 50.48 51.18 51.73 52.09 52.23 52.15 51.91 51.60 51.33 51.20 51.20 51.26 51.23 50.99 50.51 49.88 49.26 48.81 48.61 48.68 48.94 49.32 49.75 50.17 50.54 50.85 51.07 51.21 51.32 51.44 51.56 51.60 51.44 51.00 50.26 49.32 48.36 47.52 46.93 46.63 46.62 46.90 47.45 48.23 49.09 49.82 50.20 50.08 49.50 48.66 47.87 47.37 47.29 47.55 47.98 48.37 48.56 48.52 48.35 48.17 48.12 48.23 48.49 48.80 49.08 49.24 49.24 49.07 48.76 48.35 47.91 47.52 47.27 47.17 47.21 47.26 47.17 46.78 46.07 45.14 44.23 43.66 43.69 44.46 45.88 47.72 49.61 51.19 52.18 52.43 51.99 51.07 49.93 48.81 47.84 47.01 46.23 45.40 44.38 42.83 39.63 30.89 1.00 
55.00 51.29 52.53 53.86 54.75 55.23 55.33 55.10 54.63 54.08 53.65 53.49 53.69 54.18 54.82 55.42 55.81 55.90 55.67 55.20 54.62 54.06 53.64 53.41 53.37 53.47 53.62 53.70 53.58 53.15 52.39 51.36 50.23 49.20 48.44 48.07 48.10 48.44 48.97 49.54 50.03 50.33 50.37 50.12 49.65 49.11 48.66 48.42 48.43 48.65 49.02 49.52 50.14 50.91 51.76 52.56 53.13 53.29 53.02 52.42 51.73 51.18 50.97 51.20 51.84 52.76 53.77 54.66 55.29 55.56 55.51 55.23 54.83 54.35 53.78 53.07 52.20 51.23 50.27 49.49 48.97 48.73 48.65 48.52 48.16 47.49 46.57 45.62 44.87 44.51 44.61 45.11 45.87 46.78 47.73 48.68 49.57 50.37 51.05 51.59 51.97 52.19 52.23 52.11 51.87 51.60 51.37 51.19 51.03 50.79 50.39 49.81 49.14 48.53 48.12 47.99 48.15 48.52 49.04 49.63 50.22 50.76 51.19 51.48 51.63 51.71 51.77 51.82 51.80 51.59 51.10 50.30 49.29 48.24 47.32 46.65 46.30 46.27 46.59 47.25 48.19 49.24 50.13 50.58 50.42 49.67 48.58 47.51 46.76 46.48 46.62 46.98 47.35 47.58 47.64 47.61 47.60 47.71 47.94 48.22 48.48 48.62 48.62 48.47 48.20 47.85 47.44 47.01 46.59 46.24 46.03 45.97 46.01 46.03 45.89 45.54 45.00 44.45 44.12 44.24 44.93 46.18 47.82 49.55 51.05 52.07 52.44 52.20 51.49 50.55 49.56 48.63 47.75 46.87 45.97 45.05 43.92 41.69 34.96 11.00 
33.00 47.62 51.86 53.46 54.19 54.50 54.51 54.29 53.91 53.51 53.22 53.19 53.44 53.94 54.54 55.06 55.34 55.27 54.85 54.18 53.42 52.73 52.24 52.04 52.11 52.39 52.76 53.06 53.12 52.81 52.10 51.07 49.92 48.89 48.17 47.87 47.99 48.44 49.07 49.75 50.35 50.75 50.87 50.70 50.32 49.87 49.52 49.37 49.45 49.71 50.10 50.60 51.18 51.85 52.51 53.02 53.22 52.99 52.35 51.47 50.61 50.02 49.87 50.23 51.03 52.10 53.24 54.23 54.92 55.23 55.17 54.83 54.33 53.73 53.05 52.28 51.40 50.48 49.63 48.98 48.60 48.50 48.55 48.53 48.28 47.70 46.84 45.91 45.13 44.72 44.74 45.16 45.87 46.74 47.67 48.60 49.45 50.19 50.81 51.30 51.71 52.01 52.19 52.20 52.04 51.73 51.35 50.96 50.55 50.08 49.53 48.91 48.29 47.79 47.53 47.55 47.85 48.35 48.97 49.64 50.29 50.87 51.31 51.59 51.73 51.79 51.85 51.92 51.94 51.77 51.31 50.50 49.45 48.30 47.26 46.47 45.99 45.89 46.19 46.90 47.94 49.11 50.11 50.61 50.43 49.59 48.37 47.14 46.25 45.85 45.89 46.19 46.53 46.78 46.90 46.97 47.09 47.32 47.62 47.92 48.12 48.15 48.02 47.75 47.42 47.05 46.65 46.20 45.72 45.26 44.91 44.76 44.80 44.95 45.09 45.11 44.99 44.82 44.75 44.96 45.57 46.63 48.02 49.54 50.94 51.97 52.47 52.43 51.94 51.18 50.31 49.40 48.46 47.51 46.66 46.15 46.44 48.59 56.46 88.00 
60.00 54.28 53.67 53.74 53.77 53.69 53.51 53.24 52.95 52.71 52.63 52.77 53.13 53.65 54.20 54.61 54.75 54.52 53.95 53.13 52.24 51.45 50.92 50.74 50.89 51.32 51.88 52.36 52.58 52.38 51.73 50.72 49.59 48.59 47.94 47.73 47.97 48.55 49.31 50.12 50.83 51.34 51.55 51.46 51.13 50.73 50.41 50.28 50.35 50.59 50.95 51.40 51.92 52.46 52.94 53.20 53.12 52.61 51.74 50.69 49.75 49.15 49.07 49.53 50.45 51.63 52.87 53.93 54.67 54.98 54.88 54.48 53.88 53.17 52.39 51.54 50.63 49.73 48.94 48.38 48.12 48.15 48.33 48.47 48.39 47.98 47.28 46.47 45.77 45.37 45.35 45.69 46.28 47.03 47.83 48.63 49.35 49.97 50.47 50.90 51.32 51.72 52.04 52.18 52.07 51.71 51.17 50.52 49.83 49.14 48.46 47.83 47.34 47.07 47.07 47.35 47.85 48.49 49.18 49.84 50.44 50.92 51.26 51.46 51.55 51.62 51.73 51.89 52.02 51.96 51.58 50.82 49.73 48.49 47.30 46.31 45.67 45.43 45.65 46.34 47.40 48.62 49.68 50.22 50.06 49.23 48.00 46.76 45.83 45.39 45.38 45.62 45.92 46.16 46.31 46.45 46.66 46.97 47.33 47.64 47.80 47.77 47.56 47.24 46.87 46.50 46.09 45.61 45.04 44.46 43.99 43.75 43.79 44.07 44.46 44.82 45.09 45.26 45.42 45.70 46.24 47.09 48.24 49.57 50.87 51.92 52.55 52.70 52.42 51.84 51.05 50.14 49.13 48.09 47.22 46.89 47.67 50.31 54.63 51.00 
57.00 55.88 54.91 54.12 53.49 52.97 52.54 52.19 51.95 51.89 52.02 52.36 52.84 53.39 53.87 54.16 54.14 53.78 53.10 52.21 51.26 50.43 49.88 49.70 49.89 50.40 51.06 51.66 51.97 51.85 51.24 50.29 49.22 48.30 47.76 47.70 48.09 48.81 49.70 50.62 51.42 51.99 52.25 52.20 51.92 51.55 51.23 51.07 51.10 51.26 51.53 51.88 52.27 52.67 52.99 53.07 52.82 52.18 51.23 50.16 49.23 48.68 48.66 49.19 50.18 51.43 52.71 53.79 54.51 54.79 54.64 54.18 53.51 52.75 51.92 51.04 50.11 49.21 48.44 47.90 47.69 47.78 48.06 48.35 48.45 48.26 47.79 47.18 46.63 46.31 46.30 46.56 47.01 47.58 48.18 48.77 49.30 49.73 50.09 50.46 50.89 51.38 51.83 52.08 52.01 51.59 50.86 49.95 48.98 48.04 47.24 46.64 46.34 46.36 46.72 47.33 48.10 48.89 49.60 50.19 50.62 50.90 51.06 51.13 51.17 51.27 51.47 51.76 52.04 52.13 51.87 51.17 50.08 48.75 47.40 46.22 45.37 44.95 45.03 45.63 46.65 47.85 48.91 49.49 49.39 48.66 47.54 46.41 45.58 45.17 45.14 45.34 45.59 45.78 45.92 46.08 46.33 46.68 47.08 47.41 47.57 47.52 47.29 46.97 46.63 46.27 45.86 45.33 44.68 43.98 43.39 43.06 43.09 43.45 44.02 44.65 45.20 45.63 45.97 46.30 46.76 47.44 48.39 49.56 50.78 51.88 52.65 52.99 52.90 52.46 51.74 50.81 49.73 48.59 47.60 47.13 47.82 51.08 61.17 95.00 
52.00 57.50 56.31 54.74 53.49 52.55 51.85 51.39 51.18 51.23 51.54 52.04 52.63 53.18 53.59 53.74 53.59 53.12 52.39 51.49 50.56 49.74 49.19 48.98 49.16 49.67 50.34 50.96 51.31 51.21 50.65 49.76 48.80 48.03 47.67 47.80 48.36 49.22 50.22 51.18 51.99 52.55 52.81 52.76 52.50 52.16 51.86 51.69 51.65 51.70 51.83 52.00 52.23 52.46 52.63 52.61 52.32 51.70 50.83 49.87 49.06 48.60 48.66 49.24 50.25 51.50 52.76 53.79 54.44 54.64 54.43 53.92 53.25 52.51 51.73 50.90 50.01 49.11 48.31 47.74 47.48 47.55 47.85 48.22 48.47 48.49 48.27 47.90 47.55 47.36 47.38 47.58 47.90 48.26 48.64 48.99 49.28 49.52 49.74 50.03 50.46 51.02 51.58 51.93 51.91 51.42 50.53 49.37 48.11 46.94 46.01 45.44 45.32 45.67 46.42 47.40 48.44 49.36 50.06 50.49 50.70 50.74 50.68 50.63 50.65 50.81 51.14 51.59 52.03 52.27 52.14 51.52 50.46 49.09 47.62 46.28 45.23 44.62 44.53 44.97 45.86 46.97 47.97 48.56 48.56 47.99 47.10 46.20 45.54 45.25 45.25 45.42 45.61 45.73 45.82 45.93 46.16 46.51 46.91 47.25 47.43 47.41 47.23 46.97 46.68 46.37 45.97 45.43 44.71 43.91 43.21 42.79 42.76 43.13 43.78 44.53 45.24 45.81 46.24 46.60 47.00 47.56 48.38 49.44 50.63 51.77 52.67 53.17 53.24 52.91 52.25 51.33 50.22 49.01 47.84 46.89 46.27 45.81 44.44 37.00 
98.00 66.09 58.56 55.63 53.84 52.55 51.63 51.04 50.80 50.90 51.29 51.88 52.51 53.05 53.36 53.38 53.12 52.59 51.85 51.00 50.13 49.35 48.80 48.55 48.67 49.10 49.71 50.28 50.60 50.50 49.98 49.19 48.39 47.83 47.69 48.03 48.76 49.73 50.76 51.70 52.43 52.89 53.06 52.97 52.73 52.45 52.21 52.06 51.97 51.90 51.83 51.79 51.80 51.85 51.89 51.84 51.59 51.13 50.47 49.76 49.16 48.87 49.01 49.62 50.61 51.79 52.95 53.86 54.38 54.47 54.19 53.67 53.05 52.42 51.79 51.11 50.33 49.47 48.64 47.98 47.60 47.56 47.80 48.16 48.50 48.68 48.67 48.54 48.39 48.33 48.39 48.55 48.75 48.93 49.09 49.22 49.30 49.35 49.43 49.65 50.08 50.69 51.34 51.78 51.80 51.29 50.28 48.91 47.40 45.99 44.92 44.35 44.39 45.02 46.10 47.40 48.66 49.66 50.29 50.54 50.50 50.29 50.06 49.93 49.98 50.27 50.77 51.39 51.99 52.37 52.35 51.84 50.85 49.51 48.02 46.60 45.42 44.64 44.35 44.59 45.27 46.19 47.06 47.62 47.71 47.36 46.76 46.16 45.77 45.65 45.74 45.91 46.04 46.09 46.08 46.09 46.22 46.49 46.84 47.16 47.37 47.42 47.34 47.18 46.99 46.76 46.42 45.89 45.16 44.30 43.51 42.98 42.84 43.12 43.70 44.42 45.12 45.71 46.16 46.51 46.88 47.39 48.14 49.14 50.32 51.50 52.49 53.11 53.29 53.05 52.46 51.60 50.54 49.38 48.19 46.96 45.36 42.21 34.25 15.00 
9.00 50.58 56.72 56.05 54.41 52.97 51.89 51.19 50.88 50.95 51.33 51.91 52.51 52.98 53.20 53.12 52.78 52.22 51.52 50.74 49.94 49.20 48.62 48.31 48.32 48.64 49.14 49.64 49.91 49.82 49.36 48.69 48.07 47.73 47.82 48.35 49.20 50.21 51.20 52.03 52.60 52.89 52.93 52.79 52.58 52.39 52.26 52.16 52.04 51.84 51.58 51.30 51.07 50.93 50.87 50.82 50.71 50.48 50.14 49.75 49.44 49.37 49.62 50.24 51.15 52.19 53.17 53.89 54.25 54.22 53.88 53.39 52.88 52.43 52.02 51.55 50.94 50.17 49.33 48.58 48.06 47.86 47.95 48.24 48.57 48.83 48.98 49.03 49.04 49.09 49.20 49.33 49.43 49.48 49.48 49.42 49.33 49.23 49.19 49.33 49.74 50.38 51.09 51.63 51.73 51.25 50.19 48.68 46.97 45.36 44.13 43.51 43.62 44.42 45.72 47.22 48.59 49.60 50.11 50.16 49.89 49.49 49.15 49.02 49.19 49.65 50.35 51.16 51.92 52.42 52.51 52.11 51.25 50.03 48.64 47.26 46.05 45.15 44.67 44.65 45.03 45.66 46.32 46.79 46.96 46.84 46.58 46.33 46.24 46.33 46.54 46.75 46.86 46.85 46.73 46.61 46.57 46.69 46.92 47.19 47.42 47.54 47.57 47.55 47.50 47.39 47.14 46.68 45.98 45.12 44.27 43.63 43.33 43.42 43.80 44.34 44.90 45.38 45.77 46.10 46.47 46.96 47.69 48.67 49.83 51.01 52.02 52.68 52.93 52.76 52.26 51.52 50.65 49.72 48.80 47.86 46.63 44.00 35.70 4.00 
99.00 70.75 62.12 57.98 55.41 53.68 52.49 51.73 51.35 51.34 51.63 52.12 52.64 53.02 53.15 53.01 52.63 52.08 51.43 50.71 49.95 49.22 48.59 48.17 48.04 48.23 48.62 49.04 49.29 49.24 48.87 48.35 47.91 47.76 48.02 48.67 49.57 50.54 51.41 52.06 52.43 52.53 52.44 52.26 52.11 52.05 52.05 52.04 51.90 51.59 51.13 50.61 50.15 49.86 49.73 49.73 49.79 49.83 49.83 49.80 49.82 49.97 50.33 50.92 51.70 52.54 53.27 53.77 53.95 53.82 53.46 53.04 52.68 52.44 52.28 52.06 51.66 51.03 50.23 49.42 48.77 48.39 48.31 48.46 48.72 49.00 49.22 49.38 49.50 49.63 49.76 49.86 49.91 49.88 49.77 49.60 49.38 49.15 49.01 49.08 49.44 50.08 50.86 51.50 51.72 51.34 50.31 48.75 46.91 45.13 43.73 43.00 43.06 43.88 45.23 46.77 48.15 49.08 49.45 49.33 48.89 48.37 48.01 47.96 48.29 48.97 49.89 50.89 51.79 52.41 52.61 52.34 51.64 50.63 49.44 48.22 47.10 46.16 45.52 45.21 45.23 45.49 45.85 46.18 46.40 46.51 46.58 46.69 46.91 47.21 47.54 47.82 47.96 47.92 47.72 47.46 47.25 47.17 47.24 47.41 47.61 47.78 47.92 48.03 48.12 48.15 48.03 47.68 47.06 46.25 45.39 44.66 44.19 44.03 44.13 44.38 44.69 44.98 45.25 45.54 45.90 46.41 47.14 48.08 49.19 50.30 51.25 51.89 52.14 52.03 51.64 51.10 50.51 49.96 49.53 49.34 49.68 51.81 60.76 98.00 
84.00 71.47 63.34 58.72 55.99 54.28 53.16 52.43 52.03 51.94 52.11 52.47 52.87 53.16 53.24 53.08 52.70 52.19 51.58 50.90 50.15 49.36 48.63 48.08 47.80 47.84 48.13 48.51 48.79 48.83 48.60 48.25 47.97 47.96 48.31 48.97 49.81 50.64 51.33 51.78 51.95 51.89 51.71 51.53 51.47 51.55 51.70 51.77 51.63 51.21 50.58 49.86 49.24 48.83 48.68 48.76 48.99 49.29 49.60 49.90 50.21 50.56 50.99 51.52 52.12 52.71 53.17 53.43 53.45 53.25 52.93 52.61 52.43 52.40 52.48 52.51 52.34 51.87 51.16 50.34 49.60 49.08 48.83 48.82 48.98 49.21 49.44 49.64 49.82 49.98 50.12 50.22 50.24 50.18 50.03 49.79 49.48 49.15 48.90 48.88 49.18 49.82 50.64 51.40 51.79 51.56 50.63 49.09 47.18 45.27 43.71 42.81 42.72 43.41 44.65 46.09 47.36 48.17 48.43 48.18 47.66 47.12 46.82 46.90 47.42 48.30 49.43 50.59 51.62 52.33 52.63 52.50 51.99 51.22 50.31 49.34 48.39 47.51 46.76 46.19 45.84 45.69 45.72 45.87 46.11 46.42 46.81 47.24 47.71 48.19 48.62 48.97 49.16 49.15 48.94 48.59 48.23 47.95 47.84 47.88 48.02 48.21 48.41 48.62 48.82 48.96 48.96 48.74 48.25 47.54 46.73 45.95 45.33 44.93 44.72 44.63 44.63 44.68 44.80 45.01 45.36 45.89 46.61 47.50 48.50 49.47 50.28 50.81 51.02 50.96 50.72 50.42 50.17 50.04 50.07 50.35 51.07 52.91 57.61 69.00 
84.00 67.87 61.20 57.73 55.71 54.46 53.64 53.07 52.72 52.57 52.63 52.85 53.14 53.37 53.44 53.30 52.97 52.52 51.95 51.27 50.47 49.60 48.73 48.02 47.57 47.47 47.68 48.06 48.42 48.60 48.57 48.40 48.27 48.35 48.70 49.28 49.97 50.60 51.07 51.30 51.31 51.14 50.92 50.79 50.84 51.06 51.33 51.47 51.31 50.81 50.06 49.22 48.51 48.06 47.93 48.09 48.47 48.96 49.50 50.03 50.54 51.01 51.47 51.91 52.30 52.62 52.82 52.86 52.75 52.53 52.29 52.12 52.12 52.30 52.60 52.85 52.88 52.60 52.01 51.24 50.46 49.83 49.44 49.30 49.34 49.49 49.69 49.90 50.10 50.28 50.43 50.53 50.56 50.50 50.33 50.05 49.66 49.23 48.87 48.74 48.98 49.60 50.48 51.36 51.92 51.87 51.08 49.60 47.68 45.67 43.97 42.87 42.55 42.99 44.00 45.23 46.34 47.05 47.24 46.98 46.48 46.02 45.83 46.06 46.75 47.79 49.05 50.32 51.42 52.20 52.58 52.57 52.24 51.71 51.07 50.39 49.68 48.93 48.16 47.41 46.74 46.22 45.93 45.91 46.16 46.64 47.28 47.97 48.62 49.20 49.69 50.08 50.33 50.40 50.24 49.88 49.42 49.00 48.73 48.63 48.69 48.84 49.06 49.30 49.54 49.74 49.83 49.72 49.37 48.80 48.07 47.31 46.61 46.01 45.53 45.13 44.82 44.62 44.56 44.68 45.00 45.52 46.21 47.02 47.87 48.65 49.25 49.62 49.77 49.75 49.68 49.66 49.75 50.00 50.38 50.85 51.26 51.05 47.71 31.00 
43.00 54.83 55.92 55.31 54.66 54.17 53.80 53.48 53.21 53.04 53.01 53.12 53.32 53.52 53.62 53.55 53.32 52.94 52.41 51.72 50.86 49.87 48.86 47.98 47.38 47.15 47.28 47.67 48.14 48.52 48.73 48.79 48.82 48.96 49.27 49.70 50.16 50.54 50.78 50.83 50.71 50.50 50.29 50.23 50.37 50.70 51.04 51.20 51.02 50.47 49.67 48.81 48.09 47.66 47.59 47.82 48.28 48.87 49.52 50.15 50.75 51.26 51.69 52.01 52.21 52.28 52.24 52.09 51.90 51.70 51.57 51.58 51.77 52.15 52.63 53.07 53.30 53.20 52.75 52.06 51.29 50.60 50.11 49.85 49.78 49.86 50.01 50.22 50.44 50.65 50.83 50.96 51.01 50.95 50.76 50.41 49.93 49.38 48.90 48.68 48.85 49.46 50.39 51.37 52.08 52.19 51.53 50.14 48.23 46.18 44.35 43.06 42.49 42.64 43.35 44.34 45.28 45.93 46.15 45.98 45.62 45.31 45.29 45.66 46.46 47.58 48.87 50.15 51.25 52.04 52.46 52.53 52.33 51.99 51.60 51.19 50.74 50.18 49.48 48.65 47.78 47.00 46.47 46.30 46.56 47.17 47.98 48.83 49.57 50.18 50.66 51.06 51.37 51.52 51.46 51.15 50.69 50.20 49.82 49.62 49.59 49.68 49.85 50.06 50.28 50.46 50.57 50.54 50.31 49.88 49.28 48.59 47.88 47.17 46.49 45.84 45.27 44.83 44.59 44.59 44.85 45.33 45.98 46.70 47.39 47.94 48.31 48.50 48.57 48.61 48.73 48.98 49.39 49.95 50.61 51.28 51.85 52.08 51.05 46.00 
59.00 52.52 52.28 52.83 53.28 53.55 53.63 53.56 53.40 53.21 53.10 53.12 53.26 53.45 53.62 53.67 53.57 53.30 52.82 52.12 51.21 50.13 49.00 47.99 47.24 46.88 46.94 47.34 47.93 48.53 49.01 49.34 49.57 49.78 50.02 50.27 50.48 50.60 50.62 50.52 50.34 50.13 49.97 49.98 50.19 50.54 50.89 51.02 50.81 50.26 49.48 48.67 48.02 47.66 47.64 47.90 48.36 48.94 49.57 50.19 50.75 51.24 51.59 51.80 51.84 51.72 51.49 51.21 50.96 50.81 50.81 51.00 51.39 51.95 52.60 53.20 53.59 53.66 53.37 52.79 52.06 51.35 50.80 50.45 50.30 50.30 50.42 50.63 50.89 51.17 51.42 51.59 51.66 51.58 51.33 50.88 50.26 49.57 48.97 48.65 48.77 49.37 50.34 51.40 52.21 52.43 51.88 50.55 48.68 46.60 44.71 43.28 42.49 42.37 42.80 43.55 44.38 45.03 45.37 45.40 45.27 45.17 45.32 45.82 46.65 47.75 48.97 50.16 51.17 51.89 52.28 52.37 52.24 52.02 51.81 51.63 51.43 51.09 50.54 49.76 48.82 47.91 47.24 46.99 47.23 47.89 48.79 49.70 50.46 51.04 51.47 51.85 52.19 52.43 52.47 52.27 51.87 51.39 50.98 50.72 50.63 50.67 50.76 50.88 51.00 51.11 51.18 51.17 51.03 50.73 50.27 49.69 49.02 48.28 47.49 46.69 45.92 45.28 44.86 44.72 44.89 45.31 45.91 46.55 47.09 47.45 47.60 47.61 47.60 47.70 48.00 48.51 49.20 50.00 50.82 51.63 52.53 54.08 58.23 71.00 
40.00 43.90 47.71 50.23 51.80 52.72 53.19 53.32 53.22 53.00 52.80 52.73 52.81 53.03 53.28 53.48 53.55 53.42 53.04 52.37 51.45 50.33 49.15 48.05 47.19 46.72 46.69 47.08 47.76 48.57 49.33 49.96 50.42 50.73 50.91 50.97 50.93 50.81 50.64 50.45 50.25 50.09 50.01 50.07 50.29 50.61 50.88 50.95 50.71 50.18 49.48 48.78 48.24 47.95 47.94 48.16 48.54 49.02 49.53 50.04 50.52 50.92 51.20 51.31 51.22 50.97 50.62 50.25 49.99 49.91 50.05 50.41 50.99 51.71 52.50 53.23 53.76 53.99 53.85 53.39 52.74 52.06 51.49 51.08 50.85 50.80 50.90 51.14 51.49 51.86 52.20 52.43 52.49 52.36 51.99 51.38 50.59 49.74 49.02 48.63 48.72 49.32 50.29 51.38 52.24 52.51 52.00 50.72 48.88 46.83 44.92 43.44 42.52 42.21 42.42 43.01 43.78 44.50 45.03 45.32 45.46 45.61 45.92 46.49 47.30 48.30 49.35 50.34 51.17 51.75 52.05 52.10 51.99 51.84 51.76 51.76 51.77 51.66 51.30 50.65 49.77 48.85 48.13 47.82 48.01 48.64 49.52 50.40 51.13 51.64 52.03 52.38 52.73 53.04 53.19 53.11 52.81 52.41 52.04 51.80 51.70 51.70 51.72 51.73 51.73 51.72 51.71 51.67 51.57 51.37 51.03 50.56 49.97 49.26 48.44 47.55 46.66 45.88 45.30 45.03 45.08 45.44 45.98 46.55 46.99 47.19 47.15 47.01 46.94 47.09 47.55 48.29 49.19 50.14 51.00 51.69 52.27 53.24 56.64 70.00 
7.00 35.25 44.19 48.24 50.52 51.85 52.55 52.77 52.67 52.39 52.09 51.92 51.95 52.19 52.54 52.91 53.17 53.22 52.98 52.41 51.55 50.47 49.30 48.18 47.27 46.70 46.58 46.91 47.64 48.60 49.61 50.52 51.21 51.63 51.77 51.67 51.40 51.07 50.75 50.52 50.38 50.31 50.33 50.43 50.62 50.83 50.97 50.94 50.66 50.19 49.60 49.03 48.59 48.34 48.28 48.40 48.64 48.96 49.32 49.69 50.06 50.37 50.56 50.58 50.41 50.07 49.65 49.26 49.03 49.03 49.31 49.84 50.57 51.43 52.33 53.16 53.80 54.14 54.14 53.82 53.28 52.67 52.11 51.68 51.41 51.33 51.43 51.73 52.17 52.65 53.08 53.35 53.38 53.13 52.59 51.79 50.82 49.83 49.02 48.60 48.68 49.28 50.25 51.31 52.14 52.38 51.86 50.59 48.78 46.78 44.94 43.49 42.56 42.18 42.29 42.80 43.57 44.41 45.15 45.71 46.11 46.47 46.91 47.51 48.25 49.09 49.92 50.66 51.25 51.64 51.80 51.77 51.65 51.55 51.58 51.73 51.93 52.01 51.85 51.35 50.59 49.73 49.01 48.63 48.72 49.23 49.98 50.76 51.40 51.87 52.23 52.59 52.98 53.35 53.60 53.63 53.46 53.18 52.91 52.74 52.68 52.67 52.65 52.58 52.47 52.34 52.24 52.16 52.05 51.88 51.61 51.21 50.69 50.04 49.25 48.36 47.43 46.57 45.89 45.50 45.44 45.71 46.20 46.71 47.07 47.16 46.98 46.72 46.59 46.78 47.36 48.26 49.33 50.38 51.21 51.65 51.37 49.73 44.95 32.00 
65.00 45.70 45.20 47.53 49.60 50.97 51.71 51.93 51.77 51.41 51.01 50.75 50.73 50.99 51.45 51.98 52.44 52.69 52.63 52.22 51.50 50.54 49.47 48.40 47.49 46.86 46.64 46.89 47.59 48.62 49.80 50.93 51.80 52.31 52.42 52.17 51.71 51.21 50.81 50.60 50.56 50.64 50.76 50.90 51.02 51.09 51.07 50.91 50.61 50.19 49.73 49.28 48.91 48.65 48.50 48.48 48.57 48.73 48.96 49.22 49.49 49.70 49.80 49.72 49.46 49.05 48.60 48.23 48.07 48.19 48.60 49.28 50.15 51.11 52.09 52.97 53.68 54.12 54.24 54.05 53.63 53.10 52.59 52.18 51.91 51.82 51.95 52.30 52.83 53.41 53.90 54.16 54.11 53.72 52.99 52.01 50.89 49.81 48.99 48.59 48.71 49.31 50.24 51.23 51.95 52.09 51.49 50.18 48.40 46.48 44.76 43.44 42.61 42.28 42.40 42.93 43.75 44.71 45.64 46.42 47.02 47.52 48.03 48.61 49.26 49.92 50.53 51.03 51.37 51.55 51.56 51.46 51.34 51.31 51.45 51.74 52.10 52.34 52.32 51.96 51.30 50.51 49.78 49.32 49.23 49.51 50.04 50.64 51.19 51.64 52.04 52.46 52.92 53.37 53.70 53.84 53.80 53.66 53.53 53.47 53.49 53.52 53.50 53.39 53.22 53.03 52.87 52.72 52.57 52.37 52.09 51.71 51.22 50.62 49.90 49.08 48.19 47.33 46.61 46.13 45.98 46.17 46.58 47.04 47.32 47.31 47.03 46.67 46.49 46.68 47.34 48.35 49.54 50.69 51.61 52.06 51.62 49.17 41.35 17.00 
26.00 37.09 42.92 46.47 48.69 50.01 50.65 50.78 50.55 50.10 49.64 49.32 49.29 49.58 50.13 50.82 51.46 51.91 52.06 51.85 51.33 50.56 49.64 48.70 47.84 47.20 46.91 47.07 47.69 48.70 49.93 51.15 52.12 52.66 52.70 52.32 51.72 51.11 50.70 50.57 50.68 50.92 51.16 51.32 51.35 51.26 51.06 50.79 50.46 50.11 49.76 49.41 49.08 48.77 48.53 48.38 48.35 48.42 48.59 48.80 49.00 49.11 49.07 48.84 48.45 47.95 47.48 47.16 47.11 47.37 47.94 48.75 49.72 50.76 51.78 52.70 53.44 53.94 54.14 54.06 53.75 53.32 52.88 52.51 52.26 52.18 52.34 52.74 53.33 53.96 54.46 54.68 54.52 53.98 53.10 52.00 50.82 49.77 49.02 48.72 48.91 49.53 50.39 51.25 51.78 51.75 51.00 49.62 47.85 46.03 44.47 43.34 42.70 42.51 42.74 43.35 44.24 45.30 46.34 47.22 47.92 48.47 48.98 49.51 50.06 50.58 51.01 51.31 51.46 51.48 51.38 51.24 51.16 51.24 51.52 51.96 52.44 52.79 52.85 52.56 51.96 51.19 50.41 49.80 49.47 49.45 49.68 50.07 50.52 50.99 51.48 52.03 52.60 53.14 53.56 53.79 53.87 53.87 53.88 53.96 54.08 54.18 54.21 54.13 53.98 53.80 53.62 53.42 53.20 52.90 52.54 52.11 51.62 51.06 50.43 49.70 48.92 48.14 47.44 46.94 46.72 46.81 47.13 47.49 47.69 47.59 47.23 46.79 46.55 46.73 47.39 48.46 49.75 51.04 52.20 53.11 53.68 53.86 54.20 60.00 
3.00 33.45 42.40 46.06 47.96 48.97 49.38 49.36 49.04 48.56 48.09 47.79 47.80 48.15 48.79 49.59 50.38 51.00 51.33 51.34 51.04 50.50 49.80 49.03 48.29 47.70 47.39 47.47 47.98 48.89 50.06 51.23 52.17 52.64 52.58 52.10 51.40 50.78 50.44 50.44 50.72 51.12 51.46 51.60 51.52 51.25 50.89 50.51 50.18 49.89 49.64 49.37 49.06 48.72 48.40 48.19 48.11 48.19 48.38 48.60 48.75 48.75 48.54 48.10 47.52 46.89 46.38 46.12 46.18 46.59 47.31 48.25 49.31 50.40 51.45 52.38 53.14 53.66 53.91 53.89 53.66 53.30 52.92 52.60 52.38 52.33 52.51 52.93 53.54 54.17 54.63 54.78 54.53 53.89 52.94 51.84 50.74 49.83 49.26 49.13 49.43 50.05 50.81 51.47 51.77 51.49 50.55 49.07 47.31 45.60 44.21 43.30 42.88 42.89 43.28 43.98 44.93 46.00 47.04 47.91 48.57 49.07 49.51 49.96 50.42 50.84 51.17 51.37 51.43 51.37 51.25 51.14 51.15 51.38 51.83 52.43 53.02 53.42 53.49 53.20 52.59 51.78 50.89 50.08 49.45 49.08 49.00 49.17 49.53 50.05 50.68 51.38 52.09 52.72 53.21 53.53 53.71 53.84 54.00 54.20 54.43 54.63 54.74 54.75 54.69 54.59 54.44 54.22 53.91 53.50 53.01 52.48 51.95 51.42 50.88 50.28 49.64 48.98 48.37 47.88 47.62 47.61 47.80 48.04 48.12 47.92 47.48 46.98 46.70 46.85 47.49 48.56 49.90 51.34 52.79 54.29 56.01 58.31 61.56 64.00 
78.00 51.00 46.67 46.78 47.46 47.89 47.96 47.74 47.34 46.88 46.49 46.31 46.43 46.87 47.59 48.46 49.33 50.06 50.54 50.75 50.67 50.37 49.89 49.33 48.76 48.29 48.03 48.08 48.49 49.26 50.26 51.27 52.03 52.34 52.15 51.57 50.87 50.32 50.12 50.30 50.76 51.29 51.66 51.74 51.51 51.07 50.56 50.11 49.78 49.57 49.41 49.21 48.92 48.56 48.22 48.00 47.97 48.13 48.41 48.69 48.83 48.72 48.31 47.63 46.81 46.01 45.42 45.17 45.32 45.86 46.71 47.75 48.89 50.03 51.11 52.06 52.83 53.36 53.62 53.61 53.39 53.06 52.72 52.42 52.23 52.20 52.39 52.80 53.38 53.97 54.37 54.46 54.16 53.52 52.64 51.68 50.79 50.14 49.84 49.91 50.32 50.92 51.54 51.96 51.97 51.43 50.30 48.73 46.98 45.37 44.14 43.43 43.22 43.43 43.97 44.76 45.71 46.70 47.61 48.32 48.82 49.17 49.48 49.83 50.21 50.58 50.89 51.09 51.17 51.14 51.08 51.09 51.26 51.68 52.32 53.07 53.76 54.18 54.23 53.88 53.20 52.27 51.23 50.17 49.22 48.51 48.13 48.10 48.40 48.99 49.76 50.63 51.46 52.18 52.71 53.09 53.36 53.60 53.88 54.21 54.55 54.84 55.05 55.18 55.25 55.26 55.19 54.99 54.62 54.10 53.48 52.86 52.28 51.77 51.30 50.83 50.34 49.81 49.30 48.86 48.56 48.46 48.50 48.58 48.52 48.22 47.72 47.21 46.91 47.03 47.63 48.67 50.01 51.54 53.20 55.12 57.68 61.81 69.72 87.00 
40.00 45.61 46.02 46.39 46.70 46.73 46.50 46.10 45.65 45.26 45.03 45.03 45.32 45.88 46.66 47.55 48.42 49.18 49.76 50.12 50.24 50.16 49.90 49.55 49.18 48.88 48.74 48.82 49.17 49.79 50.58 51.33 51.83 51.91 51.55 50.92 50.27 49.88 49.89 50.28 50.89 51.49 51.83 51.79 51.39 50.78 50.15 49.65 49.36 49.22 49.14 48.99 48.72 48.37 48.04 47.87 47.94 48.23 48.65 49.02 49.17 48.98 48.39 47.48 46.43 45.44 44.73 44.44 44.61 45.22 46.14 47.26 48.47 49.66 50.79 51.77 52.56 53.08 53.32 53.28 53.03 52.68 52.33 52.03 51.85 51.82 51.99 52.37 52.90 53.42 53.78 53.84 53.57 53.04 52.35 51.65 51.09 50.77 50.75 51.02 51.49 52.02 52.46 52.62 52.36 51.58 50.30 48.68 46.98 45.48 44.40 43.84 43.79 44.15 44.79 45.61 46.49 47.32 47.99 48.43 48.66 48.78 48.92 49.13 49.44 49.80 50.14 50.42 50.60 50.71 50.81 51.00 51.38 52.01 52.85 53.75 54.51 54.95 54.95 54.53 53.74 52.67 51.43 50.11 48.87 47.87 47.23 47.05 47.33 47.98 48.88 49.87 50.80 51.55 52.10 52.51 52.85 53.19 53.57 54.00 54.41 54.78 55.07 55.31 55.50 55.65 55.69 55.54 55.16 54.58 53.89 53.20 52.60 52.10 51.69 51.32 50.94 50.54 50.12 49.72 49.39 49.19 49.09 48.99 48.79 48.42 47.90 47.41 47.14 47.26 47.82 48.81 50.11 51.64 53.34 55.29 57.79 61.56 68.54 85.00 
54.00 45.20 45.01 45.64 45.88 45.68 45.22 44.68 44.21 43.92 43.88 44.10 44.57 45.25 46.06 46.91 47.73 48.46 49.07 49.53 49.81 49.89 49.82 49.66 49.49 49.39 49.41 49.59 49.93 50.43 50.99 51.46 51.65 51.48 50.96 50.31 49.77 49.58 49.82 50.41 51.14 51.75 52.00 51.82 51.25 50.49 49.77 49.25 48.99 48.93 48.91 48.79 48.54 48.19 47.89 47.77 47.94 48.36 48.91 49.38 49.58 49.36 48.69 47.64 46.41 45.25 44.39 43.99 44.11 44.69 45.63 46.78 48.02 49.27 50.44 51.47 52.29 52.83 53.04 52.96 52.66 52.25 51.86 51.54 51.34 51.29 51.44 51.77 52.23 52.68 53.00 53.08 52.92 52.58 52.18 51.82 51.61 51.62 51.85 52.25 52.71 53.12 53.35 53.28 52.79 51.86 50.52 48.93 47.33 45.96 45.01 44.55 44.59 45.02 45.70 46.50 47.27 47.88 48.25 48.36 48.28 48.12 48.04 48.10 48.33 48.66 49.05 49.43 49.77 50.08 50.40 50.82 51.44 52.28 53.29 54.32 55.14 55.58 55.54 55.05 54.15 52.94 51.51 49.97 48.50 47.27 46.47 46.20 46.46 47.16 48.14 49.19 50.14 50.89 51.43 51.85 52.22 52.63 53.09 53.57 54.03 54.42 54.75 55.05 55.35 55.61 55.76 55.70 55.37 54.80 54.11 53.41 52.82 52.35 51.98 51.66 51.36 51.03 50.67 50.30 49.94 49.64 49.40 49.16 48.85 48.43 47.96 47.55 47.36 47.51 48.07 49.00 50.24 51.69 53.28 54.94 56.66 58.14 57.91 49.00 
14.00 36.01 42.88 44.99 45.35 44.99 44.34 43.69 43.23 43.06 43.19 43.60 44.23 44.98 45.77 46.54 47.26 47.93 48.54 49.05 49.42 49.63 49.69 49.68 49.68 49.77 49.97 50.26 50.64 51.05 51.42 51.62 51.53 51.12 50.48 49.84 49.43 49.44 49.89 50.64 51.44 52.02 52.18 51.85 51.15 50.30 49.52 49.01 48.78 48.75 48.75 48.64 48.38 48.02 47.72 47.64 47.86 48.35 48.99 49.56 49.84 49.68 49.03 47.96 46.66 45.39 44.40 43.85 43.83 44.30 45.16 46.27 47.52 48.79 50.02 51.11 51.98 52.55 52.76 52.66 52.32 51.88 51.44 51.09 50.87 50.80 50.90 51.18 51.56 51.95 52.24 52.38 52.36 52.26 52.16 52.14 52.25 52.52 52.91 53.33 53.70 53.93 53.95 53.68 53.07 52.10 50.81 49.34 47.91 46.69 45.85 45.47 45.54 45.98 46.66 47.41 48.06 48.46 48.56 48.35 47.94 47.51 47.19 47.08 47.19 47.47 47.88 48.35 48.85 49.36 49.91 50.57 51.40 52.42 53.56 54.65 55.50 55.93 55.87 55.32 54.35 53.04 51.48 49.79 48.18 46.84 45.96 45.64 45.89 46.60 47.58 48.61 49.53 50.24 50.74 51.15 51.54 51.99 52.48 52.96 53.39 53.75 54.06 54.38 54.73 55.08 55.35 55.41 55.18 54.70 54.07 53.41 52.85 52.39 52.04 51.75 51.47 51.18 50.85 50.47 50.07 49.68 49.32 48.97 48.61 48.21 47.83 47.56 47.50 47.73 48.31 49.21 50.39 51.75 53.17 54.55 55.74 56.44 55.94 53.00 
29.00 41.83 45.30 45.92 45.56 44.81 43.97 43.25 42.81 42.73 42.99 43.52 44.22 44.98 45.71 46.38 47.00 47.60 48.19 48.72 49.13 49.39 49.52 49.60 49.74 49.98 50.34 50.75 51.17 51.53 51.75 51.73 51.42 50.84 50.13 49.52 49.23 49.40 50.00 50.84 51.67 52.21 52.29 51.89 51.13 50.24 49.47 48.97 48.75 48.71 48.68 48.54 48.23 47.85 47.52 47.42 47.63 48.13 48.79 49.42 49.79 49.76 49.24 48.28 47.03 45.74 44.64 43.93 43.72 44.01 44.72 45.73 46.93 48.20 49.45 50.60 51.54 52.17 52.45 52.38 52.07 51.64 51.19 50.83 50.59 50.49 50.55 50.76 51.06 51.38 51.65 51.85 51.99 52.12 52.29 52.54 52.88 53.29 53.70 54.04 54.24 54.25 54.07 53.67 53.02 52.10 50.96 49.70 48.48 47.45 46.74 46.42 46.51 46.95 47.62 48.33 48.91 49.18 49.06 48.60 47.94 47.25 46.71 46.41 46.37 46.55 46.91 47.42 48.03 48.71 49.46 50.31 51.30 52.42 53.59 54.67 55.48 55.88 55.80 55.24 54.26 52.91 51.31 49.59 47.96 46.62 45.74 45.42 45.64 46.28 47.18 48.13 48.96 49.59 50.05 50.44 50.84 51.28 51.75 52.19 52.54 52.81 53.05 53.33 53.71 54.14 54.53 54.74 54.66 54.31 53.77 53.16 52.61 52.15 51.78 51.48 51.21 50.92 50.58 50.18 49.72 49.25 48.80 48.40 48.04 47.73 47.49 47.39 47.49 47.84 48.47 49.37 50.51 51.78 53.06 54.23 55.17 55.85 56.36 57.00 
77.00 56.92 50.45 47.79 46.24 45.04 44.04 43.29 42.89 42.86 43.18 43.75 44.44 45.13 45.77 46.35 46.89 47.45 48.01 48.53 48.93 49.17 49.30 49.43 49.65 50.02 50.50 51.02 51.48 51.79 51.90 51.73 51.27 50.59 49.85 49.27 49.06 49.31 49.97 50.84 51.67 52.19 52.25 51.86 51.14 50.31 49.59 49.10 48.86 48.76 48.66 48.44 48.08 47.65 47.28 47.13 47.27 47.71 48.33 48.96 49.41 49.51 49.18 48.42 47.33 46.10 44.96 44.12 43.72 43.80 44.31 45.17 46.26 47.48 48.73 49.92 50.94 51.68 52.08 52.14 51.94 51.58 51.19 50.84 50.59 50.47 50.49 50.62 50.83 51.08 51.33 51.59 51.86 52.18 52.55 52.97 53.41 53.83 54.14 54.29 54.25 54.04 53.68 53.19 52.56 51.77 50.82 49.81 48.83 48.01 47.45 47.23 47.36 47.83 48.53 49.27 49.85 50.08 49.87 49.26 48.40 47.51 46.76 46.26 46.03 46.06 46.32 46.79 47.45 48.23 49.11 50.07 51.12 52.23 53.33 54.30 55.01 55.34 55.25 54.72 53.79 52.51 50.99 49.38 47.85 46.62 45.81 45.49 45.65 46.18 46.92 47.71 48.41 48.95 49.37 49.74 50.13 50.56 50.97 51.32 51.55 51.70 51.85 52.09 52.48 53.00 53.53 53.91 54.00 53.77 53.30 52.71 52.13 51.61 51.19 50.85 50.55 50.24 49.88 49.44 48.92 48.39 47.90 47.49 47.19 47.00 46.94 47.03 47.30 47.78 48.48 49.41 50.51 51.72 52.89 53.89 54.63 55.22 56.56 63.00 
74.00 58.40 51.77 48.59 46.72 45.38 44.36 43.65 43.29 43.29 43.61 44.13 44.74 45.34 45.89 46.39 46.90 47.43 47.97 48.44 48.77 48.94 49.02 49.13 49.41 49.87 50.46 51.07 51.56 51.84 51.86 51.59 51.05 50.32 49.57 49.01 48.80 49.05 49.68 50.52 51.32 51.86 51.98 51.69 51.10 50.39 49.76 49.31 49.03 48.83 48.61 48.29 47.87 47.41 47.02 46.82 46.88 47.22 47.74 48.31 48.77 48.98 48.84 48.31 47.44 46.35 45.25 44.35 43.80 43.68 43.99 44.66 45.59 46.71 47.92 49.13 50.24 51.12 51.71 51.97 51.96 51.75 51.44 51.13 50.89 50.74 50.71 50.76 50.89 51.07 51.31 51.62 52.00 52.46 52.95 53.44 53.86 54.16 54.27 54.17 53.86 53.40 52.87 52.32 51.73 51.07 50.33 49.56 48.83 48.23 47.85 47.76 47.99 48.56 49.35 50.20 50.86 51.14 50.93 50.26 49.29 48.24 47.30 46.58 46.14 45.97 46.08 46.47 47.09 47.90 48.82 49.79 50.79 51.78 52.71 53.49 54.04 54.29 54.19 53.74 52.94 51.84 50.53 49.14 47.85 46.81 46.11 45.81 45.88 46.24 46.78 47.36 47.90 48.34 48.72 49.07 49.45 49.85 50.20 50.44 50.56 50.60 50.66 50.87 51.30 51.93 52.61 53.16 53.41 53.29 52.84 52.20 51.51 50.87 50.33 49.91 49.56 49.22 48.82 48.34 47.77 47.20 46.71 46.35 46.15 46.11 46.23 46.50 46.93 47.54 48.32 49.28 50.38 51.54 52.62 53.48 53.93 53.60 51.52 45.00 
48.00 50.93 49.72 48.20 46.86 45.73 44.82 44.17 43.84 43.83 44.10 44.54 45.05 45.55 46.03 46.50 46.99 47.52 48.03 48.42 48.63 48.67 48.64 48.71 49.01 49.56 50.25 50.94 51.47 51.75 51.72 51.38 50.78 50.03 49.27 48.67 48.41 48.56 49.09 49.85 50.62 51.20 51.44 51.31 50.91 50.38 49.86 49.44 49.10 48.78 48.44 48.03 47.57 47.12 46.75 46.55 46.56 46.79 47.18 47.62 48.02 48.27 48.27 47.96 47.33 46.45 45.48 44.60 43.99 43.73 43.86 44.32 45.08 46.04 47.16 48.36 49.54 50.59 51.40 51.92 52.13 52.10 51.90 51.63 51.38 51.20 51.12 51.11 51.17 51.31 51.55 51.91 52.39 52.94 53.50 53.97 54.29 54.39 54.25 53.86 53.26 52.56 51.86 51.24 50.67 50.12 49.56 49.00 48.49 48.10 47.91 47.98 48.37 49.08 50.03 51.03 51.82 52.21 52.06 51.39 50.37 49.19 48.08 47.15 46.48 46.11 46.04 46.30 46.84 47.60 48.47 49.37 50.23 51.01 51.69 52.24 52.62 52.79 52.73 52.41 51.83 50.99 49.99 48.94 47.96 47.16 46.60 46.31 46.28 46.44 46.75 47.11 47.47 47.80 48.12 48.47 48.84 49.22 49.53 49.70 49.73 49.69 49.70 49.90 50.39 51.12 51.96 52.67 53.05 53.00 52.54 51.79 50.93 50.09 49.38 48.82 48.37 47.97 47.53 47.00 46.40 45.83 45.38 45.10 45.03 45.15 45.44 45.87 46.43 47.14 48.00 49.01 50.11 51.24 52.29 53.15 53.66 53.46 50.77 37.00 
48.00 47.66 48.11 47.80 47.07 46.21 45.41 44.80 44.45 44.39 44.57 44.91 45.33 45.77 46.22 46.70 47.21 47.73 48.19 48.46 48.50 48.35 48.18 48.18 48.49 49.11 49.91 50.70 51.30 51.59 51.54 51.17 50.55 49.77 48.98 48.31 47.93 47.92 48.28 48.92 49.65 50.27 50.64 50.71 50.52 50.17 49.77 49.36 48.95 48.52 48.06 47.59 47.14 46.76 46.49 46.36 46.37 46.52 46.75 47.03 47.31 47.52 47.61 47.48 47.10 46.48 45.72 44.97 44.38 44.06 44.05 44.33 44.88 45.66 46.64 47.77 49.00 50.19 51.22 51.98 52.42 52.54 52.42 52.17 51.89 51.68 51.55 51.51 51.55 51.69 51.96 52.38 52.94 53.57 54.15 54.57 54.75 54.65 54.24 53.55 52.68 51.74 50.88 50.15 49.57 49.09 48.66 48.27 47.95 47.74 47.72 47.95 48.50 49.38 50.48 51.62 52.56 53.07 53.00 52.38 51.33 50.07 48.81 47.69 46.82 46.25 46.02 46.13 46.56 47.22 47.99 48.74 49.40 49.94 50.35 50.67 50.91 51.05 51.08 50.95 50.64 50.14 49.52 48.85 48.21 47.66 47.24 46.95 46.81 46.79 46.87 47.01 47.19 47.40 47.67 48.00 48.38 48.76 49.06 49.21 49.20 49.12 49.10 49.31 49.84 50.66 51.61 52.46 52.96 52.97 52.48 51.61 50.53 49.46 48.51 47.76 47.17 46.66 46.13 45.56 44.96 44.42 44.04 43.88 43.96 44.23 44.65 45.20 45.87 46.66 47.59 48.63 49.74 50.85 51.89 52.82 53.80 55.56 60.96 81.00 
28.00 43.64 47.39 48.02 47.66 46.95 46.20 45.56 45.14 44.98 45.05 45.30 45.66 46.07 46.53 47.03 47.57 48.08 48.45 48.56 48.40 48.04 47.70 47.61 47.92 48.61 49.51 50.41 51.09 51.43 51.41 51.04 50.42 49.63 48.79 48.03 47.50 47.30 47.47 47.94 48.58 49.21 49.69 49.93 49.93 49.75 49.43 49.02 48.54 47.99 47.44 46.95 46.57 46.34 46.23 46.24 46.31 46.41 46.50 46.60 46.71 46.85 46.99 47.04 46.93 46.61 46.12 45.57 45.09 44.77 44.66 44.77 45.11 45.66 46.45 47.47 48.66 49.94 51.14 52.10 52.71 52.93 52.83 52.55 52.22 51.96 51.82 51.79 51.88 52.07 52.41 52.92 53.56 54.24 54.82 55.18 55.24 54.94 54.30 53.36 52.24 51.09 50.05 49.22 48.60 48.15 47.83 47.58 47.41 47.34 47.44 47.78 48.45 49.43 50.64 51.87 52.90 53.49 53.51 52.95 51.92 50.63 49.28 48.04 47.02 46.31 45.93 45.92 46.22 46.76 47.38 47.96 48.41 48.70 48.89 49.03 49.17 49.34 49.51 49.61 49.61 49.49 49.26 48.96 48.64 48.31 47.99 47.70 47.47 47.29 47.18 47.12 47.13 47.22 47.42 47.73 48.13 48.54 48.87 49.03 49.03 48.93 48.88 49.06 49.58 50.43 51.45 52.41 53.02 53.12 52.63 51.67 50.41 49.10 47.90 46.90 46.10 45.43 44.81 44.18 43.58 43.11 42.83 42.81 43.02 43.42 43.94 44.57 45.30 46.16 47.13 48.20 49.30 50.37 51.32 52.13 52.85 53.81 56.40 67.00 
63.00 51.54 49.80 49.34 48.77 48.02 47.22 46.50 45.97 45.67 45.63 45.79 46.10 46.52 47.00 47.53 48.07 48.53 48.78 48.73 48.36 47.80 47.29 47.11 47.40 48.13 49.12 50.11 50.88 51.29 51.32 50.99 50.39 49.61 48.75 47.92 47.26 46.88 46.84 47.12 47.63 48.22 48.75 49.10 49.24 49.17 48.91 48.47 47.90 47.26 46.64 46.17 45.91 45.87 45.99 46.17 46.34 46.41 46.39 46.32 46.28 46.36 46.55 46.79 46.96 46.96 46.79 46.48 46.14 45.86 45.68 45.64 45.75 46.06 46.60 47.43 48.52 49.80 51.08 52.15 52.84 53.09 52.95 52.59 52.19 51.90 51.78 51.82 52.01 52.34 52.80 53.40 54.10 54.81 55.39 55.70 55.65 55.21 54.39 53.25 51.94 50.61 49.43 48.50 47.85 47.45 47.23 47.11 47.06 47.09 47.25 47.63 48.31 49.30 50.49 51.71 52.74 53.35 53.43 52.94 51.98 50.73 49.39 48.13 47.08 46.30 45.85 45.73 45.92 46.32 46.79 47.19 47.45 47.55 47.56 47.59 47.70 47.95 48.28 48.64 48.95 49.17 49.29 49.31 49.24 49.07 48.82 48.53 48.23 47.94 47.70 47.49 47.35 47.32 47.45 47.73 48.14 48.59 48.96 49.15 49.15 49.02 48.91 49.01 49.45 50.25 51.29 52.32 53.05 53.27 52.86 51.89 50.54 49.03 47.60 46.35 45.32 44.46 43.71 43.02 42.44 42.03 41.86 41.94 42.26 42.75 43.34 44.02 44.80 45.69 46.69 47.76 48.83 49.80 50.62 51.20 51.34 50.19 43.69 13.00 
43.00 49.61 50.82 50.68 50.06 49.25 48.39 47.59 46.95 46.53 46.36 46.44 46.72 47.12 47.60 48.12 48.61 48.99 49.13 48.92 48.38 47.66 47.04 46.78 47.04 47.78 48.80 49.84 50.66 51.12 51.21 50.94 50.40 49.67 48.83 47.99 47.26 46.75 46.54 46.63 46.97 47.46 47.97 48.37 48.58 48.56 48.30 47.82 47.15 46.43 45.79 45.38 45.26 45.43 45.78 46.15 46.42 46.48 46.37 46.17 46.04 46.10 46.39 46.84 47.30 47.63 47.75 47.68 47.48 47.22 46.97 46.77 46.66 46.70 46.97 47.55 48.46 49.64 50.90 51.99 52.68 52.89 52.68 52.23 51.75 51.44 51.37 51.55 51.91 52.42 53.03 53.73 54.48 55.19 55.74 55.99 55.86 55.32 54.37 53.10 51.64 50.19 48.92 47.96 47.33 47.01 46.91 46.94 47.01 47.10 47.27 47.61 48.21 49.08 50.15 51.23 52.14 52.69 52.77 52.34 51.49 50.38 49.17 48.02 47.05 46.32 45.86 45.69 45.78 46.05 46.38 46.63 46.72 46.68 46.59 46.57 46.72 47.06 47.57 48.16 48.74 49.24 49.62 49.87 49.95 49.88 49.67 49.38 49.06 48.74 48.43 48.13 47.88 47.74 47.77 48.01 48.40 48.86 49.24 49.44 49.41 49.21 49.00 48.96 49.26 49.96 50.96 52.03 52.89 53.27 53.01 52.14 50.79 49.19 47.60 46.15 44.92 43.89 43.01 42.26 41.68 41.31 41.19 41.34 41.70 42.22 42.84 43.56 44.38 45.31 46.33 47.36 48.33 49.17 49.84 50.35 50.79 51.65 55.04 71.00 
50.00 52.90 52.87 52.16 51.30 50.41 49.53 48.71 48.00 47.49 47.24 47.24 47.46 47.81 48.24 48.69 49.08 49.34 49.35 49.02 48.40 47.62 46.95 46.65 46.88 47.59 48.58 49.60 50.41 50.89 51.01 50.80 50.33 49.68 48.93 48.15 47.45 46.89 46.57 46.50 46.68 47.04 47.47 47.85 48.07 48.05 47.75 47.19 46.45 45.67 45.03 44.70 44.74 45.11 45.65 46.17 46.51 46.57 46.40 46.13 45.97 46.09 46.53 47.20 47.94 48.55 48.92 49.02 48.89 48.62 48.28 47.92 47.59 47.37 47.36 47.67 48.35 49.36 50.51 51.52 52.17 52.31 52.01 51.48 50.95 50.64 50.67 51.01 51.59 52.30 53.08 53.87 54.64 55.31 55.79 55.97 55.77 55.14 54.10 52.73 51.19 49.69 48.41 47.48 46.94 46.76 46.84 47.04 47.24 47.39 47.55 47.80 48.25 48.93 49.76 50.61 51.31 51.70 51.71 51.31 50.59 49.67 48.70 47.80 47.03 46.43 46.03 45.84 45.86 46.02 46.22 46.34 46.33 46.20 46.07 46.06 46.28 46.75 47.42 48.19 48.94 49.62 50.15 50.51 50.67 50.63 50.44 50.19 49.91 49.63 49.33 49.00 48.69 48.46 48.39 48.54 48.86 49.26 49.59 49.72 49.61 49.31 48.96 48.77 48.92 49.48 50.41 51.51 52.47 53.03 52.97 52.27 51.03 49.47 47.84 46.31 44.97 43.82 42.84 42.03 41.41 41.02 40.90 41.01 41.34 41.83 42.46 43.21 44.09 45.07 46.08 47.04 47.85 48.48 48.90 49.18 49.46 50.30 53.63 66.00 
67.00 58.87 55.21 53.31 52.13 51.22 50.42 49.66 48.98 48.45 48.14 48.07 48.21 48.48 48.79 49.09 49.32 49.43 49.32 48.94 48.32 47.58 46.96 46.69 46.90 47.55 48.46 49.38 50.11 50.54 50.64 50.46 50.06 49.51 48.88 48.24 47.65 47.15 46.80 46.65 46.71 46.95 47.29 47.60 47.77 47.70 47.34 46.71 45.91 45.11 44.51 44.27 44.44 44.94 45.60 46.20 46.58 46.64 46.45 46.18 46.07 46.29 46.90 47.79 48.75 49.57 50.09 50.27 50.14 49.80 49.33 48.81 48.29 47.85 47.59 47.64 48.08 48.87 49.86 50.76 51.32 51.40 51.05 50.47 49.93 49.66 49.79 50.31 51.11 52.03 52.96 53.82 54.58 55.18 55.56 55.65 55.35 54.63 53.50 52.06 50.48 48.98 47.76 46.95 46.58 46.59 46.88 47.27 47.62 47.87 48.02 48.19 48.49 48.94 49.51 50.07 50.50 50.67 50.53 50.11 49.50 48.80 48.12 47.53 47.03 46.63 46.33 46.15 46.11 46.17 46.26 46.27 46.19 46.03 45.92 45.98 46.31 46.92 47.72 48.60 49.45 50.18 50.73 51.09 51.24 51.20 51.05 50.86 50.68 50.50 50.29 50.01 49.69 49.39 49.23 49.25 49.43 49.67 49.84 49.82 49.58 49.17 48.71 48.41 48.44 48.89 49.74 50.81 51.85 52.54 52.69 52.19 51.15 49.76 48.24 46.77 45.44 44.26 43.23 42.35 41.66 41.19 40.96 40.96 41.17 41.59 42.19 42.99 43.94 44.98 45.98 46.83 47.42 47.76 47.85 47.70 47.24 46.17 43.01 30.00 
71.00 60.14 55.41 53.28 52.21 51.50 50.91 50.32 49.74 49.25 48.94 48.82 48.87 49.00 49.13 49.22 49.25 49.18 48.98 48.61 48.06 47.46 46.97 46.78 47.00 47.59 48.38 49.16 49.75 50.06 50.09 49.88 49.50 49.04 48.56 48.10 47.69 47.33 47.07 46.92 46.93 47.09 47.34 47.57 47.67 47.53 47.10 46.42 45.60 44.82 44.29 44.14 44.39 44.95 45.63 46.23 46.58 46.64 46.48 46.28 46.27 46.62 47.38 48.43 49.53 50.46 51.03 51.19 50.99 50.54 49.93 49.27 48.59 47.98 47.54 47.39 47.61 48.20 49.01 49.77 50.25 50.29 49.92 49.35 48.84 48.64 48.88 49.56 50.53 51.62 52.67 53.58 54.31 54.83 55.11 55.08 54.67 53.84 52.61 51.11 49.51 48.06 46.95 46.31 46.15 46.39 46.89 47.49 48.01 48.37 48.57 48.71 48.89 49.16 49.49 49.78 49.92 49.84 49.52 49.03 48.48 47.97 47.59 47.31 47.09 46.89 46.68 46.51 46.41 46.37 46.34 46.26 46.13 45.98 45.94 46.14 46.63 47.39 48.32 49.26 50.09 50.75 51.21 51.47 51.54 51.48 51.36 51.27 51.23 51.22 51.16 50.99 50.72 50.41 50.16 50.03 50.00 49.99 49.91 49.67 49.28 48.78 48.29 47.96 47.95 48.34 49.11 50.12 51.15 51.91 52.20 51.92 51.13 49.99 48.72 47.44 46.24 45.12 44.08 43.13 42.33 41.72 41.33 41.15 41.21 41.52 42.09 42.94 43.98 45.08 46.06 46.77 47.12 47.14 46.88 46.34 45.40 43.89 42.11 44.00 
61.00 55.15 52.76 51.92 51.58 51.34 51.05 50.68 50.26 49.85 49.56 49.41 49.35 49.31 49.22 49.07 48.86 48.64 48.37 48.04 47.63 47.21 46.90 46.84 47.09 47.63 48.29 48.89 49.30 49.45 49.35 49.06 48.67 48.26 47.91 47.64 47.45 47.31 47.21 47.16 47.19 47.32 47.49 47.63 47.64 47.43 46.97 46.29 45.51 44.81 44.36 44.28 44.56 45.08 45.68 46.19 46.48 46.53 46.43 46.34 46.47 46.96 47.83 48.96 50.10 51.03 51.57 51.66 51.36 50.78 50.06 49.27 48.49 47.77 47.21 46.93 47.00 47.43 48.08 48.72 49.11 49.13 48.79 48.27 47.83 47.70 48.03 48.81 49.89 51.08 52.20 53.14 53.85 54.31 54.50 54.37 53.84 52.90 51.58 50.01 48.42 47.05 46.08 45.62 45.66 46.10 46.80 47.58 48.27 48.76 49.05 49.22 49.35 49.51 49.67 49.76 49.67 49.36 48.86 48.27 47.75 47.39 47.24 47.22 47.22 47.17 47.02 46.83 46.64 46.48 46.33 46.16 45.99 45.89 45.97 46.34 47.04 47.98 49.01 49.96 50.71 51.22 51.49 51.57 51.51 51.39 51.30 51.31 51.44 51.63 51.77 51.78 51.63 51.36 51.05 50.77 50.49 50.17 49.78 49.30 48.76 48.23 47.81 47.57 47.62 48.01 48.70 49.60 50.52 51.24 51.58 51.48 50.96 50.15 49.20 48.21 47.21 46.20 45.17 44.16 43.25 42.49 41.91 41.56 41.46 41.66 42.20 43.08 44.20 45.35 46.32 46.90 47.03 46.78 46.24 45.42 44.09 41.77 37.42 27.00 
49.00 46.67 48.53 50.01 50.78 51.08 51.09 50.91 50.61 50.29 50.02 49.83 49.65 49.43 49.10 48.70 48.28 47.92 47.62 47.36 47.11 46.88 46.74 46.80 47.09 47.58 48.12 48.55 48.76 48.72 48.45 48.05 47.61 47.24 47.00 46.92 46.96 47.07 47.18 47.29 47.39 47.50 47.61 47.66 47.59 47.33 46.86 46.24 45.56 44.99 44.66 44.63 44.87 45.27 45.70 46.04 46.22 46.26 46.24 46.29 46.57 47.18 48.12 49.24 50.36 51.23 51.69 51.70 51.31 50.64 49.81 48.94 48.08 47.31 46.70 46.36 46.37 46.70 47.24 47.78 48.11 48.12 47.82 47.37 46.99 46.91 47.27 48.07 49.17 50.38 51.52 52.48 53.20 53.64 53.80 53.59 52.98 51.95 50.55 48.96 47.40 46.12 45.30 45.00 45.20 45.79 46.62 47.52 48.33 48.94 49.34 49.58 49.73 49.86 49.94 49.90 49.67 49.21 48.59 47.94 47.43 47.18 47.18 47.32 47.46 47.48 47.35 47.10 46.80 46.49 46.19 45.91 45.71 45.67 45.90 46.47 47.39 48.51 49.64 50.57 51.20 51.50 51.52 51.37 51.14 50.94 50.85 50.96 51.26 51.66 52.04 52.27 52.30 52.12 51.80 51.37 50.85 50.22 49.52 48.80 48.17 47.69 47.42 47.38 47.58 48.01 48.62 49.33 50.04 50.61 50.93 50.95 50.68 50.21 49.62 48.94 48.16 47.26 46.25 45.20 44.19 43.32 42.62 42.14 41.93 42.04 42.55 43.44 44.59 45.78 46.72 47.22 47.20 46.79 46.12 45.23 43.90 41.69 38.79 41.00 
5.00 34.07 44.82 48.97 50.59 51.19 51.31 51.19 50.94 50.66 50.40 50.15 49.85 49.43 48.87 48.25 47.66 47.20 46.91 46.73 46.63 46.56 46.56 46.70 47.01 47.43 47.85 48.10 48.12 47.88 47.46 46.94 46.46 46.11 45.98 46.09 46.37 46.73 47.07 47.34 47.52 47.61 47.64 47.59 47.44 47.15 46.74 46.22 45.71 45.30 45.08 45.09 45.24 45.46 45.65 45.77 45.81 45.82 45.88 46.08 46.51 47.23 48.18 49.27 50.30 51.09 51.49 51.44 51.01 50.29 49.41 48.47 47.56 46.75 46.14 45.82 45.84 46.16 46.66 47.15 47.43 47.43 47.15 46.74 46.39 46.31 46.63 47.34 48.36 49.50 50.61 51.57 52.31 52.79 52.96 52.76 52.12 51.05 49.64 48.06 46.58 45.43 44.75 44.60 44.91 45.56 46.43 47.37 48.23 48.92 49.41 49.72 49.92 50.06 50.13 50.06 49.78 49.29 48.64 48.00 47.54 47.35 47.43 47.65 47.84 47.87 47.70 47.36 46.92 46.45 46.00 45.61 45.37 45.38 45.73 46.49 47.59 48.87 50.07 50.98 51.48 51.57 51.36 50.98 50.57 50.26 50.15 50.33 50.77 51.39 52.01 52.49 52.72 52.67 52.36 51.82 51.08 50.17 49.20 48.31 47.63 47.26 47.21 47.42 47.81 48.29 48.80 49.28 49.71 50.05 50.28 50.38 50.35 50.20 49.93 49.52 48.92 48.11 47.12 46.05 45.01 44.10 43.38 42.87 42.61 42.67 43.13 44.00 45.14 46.32 47.24 47.69 47.62 47.18 46.57 45.90 44.88 42.43 35.07 10.00 
16.00 39.90 47.88 50.69 51.67 51.93 51.86 51.62 51.32 51.02 50.73 50.42 50.00 49.40 48.65 47.85 47.16 46.67 46.42 46.34 46.36 46.40 46.48 46.64 46.91 47.24 47.51 47.59 47.42 47.01 46.45 45.85 45.35 45.06 45.06 45.35 45.86 46.47 47.03 47.45 47.67 47.72 47.65 47.48 47.26 46.96 46.61 46.24 45.90 45.67 45.57 45.59 45.64 45.64 45.56 45.41 45.29 45.25 45.38 45.72 46.30 47.10 48.07 49.10 50.05 50.77 51.13 51.08 50.66 49.95 49.05 48.06 47.09 46.26 45.68 45.44 45.56 45.96 46.49 46.96 47.22 47.19 46.89 46.47 46.09 45.93 46.12 46.66 47.49 48.48 49.49 50.41 51.17 51.71 51.94 51.79 51.19 50.16 48.80 47.32 45.98 44.99 44.49 44.46 44.84 45.50 46.33 47.23 48.08 48.78 49.30 49.65 49.89 50.06 50.14 50.10 49.88 49.45 48.90 48.35 47.97 47.84 47.95 48.17 48.35 48.34 48.11 47.68 47.11 46.49 45.89 45.40 45.11 45.13 45.57 46.44 47.65 49.01 50.24 51.13 51.54 51.50 51.13 50.58 50.01 49.59 49.44 49.65 50.20 50.99 51.84 52.54 52.96 53.03 52.74 52.12 51.20 50.08 48.92 47.91 47.25 47.02 47.20 47.66 48.22 48.73 49.10 49.31 49.42 49.51 49.64 49.80 49.98 50.11 50.11 49.91 49.43 48.67 47.69 46.63 45.63 44.78 44.13 43.68 43.46 43.51 43.93 44.73 45.81 46.94 47.83 48.26 48.21 47.84 47.46 47.35 47.64 48.26 49.12 52.00 
80.00 61.70 56.21 54.37 53.58 53.07 52.61 52.16 51.73 51.35 51.01 50.63 50.10 49.36 48.48 47.59 46.86 46.41 46.25 46.30 46.42 46.53 46.63 46.74 46.91 47.10 47.20 47.10 46.75 46.20 45.54 44.91 44.43 44.23 44.38 44.87 45.61 46.44 47.19 47.72 47.95 47.93 47.74 47.47 47.17 46.88 46.60 46.36 46.18 46.09 46.10 46.12 46.05 45.84 45.49 45.09 44.77 44.66 44.83 45.28 45.98 46.86 47.84 48.84 49.73 50.41 50.77 50.77 50.41 49.74 48.84 47.82 46.81 45.97 45.45 45.34 45.61 46.16 46.78 47.29 47.53 47.44 47.08 46.57 46.09 45.79 45.77 46.08 46.66 47.42 48.26 49.09 49.82 50.38 50.67 50.58 50.06 49.13 47.90 46.60 45.47 44.71 44.41 44.53 44.97 45.62 46.39 47.21 47.99 48.65 49.16 49.50 49.74 49.91 50.01 50.03 49.91 49.64 49.26 48.88 48.61 48.53 48.64 48.82 48.95 48.89 48.60 48.09 47.43 46.70 45.99 45.41 45.07 45.08 45.52 46.39 47.61 48.96 50.18 51.05 51.44 51.38 50.96 50.36 49.72 49.23 49.02 49.20 49.80 50.69 51.69 52.57 53.13 53.27 52.99 52.29 51.24 49.99 48.72 47.68 47.08 46.99 47.36 48.00 48.66 49.14 49.33 49.27 49.08 48.94 48.98 49.21 49.58 49.94 50.15 50.08 49.67 48.92 47.96 46.95 46.04 45.32 44.83 44.52 44.40 44.49 44.88 45.60 46.57 47.61 48.44 48.85 48.82 48.54 48.37 48.80 50.40 54.04 61.21 74.00 
98.00 70.67 60.84 56.95 55.15 54.08 53.29 52.61 52.04 51.57 51.17 50.72 50.10 49.28 48.33 47.43 46.75 46.42 46.41 46.60 46.84 47.01 47.09 47.11 47.14 47.13 47.02 46.72 46.21 45.55 44.84 44.21 43.80 43.71 44.00 44.67 45.62 46.66 47.56 48.17 48.41 48.32 48.03 47.67 47.33 47.05 46.82 46.66 46.59 46.61 46.69 46.71 46.55 46.15 45.55 44.90 44.39 44.17 44.33 44.84 45.63 46.58 47.59 48.57 49.44 50.11 50.52 50.59 50.32 49.72 48.85 47.82 46.80 45.99 45.55 45.59 46.04 46.75 47.50 48.06 48.27 48.10 47.62 46.98 46.33 45.84 45.60 45.65 45.96 46.47 47.10 47.77 48.40 48.89 49.16 49.10 48.65 47.85 46.81 45.75 44.90 44.42 44.37 44.68 45.22 45.89 46.62 47.36 48.07 48.67 49.12 49.42 49.61 49.74 49.84 49.91 49.92 49.85 49.69 49.50 49.36 49.33 49.41 49.53 49.60 49.49 49.16 48.61 47.90 47.11 46.35 45.72 45.34 45.29 45.66 46.44 47.55 48.80 49.96 50.82 51.28 51.31 51.01 50.48 49.88 49.36 49.10 49.23 49.78 50.68 51.72 52.66 53.27 53.43 53.11 52.34 51.23 49.92 48.65 47.65 47.13 47.16 47.64 48.35 49.02 49.40 49.39 49.07 48.64 48.33 48.32 48.63 49.15 49.70 50.05 50.06 49.66 48.92 47.98 47.03 46.24 45.70 45.40 45.29 45.31 45.49 45.88 46.52 47.39 48.31 49.05 49.40 49.34 49.02 48.85 49.37 51.40 56.46 67.76 92.00 
62.00 62.05 59.41 57.25 55.73 54.59 53.65 52.84 52.15 51.60 51.13 50.62 49.96 49.10 48.16 47.31 46.76 46.59 46.77 47.15 47.52 47.76 47.82 47.75 47.60 47.38 47.04 46.54 45.89 45.13 44.40 43.81 43.47 43.48 43.90 44.72 45.84 47.03 48.06 48.74 48.99 48.88 48.56 48.18 47.84 47.56 47.36 47.23 47.21 47.29 47.40 47.41 47.19 46.64 45.84 44.96 44.25 43.89 43.98 44.50 45.32 46.31 47.34 48.33 49.21 49.92 50.39 50.56 50.39 49.87 49.06 48.07 47.08 46.33 46.01 46.19 46.81 47.67 48.52 49.10 49.28 49.01 48.38 47.55 46.72 46.03 45.58 45.41 45.50 45.79 46.21 46.67 47.11 47.45 47.60 47.48 47.06 46.36 45.53 44.74 44.21 44.07 44.31 44.85 45.55 46.29 47.03 47.74 48.39 48.93 49.32 49.54 49.64 49.70 49.77 49.88 50.01 50.12 50.18 50.18 50.15 50.14 50.19 50.25 50.25 50.10 49.75 49.19 48.48 47.69 46.94 46.32 45.91 45.81 46.05 46.66 47.57 48.65 49.72 50.60 51.17 51.41 51.33 51.00 50.53 50.06 49.76 49.78 50.22 51.01 51.97 52.84 53.40 53.50 53.11 52.29 51.16 49.88 48.68 47.78 47.37 47.48 48.00 48.69 49.26 49.49 49.29 48.77 48.16 47.74 47.71 48.09 48.72 49.38 49.81 49.85 49.46 48.72 47.81 46.94 46.28 45.90 45.80 45.89 46.09 46.38 46.81 47.43 48.21 49.02 49.65 49.90 49.72 49.22 48.72 48.64 49.61 52.78 61.44 87.00 
48.00 56.07 57.34 56.71 55.68 54.65 53.69 52.82 52.07 51.45 50.92 50.36 49.67 48.81 47.91 47.17 46.76 46.79 47.19 47.77 48.31 48.64 48.70 48.54 48.23 47.80 47.25 46.57 45.78 44.96 44.23 43.68 43.41 43.50 44.01 44.92 46.14 47.43 48.56 49.31 49.63 49.57 49.31 48.98 48.68 48.42 48.22 48.09 48.07 48.16 48.29 48.29 48.01 47.34 46.37 45.29 44.37 43.84 43.82 44.27 45.07 46.07 47.12 48.13 49.05 49.81 50.37 50.64 50.57 50.16 49.44 48.53 47.63 46.97 46.76 47.06 47.79 48.74 49.63 50.22 50.33 49.94 49.15 48.15 47.13 46.27 45.68 45.38 45.35 45.51 45.76 46.02 46.23 46.34 46.28 46.01 45.53 44.91 44.25 43.74 43.53 43.72 44.27 45.06 45.95 46.81 47.61 48.34 48.96 49.44 49.75 49.87 49.88 49.84 49.86 50.00 50.23 50.51 50.74 50.87 50.92 50.92 50.92 50.93 50.89 50.71 50.35 49.80 49.11 48.38 47.69 47.11 46.72 46.56 46.67 47.07 47.74 48.63 49.59 50.49 51.22 51.71 51.92 51.86 51.59 51.20 50.87 50.77 51.02 51.61 52.38 53.08 53.49 53.47 52.99 52.13 51.02 49.83 48.77 48.03 47.74 47.90 48.39 48.98 49.41 49.47 49.11 48.44 47.73 47.27 47.23 47.64 48.32 49.02 49.47 49.52 49.13 48.40 47.55 46.76 46.20 45.97 46.02 46.28 46.65 47.08 47.60 48.24 48.98 49.72 50.25 50.38 50.02 49.24 48.20 47.08 45.83 43.79 38.31 19.00 
56.00 56.88 57.17 56.51 55.51 54.49 53.54 52.66 51.89 51.23 50.64 50.03 49.31 48.48 47.63 46.99 46.73 46.93 47.52 48.29 48.98 49.41 49.51 49.30 48.87 48.28 47.55 46.71 45.82 44.96 44.24 43.74 43.54 43.70 44.26 45.22 46.47 47.81 49.00 49.84 50.26 50.33 50.18 49.95 49.72 49.50 49.30 49.15 49.12 49.22 49.36 49.35 49.00 48.22 47.08 45.80 44.68 43.97 43.80 44.14 44.87 45.84 46.90 47.94 48.90 49.74 50.39 50.77 50.82 50.52 49.91 49.11 48.33 47.79 47.68 48.05 48.81 49.76 50.63 51.16 51.20 50.71 49.79 48.63 47.48 46.52 45.88 45.57 45.55 45.69 45.88 46.00 46.00 45.84 45.52 45.04 44.44 43.82 43.29 43.01 43.09 43.57 44.39 45.41 46.47 47.46 48.33 49.07 49.67 50.09 50.31 50.35 50.25 50.14 50.13 50.28 50.59 50.98 51.33 51.54 51.60 51.58 51.54 51.51 51.44 51.26 50.91 50.38 49.75 49.08 48.47 47.98 47.63 47.44 47.43 47.64 48.10 48.80 49.67 50.60 51.48 52.20 52.69 52.90 52.83 52.55 52.19 51.96 51.99 52.32 52.83 53.30 53.51 53.33 52.75 51.85 50.79 49.73 48.84 48.28 48.11 48.31 48.74 49.21 49.49 49.41 48.94 48.21 47.46 46.97 46.92 47.31 47.98 48.66 49.08 49.12 48.75 48.08 47.30 46.61 46.15 46.01 46.16 46.53 47.03 47.58 48.20 48.90 49.67 50.37 50.84 50.87 50.35 49.30 47.80 45.84 43.09 38.45 29.12 8.00 
52.00 58.40 58.17 56.85 55.53 54.38 53.40 52.53 51.75 51.06 50.43 49.77 49.03 48.20 47.40 46.82 46.65 46.96 47.67 48.57 49.38 49.90 50.05 49.84 49.35 48.65 47.80 46.86 45.89 45.00 44.31 43.89 43.78 44.02 44.64 45.61 46.86 48.20 49.42 50.34 50.87 51.07 51.05 50.93 50.76 50.57 50.38 50.26 50.26 50.39 50.53 50.49 50.05 49.14 47.83 46.37 45.06 44.17 43.84 44.05 44.70 45.61 46.65 47.71 48.73 49.65 50.40 50.90 51.06 50.88 50.38 49.70 49.04 48.60 48.55 48.92 49.64 50.52 51.30 51.76 51.74 51.18 50.18 48.95 47.74 46.77 46.17 45.97 46.08 46.34 46.58 46.66 46.51 46.14 45.56 44.85 44.09 43.41 42.95 42.83 43.11 43.80 44.80 45.96 47.12 48.18 49.08 49.80 50.34 50.68 50.82 50.78 50.63 50.49 50.48 50.68 51.05 51.50 51.88 52.09 52.12 52.04 51.96 51.91 51.86 51.70 51.38 50.89 50.30 49.70 49.17 48.76 48.46 48.27 48.19 48.28 48.59 49.17 49.97 50.92 51.91 52.80 53.50 53.92 54.01 53.80 53.41 53.04 52.86 52.93 53.18 53.40 53.41 53.08 52.40 51.49 50.48 49.55 48.84 48.44 48.37 48.59 48.98 49.34 49.51 49.35 48.85 48.11 47.37 46.87 46.78 47.12 47.73 48.34 48.73 48.77 48.45 47.89 47.24 46.66 46.29 46.18 46.36 46.75 47.29 47.92 48.63 49.40 50.21 50.93 51.37 51.34 50.75 49.57 47.86 45.58 42.49 38.03 31.86 27.00 
87.00 66.80 60.69 57.69 55.77 54.43 53.40 52.53 51.75 51.04 50.37 49.67 48.90 48.06 47.27 46.71 46.54 46.86 47.59 48.52 49.39 49.98 50.18 50.01 49.51 48.78 47.88 46.87 45.86 44.97 44.34 44.02 44.05 44.43 45.15 46.17 47.41 48.72 49.93 50.86 51.44 51.72 51.77 51.69 51.56 51.39 51.24 51.18 51.27 51.47 51.63 51.55 51.00 49.93 48.45 46.83 45.37 44.34 43.87 43.96 44.50 45.35 46.35 47.42 48.48 49.47 50.32 50.92 51.20 51.12 50.73 50.15 49.58 49.21 49.16 49.49 50.10 50.84 51.51 51.90 51.85 51.29 50.31 49.10 47.92 47.02 46.56 46.55 46.88 47.35 47.74 47.88 47.70 47.19 46.42 45.50 44.58 43.82 43.35 43.29 43.66 44.43 45.47 46.65 47.81 48.84 49.68 50.32 50.76 51.00 51.06 50.99 50.87 50.79 50.85 51.11 51.54 52.00 52.34 52.48 52.41 52.24 52.11 52.07 52.06 51.97 51.71 51.28 50.73 50.17 49.69 49.33 49.07 48.91 48.82 48.86 49.11 49.62 50.40 51.37 52.42 53.40 54.21 54.74 54.90 54.70 54.26 53.77 53.41 53.27 53.30 53.33 53.18 52.74 52.01 51.09 50.15 49.33 48.76 48.48 48.49 48.72 49.06 49.37 49.49 49.32 48.84 48.14 47.41 46.90 46.76 47.04 47.57 48.13 48.51 48.60 48.40 48.00 47.53 47.09 46.78 46.66 46.77 47.08 47.55 48.16 48.89 49.70 50.55 51.29 51.73 51.72 51.14 50.00 48.37 46.26 43.49 39.55 33.43 22.00 
47.00 61.46 60.64 58.07 56.02 54.60 53.56 52.70 51.92 51.19 50.47 49.73 48.93 48.08 47.27 46.66 46.42 46.64 47.27 48.13 48.98 49.60 49.87 49.76 49.33 48.63 47.72 46.70 45.68 44.83 44.27 44.11 44.34 44.93 45.81 46.93 48.19 49.46 50.59 51.45 51.98 52.21 52.21 52.09 51.92 51.76 51.67 51.73 51.95 52.25 52.45 52.31 51.65 50.43 48.82 47.08 45.53 44.41 43.84 43.83 44.28 45.04 45.99 47.03 48.11 49.16 50.09 50.80 51.17 51.18 50.86 50.35 49.83 49.48 49.40 49.62 50.08 50.67 51.22 51.56 51.53 51.05 50.18 49.08 48.03 47.28 47.00 47.22 47.80 48.53 49.13 49.42 49.29 48.76 47.89 46.85 45.79 44.93 44.39 44.29 44.62 45.33 46.28 47.33 48.36 49.25 49.96 50.45 50.74 50.87 50.89 50.86 50.85 50.93 51.16 51.53 51.99 52.42 52.66 52.65 52.44 52.17 51.99 51.97 52.04 52.05 51.88 51.51 51.00 50.45 49.98 49.63 49.40 49.26 49.20 49.26 49.52 50.05 50.85 51.83 52.88 53.87 54.69 55.21 55.35 55.12 54.61 54.02 53.53 53.24 53.14 53.06 52.84 52.36 51.63 50.75 49.89 49.17 48.69 48.48 48.52 48.74 49.04 49.33 49.47 49.34 48.92 48.25 47.53 46.99 46.80 47.02 47.52 48.09 48.53 48.74 48.72 48.54 48.27 47.98 47.71 47.53 47.48 47.59 47.87 48.34 48.98 49.76 50.59 51.33 51.79 51.83 51.37 50.44 49.17 47.64 45.81 43.42 40.42 41.00 
93.00 71.70 62.91 58.55 56.20 54.80 53.83 53.00 52.21 51.44 50.68 49.91 49.08 48.20 47.34 46.63 46.24 46.27 46.71 47.41 48.17 48.79 49.13 49.14 48.83 48.22 47.38 46.40 45.42 44.63 44.19 44.20 44.67 45.53 46.65 47.92 49.23 50.43 51.43 52.11 52.45 52.48 52.32 52.06 51.81 51.63 51.62 51.80 52.17 52.57 52.80 52.61 51.84 50.53 48.85 47.09 45.54 44.41 43.80 43.72 44.07 44.74 45.61 46.60 47.67 48.74 49.73 50.50 50.95 51.02 50.75 50.27 49.76 49.38 49.23 49.32 49.61 50.04 50.49 50.81 50.85 50.52 49.84 48.94 48.08 47.52 47.44 47.87 48.69 49.65 50.47 50.94 50.95 50.49 49.64 48.54 47.41 46.45 45.81 45.58 45.76 46.28 47.02 47.84 48.63 49.30 49.79 50.09 50.22 50.25 50.27 50.35 50.55 50.88 51.33 51.85 52.35 52.70 52.80 52.61 52.24 51.85 51.63 51.64 51.79 51.92 51.86 51.56 51.08 50.53 50.04 49.67 49.44 49.32 49.30 49.42 49.75 50.34 51.17 52.15 53.17 54.11 54.85 55.29 55.36 55.04 54.46 53.79 53.23 52.89 52.75 52.66 52.45 52.02 51.36 50.58 49.81 49.18 48.77 48.58 48.59 48.77 49.05 49.33 49.50 49.44 49.07 48.43 47.69 47.10 46.87 47.06 47.59 48.25 48.84 49.24 49.46 49.53 49.47 49.31 49.05 48.74 48.45 48.25 48.23 48.43 48.88 49.53 50.27 50.96 51.43 51.55 51.27 50.67 49.93 49.28 48.80 48.04 43.94 21.00 
89.00 69.67 61.14 57.46 55.77 54.84 54.11 53.37 52.58 51.77 50.96 50.14 49.28 48.36 47.44 46.61 46.03 45.81 45.97 46.45 47.07 47.67 48.10 48.26 48.12 47.68 46.97 46.09 45.20 44.51 44.21 44.41 45.13 46.25 47.62 49.05 50.40 51.52 52.31 52.73 52.77 52.52 52.12 51.68 51.32 51.13 51.17 51.46 51.93 52.39 52.61 52.36 51.54 50.20 48.56 46.89 45.45 44.39 43.81 43.69 43.96 44.53 45.30 46.21 47.23 48.30 49.30 50.11 50.59 50.67 50.42 49.94 49.41 48.98 48.72 48.66 48.78 49.07 49.44 49.78 49.94 49.79 49.33 48.67 48.04 47.68 47.78 48.37 49.36 50.48 51.49 52.15 52.33 52.01 51.26 50.21 49.06 48.01 47.24 46.84 46.80 47.06 47.51 48.03 48.53 48.93 49.18 49.27 49.25 49.21 49.27 49.51 49.97 50.59 51.29 51.97 52.50 52.77 52.72 52.36 51.83 51.35 51.09 51.13 51.35 51.57 51.61 51.37 50.91 50.35 49.84 49.45 49.22 49.12 49.15 49.34 49.75 50.40 51.26 52.24 53.21 54.06 54.68 55.00 54.95 54.55 53.91 53.21 52.64 52.32 52.22 52.20 52.09 51.78 51.26 50.62 49.99 49.46 49.09 48.89 48.84 48.95 49.18 49.46 49.66 49.64 49.30 48.66 47.87 47.22 46.95 47.17 47.79 48.61 49.41 50.06 50.54 50.85 50.97 50.89 50.60 50.11 49.52 48.95 48.55 48.41 48.57 48.98 49.56 50.14 50.59 50.78 50.71 50.48 50.35 50.71 52.20 56.13 66.40 98.00 
68.00 56.91 54.68 54.50 54.66 54.66 54.35 53.76 52.98 52.13 51.26 50.40 49.50 48.55 47.57 46.63 45.85 45.35 45.22 45.42 45.87 46.42 46.93 47.27 47.36 47.14 46.63 45.93 45.19 44.64 44.48 44.84 45.74 47.07 48.63 50.18 51.53 52.52 53.07 53.17 52.89 52.34 51.70 51.11 50.68 50.48 50.56 50.90 51.38 51.82 51.98 51.67 50.82 49.54 48.05 46.58 45.34 44.44 43.94 43.82 44.03 44.50 45.16 45.98 46.92 47.93 48.90 49.67 50.12 50.18 49.89 49.39 48.82 48.32 47.95 47.74 47.71 47.86 48.18 48.56 48.84 48.88 48.65 48.22 47.80 47.62 47.85 48.56 49.62 50.84 51.97 52.78 53.14 53.00 52.41 51.47 50.36 49.27 48.38 47.78 47.50 47.48 47.62 47.84 48.04 48.17 48.20 48.11 47.96 47.88 48.00 48.40 49.10 50.00 50.94 51.75 52.31 52.51 52.32 51.82 51.19 50.64 50.37 50.41 50.67 50.93 51.00 50.80 50.36 49.81 49.30 48.94 48.73 48.67 48.76 49.01 49.49 50.19 51.07 52.03 52.93 53.68 54.19 54.39 54.25 53.78 53.11 52.41 51.90 51.65 51.65 51.75 51.79 51.66 51.33 50.88 50.41 50.00 49.67 49.43 49.30 49.31 49.47 49.72 49.93 49.93 49.59 48.91 48.07 47.36 47.07 47.34 48.09 49.10 50.14 51.05 51.76 52.25 52.49 52.43 52.04 51.35 50.45 49.52 48.72 48.20 48.03 48.16 48.51 48.95 49.34 49.60 49.72 49.81 50.13 51.09 53.35 58.11 67.64 84.00 
8.00 35.24 46.03 51.00 53.43 54.48 54.63 54.20 53.43 52.52 51.59 50.68 49.77 48.80 47.79 46.76 45.82 45.09 44.66 44.59 44.84 45.31 45.88 46.39 46.71 46.76 46.51 46.04 45.51 45.11 45.06 45.51 46.49 47.91 49.53 51.11 52.40 53.23 53.54 53.35 52.79 52.02 51.24 50.59 50.14 49.96 50.05 50.35 50.76 51.08 51.12 50.72 49.88 48.71 47.42 46.22 45.25 44.58 44.23 44.17 44.35 44.73 45.27 45.97 46.79 47.68 48.51 49.16 49.49 49.45 49.10 48.55 47.93 47.36 46.89 46.55 46.39 46.44 46.72 47.12 47.50 47.70 47.64 47.40 47.16 47.12 47.45 48.20 49.29 50.52 51.70 52.61 53.13 53.18 52.77 51.99 50.97 49.88 48.90 48.13 47.62 47.33 47.20 47.15 47.10 47.02 46.86 46.63 46.40 46.30 46.46 47.00 47.88 48.97 50.08 50.99 51.56 51.70 51.43 50.86 50.17 49.60 49.31 49.34 49.57 49.79 49.84 49.62 49.20 48.69 48.26 47.98 47.87 47.91 48.08 48.41 48.93 49.66 50.54 51.46 52.29 52.96 53.38 53.51 53.32 52.83 52.17 51.53 51.08 50.94 51.06 51.31 51.53 51.60 51.49 51.26 50.97 50.67 50.38 50.10 49.87 49.76 49.82 50.01 50.20 50.20 49.85 49.14 48.26 47.53 47.25 47.58 48.44 49.63 50.87 51.97 52.85 53.44 53.71 53.60 53.09 52.20 51.03 49.78 48.65 47.79 47.29 47.14 47.26 47.53 47.86 48.16 48.44 48.77 49.33 50.40 52.29 55.58 62.21 82.00 
3.00 29.81 42.82 49.51 53.01 54.65 55.07 54.72 53.93 52.95 51.96 51.01 50.08 49.14 48.15 47.12 46.10 45.19 44.53 44.20 44.23 44.60 45.19 45.83 46.37 46.68 46.71 46.50 46.18 45.91 45.90 46.33 47.26 48.61 50.18 51.69 52.86 53.52 53.62 53.23 52.50 51.65 50.86 50.26 49.89 49.75 49.81 50.02 50.27 50.40 50.26 49.76 48.92 47.87 46.80 45.87 45.20 44.81 44.65 44.70 44.89 45.20 45.62 46.15 46.77 47.41 47.97 48.34 48.43 48.22 47.75 47.14 46.48 45.87 45.33 44.89 44.63 44.61 44.84 45.25 45.67 45.95 46.01 45.90 45.79 45.86 46.25 47.01 48.06 49.26 50.41 51.37 51.99 52.20 51.98 51.38 50.49 49.45 48.42 47.53 46.84 46.35 46.00 45.74 45.51 45.26 44.99 44.67 44.40 44.29 44.48 45.08 46.05 47.25 48.43 49.38 49.94 50.05 49.74 49.15 48.47 47.91 47.61 47.58 47.72 47.84 47.79 47.53 47.12 46.70 46.42 46.33 46.43 46.67 47.01 47.46 48.05 48.80 49.65 50.53 51.31 51.93 52.32 52.43 52.25 51.79 51.19 50.61 50.24 50.19 50.43 50.83 51.23 51.50 51.62 51.61 51.52 51.34 51.08 50.75 50.40 50.15 50.09 50.19 50.34 50.32 49.98 49.29 48.43 47.72 47.48 47.87 48.82 50.10 51.46 52.66 53.59 54.19 54.41 54.21 53.56 52.50 51.14 49.67 48.29 47.18 46.43 46.05 45.96 46.09 46.37 46.71 47.12 47.62 48.31 49.26 50.26 50.09 43.80 12.00 
26.00 37.86 45.32 50.43 53.63 55.27 55.71 55.33 54.46 53.41 52.34 51.36 50.45 49.58 48.69 47.74 46.74 45.77 44.95 44.42 44.25 44.49 45.04 45.75 46.45 46.99 47.28 47.30 47.15 46.94 46.88 47.16 47.90 49.07 50.47 51.84 52.87 53.40 53.37 52.88 52.13 51.33 50.66 50.20 49.95 49.87 49.89 49.98 50.03 49.94 49.61 49.00 48.15 47.19 46.29 45.61 45.22 45.10 45.17 45.35 45.58 45.83 46.10 46.38 46.66 46.86 46.92 46.79 46.47 45.98 45.35 44.67 44.00 43.38 42.81 42.34 42.02 41.94 42.13 42.50 42.90 43.18 43.27 43.24 43.21 43.35 43.78 44.53 45.52 46.63 47.71 48.64 49.30 49.62 49.57 49.15 48.41 47.48 46.47 45.52 44.71 44.08 43.59 43.19 42.84 42.51 42.17 41.83 41.55 41.44 41.64 42.25 43.22 44.41 45.58 46.51 47.04 47.13 46.82 46.25 45.62 45.09 44.77 44.67 44.67 44.64 44.46 44.14 43.77 43.49 43.43 43.64 44.10 44.71 45.39 46.08 46.82 47.62 48.48 49.32 50.07 50.67 51.07 51.22 51.11 50.73 50.21 49.70 49.39 49.41 49.74 50.26 50.82 51.30 51.64 51.85 51.93 51.86 51.61 51.21 50.73 50.33 50.12 50.11 50.21 50.19 49.90 49.29 48.54 47.94 47.77 48.20 49.17 50.45 51.80 52.98 53.87 54.40 54.52 54.20 53.43 52.26 50.78 49.19 47.69 46.44 45.54 45.01 44.80 44.85 45.10 45.50 46.01 46.65 47.49 48.59 49.91 51.10 51.14 47.00 
70.00 49.90 49.40 52.27 54.77 56.15 56.45 55.96 54.99 53.84 52.71 51.70 50.85 50.11 49.38 48.60 47.72 46.78 45.91 45.24 44.92 45.01 45.48 46.20 46.99 47.69 48.17 48.37 48.31 48.07 47.85 47.87 48.31 49.20 50.39 51.59 52.52 52.97 52.90 52.43 51.77 51.14 50.66 50.39 50.27 50.23 50.21 50.15 50.02 49.74 49.26 48.56 47.69 46.78 46.01 45.52 45.35 45.46 45.75 46.07 46.33 46.49 46.54 46.45 46.17 45.64 44.85 43.89 42.95 42.07 41.26 40.52 39.87 39.28 38.74 38.28 37.95 37.84 37.97 38.26 38.58 38.81 38.89 38.88 38.90 39.09 39.53 40.23 41.12 42.11 43.06 43.90 44.53 44.90 44.96 44.70 44.14 43.35 42.43 41.51 40.68 39.99 39.42 38.96 38.56 38.20 37.86 37.53 37.27 37.18 37.37 37.93 38.83 39.92 41.00 41.86 42.34 42.40 42.12 41.61 41.04 40.55 40.22 40.04 39.91 39.74 39.45 39.10 38.78 38.67 38.89 39.51 40.50 41.76 43.04 44.21 45.26 46.23 47.14 47.99 48.73 49.34 49.77 50.00 49.98 49.72 49.28 48.84 48.58 48.63 49.01 49.62 50.31 50.97 51.52 51.92 52.15 52.16 51.91 51.43 50.81 50.23 49.86 49.73 49.77 49.78 49.59 49.15 48.60 48.18 48.12 48.57 49.46 50.63 51.85 52.91 53.69 54.11 54.13 53.72 52.87 51.63 50.12 48.49 46.96 45.67 44.72 44.15 43.91 43.96 44.25 44.70 45.29 46.03 47.00 48.32 50.25 53.70 62.91 98.00 
21.00 41.81 49.18 53.30 55.79 56.98 57.11 56.48 55.41 54.18 53.00 52.01 51.25 50.67 50.15 49.60 48.91 48.09 47.24 46.52 46.08 46.05 46.41 47.09 47.90 48.68 49.27 49.57 49.52 49.17 48.70 48.38 48.46 49.04 50.00 51.07 51.94 52.39 52.37 52.01 51.52 51.09 50.82 50.72 50.70 50.68 50.60 50.42 50.15 49.75 49.19 48.45 47.59 46.73 46.04 45.66 45.65 45.94 46.38 46.79 47.04 47.05 46.77 46.13 45.03 43.36 41.21 38.94 37.14 35.81 34.83 34.08 33.48 32.97 32.52 32.12 31.83 31.70 31.77 31.97 32.19 32.33 32.37 32.37 32.41 32.61 33.02 33.63 34.39 35.20 35.98 36.66 37.20 37.55 37.67 37.54 37.14 36.53 35.77 34.96 34.21 33.55 33.00 32.55 32.17 31.83 31.53 31.25 31.03 30.96 31.13 31.61 32.37 33.29 34.20 34.92 35.32 35.37 35.12 34.70 34.22 33.80 33.48 33.26 33.05 32.79 32.45 32.11 31.88 31.93 32.43 33.49 35.22 37.52 39.86 41.87 43.49 44.79 45.85 46.75 47.50 48.12 48.59 48.89 48.97 48.81 48.48 48.10 47.87 47.92 48.32 48.98 49.77 50.58 51.29 51.85 52.20 52.25 51.98 51.40 50.64 49.90 49.36 49.12 49.10 49.15 49.11 48.92 48.64 48.44 48.51 48.93 49.68 50.63 51.62 52.48 53.12 53.45 53.41 52.96 52.09 50.86 49.36 47.76 46.25 44.99 44.08 43.56 43.40 43.53 43.90 44.43 45.08 45.85 46.82 48.10 49.67 51.01 49.05 28.00 
45.00 46.56 51.12 54.57 56.68 57.57 57.50 56.74 55.61 54.35 53.18 52.25 51.61 51.21 50.94 50.62 50.15 49.48 48.71 47.99 47.50 47.37 47.64 48.23 49.00 49.80 50.43 50.74 50.62 50.09 49.34 48.67 48.39 48.68 49.45 50.44 51.30 51.80 51.89 51.68 51.38 51.14 51.06 51.08 51.12 51.09 50.93 50.67 50.31 49.87 49.31 48.62 47.81 47.01 46.38 46.08 46.16 46.55 47.07 47.50 47.67 47.45 46.74 45.37 43.12 39.83 35.60 31.22 28.40 26.73 25.70 25.03 24.55 24.17 23.84 23.54 23.32 23.22 23.24 23.35 23.47 23.54 23.55 23.54 23.59 23.76 24.08 24.55 25.11 25.69 26.25 26.74 27.13 27.40 27.52 27.47 27.22 26.80 26.26 25.66 25.08 24.56 24.12 23.75 23.44 23.18 22.95 22.75 22.60 22.55 22.68 23.03 23.59 24.27 24.94 25.47 25.76 25.79 25.61 25.29 24.94 24.62 24.36 24.15 23.94 23.68 23.38 23.11 22.97 23.14 23.80 25.21 27.78 31.84 35.87 39.18 41.68 43.49 44.82 45.81 46.57 47.18 47.65 47.99 48.15 48.10 47.86 47.55 47.33 47.38 47.76 48.43 49.29 50.19 51.02 51.69 52.09 52.16 51.84 51.18 50.31 49.44 48.77 48.41 48.35 48.45 48.59 48.67 48.69 48.74 48.91 49.26 49.80 50.45 51.14 51.79 52.31 52.60 52.57 52.17 51.35 50.17 48.73 47.19 45.74 44.54 43.72 43.31 43.28 43.56 44.06 44.67 45.35 46.10 47.02 48.25 49.93 52.08 54.54 58.00 
31.00 47.65 52.97 55.71 57.22 57.74 57.46 56.63 55.49 54.29 53.21 52.41 51.93 51.73 51.68 51.58 51.30 50.79 50.12 49.44 48.94 48.75 48.92 49.41 50.10 50.84 51.44 51.69 51.46 50.75 49.74 48.78 48.22 48.29 48.92 49.85 50.73 51.31 51.50 51.43 51.29 51.22 51.27 51.39 51.46 51.39 51.17 50.84 50.44 50.01 49.53 48.94 48.25 47.54 46.97 46.72 46.85 47.27 47.80 48.18 48.22 47.72 46.49 44.26 40.65 35.28 28.00 19.74 16.31 14.80 14.05 13.61 13.33 13.12 12.94 12.78 12.66 12.60 12.60 12.65 12.70 12.72 12.72 12.71 12.74 12.84 13.03 13.28 13.59 13.90 14.20 14.46 14.67 14.82 14.89 14.88 14.76 14.55 14.26 13.93 13.61 13.31 13.06 12.85 12.67 12.53 12.40 12.29 12.21 12.19 12.26 12.45 12.76 13.13 13.49 13.78 13.94 13.95 13.85 13.68 13.48 13.30 13.16 13.03 12.89 12.73 12.55 12.39 12.34 12.50 13.04 14.33 17.39 24.76 31.38 36.44 40.06 42.53 44.19 45.30 46.07 46.63 47.06 47.40 47.60 47.63 47.49 47.24 47.05 47.07 47.42 48.07 48.93 49.87 50.75 51.46 51.87 51.92 51.56 50.84 49.91 48.96 48.21 47.78 47.68 47.85 48.15 48.48 48.78 49.04 49.27 49.52 49.80 50.12 50.51 50.94 51.37 51.68 51.76 51.49 50.82 49.76 48.41 46.94 45.55 44.43 43.69 43.40 43.53 43.97 44.61 45.32 46.01 46.69 47.47 48.56 50.28 53.26 59.26 74.00 
80.00 59.42 56.24 56.60 57.22 57.34 56.91 56.08 55.05 54.00 53.11 52.50 52.22 52.22 52.36 52.45 52.32 51.93 51.35 50.73 50.25 50.02 50.10 50.46 51.03 51.66 52.16 52.31 51.95 51.09 49.91 48.77 48.05 47.99 48.54 49.44 50.33 50.94 51.20 51.21 51.17 51.21 51.38 51.57 51.68 51.60 51.33 50.95 50.54 50.15 49.77 49.31 48.76 48.16 47.68 47.47 47.61 48.03 48.52 48.82 48.70 47.92 46.19 43.13 38.20 30.67 19.50 1.95 0.91 0.79 0.74 0.72 0.70 0.69 0.68 0.67 0.67 0.67 0.67 0.67 0.67 0.67 0.67 0.67 0.67 0.68 0.69 0.70 0.72 0.73 0.75 0.76 0.77 0.78 0.79 0.79 0.78 0.77 0.75 0.74 0.72 0.70 0.69 0.68 0.67 0.66 0.65 0.65 0.64 0.64 0.65 0.66 0.67 0.69 0.71 0.73 0.74 0.74 0.73 0.72 0.71 0.70 0.69 0.69 0.68 0.67 0.66 0.65 0.65 0.66 0.69 0.80 1.72 17.22 27.23 34.16 38.91 42.05 44.04 45.26 46.00 46.49 46.85 47.16 47.39 47.50 47.44 47.26 47.07 47.06 47.33 47.91 48.72 49.64 50.51 51.20 51.59 51.59 51.19 50.44 49.50 48.56 47.79 47.33 47.23 47.44 47.87 48.40 48.91 49.31 49.57 49.67 49.68 49.69 49.79 50.05 50.43 50.83 51.07 51.01 50.54 49.66 48.46 47.09 45.76 44.68 44.01 43.80 44.05 44.64 45.41 46.19 46.86 47.41 47.93 48.61 49.73 51.73 55.40 63.00 
48.00 53.22 54.92 55.94 56.41 56.36 55.89 55.17 54.35 53.56 52.93 52.56 52.50 52.70 53.01 53.23 53.21 52.92 52.42 51.86 51.39 51.11 51.09 51.31 51.71 52.18 52.53 52.54 52.07 51.12 49.88 48.71 47.98 47.91 48.44 49.31 50.17 50.75 50.99 51.00 50.98 51.09 51.34 51.63 51.80 51.75 51.48 51.07 50.65 50.30 50.00 49.67 49.24 48.76 48.36 48.19 48.34 48.73 49.16 49.39 49.14 48.12 46.01 42.32 36.47 27.87 16.03 0.90 0.09 0.04 0.04 0.04 0.04 0.04 0.04 0.04 0.04 0.04 0.04 0.04 0.04 0.04 0.04 0.04 0.04 0.04 0.04 0.04 0.04 0.04 0.04 0.04 0.04 0.04 0.04 0.04 0.04 0.04 0.04 0.04 0.04 0.04 0.04 0.04 0.04 0.03 0.03 0.03 0.03 0.03 0.03 0.03 0.04 0.04 0.04 0.04 0.04 0.04 0.04 0.04 0.04 0.04 0.04 0.04 0.04 0.04 0.03 0.03 0.03 0.03 0.04 0.08 0.80 14.27 24.95 32.88 38.44 42.09 44.33 45.62 46.32 46.73 47.02 47.31 47.58 47.77 47.79 47.65 47.45 47.36 47.51 47.98 48.70 49.55 50.37 51.00 51.32 51.26 50.81 50.06 49.14 48.25 47.52 47.09 46.99 47.24 47.74 48.39 49.03 49.51 49.74 49.70 49.47 49.21 49.09 49.21 49.58 50.08 50.51 50.70 50.48 49.84 48.83 47.58 46.33 45.27 44.61 44.44 44.75 45.43 46.27 47.08 47.69 48.05 48.20 48.27 48.41 48.61 47.64 37.00 
43.00 50.09 53.55 54.89 55.22 55.04 54.61 54.07 53.53 53.05 52.72 52.61 52.78 53.16 53.62 53.95 54.03 53.81 53.37 52.84 52.37 52.04 51.90 51.95 52.16 52.43 52.59 52.46 51.90 50.93 49.75 48.70 48.09 48.11 48.68 49.52 50.30 50.76 50.89 50.81 50.75 50.88 51.21 51.60 51.87 51.90 51.66 51.26 50.85 50.51 50.25 50.00 49.67 49.29 48.96 48.83 48.96 49.31 49.68 49.84 49.49 48.33 45.96 41.87 35.51 26.44 14.63 0.78 0.04 0.00 0.00 0.00 0.00 0.00 0.00 0.00 0.00 0.00 0.00 0.00 0.00 0.00 0.00 0.00 0.00 0.00 0.00 0.00 0.00 0.00 0.00 0.00 0.00 0.00 0.00 0.00 0.00 0.00 0.00 0.00 0.00 0.00 0.00 0.00 0.00 0.00 0.00 0.00 0.00 0.00 0.00 0.00 0.00 0.00 0.00 0.00 0.00 0.00 0.00 0.00 0.00 0.00 0.00 0.00 0.00 0.00 0.00 0.00 0.00 0.00 0.00 0.04 0.70 13.26 24.07 32.50 38.56 42.54 44.95 46.26 46.93 47.29 47.56 47.88 48.22 48.49 48.58 48.46 48.20 47.99 47.99 48.31 48.90 49.65 50.40 50.96 51.20 51.04 50.52 49.74 48.84 48.00 47.35 46.96 46.89 47.15 47.68 48.37 49.05 49.55 49.74 49.59 49.19 48.73 48.44 48.46 48.83 49.43 50.05 50.48 50.54 50.15 49.35 48.27 47.10 46.08 45.41 45.23 45.54 46.23 47.07 47.84 48.33 48.45 48.18 47.59 46.83 46.51 49.46 69.00 
35.00 50.37 53.89 54.39 54.12 53.69 53.29 52.98 52.75 52.59 52.55 52.68 53.04 53.59 54.17 54.61 54.76 54.60 54.20 53.69 53.20 52.79 52.52 52.41 52.43 52.49 52.47 52.19 51.57 50.66 49.65 48.83 48.45 48.63 49.26 50.06 50.71 51.00 50.95 50.72 50.57 50.68 51.05 51.54 51.92 52.05 51.89 51.53 51.12 50.78 50.54 50.33 50.08 49.78 49.51 49.39 49.49 49.76 50.05 50.12 49.70 48.44 45.93 41.62 35.01 25.76 14.06 0.74 0.04 0.00 0.00 0.00 0.00 0.00 0.00 0.00 0.00 0.00 0.00 0.00 0.00 0.00 0.00 0.00 0.00 0.00 0.00 0.00 0.00 0.00 0.00 0.00 0.00 0.00 0.00 0.00 0.00 0.00 0.00 0.00 0.00 0.00 0.00 0.00 0.00 0.00 0.00 0.00 0.00 0.00 0.00 0.00 0.00 0.00 0.00 0.00 0.00 0.00 0.00 0.00 0.00 0.00 0.00 0.00 0.00 0.00 0.00 0.00 0.00 0.00 0.00 0.04 0.69 13.03 23.95 32.69 39.02 43.19 45.68 47.02 47.69 48.08 48.41 48.81 49.26 49.63 49.77 49.63 49.28 48.93 48.76 48.91 49.37 50.03 50.70 51.18 51.32 51.04 50.40 49.53 48.60 47.77 47.15 46.80 46.75 47.00 47.52 48.20 48.89 49.39 49.55 49.34 48.83 48.26 47.85 47.81 48.18 48.86 49.63 50.26 50.55 50.41 49.82 48.91 47.85 46.89 46.25 46.05 46.32 46.95 47.72 48.38 48.71 48.57 47.88 46.54 44.36 40.82 34.52 20.00 
78.00 62.47 57.19 54.67 53.25 52.47 52.11 52.03 52.10 52.23 52.43 52.76 53.27 53.94 54.62 55.13 55.34 55.23 54.85 54.35 53.82 53.34 52.96 52.70 52.55 52.44 52.24 51.85 51.23 50.44 49.67 49.16 49.07 49.45 50.14 50.87 51.36 51.44 51.18 50.78 50.52 50.59 50.97 51.50 51.96 52.18 52.09 51.78 51.39 51.06 50.84 50.68 50.50 50.28 50.07 49.95 49.98 50.12 50.25 50.18 49.64 48.31 45.71 41.32 34.62 25.35 13.76 0.73 0.04 0.00 0.00 0.00 0.00 0.00 0.00 0.00 0.00 0.00 0.00 0.00 0.00 0.00 0.00 0.00 0.00 0.00 0.00 0.00 0.00 0.00 0.00 0.00 0.00 0.00 0.00 0.00 0.00 0.00 0.00 0.00 0.00 0.00 0.00 0.00 0.00 0.00 0.00 0.00 0.00 0.00 0.00 0.00 0.00 0.00 0.00 0.00 0.00 0.00 0.00 0.00 0.00 0.00 0.00 0.00 0.00 0.00 0.00 0.00 0.00 0.00 0.00 0.04 0.69 13.08 24.13 33.04 39.51 43.77 46.31 47.71 48.48 48.98 49.46 50.01 50.58 51.03 51.20 51.02 50.58 50.08 49.76 49.77 50.12 50.69 51.29 51.68 51.70 51.28 50.48 49.44 48.39 47.50 46.85 46.51 46.45 46.68 47.17 47.82 48.50 49.01 49.19 48.97 48.44 47.81 47.34 47.25 47.61 48.33 49.20 49.98 50.44 50.47 50.05 49.28 48.36 47.50 46.91 46.73 46.98 47.54 48.20 48.72 48.87 48.52 47.53 45.74 42.73 37.52 27.59 6.00 
72.00 64.44 57.97 54.21 52.20 51.30 51.08 51.26 51.60 51.97 52.35 52.81 53.41 54.15 54.89 55.45 55.69 55.59 55.22 54.71 54.15 53.61 53.16 52.81 52.54 52.29 51.97 51.51 50.93 50.32 49.85 49.68 49.91 50.47 51.20 51.83 52.12 51.99 51.52 50.97 50.62 50.63 50.98 51.50 51.97 52.21 52.15 51.88 51.53 51.24 51.08 51.01 50.95 50.84 50.69 50.55 50.46 50.40 50.30 49.99 49.28 47.82 45.16 40.75 34.08 24.90 13.49 0.71 0.04 0.00 0.00 0.00 0.00 0.00 0.00 0.00 0.00 0.00 0.00 0.00 0.00 0.00 0.00 0.00 0.00 0.00 0.00 0.00 0.00 0.00 0.00 0.00 0.00 0.00 0.00 0.00 0.00 0.00 0.00 0.00 0.00 0.00 0.00 0.00 0.00 0.00 0.00 0.00 0.00 0.00 0.00 0.00 0.00 0.00 0.00 0.00 0.00 0.00 0.00 0.00 0.00 0.00 0.00 0.00 0.00 0.00 0.00 0.00 0.00 0.00 0.00 0.04 0.69 13.15 24.29 33.25 39.77 44.08 46.69 48.20 49.14 49.85 50.54 51.26 51.95 52.46 52.63 52.40 51.88 51.28 50.86 50.77 51.04 51.54 52.07 52.37 52.27 51.68 50.68 49.44 48.21 47.18 46.45 46.06 45.98 46.19 46.65 47.29 47.98 48.53 48.76 48.59 48.07 47.42 46.90 46.77 47.11 47.86 48.79 49.64 50.17 50.27 49.92 49.25 48.43 47.70 47.24 47.14 47.41 47.93 48.50 48.89 48.92 48.46 47.42 45.67 42.93 38.64 32.18 26.00 
92.00 65.55 56.50 52.58 50.75 50.09 50.15 50.61 51.21 51.76 52.26 52.79 53.44 54.19 54.93 55.48 55.70 55.59 55.21 54.68 54.11 53.57 53.09 52.71 52.38 52.04 51.64 51.15 50.65 50.26 50.11 50.30 50.82 51.55 52.28 52.77 52.86 52.51 51.89 51.25 50.85 50.81 51.10 51.53 51.90 52.06 51.96 51.68 51.37 51.17 51.14 51.24 51.36 51.42 51.36 51.19 50.95 50.63 50.21 49.59 48.61 46.98 44.24 39.84 33.26 24.27 13.14 0.69 0.04 0.00 0.00 0.00 0.00 0.00 0.00 0.00 0.00 0.00 0.00 0.00 0.00 0.00 0.00 0.00 0.00 0.00 0.00 0.00 0.00 0.00 0.00 0.00 0.00 0.00 0.00 0.00 0.00 0.00 0.00 0.00 0.00 0.00 0.00 0.00 0.00 0.00 0.00 0.00 0.00 0.00 0.00 0.00 0.00 0.00 0.00 0.00 0.00 0.00 0.00 0.00 0.00 0.00 0.00 0.00 0.00 0.00 0.00 0.00 0.00 0.00 0.00 0.04 0.69 13.13 24.24 33.17 39.67 44.00 46.71 48.40 49.58 50.55 51.47 52.35 53.12 53.64 53.77 53.51 52.95 52.33 51.88 51.76 51.98 52.42 52.86 53.07 52.84 52.09 50.91 49.49 48.07 46.88 46.05 45.60 45.49 45.69 46.16 46.81 47.53 48.14 48.44 48.33 47.83 47.16 46.61 46.44 46.76 47.50 48.44 49.29 49.80 49.85 49.46 48.79 48.04 47.44 47.14 47.19 47.55 48.09 48.63 48.97 48.97 48.54 47.67 46.37 44.56 41.86 36.45 18.00 
38.00 49.53 50.43 49.58 48.93 48.85 49.30 50.04 50.84 51.54 52.12 52.67 53.31 54.02 54.70 55.18 55.35 55.19 54.80 54.27 53.71 53.20 52.76 52.39 52.04 51.67 51.22 50.73 50.33 50.17 50.34 50.88 51.67 52.53 53.23 53.57 53.45 52.94 52.22 51.55 51.14 51.09 51.29 51.57 51.74 51.70 51.46 51.13 50.87 50.80 50.97 51.31 51.68 51.94 51.99 51.81 51.40 50.80 50.03 49.05 47.76 45.90 43.05 38.65 32.21 23.48 12.70 0.67 0.04 0.00 0.00 0.00 0.00 0.00 0.00 0.00 0.00 0.00 0.00 0.00 0.00 0.00 0.00 0.00 0.00 0.00 0.00 0.00 0.00 0.00 0.00 0.00 0.00 0.00 0.00 0.00 0.00 0.00 0.00 0.00 0.00 0.00 0.00 0.00 0.00 0.00 0.00 0.00 0.00 0.00 0.00 0.00 0.00 0.00 0.00 0.00 0.00 0.00 0.00 0.00 0.00 0.00 0.00 0.00 0.00 0.00 0.00 0.00 0.00 0.00 0.00 0.04 0.69 12.97 23.94 32.76 39.19 43.54 46.37 48.29 49.74 50.97 52.09 53.09 53.87 54.34 54.43 54.14 53.61 53.05 52.66 52.56 52.77 53.15 53.50 53.59 53.25 52.39 51.10 49.56 48.03 46.74 45.82 45.33 45.23 45.47 45.97 46.67 47.43 48.07 48.41 48.32 47.83 47.13 46.53 46.30 46.59 47.32 48.23 49.02 49.41 49.31 48.78 48.02 47.28 46.79 46.65 46.89 47.40 48.04 48.63 49.01 49.08 48.81 48.29 47.68 47.28 47.98 53.91 86.00 
35.00 44.40 46.65 47.10 47.32 47.80 48.58 49.54 50.48 51.26 51.88 52.43 53.01 53.63 54.20 54.57 54.66 54.46 54.05 53.54 53.03 52.57 52.19 51.87 51.54 51.16 50.69 50.24 49.95 49.99 50.45 51.28 52.31 53.28 53.94 54.15 53.88 53.25 52.50 51.86 51.50 51.44 51.54 51.61 51.50 51.18 50.73 50.30 50.07 50.16 50.57 51.19 51.85 52.33 52.50 52.31 51.76 50.91 49.81 48.49 46.89 44.79 41.80 37.41 31.10 22.64 12.24 0.65 0.03 0.00 0.00 0.00 0.00 0.00 0.00 0.00 0.00 0.00 0.00 0.00 0.00 0.00 0.00 0.00 0.00 0.00 0.00 0.00 0.00 0.00 0.00 0.00 0.00 0.00 0.00 0.00 0.00 0.00 0.00 0.00 0.00 0.00 0.00 0.00 0.00 0.00 0.00 0.00 0.00 0.00 0.00 0.00 0.00 0.00 0.00 0.00 0.00 0.00 0.00 0.00 0.00 0.00 0.00 0.00 0.00 0.00 0.00 0.00 0.00 0.00 0.00 0.04 0.67 12.72 23.46 32.10 38.44 42.80 45.77 47.91 49.61 51.07 52.33 53.36 54.10 54.48 54.51 54.23 53.78 53.34 53.07 53.06 53.28 53.61 53.87 53.86 53.43 52.53 51.22 49.68 48.16 46.86 45.95 45.49 45.44 45.75 46.32 47.06 47.84 48.48 48.79 48.65 48.10 47.33 46.66 46.39 46.63 47.31 48.16 48.84 49.07 48.76 48.03 47.12 46.34 45.91 45.92 46.34 47.03 47.81 48.52 49.01 49.24 49.23 49.11 49.11 49.36 49.35 45.47 19.00 
58.00 46.66 45.15 45.50 46.20 47.08 48.11 49.19 50.18 50.98 51.59 52.10 52.59 53.08 53.51 53.76 53.76 53.52 53.12 52.64 52.18 51.78 51.47 51.20 50.91 50.55 50.11 49.70 49.52 49.72 50.41 51.48 52.70 53.77 54.43 54.56 54.20 53.52 52.78 52.22 51.93 51.86 51.84 51.67 51.25 50.60 49.89 49.34 49.13 49.37 50.02 50.92 51.82 52.49 52.77 52.58 51.94 50.91 49.57 47.99 46.14 43.85 40.75 36.34 30.15 21.91 11.83 0.62 0.03 0.00 0.00 0.00 0.00 0.00 0.00 0.00 0.00 0.00 0.00 0.00 0.00 0.00 0.00 0.00 0.00 0.00 0.00 0.00 0.00 0.00 0.00 0.00 0.00 0.00 0.00 0.00 0.00 0.00 0.00 0.00 0.00 0.00 0.00 0.00 0.00 0.00 0.00 0.00 0.00 0.00 0.00 0.00 0.00 0.00 0.00 0.00 0.00 0.00 0.00 0.00 0.00 0.00 0.00 0.00 0.00 0.00 0.00 0.00 0.00 0.00 0.00 0.03 0.66 12.42 22.91 31.34 37.58 41.95 45.03 47.34 49.24 50.85 52.17 53.16 53.79 54.06 54.03 53.78 53.46 53.19 53.10 53.21 53.47 53.77 53.96 53.87 53.41 52.55 51.33 49.93 48.53 47.34 46.53 46.16 46.21 46.62 47.27 48.04 48.78 49.33 49.53 49.26 48.59 47.72 46.97 46.63 46.81 47.42 48.18 48.72 48.78 48.27 47.34 46.29 45.43 45.02 45.14 45.69 46.53 47.45 48.30 48.96 49.40 49.68 50.02 50.77 52.36 55.23 60.03 71.00 
35.00 39.26 42.12 44.08 45.54 46.80 47.97 49.07 50.03 50.78 51.34 51.77 52.15 52.50 52.77 52.90 52.82 52.55 52.16 51.72 51.29 50.94 50.66 50.44 50.20 49.90 49.53 49.20 49.10 49.44 50.28 51.51 52.88 54.06 54.76 54.88 54.49 53.82 53.13 52.64 52.41 52.33 52.19 51.78 51.05 50.08 49.12 48.44 48.24 48.60 49.43 50.52 51.59 52.38 52.72 52.55 51.87 50.77 49.33 47.62 45.64 43.23 40.06 35.64 29.51 21.43 11.56 0.61 0.03 0.00 0.00 0.00 0.00 0.00 0.00 0.00 0.00 0.00 0.00 0.00 0.00 0.00 0.00 0.00 0.00 0.00 0.00 0.00 0.00 0.00 0.00 0.00 0.00 0.00 0.00 0.00 0.00 0.00 0.00 0.00 0.00 0.00 0.00 0.00 0.00 0.00 0.00 0.00 0.00 0.00 0.00 0.00 0.00 0.00 0.00 0.00 0.00 0.00 0.00 0.00 0.00 0.00 0.00 0.00 0.00 0.00 0.00 0.00 0.00 0.00 0.00 0.03 0.64 12.14 22.38 30.64 36.76 41.12 44.27 46.70 48.70 50.36 51.66 52.55 53.03 53.18 53.10 52.91 52.73 52.67 52.77 53.02 53.35 53.66 53.81 53.70 53.28 52.53 51.50 50.32 49.15 48.16 47.51 47.27 47.45 47.96 48.66 49.41 50.06 50.45 50.45 50.00 49.17 48.18 47.34 46.92 47.02 47.53 48.17 48.59 48.52 47.87 46.81 45.65 44.73 44.31 44.46 45.09 46.02 47.04 48.00 48.81 49.45 50.01 50.75 52.13 54.85 59.90 68.87 84.00 
13.00 33.30 40.16 43.44 45.50 47.01 48.25 49.29 50.14 50.78 51.23 51.56 51.81 52.01 52.15 52.16 52.01 51.72 51.33 50.91 50.49 50.13 49.86 49.66 49.48 49.27 49.01 48.78 48.78 49.20 50.14 51.48 52.97 54.24 55.01 55.18 54.82 54.18 53.55 53.13 52.94 52.82 52.56 51.94 50.93 49.70 48.54 47.75 47.54 47.97 48.89 50.05 51.15 51.95 52.30 52.15 51.52 50.46 49.07 47.39 45.42 43.01 39.82 35.40 29.29 21.25 11.47 0.60 0.03 0.00 0.00 0.00 0.00 0.00 0.00 0.00 0.00 0.00 0.00 0.00 0.00 0.00 0.00 0.00 0.00 0.00 0.00 0.00 0.00 0.00 0.00 0.00 0.00 0.00 0.00 0.00 0.00 0.00 0.00 0.00 0.00 0.00 0.00 0.00 0.00 0.00 0.00 0.00 0.00 0.00 0.00 0.00 0.00 0.00 0.00 0.00 0.00 0.00 0.00 0.00 0.00 0.00 0.00 0.00 0.00 0.00 0.00 0.00 0.00 0.00 0.00 0.03 0.63 11.91 21.97 30.09 36.13 40.45 43.60 46.05 48.06 49.69 50.89 51.63 51.95 51.98 51.86 51.74 51.72 51.85 52.14 52.54 52.96 53.30 53.47 53.40 53.08 52.51 51.73 50.84 49.94 49.19 48.72 48.62 48.89 49.46 50.17 50.85 51.35 51.53 51.30 50.65 49.67 48.58 47.66 47.15 47.15 47.55 48.08 48.40 48.27 47.59 46.50 45.31 44.37 43.92 44.05 44.67 45.59 46.63 47.65 48.55 49.33 50.08 51.05 52.68 55.73 61.41 72.00 93.00 
50.00 40.67 41.64 43.98 46.06 47.66 48.88 49.81 50.50 51.00 51.33 51.53 51.66 51.74 51.75 51.67 51.47 51.15 50.74 50.29 49.84 49.44 49.13 48.93 48.80 48.70 48.57 48.47 48.57 49.07 50.06 51.47 53.03 54.39 55.25 55.49 55.18 54.59 54.00 53.61 53.42 53.25 52.87 52.08 50.89 49.48 48.18 47.32 47.10 47.52 48.43 49.53 50.54 51.25 51.55 51.42 50.89 49.99 48.79 47.29 45.48 43.16 40.03 35.62 29.48 21.39 11.54 0.61 0.03 0.00 0.00 0.00 0.00 0.00 0.00 0.00 0.00 0.00 0.00 0.00 0.00 0.00 0.00 0.00 0.00 0.00 0.00 0.00 0.00 0.00 0.00 0.00 0.00 0.00 0.00 0.00 0.00 0.00 0.00 0.00 0.00 0.00 0.00 0.00 0.00 0.00 0.00 0.00 0.00 0.00 0.00 0.00 0.00 0.00 0.00 0.00 0.00 0.00 0.00 0.00 0.00 0.00 0.00 0.00 0.00 0.00 0.00 0.00 0.00 0.00 0.00 0.03 0.62 11.78 21.73 29.75 35.73 40.00 43.10 45.49 47.41 48.91 49.96 50.52 50.69 50.61 50.48 50.43 50.56 50.87 51.32 51.83 52.33 52.72 52.94 52.97 52.80 52.47 51.98 51.39 50.77 50.24 49.91 49.91 50.22 50.79 51.43 51.99 52.31 52.28 51.85 51.04 49.96 48.81 47.85 47.27 47.17 47.45 47.87 48.16 48.05 47.45 46.47 45.36 44.44 43.96 44.00 44.52 45.35 46.32 47.31 48.23 49.07 49.88 50.84 52.25 54.62 58.64 65.13 74.00 
29.00 37.47 41.27 44.31 46.70 48.43 49.63 50.45 51.00 51.36 51.57 51.68 51.71 51.69 51.62 51.47 51.22 50.86 50.41 49.89 49.37 48.88 48.50 48.28 48.21 48.20 48.21 48.25 48.46 49.03 50.07 51.51 53.12 54.54 55.47 55.76 55.50 54.94 54.36 53.96 53.74 53.52 53.05 52.16 50.86 49.36 48.01 47.12 46.87 47.25 48.04 48.99 49.81 50.36 50.57 50.46 50.06 49.40 48.48 47.29 45.74 43.62 40.59 36.20 30.00 21.78 11.75 0.62 0.03 0.00 0.00 0.00 0.00 0.00 0.00 0.00 0.00 0.00 0.00 0.00 0.00 0.00 0.00 0.00 0.00 0.00 0.00 0.00 0.00 0.00 0.00 0.00 0.00 0.00 0.00 0.00 0.00 0.00 0.00 0.00 0.00 0.00 0.00 0.00 0.00 0.00 0.00 0.00 0.00 0.00 0.00 0.00 0.00 0.00 0.00 0.00 0.00 0.00 0.00 0.00 0.00 0.00 0.00 0.00 0.00 0.00 0.00 0.00 0.00 0.00 0.00 0.03 0.62 11.74 21.67 29.68 35.63 39.83 42.82 45.06 46.81 48.12 48.96 49.35 49.38 49.24 49.12 49.15 49.41 49.84 50.40 50.98 51.51 51.94 52.23 52.39 52.42 52.35 52.17 51.87 51.50 51.13 50.90 50.91 51.19 51.67 52.20 52.60 52.73 52.52 51.96 51.08 49.99 48.87 47.91 47.29 47.09 47.26 47.62 47.92 47.93 47.54 46.77 45.83 44.99 44.48 44.40 44.74 45.39 46.20 47.07 47.93 48.74 49.51 50.27 51.15 52.28 53.85 56.17 61.00 
47.00 38.45 40.84 44.36 47.15 49.04 50.24 50.97 51.42 51.68 51.82 51.87 51.86 51.81 51.70 51.51 51.22 50.81 50.29 49.69 49.06 48.47 48.02 47.77 47.72 47.79 47.91 48.08 48.40 49.05 50.13 51.59 53.20 54.64 55.59 55.91 55.67 55.10 54.51 54.07 53.79 53.51 52.98 52.05 50.74 49.25 47.93 47.05 46.78 47.07 47.72 48.45 49.04 49.40 49.50 49.40 49.15 48.75 48.17 47.33 46.10 44.23 41.36 37.00 30.72 22.33 12.05 0.64 0.03 0.00 0.00 0.00 0.00 0.00 0.00 0.00 0.00 0.00 0.00 0.00 0.00 0.00 0.00 0.00 0.00 0.00 0.00 0.00 0.00 0.00 0.00 0.00 0.00 0.00 0.00 0.00 0.00 0.00 0.00 0.00 0.00 0.00 0.00 0.00 0.00 0.00 0.00 0.00 0.00 0.00 0.00 0.00 0.00 0.00 0.00 0.00 0.00 0.00 0.00 0.00 0.00 0.00 0.00 0.00 0.00 0.00 0.00 0.00 0.00 0.00 0.00 0.03 0.62 11.83 21.83 29.90 35.85 39.98 42.82 44.84 46.33 47.39 48.02 48.24 48.18 48.01 47.93 48.06 48.42 48.94 49.53 50.10 50.62 51.04 51.38 51.67 51.92 52.12 52.23 52.21 52.04 51.79 51.59 51.55 51.72 52.05 52.41 52.63 52.60 52.27 51.65 50.80 49.80 48.78 47.90 47.27 46.99 47.07 47.39 47.76 47.97 47.87 47.41 46.72 46.01 45.48 45.26 45.37 45.76 46.33 47.01 47.74 48.46 49.12 49.63 49.90 49.70 48.51 44.84 34.00 
4.00 27.87 38.26 43.90 47.27 49.29 50.47 51.14 51.53 51.77 51.91 51.99 52.01 51.97 51.87 51.68 51.37 50.92 50.33 49.64 48.91 48.22 47.70 47.41 47.37 47.49 47.70 47.97 48.40 49.12 50.23 51.67 53.25 54.63 55.54 55.83 55.56 54.96 54.32 53.81 53.46 53.13 52.58 51.68 50.43 49.05 47.81 46.99 46.71 46.93 47.42 47.94 48.32 48.49 48.49 48.41 48.29 48.13 47.86 47.37 46.47 44.86 42.14 37.83 31.47 22.90 12.37 0.65 0.03 0.00 0.00 0.00 0.00 0.00 0.00 0.00 0.00 0.00 0.00 0.00 0.00 0.00 0.00 0.00 0.00 0.00 0.00 0.00 0.00 0.00 0.00 0.00 0.00 0.00 0.00 0.00 0.00 0.00 0.00 0.00 0.00 0.00 0.00 0.00 0.00 0.00 0.00 0.00 0.00 0.00 0.00 0.00 0.00 0.00 0.00 0.00 0.00 0.00 0.00 0.00 0.00 0.00 0.00 0.00 0.00 0.00 0.00 0.00 0.00 0.00 0.00 0.03 0.64 12.04 22.23 30.42 36.42 40.48 43.12 44.87 46.06 46.84 47.24 47.33 47.21 47.07 47.07 47.30 47.73 48.28 48.84 49.34 49.77 50.14 50.50 50.90 51.35 51.81 52.18 52.38 52.38 52.21 52.00 51.87 51.89 52.04 52.19 52.22 52.05 51.65 51.06 50.32 49.50 48.66 47.89 47.29 46.96 46.95 47.25 47.72 48.17 48.41 48.32 47.94 47.39 46.87 46.51 46.36 46.45 46.73 47.18 47.73 48.33 48.86 49.18 49.02 48.02 45.59 40.66 32.00 
8.00 30.16 39.32 44.36 47.39 49.20 50.24 50.85 51.24 51.53 51.76 51.94 52.06 52.10 52.05 51.88 51.57 51.09 50.45 49.68 48.86 48.10 47.53 47.22 47.17 47.33 47.59 47.95 48.47 49.26 50.38 51.77 53.24 54.50 55.30 55.50 55.16 54.49 53.75 53.15 52.72 52.33 51.80 50.99 49.88 48.66 47.57 46.85 46.61 46.77 47.14 47.50 47.70 47.73 47.66 47.58 47.56 47.59 47.57 47.37 46.74 45.36 42.79 38.52 32.11 23.39 12.64 0.67 0.04 0.00 0.00 0.00 0.00 0.00 0.00 0.00 0.00 0.00 0.00 0.00 0.00 0.00 0.00 0.00 0.00 0.00 0.00 0.00 0.00 0.00 0.00 0.00 0.00 0.00 0.00 0.00 0.00 0.00 0.00 0.00 0.00 0.00 0.00 0.00 0.00 0.00 0.00 0.00 0.00 0.00 0.00 0.00 0.00 0.00 0.00 0.00 0.00 0.00 0.00 0.00 0.00 0.00 0.00 0.00 0.00 0.00 0.00 0.00 0.00 0.00 0.00 0.03 0.65 12.36 22.82 31.21 37.28 41.27 43.71 45.17 46.04 46.53 46.73 46.71 46.59 46.52 46.62 46.93 47.41 47.95 48.44 48.82 49.12 49.40 49.74 50.22 50.81 51.47 52.05 52.44 52.57 52.47 52.25 52.03 51.90 51.85 51.79 51.65 51.35 50.92 50.39 49.81 49.21 48.58 47.96 47.41 47.03 46.96 47.23 47.80 48.49 49.06 49.35 49.28 48.93 48.43 47.95 47.57 47.37 47.37 47.56 47.92 48.39 48.82 49.01 48.68 47.46 44.85 40.06 32.00 
70.00 44.88 43.55 45.67 47.57 48.84 49.62 50.15 50.58 50.99 51.38 51.73 51.99 52.14 52.15 52.02 51.72 51.22 50.55 49.73 48.86 48.07 47.48 47.18 47.15 47.33 47.64 48.08 48.68 49.53 50.65 51.95 53.26 54.33 54.94 54.98 54.51 53.72 52.87 52.14 51.61 51.18 50.70 50.02 49.11 48.10 47.21 46.63 46.44 46.59 46.88 47.13 47.22 47.17 47.06 46.99 47.04 47.19 47.34 47.33 46.89 45.67 43.20 38.97 32.53 23.72 12.82 0.68 0.04 0.00 0.00 0.00 0.00 0.00 0.00 0.00 0.00 0.00 0.00 0.00 0.00 0.00 0.00 0.00 0.00 0.00 0.00 0.00 0.00 0.00 0.00 0.00 0.00 0.00 0.00 0.00 0.00 0.00 0.00 0.00 0.00 0.00 0.00 0.00 0.00 0.00 0.00 0.00 0.00 0.00 0.00 0.00 0.00 0.00 0.00 0.00 0.00 0.00 0.00 0.00 0.00 0.00 0.00 0.00 0.00 0.00 0.00 0.00 0.00 0.00 0.00 0.04 0.67 12.75 23.52 32.13 38.30 42.23 44.49 45.68 46.25 46.50 46.54 46.46 46.36 46.37 46.57 46.96 47.46 47.97 48.37 48.63 48.79 48.97 49.26 49.75 50.43 51.20 51.92 52.44 52.68 52.65 52.44 52.17 51.93 51.71 51.47 51.16 50.76 50.30 49.85 49.43 49.03 48.62 48.15 47.66 47.26 47.12 47.36 47.99 48.86 49.72 50.31 50.52 50.36 49.92 49.35 48.80 48.36 48.11 48.09 48.28 48.63 48.97 49.10 48.76 47.73 45.84 42.44 33.00 
3.00 35.43 43.65 46.38 47.62 48.31 48.79 49.23 49.72 50.29 50.89 51.43 51.85 52.10 52.17 52.06 51.75 51.24 50.54 49.71 48.83 48.06 47.51 47.25 47.27 47.50 47.88 48.40 49.09 50.00 51.09 52.28 53.39 54.22 54.59 54.42 53.77 52.81 51.80 50.92 50.28 49.83 49.42 48.90 48.23 47.47 46.79 46.37 46.26 46.41 46.65 46.84 46.87 46.78 46.67 46.64 46.75 46.97 47.20 47.28 46.94 45.79 43.38 39.17 32.72 23.87 12.91 0.68 0.04 0.00 0.00 0.00 0.00 0.00 0.00 0.00 0.00 0.00 0.00 0.00 0.00 0.00 0.00 0.00 0.00 0.00 0.00 0.00 0.00 0.00 0.00 0.00 0.00 0.00 0.00 0.00 0.00 0.00 0.00 0.00 0.00 0.00 0.00 0.00 0.00 0.00 0.00 0.00 0.00 0.00 0.00 0.00 0.00 0.00 0.00 0.00 0.00 0.00 0.00 0.00 0.00 0.00 0.00 0.00 0.00 0.00 0.00 0.00 0.00 0.00 0.00 0.04 0.69 13.12 24.20 33.03 39.29 43.20 45.31 46.28 46.63 46.69 46.63 46.53 46.49 46.58 46.85 47.28 47.79 48.26 48.60 48.77 48.85 48.94 49.17 49.62 50.28 51.06 51.82 52.41 52.74 52.80 52.66 52.40 52.10 51.77 51.39 50.93 50.44 49.95 49.56 49.27 49.06 48.82 48.49 48.05 47.64 47.44 47.65 48.30 49.27 50.30 51.11 51.52 51.49 51.11 50.51 49.85 49.27 48.85 48.67 48.74 48.98 49.23 49.28 48.94 48.20 47.75 50.51 69.00 
51.00 49.99 48.93 48.25 47.93 47.86 47.99 48.35 48.92 49.66 50.45 51.16 51.69 52.01 52.10 51.98 51.64 51.10 50.38 49.54 48.70 48.00 47.54 47.38 47.49 47.81 48.28 48.90 49.69 50.65 51.73 52.81 53.73 54.30 54.40 53.97 53.09 51.93 50.72 49.69 48.94 48.47 48.14 47.81 47.38 46.88 46.43 46.16 46.13 46.29 46.50 46.63 46.63 46.55 46.47 46.49 46.65 46.91 47.18 47.28 46.95 45.81 43.41 39.21 32.76 23.90 12.93 0.68 0.04 0.00 0.00 0.00 0.00 0.00 0.00 0.00 0.00 0.00 0.00 0.00 0.00 0.00 0.00 0.00 0.00 0.00 0.00 0.00 0.00 0.00 0.00 0.00 0.00 0.00 0.00 0.00 0.00 0.00 0.00 0.00 0.00 0.00 0.00 0.00 0.00 0.00 0.00 0.00 0.00 0.00 0.00 0.00 0.00 0.00 0.00 0.00 0.00 0.00 0.00 0.00 0.00 0.00 0.00 0.00 0.00 0.00 0.00 0.00 0.00 0.00 0.00 0.04 0.71 13.42 24.75 33.75 40.10 43.99 46.02 46.85 47.06 47.01 46.91 46.84 46.86 47.02 47.33 47.77 48.27 48.72 49.05 49.21 49.27 49.32 49.49 49.85 50.41 51.09 51.79 52.37 52.75 52.92 52.89 52.73 52.45 52.08 51.60 51.04 50.46 49.95 49.59 49.39 49.30 49.18 48.95 48.56 48.15 47.93 48.09 48.73 49.73 50.83 51.73 52.22 52.26 51.91 51.31 50.61 49.97 49.48 49.23 49.22 49.37 49.52 49.42 48.84 47.66 45.82 42.49 30.00 
98.00 64.57 53.79 49.78 48.14 47.49 47.41 47.74 48.41 49.29 50.22 51.03 51.62 51.93 51.98 51.79 51.38 50.78 50.04 49.22 48.45 47.86 47.55 47.53 47.77 48.21 48.79 49.51 50.40 51.42 52.50 53.50 54.24 54.58 54.41 53.72 52.60 51.22 49.82 48.63 47.78 47.30 47.06 46.91 46.71 46.46 46.22 46.10 46.13 46.28 46.44 46.51 46.49 46.42 46.41 46.50 46.72 47.02 47.29 47.36 46.99 45.83 43.41 39.21 32.77 23.91 12.94 0.68 0.04 0.00 0.00 0.00 0.00 0.00 0.00 0.00 0.00 0.00 0.00 0.00 0.00 0.00 0.00 0.00 0.00 0.00 0.00 0.00 0.00 0.00 0.00 0.00 0.00 0.00 0.00 0.00 0.00 0.00 0.00 0.00 0.00 0.00 0.00 0.00 0.00 0.00 0.00 0.00 0.00 0.00 0.00 0.00 0.00 0.00 0.00 0.00 0.00 0.00 0.00 0.00 0.00 0.00 0.00 0.00 0.00 0.00 0.00 0.00 0.00 0.00 0.00 0.04 0.72 13.62 25.11 34.24 40.65 44.55 46.53 47.29 47.42 47.34 47.24 47.23 47.33 47.53 47.85 48.28 48.76 49.22 49.60 49.83 49.95 50.02 50.14 50.38 50.76 51.26 51.80 52.31 52.72 52.99 53.12 53.10 52.93 52.59 52.08 51.45 50.81 50.27 49.91 49.75 49.71 49.66 49.47 49.12 48.73 48.51 48.66 49.28 50.26 51.33 52.20 52.68 52.71 52.35 51.75 51.07 50.43 49.95 49.70 49.66 49.76 49.80 49.51 48.64 47.01 44.75 43.27 51.00 
58.00 56.56 52.03 49.21 47.76 47.14 47.10 47.52 48.30 49.30 50.31 51.14 51.70 51.92 51.85 51.54 51.02 50.34 49.56 48.77 48.10 47.66 47.51 47.67 48.06 48.62 49.31 50.13 51.09 52.17 53.26 54.19 54.81 54.96 54.57 53.66 52.33 50.76 49.20 47.88 46.96 46.47 46.30 46.29 46.29 46.24 46.20 46.21 46.30 46.43 46.51 46.52 46.46 46.41 46.45 46.63 46.93 47.27 47.53 47.56 47.14 45.94 43.50 39.30 32.85 23.98 12.98 0.68 0.04 0.00 0.00 0.00 0.00 0.00 0.00 0.00 0.00 0.00 0.00 0.00 0.00 0.00 0.00 0.00 0.00 0.00 0.00 0.00 0.00 0.00 0.00 0.00 0.00 0.00 0.00 0.00 0.00 0.00 0.00 0.00 0.00 0.00 0.00 0.00 0.00 0.00 0.00 0.00 0.00 0.00 0.00 0.00 0.00 0.00 0.00 0.00 0.00 0.00 0.00 0.00 0.00 0.00 0.00 0.00 0.00 0.00 0.00 0.00 0.00 0.00 0.00 0.04 0.73 13.74 25.33 34.53 40.99 44.92 46.89 47.62 47.72 47.62 47.56 47.61 47.75 47.98 48.28 48.66 49.12 49.62 50.09 50.47 50.71 50.85 50.94 51.05 51.23 51.49 51.83 52.22 52.62 52.99 53.29 53.46 53.45 53.21 52.73 52.10 51.42 50.84 50.46 50.28 50.22 50.15 49.96 49.62 49.26 49.07 49.25 49.86 50.80 51.80 52.59 52.99 52.94 52.55 51.94 51.28 50.70 50.28 50.07 50.05 50.13 50.08 49.64 48.47 46.22 42.26 34.51 14.00 
64.00 51.68 48.68 47.54 47.01 46.86 47.08 47.69 48.61 49.69 50.73 51.52 51.96 52.03 51.78 51.29 50.62 49.83 49.01 48.26 47.70 47.42 47.45 47.77 48.31 48.98 49.76 50.65 51.66 52.76 53.84 54.73 55.26 55.28 54.75 53.70 52.25 50.58 48.93 47.53 46.56 46.05 45.91 45.98 46.11 46.24 46.35 46.49 46.63 46.74 46.75 46.68 46.57 46.52 46.62 46.88 47.25 47.63 47.90 47.90 47.44 46.20 43.76 39.54 33.08 24.16 13.08 0.69 0.04 0.00 0.00 0.00 0.00 0.00 0.00 0.00 0.00 0.00 0.00 0.00 0.00 0.00 0.00 0.00 0.00 0.00 0.00 0.00 0.00 0.00 0.00 0.00 0.00 0.00 0.00 0.00 0.00 0.00 0.00 0.00 0.00 0.00 0.00 0.00 0.00 0.00 0.00 0.00 0.00 0.00 0.00 0.00 0.00 0.00 0.00 0.00 0.00 0.00 0.00 0.00 0.00 0.00 0.00 0.00 0.00 0.00 0.00 0.00 0.00 0.00 0.00 0.04 0.73 13.82 25.49 34.76 41.28 45.24 47.21 47.92 48.00 47.89 47.84 47.91 48.07 48.28 48.52 48.82 49.24 49.77 50.36 50.90 51.32 51.57 51.67 51.69 51.68 51.71 51.84 52.08 52.45 52.89 53.36 53.75 53.94 53.86 53.47 52.85 52.16 51.53 51.09 50.84 50.70 50.56 50.32 49.97 49.63 49.49 49.71 50.35 51.26 52.20 52.91 53.20 53.07 52.61 51.99 51.37 50.85 50.51 50.38 50.41 50.48 50.40 49.88 48.63 46.39 42.93 38.16 33.00 
14.00 37.45 43.47 45.38 46.17 46.69 47.30 48.14 49.21 50.36 51.39 52.09 52.37 52.24 51.78 51.08 50.23 49.32 48.45 47.73 47.27 47.14 47.34 47.81 48.48 49.25 50.09 51.01 52.03 53.11 54.14 54.97 55.43 55.39 54.82 53.75 52.30 50.65 49.01 47.61 46.61 46.06 45.90 45.99 46.18 46.41 46.66 46.91 47.11 47.21 47.16 47.01 46.84 46.78 46.92 47.24 47.68 48.10 48.38 48.36 47.88 46.64 44.19 39.97 33.46 24.45 13.24 0.70 0.04 0.00 0.00 0.00 0.00 0.00 0.00 0.00 0.00 0.00 0.00 0.00 0.00 0.00 0.00 0.00 0.00 0.00 0.00 0.00 0.00 0.00 0.00 0.00 0.00 0.00 0.00 0.00 0.00 0.00 0.00 0.00 0.00 0.00 0.00 0.00 0.00 0.00 0.00 0.00 0.00 0.00 0.00 0.00 0.00 0.00 0.00 0.00 0.00 0.00 0.00 0.00 0.00 0.00 0.00 0.00 0.00 0.00 0.00 0.00 0.00 0.00 0.00 0.04 0.73 13.91 25.67 35.03 41.63 45.65 47.64 48.33 48.35 48.19 48.10 48.14 48.26 48.39 48.51 48.70 49.04 49.57 50.26 50.97 51.57 51.97 52.15 52.13 52.01 51.88 51.83 51.95 52.26 52.75 53.36 53.94 54.35 54.45 54.18 53.61 52.90 52.22 51.69 51.33 51.08 50.82 50.49 50.10 49.77 49.67 49.96 50.64 51.57 52.48 53.13 53.35 53.14 52.64 52.01 51.42 50.98 50.73 50.67 50.75 50.85 50.75 50.22 49.03 47.03 44.33 41.87 44.00 
48.00 40.54 42.22 44.25 45.66 46.68 47.63 48.70 49.90 51.11 52.10 52.71 52.84 52.51 51.83 50.90 49.85 48.80 47.86 47.16 46.80 46.80 47.14 47.75 48.52 49.38 50.26 51.19 52.16 53.16 54.10 54.85 55.25 55.22 54.70 53.74 52.44 50.93 49.41 48.07 47.08 46.49 46.27 46.30 46.48 46.77 47.11 47.45 47.72 47.83 47.74 47.51 47.28 47.19 47.33 47.69 48.18 48.64 48.93 48.93 48.45 47.22 44.77 40.53 33.96 24.83 13.45 0.71 0.04 0.00 0.00 0.00 0.00 0.00 0.00 0.00 0.00 0.00 0.00 0.00 0.00 0.00 0.00 0.00 0.00 0.00 0.00 0.00 0.00 0.00 0.00 0.00 0.00 0.00 0.00 0.00 0.00 0.00 0.00 0.00 0.00 0.00 0.00 0.00 0.00 0.00 0.00 0.00 0.00 0.00 0.00 0.00 0.00 0.00 0.00 0.00 0.00 0.00 0.00 0.00 0.00 0.00 0.00 0.00 0.00 0.00 0.00 0.00 0.00 0.00 0.00 0.04 0.74 14.03 25.90 35.39 42.11 46.21 48.23 48.89 48.84 48.59 48.40 48.33 48.33 48.31 48.27 48.30 48.52 49.01 49.75 50.59 51.38 51.96 52.27 52.33 52.20 52.01 51.86 51.88 52.14 52.65 53.35 54.09 54.68 54.93 54.77 54.25 53.53 52.78 52.15 51.68 51.30 50.93 50.51 50.06 49.72 49.65 49.99 50.72 51.68 52.60 53.23 53.42 53.19 52.67 52.06 51.52 51.16 51.00 51.02 51.14 51.24 51.13 50.61 49.50 47.66 44.93 40.68 33.00 
18.00 34.29 40.29 43.44 45.36 46.71 47.90 49.14 50.44 51.69 52.66 53.20 53.21 52.72 51.84 50.70 49.45 48.24 47.23 46.53 46.24 46.35 46.82 47.54 48.41 49.32 50.24 51.14 52.03 52.91 53.72 54.37 54.74 54.76 54.40 53.67 52.62 51.37 50.06 48.86 47.92 47.29 46.98 46.91 47.03 47.31 47.69 48.09 48.40 48.52 48.39 48.11 47.82 47.69 47.81 48.17 48.67 49.16 49.49 49.52 49.07 47.87 45.43 41.16 34.51 25.25 13.68 0.72 0.04 0.00 0.00 0.00 0.00 0.00 0.00 0.00 0.00 0.00 0.00 0.00 0.00 0.00 0.00 0.00 0.00 0.00 0.00 0.00 0.00 0.00 0.00 0.00 0.00 0.00 0.00 0.00 0.00 0.00 0.00 0.00 0.00 0.00 0.00 0.00 0.00 0.00 0.00 0.00 0.00 0.00 0.00 0.00 0.00 0.00 0.00 0.00 0.00 0.00 0.00 0.00 0.00 0.00 0.00 0.00 0.00 0.00 0.00 0.00 0.00 0.00 0.00 0.04 0.75 14.14 26.13 35.77 42.63 46.85 48.93 49.56 49.43 49.05 48.70 48.47 48.28 48.07 47.84 47.68 47.76 48.17 48.91 49.86 50.81 51.59 52.09 52.31 52.30 52.16 52.01 52.00 52.22 52.72 53.45 54.26 54.95 55.30 55.21 54.71 53.96 53.14 52.42 51.86 51.39 50.95 50.47 49.98 49.62 49.56 49.91 50.67 51.65 52.58 53.22 53.41 53.19 52.70 52.14 51.70 51.44 51.37 51.45 51.60 51.68 51.54 51.01 50.02 48.56 46.55 42.67 29.00 
42.00 38.09 40.84 43.45 45.30 46.71 47.99 49.31 50.67 51.92 52.88 53.38 53.32 52.74 51.72 50.41 48.99 47.64 46.55 45.85 45.62 45.83 46.40 47.21 48.14 49.08 49.98 50.82 51.60 52.34 53.00 53.56 53.93 54.08 53.95 53.52 52.82 51.90 50.86 49.86 49.00 48.37 47.98 47.80 47.82 48.03 48.38 48.77 49.08 49.18 49.02 48.70 48.36 48.17 48.25 48.59 49.09 49.59 49.94 50.01 49.62 48.46 46.04 41.75 35.02 25.63 13.89 0.73 0.04 0.00 0.00 0.00 0.00 0.00 0.00 0.00 0.00 0.00 0.00 0.00 0.00 0.00 0.00 0.00 0.00 0.00 0.00 0.00 0.00 0.00 0.00 0.00 0.00 0.00 0.00 0.00 0.00 0.00 0.00 0.00 0.00 0.00 0.00 0.00 0.00 0.00 0.00 0.00 0.00 0.00 0.00 0.00 0.00 0.00 0.00 0.00 0.00 0.00 0.00 0.00 0.00 0.00 0.00 0.00 0.00 0.00 0.00 0.00 0.00 0.00 0.00 0.04 0.75 14.21 26.31 36.09 43.10 47.45 49.60 50.24 50.03 49.50 48.97 48.52 48.12 47.71 47.29 46.97 46.91 47.24 47.95 48.95 50.03 51.01 51.74 52.18 52.37 52.38 52.34 52.36 52.57 53.04 53.74 54.54 55.23 55.58 55.49 54.98 54.18 53.30 52.52 51.90 51.41 50.96 50.47 49.98 49.62 49.55 49.88 50.60 51.55 52.46 53.08 53.28 53.10 52.68 52.24 51.93 51.81 51.85 52.00 52.14 52.18 51.95 51.35 50.41 49.47 49.64 54.22 74.00 
17.00 35.05 41.21 43.86 45.39 46.61 47.83 49.14 50.48 51.72 52.67 53.15 53.10 52.49 51.41 50.01 48.47 47.02 45.89 45.22 45.06 45.36 46.00 46.85 47.77 48.67 49.49 50.20 50.84 51.41 51.95 52.45 52.88 53.20 53.36 53.29 52.97 52.41 51.68 50.90 50.17 49.58 49.16 48.90 48.81 48.90 49.14 49.44 49.67 49.71 49.52 49.16 48.79 48.57 48.60 48.88 49.34 49.83 50.20 50.32 49.97 48.86 46.46 42.15 35.37 25.88 14.03 0.74 0.04 0.00 0.00 0.00 0.00 0.00 0.00 0.00 0.00 0.00 0.00 0.00 0.00 0.00 0.00 0.00 0.00 0.00 0.00 0.00 0.00 0.00 0.00 0.00 0.00 0.00 0.00 0.00 0.00 0.00 0.00 0.00 0.00 0.00 0.00 0.00 0.00 0.00 0.00 0.00 0.00 0.00 0.00 0.00 0.00 0.00 0.00 0.00 0.00 0.00 0.00 0.00 0.00 0.00 0.00 0.00 0.00 0.00 0.00 0.00 0.00 0.00 0.00 0.04 0.75 14.24 26.39 36.26 43.41 47.89 50.13 50.79 50.51 49.85 49.12 48.46 47.86 47.27 46.71 46.29 46.15 46.41 47.10 48.12 49.28 50.41 51.35 52.04 52.47 52.71 52.83 52.95 53.20 53.64 54.27 54.97 55.54 55.81 55.65 55.07 54.22 53.30 52.48 51.86 51.40 50.99 50.57 50.13 49.79 49.69 49.96 50.58 51.42 52.23 52.79 52.99 52.87 52.58 52.30 52.18 52.24 52.42 52.63 52.77 52.72 52.35 51.54 50.26 48.78 47.96 50.41 64.00 
36.00 43.80 44.95 45.24 45.67 46.40 47.42 48.64 49.92 51.11 52.03 52.53 52.53 51.99 50.94 49.53 47.97 46.52 45.41 44.81 44.73 45.10 45.76 46.57 47.39 48.14 48.78 49.30 49.74 50.16 50.60 51.10 51.64 52.19 52.65 52.94 52.99 52.78 52.36 51.82 51.28 50.79 50.39 50.09 49.90 49.84 49.91 50.04 50.13 50.08 49.85 49.48 49.10 48.84 48.81 49.03 49.42 49.86 50.22 50.35 50.04 48.95 46.56 42.25 35.45 25.94 14.05 0.74 0.04 0.00 0.00 0.00 0.00 0.00 0.00 0.00 0.00 0.00 0.00 0.00 0.00 0.00 0.00 0.00 0.00 0.00 0.00 0.00 0.00 0.00 0.00 0.00 0.00 0.00 0.00 0.00 0.00 0.00 0.00 0.00 0.00 0.00 0.00 0.00 0.00 0.00 0.00 0.00 0.00 0.00 0.00 0.00 0.00 0.00 0.00 0.00 0.00 0.00 0.00 0.00 0.00 0.00 0.00 0.00 0.00 0.00 0.00 0.00 0.00 0.00 0.00 0.04 0.75 14.22 26.38 36.31 43.54 48.12 50.45 51.13 50.80 50.01 49.10 48.25 47.49 46.79 46.19 45.76 45.61 45.86 46.53 47.54 48.73 49.94 51.03 51.92 52.59 53.06 53.39 53.67 53.99 54.41 54.94 55.48 55.88 55.99 55.71 55.05 54.15 53.19 52.36 51.76 51.35 51.04 50.73 50.38 50.08 49.96 50.13 50.59 51.23 51.87 52.32 52.50 52.46 52.34 52.29 52.41 52.68 53.01 53.30 53.44 53.31 52.78 51.67 49.81 46.97 42.69 35.31 18.00 
94.00 59.27 49.66 46.63 45.81 46.03 46.82 47.91 49.09 50.19 51.07 51.62 51.72 51.31 50.40 49.08 47.60 46.23 45.23 44.75 44.78 45.19 45.82 46.49 47.10 47.58 47.93 48.19 48.42 48.69 49.08 49.63 50.33 51.11 51.86 52.47 52.84 52.93 52.79 52.50 52.16 51.84 51.53 51.24 50.98 50.76 50.62 50.54 50.46 50.31 50.05 49.68 49.31 49.03 48.94 49.06 49.34 49.70 50.00 50.10 49.78 48.69 46.30 41.99 35.21 25.75 13.95 0.74 0.04 0.00 0.00 0.00 0.00 0.00 0.00 0.00 0.00 0.00 0.00 0.00 0.00 0.00 0.00 0.00 0.00 0.00 0.00 0.00 0.00 0.00 0.00 0.00 0.00 0.00 0.00 0.00 0.00 0.00 0.00 0.00 0.00 0.00 0.00 0.00 0.00 0.00 0.00 0.00 0.00 0.00 0.00 0.00 0.00 0.00 0.00 0.00 0.00 0.00 0.00 0.00 0.00 0.00 0.00 0.00 0.00 0.00 0.00 0.00 0.00 0.00 0.00 0.04 0.75 14.20 26.35 36.28 43.54 48.17 50.54 51.23 50.85 49.94 48.89 47.89 47.04 46.33 45.78 45.43 45.36 45.65 46.31 47.28 48.43 49.64 50.79 51.80 52.66 53.34 53.88 54.32 54.72 55.14 55.56 55.92 56.12 56.05 55.64 54.90 53.96 52.99 52.16 51.58 51.24 51.03 50.84 50.61 50.37 50.22 50.27 50.53 50.94 51.36 51.67 51.83 51.89 51.97 52.18 52.57 53.08 53.58 53.96 54.11 53.94 53.29 52.00 49.77 46.13 40.15 29.94 12.00 
41.00 49.82 48.21 46.29 45.41 45.45 46.10 47.07 48.12 49.12 49.97 50.57 50.81 50.59 49.87 48.75 47.43 46.23 45.41 45.08 45.22 45.66 46.19 46.65 46.95 47.08 47.08 47.04 47.05 47.21 47.59 48.24 49.11 50.11 51.11 51.95 52.55 52.86 52.94 52.88 52.77 52.63 52.46 52.23 51.92 51.57 51.23 50.95 50.71 50.47 50.20 49.87 49.52 49.22 49.04 49.04 49.18 49.41 49.61 49.63 49.26 48.12 45.70 41.40 34.68 25.34 13.72 0.72 0.04 0.00 0.00 0.00 0.00 0.00 0.00 0.00 0.00 0.00 0.00 0.00 0.00 0.00 0.00 0.00 0.00 0.00 0.00 0.00 0.00 0.00 0.00 0.00 0.00 0.00 0.00 0.00 0.00 0.00 0.00 0.00 0.00 0.00 0.00 0.00 0.00 0.00 0.00 0.00 0.00 0.00 0.00 0.00 0.00 0.00 0.00 0.00 0.00 0.00 0.00 0.00 0.00 0.00 0.00 0.00 0.00 0.00 0.00 0.00 0.00 0.00 0.00 0.04 0.75 14.22 26.36 36.27 43.50 48.10 50.46 51.11 50.67 49.66 48.49 47.42 46.55 45.91 45.50 45.32 45.38 45.73 46.38 47.27 48.33 49.46 50.57 51.62 52.58 53.41 54.11 54.67 55.14 55.53 55.85 56.05 56.07 55.84 55.33 54.55 53.61 52.64 51.83 51.28 51.00 50.90 50.83 50.71 50.54 50.37 50.29 50.34 50.51 50.71 50.90 51.06 51.24 51.54 52.01 52.66 53.37 54.03 54.50 54.69 54.52 53.89 52.65 50.53 47.07 41.42 32.08 18.00 
57.00 51.17 47.72 45.71 44.85 44.87 45.45 46.30 47.23 48.12 48.92 49.58 49.96 49.94 49.45 48.55 47.46 46.48 45.86 45.71 45.95 46.38 46.79 47.00 46.96 46.71 46.36 46.03 45.87 45.97 46.40 47.18 48.21 49.39 50.53 51.51 52.22 52.66 52.89 53.01 53.10 53.16 53.13 52.97 52.64 52.19 51.70 51.25 50.90 50.63 50.38 50.10 49.77 49.45 49.18 49.03 49.01 49.09 49.16 49.08 48.61 47.39 44.93 40.62 33.97 24.79 13.41 0.71 0.04 0.00 0.00 0.00 0.00 0.00 0.00 0.00 0.00 0.00 0.00 0.00 0.00 0.00 0.00 0.00 0.00 0.00 0.00 0.00 0.00 0.00 0.00 0.00 0.00 0.00 0.00 0.00 0.00 0.00 0.00 0.00 0.00 0.00 0.00 0.00 0.00 0.00 0.00 0.00 0.00 0.00 0.00 0.00 0.00 0.00 0.00 0.00 0.00 0.00 0.00 0.00 0.00 0.00 0.00 0.00 0.00 0.00 0.00 0.00 0.00 0.00 0.00 0.04 0.75 14.27 26.43 36.29 43.44 47.96 50.23 50.82 50.30 49.22 48.00 46.91 46.11 45.62 45.39 45.40 45.61 46.02 46.64 47.42 48.33 49.31 50.32 51.33 52.30 53.18 53.94 54.55 55.02 55.36 55.57 55.63 55.50 55.17 54.62 53.86 52.96 52.06 51.30 50.80 50.60 50.60 50.66 50.66 50.54 50.34 50.14 50.01 49.97 50.02 50.14 50.34 50.66 51.15 51.83 52.66 53.52 54.28 54.81 55.05 54.95 54.45 53.50 51.96 49.61 45.89 38.69 17.00 
62.00 50.60 46.60 44.94 44.36 44.49 45.04 45.80 46.59 47.36 48.11 48.79 49.28 49.42 49.13 48.45 47.59 46.83 46.42 46.43 46.76 47.19 47.47 47.46 47.13 46.56 45.91 45.37 45.10 45.20 45.72 46.62 47.80 49.07 50.27 51.26 51.98 52.44 52.75 53.00 53.25 53.46 53.55 53.44 53.09 52.57 51.99 51.47 51.09 50.83 50.63 50.41 50.10 49.73 49.35 49.06 48.88 48.81 48.76 48.57 48.01 46.72 44.19 39.87 33.28 24.25 13.11 0.69 0.04 0.00 0.00 0.00 0.00 0.00 0.00 0.00 0.00 0.00 0.00 0.00 0.00 0.00 0.00 0.00 0.00 0.00 0.00 0.00 0.00 0.00 0.00 0.00 0.00 0.00 0.00 0.00 0.00 0.00 0.00 0.00 0.00 0.00 0.00 0.00 0.00 0.00 0.00 0.00 0.00 0.00 0.00 0.00 0.00 0.00 0.00 0.00 0.00 0.00 0.00 0.00 0.00 0.00 0.00 0.00 0.00 0.00 0.00 0.00 0.00 0.00 0.00 0.04 0.76 14.33 26.49 36.30 43.34 47.73 49.89 50.39 49.83 48.72 47.52 46.51 45.83 45.52 45.50 45.68 46.01 46.44 46.98 47.62 48.34 49.13 49.99 50.89 51.79 52.63 53.35 53.90 54.28 54.50 54.58 54.51 54.29 53.92 53.39 52.72 51.93 51.15 50.50 50.12 50.04 50.17 50.37 50.48 50.41 50.19 49.88 49.60 49.43 49.41 49.54 49.82 50.27 50.89 51.68 52.58 53.47 54.24 54.79 55.06 55.06 54.78 54.26 53.53 52.86 53.35 59.47 89.00 
42.00 43.09 43.96 44.09 44.16 44.48 45.03 45.67 46.32 46.97 47.63 48.28 48.80 49.03 48.87 48.36 47.68 47.13 46.90 47.05 47.47 47.92 48.14 47.99 47.47 46.69 45.85 45.19 44.87 45.01 45.63 46.65 47.91 49.22 50.38 51.29 51.91 52.33 52.65 52.96 53.31 53.61 53.76 53.67 53.30 52.74 52.13 51.62 51.27 51.08 50.95 50.77 50.46 50.02 49.54 49.11 48.80 48.63 48.50 48.26 47.64 46.28 43.70 39.35 32.80 23.87 12.89 0.68 0.04 0.00 0.00 0.00 0.00 0.00 0.00 0.00 0.00 0.00 0.00 0.00 0.00 0.00 0.00 0.00 0.00 0.00 0.00 0.00 0.00 0.00 0.00 0.00 0.00 0.00 0.00 0.00 0.00 0.00 0.00 0.00 0.00 0.00 0.00 0.00 0.00 0.00 0.00 0.00 0.00 0.00 0.00 0.00 0.00 0.00 0.00 0.00 0.00 0.00 0.00 0.00 0.00 0.00 0.00 0.00 0.00 0.00 0.00 0.00 0.00 0.00 0.00 0.04 0.76 14.35 26.48 36.20 43.11 47.37 49.43 49.89 49.33 48.30 47.21 46.35 45.86 45.74 45.89 46.20 46.57 46.97 47.39 47.84 48.34 48.93 49.60 50.36 51.13 51.83 52.39 52.76 52.96 53.00 52.92 52.72 52.44 52.08 51.64 51.10 50.50 49.91 49.45 49.25 49.35 49.67 50.03 50.26 50.24 49.99 49.60 49.23 49.01 49.00 49.20 49.59 50.13 50.80 51.58 52.40 53.20 53.87 54.37 54.66 54.76 54.73 54.61 54.45 54.35 54.67 56.56 64.00 
7.00 36.21 42.77 44.19 44.59 44.95 45.43 45.95 46.45 46.95 47.49 48.05 48.51 48.73 48.60 48.18 47.65 47.25 47.18 47.47 47.99 48.50 48.75 48.58 48.00 47.13 46.22 45.50 45.18 45.37 46.06 47.16 48.45 49.73 50.78 51.54 52.02 52.33 52.61 52.95 53.34 53.68 53.83 53.71 53.32 52.76 52.18 51.74 51.48 51.37 51.30 51.13 50.78 50.26 49.67 49.14 48.77 48.56 48.44 48.20 47.59 46.21 43.59 39.21 32.65 23.74 12.82 0.68 0.04 0.00 0.00 0.00 0.00 0.00 0.00 0.00 0.00 0.00 0.00 0.00 0.00 0.00 0.00 0.00 0.00 0.00 0.00 0.00 0.00 0.00 0.00 0.00 0.00 0.00 0.00 0.00 0.00 0.00 0.00 0.00 0.00 0.00 0.00 0.00 0.00 0.00 0.00 0.00 0.00 0.00 0.00 0.00 0.00 0.00 0.00 0.00 0.00 0.00 0.00 0.00 0.00 0.00 0.00 0.00 0.00 0.00 0.00 0.00 0.00 0.00 0.00 0.04 0.75 14.27 26.31 35.91 42.70 46.85 48.87 49.37 48.93 48.07 47.19 46.56 46.29 46.34 46.62 46.98 47.33 47.63 47.87 48.10 48.37 48.73 49.22 49.79 50.38 50.87 51.19 51.31 51.25 51.06 50.79 50.48 50.16 49.84 49.50 49.14 48.76 48.42 48.22 48.28 48.62 49.16 49.71 50.08 50.12 49.85 49.42 49.00 48.78 48.84 49.14 49.63 50.21 50.85 51.50 52.13 52.72 53.21 53.59 53.87 54.08 54.29 54.54 54.81 54.93 53.97 47.84 19.00 
74.00 52.28 47.28 45.98 45.69 45.81 46.13 46.50 46.86 47.22 47.61 48.02 48.35 48.46 48.30 47.91 47.47 47.19 47.24 47.67 48.32 48.96 49.32 49.24 48.71 47.87 46.96 46.23 45.91 46.11 46.82 47.93 49.19 50.38 51.30 51.88 52.19 52.38 52.60 52.93 53.32 53.66 53.79 53.64 53.24 52.72 52.22 51.88 51.73 51.69 51.63 51.42 50.98 50.37 49.70 49.13 48.77 48.62 48.57 48.42 47.86 46.50 43.87 39.46 32.84 23.87 12.88 0.68 0.04 0.00 0.00 0.00 0.00 0.00 0.00 0.00 0.00 0.00 0.00 0.00 0.00 0.00 0.00 0.00 0.00 0.00 0.00 0.00 0.00 0.00 0.00 0.00 0.00 0.00 0.00 0.00 0.00 0.00 0.00 0.00 0.00 0.00 0.00 0.00 0.00 0.00 0.00 0.00 0.00 0.00 0.00 0.00 0.00 0.00 0.00 0.00 0.00 0.00 0.00 0.00 0.00 0.00 0.00 0.00 0.00 0.00 0.00 0.00 0.00 0.00 0.00 0.04 0.74 14.08 25.95 35.41 42.09 46.21 48.27 48.90 48.68 48.10 47.53 47.18 47.13 47.34 47.68 48.02 48.27 48.39 48.41 48.40 48.43 48.58 48.87 49.26 49.63 49.89 49.93 49.75 49.41 48.97 48.53 48.12 47.77 47.49 47.27 47.09 46.94 46.87 46.97 47.31 47.93 48.72 49.47 49.97 50.08 49.83 49.38 48.97 48.79 48.92 49.32 49.86 50.44 50.96 51.41 51.79 52.10 52.36 52.59 52.83 53.13 53.56 54.15 54.97 56.15 58.04 61.59 71.00 
61.00 51.82 48.43 47.19 46.76 46.73 46.90 47.14 47.38 47.61 47.86 48.11 48.27 48.25 48.00 47.60 47.19 47.00 47.18 47.73 48.53 49.34 49.87 49.96 49.56 48.81 47.94 47.21 46.86 47.01 47.67 48.71 49.88 50.94 51.70 52.12 52.28 52.35 52.51 52.81 53.19 53.51 53.63 53.48 53.12 52.69 52.32 52.10 52.03 52.01 51.90 51.59 51.03 50.33 49.63 49.10 48.83 48.81 48.90 48.86 48.38 47.06 44.42 39.96 33.26 24.18 13.05 0.69 0.04 0.00 0.00 0.00 0.00 0.00 0.00 0.00 0.00 0.00 0.00 0.00 0.00 0.00 0.00 0.00 0.00 0.00 0.00 0.00 0.00 0.00 0.00 0.00 0.00 0.00 0.00 0.00 0.00 0.00 0.00 0.00 0.00 0.00 0.00 0.00 0.00 0.00 0.00 0.00 0.00 0.00 0.00 0.00 0.00 0.00 0.00 0.00 0.00 0.00 0.00 0.00 0.00 0.00 0.00 0.00 0.00 0.00 0.00 0.00 0.00 0.00 0.00 0.04 0.73 13.81 25.46 34.75 41.36 45.50 47.69 48.54 48.63 48.40 48.18 48.13 48.31 48.63 48.97 49.23 49.31 49.22 49.00 48.74 48.54 48.49 48.60 48.80 48.97 48.98 48.75 48.29 47.68 47.04 46.45 45.98 45.62 45.39 45.27 45.24 45.31 45.50 45.88 46.50 47.38 48.39 49.32 49.93 50.11 49.90 49.48 49.11 48.99 49.20 49.65 50.21 50.72 51.10 51.33 51.44 51.47 51.48 51.54 51.71 52.04 52.58 53.35 54.44 56.26 60.02 69.23 93.00 
38.00 45.72 47.65 47.82 47.65 47.54 47.59 47.71 47.86 48.01 48.16 48.27 48.28 48.12 47.78 47.33 46.94 46.81 47.07 47.74 48.69 49.66 50.39 50.67 50.45 49.83 49.01 48.27 47.85 47.89 48.41 49.30 50.33 51.24 51.84 52.10 52.14 52.13 52.24 52.51 52.87 53.18 53.30 53.21 52.96 52.68 52.47 52.38 52.36 52.31 52.09 51.62 50.95 50.19 49.52 49.10 49.00 49.16 49.40 49.47 49.05 47.73 45.06 40.54 33.74 24.54 13.24 0.70 0.04 0.00 0.00 0.00 0.00 0.00 0.00 0.00 0.00 0.00 0.00 0.00 0.00 0.00 0.00 0.00 0.00 0.00 0.00 0.00 0.00 0.00 0.00 0.00 0.00 0.00 0.00 0.00 0.00 0.00 0.00 0.00 0.00 0.00 0.00 0.00 0.00 0.00 0.00 0.00 0.00 0.00 0.00 0.00 0.00 0.00 0.00 0.00 0.00 0.00 0.00 0.00 0.00 0.00 0.00 0.00 0.00 0.00 0.00 0.00 0.00 0.00 0.00 0.04 0.71 13.49 24.90 34.04 40.61 44.82 47.18 48.30 48.72 48.86 48.99 49.25 49.62 50.01 50.33 50.46 50.36 50.05 49.60 49.11 48.71 48.47 48.41 48.45 48.44 48.25 47.79 47.10 46.29 45.50 44.82 44.31 43.97 43.78 43.73 43.83 44.07 44.48 45.10 45.96 47.03 48.19 49.23 49.92 50.16 50.01 49.67 49.39 49.36 49.62 50.10 50.62 51.04 51.27 51.30 51.18 50.97 50.76 50.64 50.68 50.95 51.44 52.08 52.85 53.92 56.10 62.03 81.00 
31.00 45.53 48.83 49.05 48.63 48.29 48.14 48.15 48.24 48.35 48.44 48.48 48.39 48.13 47.70 47.19 46.79 46.67 46.99 47.74 48.80 49.92 50.82 51.30 51.27 50.79 50.04 49.29 48.77 48.65 48.98 49.66 50.48 51.20 51.65 51.80 51.76 51.69 51.75 51.98 52.31 52.60 52.77 52.78 52.71 52.63 52.62 52.66 52.68 52.55 52.19 51.57 50.78 50.01 49.44 49.21 49.32 49.68 50.06 50.19 49.75 48.38 45.63 41.02 34.13 24.82 13.40 0.71 0.04 0.00 0.00 0.00 0.00 0.00 0.00 0.00 0.00 0.00 0.00 0.00 0.00 0.00 0.00 0.00 0.00 0.00 0.00 0.00 0.00 0.00 0.00 0.00 0.00 0.00 0.00 0.00 0.00 0.00 0.00 0.00 0.00 0.00 0.00 0.00 0.00 0.00 0.00 0.00 0.00 0.00 0.00 0.00 0.00 0.00 0.00 0.00 0.00 0.00 0.00 0.00 0.00 0.00 0.00 0.00 0.00 0.00 0.00 0.00 0.00 0.00 0.00 0.04 0.70 13.19 24.37 33.38 39.92 44.21 46.74 48.11 48.84 49.32 49.77 50.28 50.81 51.26 51.54 51.55 51.30 50.81 50.17 49.50 48.94 48.55 48.36 48.26 48.11 47.76 47.15 46.30 45.36 44.48 43.76 43.24 42.91 42.76 42.77 42.96 43.33 43.91 44.69 45.70 46.88 48.10 49.16 49.87 50.16 50.10 49.89 49.75 49.84 50.17 50.65 51.12 51.44 51.54 51.42 51.12 50.73 50.33 50.02 49.89 49.99 50.26 50.53 50.54 49.92 47.88 41.47 17.00 
65.00 56.74 53.39 51.27 49.84 49.00 48.59 48.47 48.50 48.60 48.69 48.70 48.57 48.25 47.76 47.20 46.75 46.63 46.95 47.74 48.86 50.08 51.13 51.78 51.93 51.62 50.98 50.23 49.62 49.33 49.42 49.84 50.42 50.93 51.23 51.28 51.19 51.09 51.11 51.28 51.55 51.81 52.02 52.17 52.31 52.49 52.70 52.89 52.93 52.73 52.24 51.49 50.64 49.90 49.48 49.47 49.82 50.36 50.84 50.96 50.43 48.94 46.06 41.34 34.36 24.97 13.48 0.71 0.04 0.00 0.00 0.00 0.00 0.00 0.00 0.00 0.00 0.00 0.00 0.00 0.00 0.00 0.00 0.00 0.00 0.00 0.00 0.00 0.00 0.00 0.00 0.00 0.00 0.00 0.00 0.00 0.00 0.00 0.00 0.00 0.00 0.00 0.00 0.00 0.00 0.00 0.00 0.00 0.00 0.00 0.00 0.00 0.00 0.00 0.00 0.00 0.00 0.00 0.00 0.00 0.00 0.00 0.00 0.00 0.00 0.00 0.00 0.00 0.00 0.00 0.00 0.04 0.68 12.93 23.92 32.81 39.33 43.67 46.33 47.89 48.86 49.60 50.30 51.01 51.68 52.18 52.43 52.38 52.04 51.44 50.70 49.92 49.24 48.76 48.46 48.27 48.04 47.60 46.89 45.96 44.94 44.00 43.25 42.72 42.41 42.28 42.34 42.59 43.06 43.75 44.63 45.71 46.89 48.07 49.07 49.75 50.07 50.12 50.09 50.14 50.40 50.84 51.35 51.77 52.00 51.99 51.75 51.33 50.80 50.24 49.74 49.40 49.26 49.23 49.09 48.46 46.80 43.51 38.64 38.00 
72.00 63.31 57.17 53.29 50.94 49.60 48.93 48.68 48.65 48.74 48.84 48.87 48.74 48.40 47.87 47.27 46.79 46.63 46.93 47.71 48.84 50.10 51.25 52.05 52.40 52.28 51.80 51.12 50.47 50.02 49.87 50.01 50.31 50.60 50.75 50.72 50.59 50.48 50.45 50.53 50.69 50.89 51.11 51.39 51.75 52.19 52.65 53.00 53.10 52.87 52.28 51.45 50.59 49.93 49.67 49.88 50.44 51.13 51.64 51.70 51.03 49.35 46.31 41.47 34.42 24.99 13.48 0.71 0.04 0.00 0.00 0.00 0.00 0.00 0.00 0.00 0.00 0.00 0.00 0.00 0.00 0.00 0.00 0.00 0.00 0.00 0.00 0.00 0.00 0.00 0.00 0.00 0.00 0.00 0.00 0.00 0.00 0.00 0.00 0.00 0.00 0.00 0.00 0.00 0.00 0.00 0.00 0.00 0.00 0.00 0.00 0.00 0.00 0.00 0.00 0.00 0.00 0.00 0.00 0.00 0.00 0.00 0.00 0.00 0.00 0.00 0.00 0.00 0.00 0.00 0.00 0.04 0.67 12.74 23.58 32.38 38.85 43.20 45.92 47.58 48.69 49.60 50.47 51.33 52.08 52.64 52.91 52.86 52.51 51.91 51.15 50.35 49.62 49.08 48.74 48.51 48.24 47.78 47.04 46.07 45.01 44.01 43.21 42.65 42.32 42.20 42.30 42.62 43.16 43.91 44.84 45.90 47.01 48.08 48.96 49.56 49.90 50.07 50.24 50.54 51.02 51.62 52.19 52.60 52.76 52.66 52.33 51.81 51.16 50.45 49.76 49.20 48.82 48.52 48.09 47.09 44.86 40.33 31.34 11.00 
84.00 67.65 59.22 54.41 51.58 49.97 49.12 48.74 48.65 48.71 48.81 48.86 48.75 48.43 47.92 47.32 46.83 46.65 46.90 47.63 48.71 49.97 51.16 52.09 52.63 52.75 52.49 51.97 51.35 50.80 50.45 50.32 50.34 50.40 50.39 50.30 50.15 50.01 49.92 49.88 49.90 49.98 50.17 50.53 51.07 51.76 52.45 52.98 53.19 52.98 52.38 51.53 50.67 50.09 49.97 50.35 51.07 51.84 52.35 52.30 51.46 49.59 46.38 41.42 34.32 24.89 13.42 0.71 0.04 0.00 0.00 0.00 0.00 0.00 0.00 0.00 0.00 0.00 0.00 0.00 0.00 0.00 0.00 0.00 0.00 0.00 0.00 0.00 0.00 0.00 0.00 0.00 0.00 0.00 0.00 0.00 0.00 0.00 0.00 0.00 0.00 0.00 0.00 0.00 0.00 0.00 0.00 0.00 0.00 0.00 0.00 0.00 0.00 0.00 0.00 0.00 0.00 0.00 0.00 0.00 0.00 0.00 0.00 0.00 0.00 0.00 0.00 0.00 0.00 0.00 0.00 0.04 0.67 12.64 23.38 32.09 38.50 42.81 45.51 47.19 48.35 49.33 50.29 51.22 52.03 52.63 52.95 52.96 52.69 52.18 51.49 50.74 50.05 49.51 49.17 48.95 48.71 48.27 47.56 46.59 45.49 44.43 43.55 42.91 42.53 42.41 42.54 42.92 43.52 44.30 45.22 46.21 47.20 48.10 48.82 49.33 49.66 49.96 50.35 50.92 51.66 52.45 53.12 53.55 53.67 53.49 53.07 52.46 51.70 50.85 49.99 49.23 48.65 48.20 47.72 46.86 45.04 41.42 35.27 31.00 
73.00 64.36 58.17 54.14 51.57 49.99 49.08 48.62 48.44 48.44 48.51 48.57 48.50 48.25 47.81 47.29 46.83 46.64 46.84 47.48 48.47 49.66 50.84 51.86 52.59 52.97 52.99 52.69 52.20 51.65 51.17 50.82 50.60 50.46 50.32 50.16 49.99 49.82 49.64 49.45 49.29 49.21 49.31 49.69 50.35 51.21 52.11 52.84 53.19 53.08 52.53 51.71 50.89 50.36 50.31 50.78 51.57 52.35 52.80 52.63 51.62 49.58 46.24 41.20 34.08 24.69 13.31 0.70 0.04 0.00 0.00 0.00 0.00 0.00 0.00 0.00 0.00 0.00 0.00 0.00 0.00 0.00 0.00 0.00 0.00 0.00 0.00 0.00 0.00 0.00 0.00 0.00 0.00 0.00 0.00 0.00 0.00 0.00 0.00 0.00 0.00 0.00 0.00 0.00 0.00 0.00 0.00 0.00 0.00 0.00 0.00 0.00 0.00 0.00 0.00 0.00 0.00 0.00 0.00 0.00 0.00 0.00 0.00 0.00 0.00 0.00 0.00 0.00 0.00 0.00 0.00 0.04 0.67 12.61 23.31 31.97 38.31 42.54 45.17 46.80 47.94 48.92 49.88 50.81 51.64 52.26 52.63 52.74 52.61 52.25 51.72 51.09 50.49 50.02 49.74 49.58 49.40 49.02 48.35 47.39 46.26 45.13 44.14 43.40 42.96 42.83 42.99 43.43 44.08 44.86 45.71 46.59 47.41 48.13 48.68 49.08 49.41 49.81 50.41 51.24 52.24 53.23 54.03 54.49 54.58 54.34 53.85 53.15 52.28 51.29 50.28 49.38 48.69 48.24 47.99 47.77 47.18 45.13 37.38 5.00 
68.00 58.88 55.40 52.90 51.01 49.67 48.79 48.26 47.99 47.90 47.92 47.98 47.98 47.84 47.55 47.15 46.78 46.60 46.73 47.23 48.08 49.13 50.26 51.32 52.20 52.84 53.16 53.16 52.88 52.42 51.91 51.44 51.06 50.77 50.54 50.35 50.17 49.96 49.67 49.31 48.94 48.66 48.62 48.93 49.63 50.60 51.66 52.57 53.10 53.14 52.71 51.96 51.18 50.67 50.63 51.08 51.83 52.55 52.89 52.58 51.43 49.27 45.84 40.78 33.70 24.41 13.15 0.69 0.04 0.00 0.00 0.00 0.00 0.00 0.00 0.00 0.00 0.00 0.00 0.00 0.00 0.00 0.00 0.00 0.00 0.00 0.00 0.00 0.00 0.00 0.00 0.00 0.00 0.00 0.00 0.00 0.00 0.00 0.00 0.00 0.00 0.00 0.00 0.00 0.00 0.00 0.00 0.00 0.00 0.00 0.00 0.00 0.00 0.00 0.00 0.00 0.00 0.00 0.00 0.00 0.00 0.00 0.00 0.00 0.00 0.00 0.00 0.00 0.00 0.00 0.00 0.04 0.67 12.65 23.37 32.00 38.28 42.42 44.97 46.52 47.59 48.51 49.41 50.29 51.07 51.69 52.12 52.35 52.38 52.21 51.87 51.42 50.96 50.61 50.42 50.34 50.23 49.92 49.29 48.34 47.18 45.98 44.90 44.06 43.56 43.42 43.63 44.11 44.78 45.53 46.28 47.00 47.64 48.15 48.54 48.84 49.17 49.66 50.42 51.47 52.67 53.83 54.73 55.23 55.31 55.03 54.48 53.71 52.75 51.66 50.54 49.54 48.84 48.53 48.71 49.50 51.24 54.91 64.34 97.00 
22.00 47.93 51.90 51.38 50.17 49.08 48.26 47.69 47.34 47.16 47.13 47.19 47.28 47.30 47.20 46.98 46.71 46.52 46.55 46.88 47.51 48.37 49.37 50.41 51.40 52.26 52.88 53.19 53.18 52.90 52.46 51.99 51.57 51.24 51.00 50.82 50.65 50.40 50.01 49.47 48.87 48.36 48.12 48.30 48.93 49.93 51.09 52.14 52.86 53.08 52.80 52.17 51.44 50.93 50.85 51.21 51.83 52.40 52.58 52.12 50.87 48.65 45.22 40.21 33.23 24.08 12.98 0.68 0.04 0.00 0.00 0.00 0.00 0.00 0.00 0.00 0.00 0.00 0.00 0.00 0.00 0.00 0.00 0.00 0.00 0.00 0.00 0.00 0.00 0.00 0.00 0.00 0.00 0.00 0.00 0.00 0.00 0.00 0.00 0.00 0.00 0.00 0.00 0.00 0.00 0.00 0.00 0.00 0.00 0.00 0.00 0.00 0.00 0.00 0.00 0.00 0.00 0.00 0.00 0.00 0.00 0.00 0.00 0.00 0.00 0.00 0.00 0.00 0.00 0.00 0.00 0.04 0.67 12.74 23.51 32.15 38.38 42.45 44.91 46.38 47.38 48.21 49.02 49.80 50.51 51.11 51.58 51.93 52.12 52.15 52.02 51.76 51.48 51.27 51.19 51.17 51.10 50.81 50.19 49.24 48.06 46.81 45.67 44.79 44.27 44.14 44.39 44.91 45.57 46.25 46.88 47.41 47.84 48.16 48.39 48.61 48.93 49.48 50.36 51.54 52.88 54.13 55.07 55.57 55.64 55.35 54.78 53.99 53.00 51.85 50.67 49.66 49.00 48.87 49.44 50.99 54.05 59.52 68.41 78.00 
81.00 59.00 53.01 50.70 49.36 48.38 47.62 47.03 46.61 46.37 46.30 46.39 46.58 46.77 46.87 46.82 46.64 46.42 46.30 46.40 46.76 47.38 48.21 49.18 50.22 51.23 52.09 52.69 52.95 52.91 52.64 52.29 51.95 51.70 51.54 51.44 51.32 51.06 50.58 49.88 49.06 48.29 47.81 47.78 48.26 49.19 50.36 51.51 52.38 52.78 52.68 52.18 51.54 51.05 50.91 51.14 51.58 51.94 51.93 51.34 50.02 47.81 44.46 39.57 32.75 23.76 12.82 0.68 0.04 0.00 0.00 0.00 0.00 0.00 0.00 0.00 0.00 0.00 0.00 0.00 0.00 0.00 0.00 0.00 0.00 0.00 0.00 0.00 0.00 0.00 0.00 0.00 0.00 0.00 0.00 0.00 0.00 0.00 0.00 0.00 0.00 0.00 0.00 0.00 0.00 0.00 0.00 0.00 0.00 0.00 0.00 0.00 0.00 0.00 0.00 0.00 0.00 0.00 0.00 0.00 0.00 0.00 0.00 0.00 0.00 0.00 0.00 0.00 0.00 0.00 0.00 0.04 0.68 12.84 23.68 32.34 38.56 42.59 44.98 46.39 47.31 48.05 48.75 49.43 50.06 50.64 51.16 51.61 51.96 52.16 52.22 52.14 52.02 51.94 51.94 51.96 51.88 51.56 50.90 49.91 48.71 47.44 46.31 45.44 44.95 44.88 45.17 45.72 46.36 46.95 47.43 47.76 47.98 48.12 48.22 48.37 48.69 49.28 50.22 51.45 52.80 54.03 54.93 55.39 55.44 55.16 54.63 53.89 52.92 51.79 50.64 49.67 49.11 49.14 49.94 51.77 55.22 61.35 72.13 91.00 
66.00 54.04 50.44 49.08 48.26 47.57 46.95 46.41 45.99 45.72 45.64 45.78 46.06 46.41 46.67 46.74 46.59 46.30 46.00 45.84 45.93 46.29 46.92 47.78 48.79 49.87 50.88 51.68 52.19 52.39 52.35 52.21 52.08 52.01 52.03 52.08 52.05 51.82 51.28 50.45 49.42 48.40 47.64 47.34 47.60 48.37 49.47 50.64 51.59 52.12 52.18 51.84 51.32 50.89 50.73 50.85 51.11 51.27 51.09 50.40 49.07 46.95 43.74 39.03 32.38 23.54 12.71 0.67 0.04 0.00 0.00 0.00 0.00 0.00 0.00 0.00 0.00 0.00 0.00 0.00 0.00 0.00 0.00 0.00 0.00 0.00 0.00 0.00 0.00 0.00 0.00 0.00 0.00 0.00 0.00 0.00 0.00 0.00 0.00 0.00 0.00 0.00 0.00 0.00 0.00 0.00 0.00 0.00 0.00 0.00 0.00 0.00 0.00 0.00 0.00 0.00 0.00 0.00 0.00 0.00 0.00 0.00 0.00 0.00 0.00 0.00 0.00 0.00 0.00 0.00 0.00 0.04 0.68 12.93 23.84 32.55 38.77 42.77 45.14 46.50 47.37 48.04 48.64 49.22 49.78 50.35 50.91 51.45 51.92 52.26 52.44 52.51 52.51 52.51 52.55 52.57 52.44 52.03 51.28 50.22 48.98 47.74 46.66 45.88 45.49 45.50 45.86 46.43 47.03 47.54 47.86 48.01 48.05 48.02 48.02 48.13 48.44 49.05 49.99 51.18 52.45 53.55 54.32 54.67 54.67 54.41 53.97 53.33 52.49 51.47 50.44 49.60 49.18 49.32 50.12 51.70 54.40 59.10 68.11 88.00 
21.00 40.62 45.50 46.80 47.00 46.77 46.37 45.94 45.57 45.34 45.30 45.48 45.84 46.28 46.62 46.73 46.56 46.16 45.68 45.29 45.14 45.29 45.74 46.46 47.39 48.44 49.48 50.38 51.03 51.43 51.64 51.77 51.91 52.12 52.37 52.61 52.72 52.54 52.00 51.06 49.86 48.60 47.55 46.96 46.95 47.49 48.43 49.50 50.44 51.04 51.21 51.03 50.68 50.39 50.28 50.37 50.52 50.53 50.23 49.51 48.24 46.26 43.24 38.72 32.22 23.47 12.70 0.67 0.04 0.00 0.00 0.00 0.00 0.00 0.00 0.00 0.00 0.00 0.00 0.00 0.00 0.00 0.00 0.00 0.00 0.00 0.00 0.00 0.00 0.00 0.00 0.00 0.00 0.00 0.00 0.00 0.00 0.00 0.00 0.00 0.00 0.00 0.00 0.00 0.00 0.00 0.00 0.00 0.00 0.00 0.00 0.00 0.00 0.00 0.00 0.00 0.00 0.00 0.00 0.00 0.00 0.00 0.00 0.00 0.00 0.00 0.00 0.00 0.00 0.00 0.00 0.04 0.69 13.01 23.98 32.73 38.97 42.98 45.35 46.70 47.53 48.14 48.67 49.17 49.69 50.25 50.85 51.45 51.98 52.39 52.64 52.76 52.82 52.86 52.90 52.87 52.66 52.14 51.27 50.13 48.86 47.65 46.67 46.03 45.78 45.91 46.35 46.94 47.52 47.93 48.13 48.13 48.02 47.88 47.82 47.90 48.22 48.82 49.72 50.80 51.90 52.79 53.35 53.54 53.45 53.22 52.87 52.40 51.75 50.94 50.12 49.50 49.26 49.48 50.13 51.06 52.09 52.92 53.40 56.00 
44.00 41.78 43.87 45.39 46.04 46.14 45.95 45.68 45.42 45.27 45.29 45.52 45.92 46.36 46.70 46.78 46.54 46.03 45.41 44.86 44.55 44.55 44.88 45.49 46.31 47.26 48.21 49.07 49.75 50.28 50.69 51.09 51.52 52.01 52.51 52.95 53.20 53.11 52.59 51.62 50.29 48.84 47.54 46.65 46.33 46.59 47.28 48.16 48.99 49.55 49.78 49.75 49.60 49.52 49.57 49.74 49.88 49.85 49.53 48.85 47.71 45.90 43.08 38.71 32.30 23.58 12.77 0.67 0.04 0.00 0.00 0.00 0.00 0.00 0.00 0.00 0.00 0.00 0.00 0.00 0.00 0.00 0.00 0.00 0.00 0.00 0.00 0.00 0.00 0.00 0.00 0.00 0.00 0.00 0.00 0.00 0.00 0.00 0.00 0.00 0.00 0.00 0.00 0.00 0.00 0.00 0.00 0.00 0.00 0.00 0.00 0.00 0.00 0.00 0.00 0.00 0.00 0.00 0.00 0.00 0.00 0.00 0.00 0.00 0.00 0.00 0.00 0.00 0.00 0.00 0.00 0.04 0.69 13.08 24.11 32.90 39.18 43.22 45.61 46.97 47.79 48.37 48.85 49.30 49.79 50.34 50.95 51.56 52.11 52.51 52.75 52.85 52.87 52.89 52.89 52.81 52.52 51.90 50.93 49.72 48.44 47.30 46.44 45.96 45.86 46.11 46.61 47.23 47.77 48.12 48.22 48.12 47.92 47.72 47.63 47.71 48.03 48.61 49.43 50.37 51.26 51.90 52.21 52.21 52.03 51.80 51.57 51.28 50.87 50.35 49.81 49.47 49.45 49.77 50.27 50.61 50.14 47.18 36.61 1.00 
31.00 38.41 42.47 44.54 45.45 45.74 45.72 45.61 45.50 45.47 45.57 45.83 46.21 46.60 46.85 46.84 46.52 45.93 45.23 44.62 44.24 44.20 44.48 45.03 45.75 46.55 47.33 48.04 48.65 49.19 49.74 50.34 51.01 51.74 52.45 53.06 53.44 53.45 53.00 52.04 50.67 49.09 47.59 46.44 45.82 45.76 46.14 46.75 47.37 47.81 48.04 48.13 48.21 48.39 48.71 49.06 49.33 49.37 49.12 48.55 47.56 45.93 43.25 38.98 32.59 23.82 12.90 0.68 0.04 0.00 0.00 0.00 0.00 0.00 0.00 0.00 0.00 0.00 0.00 0.00 0.00 0.00 0.00 0.00 0.00 0.00 0.00 0.00 0.00 0.00 0.00 0.00 0.00 0.00 0.00 0.00 0.00 0.00 0.00 0.00 0.00 0.00 0.00 0.00 0.00 0.00 0.00 0.00 0.00 0.00 0.00 0.00 0.00 0.00 0.00 0.00 0.00 0.00 0.00 0.00 0.00 0.00 0.00 0.00 0.00 0.00 0.00 0.00 0.00 0.00 0.00 0.04 0.69 13.15 24.23 33.07 39.39 43.47 45.90 47.28 48.11 48.68 49.14 49.57 50.04 50.57 51.16 51.74 52.24 52.58 52.73 52.74 52.68 52.61 52.55 52.42 52.08 51.41 50.41 49.19 47.95 46.90 46.17 45.82 45.85 46.18 46.73 47.35 47.86 48.15 48.19 48.03 47.79 47.58 47.49 47.58 47.89 48.43 49.14 49.93 50.60 51.02 51.11 50.94 50.68 50.46 50.32 50.23 50.08 49.87 49.67 49.62 49.84 50.27 50.74 50.96 50.54 48.89 44.74 34.00 
24.00 38.20 42.76 44.55 45.31 45.60 45.69 45.72 45.77 45.87 46.05 46.31 46.62 46.89 47.02 46.90 46.50 45.87 45.16 44.55 44.21 44.21 44.52 45.06 45.71 46.36 46.94 47.44 47.89 48.37 48.95 49.67 50.50 51.38 52.23 52.95 53.43 53.55 53.20 52.32 50.98 49.37 47.75 46.40 45.51 45.14 45.19 45.48 45.81 46.06 46.23 46.41 46.72 47.21 47.84 48.47 48.95 49.16 49.06 48.64 47.80 46.30 43.70 39.43 32.98 24.10 13.05 0.69 0.04 0.00 0.00 0.00 0.00 0.00 0.00 0.00 0.00 0.00 0.00 0.00 0.00 0.00 0.00 0.00 0.00 0.00 0.00 0.00 0.00 0.00 0.00 0.00 0.00 0.00 0.00 0.00 0.00 0.00 0.00 0.00 0.00 0.00 0.00 0.00 0.00 0.00 0.00 0.00 0.00 0.00 0.00 0.00 0.00 0.00 0.00 0.00 0.00 0.00 0.00 0.00 0.00 0.00 0.00 0.00 0.00 0.00 0.00 0.00 0.00 0.00 0.00 0.04 0.70 13.22 24.36 33.24 39.59 43.70 46.15 47.57 48.42 49.00 49.47 49.90 50.36 50.87 51.41 51.93 52.33 52.56 52.59 52.47 52.27 52.11 51.98 51.82 51.47 50.83 49.88 48.74 47.62 46.69 46.09 45.83 45.91 46.27 46.81 47.40 47.87 48.12 48.12 47.94 47.70 47.50 47.43 47.51 47.78 48.24 48.84 49.47 49.98 50.22 50.17 49.92 49.62 49.42 49.38 49.46 49.56 49.66 49.78 50.02 50.43 50.94 51.40 51.65 51.75 52.72 59.26 91.00 
58.00 47.50 45.62 45.46 45.58 45.72 45.87 46.03 46.22 46.42 46.64 46.86 47.07 47.20 47.19 46.97 46.52 45.87 45.18 44.63 44.36 44.46 44.86 45.45 46.06 46.59 46.98 47.25 47.51 47.87 48.41 49.14 50.03 50.97 51.87 52.65 53.21 53.44 53.22 52.49 51.27 49.71 48.06 46.60 45.52 44.88 44.61 44.55 44.56 44.58 44.65 44.89 45.39 46.17 47.12 48.05 48.79 49.22 49.31 49.05 48.33 46.89 44.28 39.94 33.37 24.35 13.18 0.70 0.04 0.00 0.00 0.00 0.00 0.00 0.00 0.00 0.00 0.00 0.00 0.00 0.00 0.00 0.00 0.00 0.00 0.00 0.00 0.00 0.00 0.00 0.00 0.00 0.00 0.00 0.00 0.00 0.00 0.00 0.00 0.00 0.00 0.00 0.00 0.00 0.00 0.00 0.00 0.00 0.00 0.00 0.00 0.00 0.00 0.00 0.00 0.00 0.00 0.00 0.00 0.00 0.00 0.00 0.00 0.00 0.00 0.00 0.00 0.00 0.00 0.00 0.00 0.04 0.70 13.30 24.49 33.39 39.74 43.85 46.31 47.74 48.61 49.22 49.72 50.18 50.65 51.14 51.62 52.04 52.33 52.43 52.33 52.07 51.75 51.49 51.31 51.15 50.86 50.32 49.51 48.55 47.60 46.83 46.32 46.09 46.15 46.45 46.93 47.47 47.91 48.14 48.14 47.96 47.72 47.53 47.44 47.47 47.66 48.00 48.47 48.97 49.36 49.53 49.44 49.19 48.92 48.79 48.85 49.08 49.41 49.77 50.16 50.62 51.15 51.66 52.01 52.01 51.54 50.53 48.30 39.00 
50.00 48.19 46.78 46.15 45.98 46.05 46.26 46.52 46.81 47.06 47.27 47.42 47.50 47.50 47.38 47.09 46.60 45.95 45.28 44.77 44.60 44.80 45.31 45.96 46.57 47.01 47.24 47.32 47.39 47.61 48.06 48.75 49.61 50.54 51.44 52.23 52.85 53.18 53.11 52.55 51.51 50.09 48.52 47.05 45.87 45.04 44.51 44.13 43.84 43.61 43.56 43.80 44.44 45.45 46.65 47.84 48.82 49.46 49.75 49.63 48.99 47.55 44.86 40.39 33.67 24.53 13.25 0.70 0.04 0.00 0.00 0.00 0.00 0.00 0.00 0.00 0.00 0.00 0.00 0.00 0.00 0.00 0.00 0.00 0.00 0.00 0.00 0.00 0.00 0.00 0.00 0.00 0.00 0.00 0.00 0.00 0.00 0.00 0.00 0.00 0.00 0.00 0.00 0.00 0.00 0.00 0.00 0.00 0.00 0.00 0.00 0.00 0.00 0.00 0.00 0.00 0.00 0.00 0.00 0.00 0.00 0.00 0.00 0.00 0.00 0.00 0.00 0.00 0.00 0.00 0.00 0.04 0.71 13.36 24.58 33.48 39.80 43.88 46.31 47.72 48.60 49.24 49.78 50.30 50.80 51.28 51.70 52.03 52.20 52.17 51.94 51.58 51.18 50.87 50.67 50.54 50.33 49.94 49.34 48.62 47.90 47.29 46.84 46.58 46.53 46.71 47.08 47.55 47.97 48.22 48.25 48.11 47.88 47.67 47.51 47.44 47.49 47.68 48.01 48.40 48.73 48.90 48.88 48.71 48.55 48.51 48.68 49.05 49.55 50.12 50.70 51.30 51.86 52.32 52.52 52.28 51.31 49.10 44.18 31.00 
50.00 48.59 47.36 46.63 46.40 46.52 46.81 47.16 47.48 47.72 47.87 47.92 47.88 47.78 47.60 47.27 46.76 46.11 45.44 44.97 44.85 45.13 45.72 46.42 47.03 47.40 47.50 47.43 47.36 47.46 47.82 48.43 49.22 50.09 50.95 51.74 52.38 52.80 52.87 52.49 51.65 50.44 49.04 47.69 46.53 45.62 44.90 44.29 43.73 43.28 43.08 43.29 43.99 45.11 46.46 47.80 48.94 49.75 50.19 50.18 49.59 48.10 45.31 40.69 33.84 24.59 13.27 0.70 0.04 0.00 0.00 0.00 0.00 0.00 0.00 0.00 0.00 0.00 0.00 0.00 0.00 0.00 0.00 0.00 0.00 0.00 0.00 0.00 0.00 0.00 0.00 0.00 0.00 0.00 0.00 0.00 0.00 0.00 0.00 0.00 0.00 0.00 0.00 0.00 0.00 0.00 0.00 0.00 0.00 0.00 0.00 0.00 0.00 0.00 0.00 0.00 0.00 0.00 0.00 0.00 0.00 0.00 0.00 0.00 0.00 0.00 0.00 0.00 0.00 0.00 0.00 0.04 0.71 13.38 24.60 33.47 39.75 43.75 46.12 47.49 48.36 49.03 49.63 50.21 50.76 51.25 51.62 51.85 51.90 51.75 51.44 51.02 50.61 50.30 50.13 50.05 49.94 49.71 49.33 48.86 48.36 47.90 47.48 47.13 46.92 46.92 47.15 47.56 47.99 48.29 48.40 48.31 48.11 47.85 47.59 47.38 47.25 47.27 47.45 47.76 48.08 48.32 48.40 48.38 48.36 48.45 48.74 49.22 49.85 50.56 51.25 51.90 52.45 52.84 52.99 52.74 51.85 50.05 48.13 56.00 
46.00 48.97 47.74 46.93 46.79 47.04 47.43 47.82 48.13 48.31 48.35 48.28 48.15 48.00 47.80 47.48 46.98 46.33 45.67 45.21 45.11 45.42 46.03 46.74 47.31 47.61 47.62 47.46 47.30 47.32 47.60 48.13 48.84 49.62 50.42 51.18 51.83 52.31 52.48 52.27 51.64 50.68 49.53 48.38 47.35 46.47 45.68 44.92 44.17 43.55 43.23 43.37 44.04 45.16 46.51 47.87 49.05 49.93 50.46 50.52 49.93 48.40 45.50 40.78 33.84 24.55 13.23 0.70 0.04 0.00 0.00 0.00 0.00 0.00 0.00 0.00 0.00 0.00 0.00 0.00 0.00 0.00 0.00 0.00 0.00 0.00 0.00 0.00 0.00 0.00 0.00 0.00 0.00 0.00 0.00 0.00 0.00 0.00 0.00 0.00 0.00 0.00 0.00 0.00 0.00 0.00 0.00 0.00 0.00 0.00 0.00 0.00 0.00 0.00 0.00 0.00 0.00 0.00 0.00 0.00 0.00 0.00 0.00 0.00 0.00 0.00 0.00 0.00 0.00 0.00 0.00 0.04 0.71 13.35 24.54 33.36 39.56 43.48 45.77 47.09 47.94 48.62 49.28 49.94 50.55 51.04 51.37 51.50 51.43 51.19 50.83 50.43 50.07 49.83 49.72 49.69 49.66 49.56 49.37 49.10 48.80 48.44 48.02 47.55 47.16 46.96 47.04 47.38 47.83 48.23 48.45 48.46 48.30 48.01 47.64 47.27 46.96 46.81 46.87 47.12 47.45 47.76 47.97 48.09 48.21 48.44 48.83 49.42 50.14 50.91 51.64 52.28 52.79 53.16 53.40 53.45 53.03 50.94 42.21 4.00 
78.00 53.73 47.99 46.85 46.98 47.47 47.99 48.40 48.64 48.71 48.61 48.43 48.24 48.07 47.90 47.63 47.17 46.55 45.91 45.47 45.39 45.69 46.27 46.91 47.40 47.62 47.56 47.35 47.16 47.14 47.37 47.82 48.44 49.13 49.86 50.57 51.21 51.70 51.95 51.87 51.46 50.76 49.89 49.01 48.19 47.42 46.65 45.83 44.99 44.27 43.85 43.92 44.51 45.52 46.76 48.00 49.10 49.95 50.46 50.52 49.92 48.34 45.39 40.62 33.66 24.40 13.14 0.69 0.04 0.00 0.00 0.00 0.00 0.00 0.00 0.00 0.00 0.00 0.00 0.00 0.00 0.00 0.00 0.00 0.00 0.00 0.00 0.00 0.00 0.00 0.00 0.00 0.00 0.00 0.00 0.00 0.00 0.00 0.00 0.00 0.00 0.00 0.00 0.00 0.00 0.00 0.00 0.00 0.00 0.00 0.00 0.00 0.00 0.00 0.00 0.00 0.00 0.00 0.00 0.00 0.00 0.00 0.00 0.00 0.00 0.00 0.00 0.00 0.00 0.00 0.00 0.04 0.70 13.28 24.41 33.15 39.27 43.12 45.33 46.59 47.41 48.11 48.82 49.54 50.19 50.68 50.95 50.98 50.81 50.51 50.17 49.85 49.61 49.48 49.44 49.46 49.48 49.44 49.35 49.21 49.02 48.72 48.27 47.70 47.14 46.76 46.71 46.98 47.46 47.95 48.32 48.46 48.37 48.08 47.63 47.13 46.68 46.41 46.38 46.57 46.91 47.26 47.55 47.78 48.01 48.34 48.83 49.48 50.25 51.03 51.75 52.34 52.82 53.24 53.74 54.51 55.85 58.53 65.82 94.00 
28.00 40.09 43.83 45.64 46.86 47.77 48.42 48.82 48.95 48.86 48.63 48.33 48.09 47.93 47.81 47.61 47.23 46.69 46.13 45.75 45.70 45.99 46.49 47.02 47.39 47.52 47.41 47.18 46.99 46.96 47.15 47.52 48.04 48.63 49.27 49.92 50.54 51.04 51.34 51.40 51.18 50.74 50.16 49.55 48.94 48.32 47.61 46.80 45.95 45.20 44.76 44.77 45.26 46.12 47.15 48.19 49.09 49.80 50.21 50.19 49.53 47.91 44.95 40.21 33.32 24.16 13.02 0.69 0.04 0.00 0.00 0.00 0.00 0.00 0.00 0.00 0.00 0.00 0.00 0.00 0.00 0.00 0.00 0.00 0.00 0.00 0.00 0.00 0.00 0.00 0.00 0.00 0.00 0.00 0.00 0.00 0.00 0.00 0.00 0.00 0.00 0.00 0.00 0.00 0.00 0.00 0.00 0.00 0.00 0.00 0.00 0.00 0.00 0.00 0.00 0.00 0.00 0.00 0.00 0.00 0.00 0.00 0.00 0.00 0.00 0.00 0.00 0.00 0.00 0.00 0.00 0.04 0.70 13.19 24.24 32.91 38.97 42.74 44.88 46.09 46.88 47.59 48.31 49.05 49.71 50.16 50.36 50.30 50.07 49.77 49.51 49.34 49.27 49.28 49.33 49.37 49.37 49.32 49.23 49.13 48.97 48.68 48.20 47.57 46.90 46.40 46.23 46.45 46.95 47.53 48.04 48.32 48.33 48.07 47.60 47.03 46.51 46.16 46.08 46.24 46.55 46.90 47.21 47.47 47.74 48.12 48.65 49.32 50.09 50.85 51.52 52.08 52.55 53.06 53.84 55.21 57.64 61.82 68.72 78.00 
20.00 34.90 41.71 45.06 46.92 48.07 48.75 49.06 49.06 48.80 48.41 48.01 47.71 47.55 47.48 47.36 47.10 46.70 46.29 46.05 46.09 46.39 46.82 47.22 47.45 47.47 47.31 47.08 46.90 46.86 46.99 47.26 47.65 48.12 48.67 49.27 49.88 50.41 50.79 50.98 50.96 50.75 50.43 50.03 49.59 49.08 48.44 47.67 46.85 46.14 45.73 45.73 46.14 46.83 47.65 48.43 49.09 49.57 49.80 49.63 48.86 47.20 44.27 39.63 32.88 23.86 12.87 0.68 0.04 0.00 0.00 0.00 0.00 0.00 0.00 0.00 0.00 0.00 0.00 0.00 0.00 0.00 0.00 0.00 0.00 0.00 0.00 0.00 0.00 0.00 0.00 0.00 0.00 0.00 0.00 0.00 0.00 0.00 0.00 0.00 0.00 0.00 0.00 0.00 0.00 0.00 0.00 0.00 0.00 0.00 0.00 0.00 0.00 0.00 0.00 0.00 0.00 0.00 0.00 0.00 0.00 0.00 0.00 0.00 0.00 0.00 0.00 0.00 0.00 0.00 0.00 0.04 0.69 13.11 24.09 32.70 38.70 42.41 44.49 45.64 46.40 47.08 47.79 48.50 49.09 49.47 49.59 49.47 49.23 49.02 48.92 48.96 49.11 49.28 49.41 49.43 49.36 49.22 49.05 48.88 48.68 48.37 47.88 47.24 46.55 46.02 45.81 45.99 46.49 47.15 47.76 48.16 48.28 48.08 47.63 47.06 46.53 46.18 46.09 46.22 46.49 46.78 47.02 47.22 47.46 47.80 48.30 48.93 49.63 50.34 50.99 51.55 52.07 52.69 53.69 55.42 58.35 62.95 69.60 78.00 
30.00 37.90 43.13 45.96 47.56 48.51 49.05 49.21 49.05 48.64 48.10 47.58 47.22 47.05 47.02 46.98 46.86 46.66 46.48 46.46 46.65 46.99 47.37 47.65 47.75 47.66 47.45 47.20 47.00 46.91 46.94 47.06 47.29 47.63 48.10 48.68 49.32 49.93 50.43 50.77 50.93 50.93 50.78 50.53 50.18 49.71 49.10 48.36 47.60 46.96 46.61 46.63 46.99 47.56 48.17 48.71 49.12 49.34 49.33 48.96 48.05 46.35 43.47 38.97 32.40 23.57 12.73 0.67 0.04 0.00 0.00 0.00 0.00 0.00 0.00 0.00 0.00 0.00 0.00 0.00 0.00 0.00 0.00 0.00 0.00 0.00 0.00 0.00 0.00 0.00 0.00 0.00 0.00 0.00 0.00 0.00 0.00 0.00 0.00 0.00 0.00 0.00 0.00 0.00 0.00 0.00 0.00 0.00 0.00 0.00 0.00 0.00 0.00 0.00 0.00 0.00 0.00 0.00 0.00 0.00 0.00 0.00 0.00 0.00 0.00 0.00 0.00 0.00 0.00 0.00 0.00 0.04 0.69 13.07 24.00 32.57 38.52 42.17 44.18 45.27 45.96 46.59 47.22 47.84 48.33 48.60 48.64 48.52 48.36 48.31 48.45 48.76 49.14 49.48 49.67 49.66 49.48 49.20 48.89 48.58 48.28 47.93 47.47 46.89 46.29 45.82 45.64 45.82 46.32 47.01 47.68 48.18 48.37 48.24 47.85 47.33 46.85 46.53 46.45 46.56 46.78 46.97 47.09 47.17 47.28 47.50 47.87 48.37 48.96 49.60 50.24 50.86 51.50 52.27 53.42 55.28 58.29 62.84 69.17 77.00 
29.00 43.66 47.08 48.15 48.72 49.13 49.37 49.37 49.07 48.53 47.88 47.27 46.85 46.65 46.64 46.69 46.72 46.75 46.85 47.09 47.47 47.90 48.26 48.43 48.40 48.21 47.92 47.61 47.34 47.13 46.99 46.93 46.98 47.20 47.62 48.23 48.95 49.68 50.33 50.83 51.16 51.29 51.25 51.07 50.74 50.26 49.63 48.89 48.16 47.59 47.31 47.37 47.71 48.19 48.65 49.00 49.18 49.16 48.89 48.31 47.27 45.53 42.73 38.39 32.01 23.36 12.64 0.67 0.04 0.00 0.00 0.00 0.00 0.00 0.00 0.00 0.00 0.00 0.00 0.00 0.00 0.00 0.00 0.00 0.00 0.00 0.00 0.00 0.00 0.00 0.00 0.00 0.00 0.00 0.00 0.00 0.00 0.00 0.00 0.00 0.00 0.00 0.00 0.00 0.00 0.00 0.00 0.00 0.00 0.00 0.00 0.00 0.00 0.00 0.00 0.00 0.00 0.00 0.00 0.00 0.00 0.00 0.00 0.00 0.00 0.00 0.00 0.00 0.00 0.00 0.00 0.04 0.69 13.07 23.99 32.54 38.44 42.03 43.96 44.96 45.57 46.08 46.59 47.06 47.41 47.57 47.57 47.50 47.49 47.68 48.11 48.71 49.35 49.85 50.10 50.05 49.76 49.31 48.81 48.34 47.92 47.53 47.12 46.69 46.27 45.95 45.87 46.09 46.59 47.28 47.98 48.52 48.76 48.69 48.35 47.89 47.46 47.19 47.14 47.24 47.40 47.50 47.49 47.41 47.33 47.35 47.49 47.77 48.18 48.73 49.38 50.12 50.94 51.89 53.12 54.92 57.68 61.81 67.75 76.00 
87.00 60.89 53.65 51.08 50.10 49.80 49.72 49.58 49.23 48.65 47.95 47.30 46.83 46.61 46.60 46.73 46.92 47.18 47.55 48.04 48.61 49.14 49.49 49.58 49.44 49.12 48.71 48.28 47.86 47.46 47.09 46.82 46.70 46.84 47.28 47.96 48.81 49.69 50.49 51.12 51.54 51.75 51.75 51.57 51.21 50.68 50.01 49.25 48.54 48.01 47.78 47.87 48.20 48.63 49.01 49.22 49.23 49.01 48.54 47.78 46.63 44.89 42.20 38.03 31.84 23.32 12.65 0.67 0.04 0.00 0.00 0.00 0.00 0.00 0.00 0.00 0.00 0.00 0.00 0.00 0.00 0.00 0.00 0.00 0.00 0.00 0.00 0.00 0.00 0.00 0.00 0.00 0.00 0.00 0.00 0.00 0.00 0.00 0.00 0.00 0.00 0.00 0.00 0.00 0.00 0.00 0.00 0.00 0.00 0.00 0.00 0.00 0.00 0.00 0.00 0.00 0.00 0.00 0.00 0.00 0.00 0.00 0.00 0.00 0.00 0.00 0.00 0.00 0.00 0.00 0.00 0.04 0.69 13.12 24.07 32.61 38.47 41.99 43.84 44.73 45.20 45.56 45.90 46.19 46.37 46.44 46.43 46.47 46.67 47.13 47.86 48.75 49.63 50.30 50.62 50.56 50.17 49.58 48.90 48.25 47.71 47.28 46.97 46.73 46.55 46.47 46.54 46.84 47.35 48.02 48.70 49.24 49.50 49.45 49.14 48.71 48.31 48.06 48.01 48.11 48.24 48.28 48.18 47.95 47.67 47.43 47.27 47.25 47.43 47.84 48.50 49.37 50.40 51.52 52.78 54.35 56.54 59.74 64.46 72.00 
54.00 59.56 56.05 52.90 51.11 50.32 50.04 49.87 49.56 49.05 48.40 47.76 47.28 47.06 47.07 47.26 47.59 48.04 48.62 49.31 50.02 50.62 50.96 50.99 50.73 50.27 49.71 49.09 48.45 47.79 47.17 46.68 46.45 46.57 47.07 47.89 48.89 49.90 50.79 51.48 51.92 52.12 52.10 51.89 51.50 50.92 50.19 49.40 48.68 48.17 47.98 48.10 48.44 48.85 49.18 49.32 49.22 48.87 48.26 47.40 46.22 44.55 42.00 38.03 32.00 23.55 12.83 0.68 0.04 0.00 0.00 0.00 0.00 0.00 0.00 0.00 0.00 0.00 0.00 0.00 0.00 0.00 0.00 0.00 0.00 0.00 0.00 0.00 0.00 0.00 0.00 0.00 0.00 0.00 0.00 0.00 0.00 0.00 0.00 0.00 0.00 0.00 0.00 0.00 0.00 0.00 0.00 0.00 0.00 0.00 0.00 0.00 0.00 0.00 0.00 0.00 0.00 0.00 0.00 0.00 0.00 0.00 0.00 0.00 0.00 0.00 0.00 0.00 0.00 0.00 0.00 0.04 0.70 13.23 24.24 32.77 38.59 42.05 43.80 44.58 44.90 45.08 45.22 45.31 45.35 45.34 45.35 45.51 45.92 46.65 47.65 48.79 49.89 50.72 51.15 51.12 50.69 50.00 49.17 48.37 47.71 47.27 47.05 47.02 47.12 47.30 47.57 47.97 48.51 49.16 49.80 50.30 50.54 50.47 50.14 49.67 49.23 48.95 48.89 48.99 49.13 49.18 49.04 48.72 48.26 47.74 47.25 46.89 46.76 46.99 47.62 48.61 49.81 51.08 52.30 53.50 54.84 56.60 58.66 57.00 
87.00 67.75 58.84 54.13 51.69 50.60 50.26 50.16 50.02 49.67 49.15 48.60 48.17 47.96 47.99 48.24 48.66 49.24 49.95 50.75 51.53 52.14 52.46 52.43 52.08 51.48 50.73 49.88 48.96 48.02 47.16 46.50 46.20 46.36 46.98 47.95 49.08 50.17 51.09 51.73 52.09 52.21 52.13 51.88 51.45 50.85 50.10 49.29 48.56 48.07 47.90 48.04 48.40 48.82 49.13 49.24 49.10 48.69 48.04 47.18 46.06 44.53 42.19 38.44 32.58 24.15 13.24 0.70 0.04 0.00 0.00 0.00 0.00 0.00 0.00 0.00 0.00 0.00 0.00 0.00 0.00 0.00 0.00 0.00 0.00 0.00 0.00 0.00 0.00 0.00 0.00 0.00 0.00 0.00 0.00 0.00 0.00 0.00 0.00 0.00 0.00 0.00 0.00 0.00 0.00 0.00 0.00 0.00 0.00 0.00 0.00 0.00 0.00 0.00 0.00 0.00 0.00 0.00 0.00 0.00 0.00 0.00 0.00 0.00 0.00 0.00 0.00 0.00 0.00 0.00 0.00 0.04 0.71 13.48 24.58 33.10 38.85 42.21 43.88 44.54 44.72 44.72 44.66 44.58 44.48 44.42 44.47 44.74 45.32 46.24 47.45 48.79 50.07 51.06 51.63 51.70 51.31 50.57 49.65 48.72 47.96 47.50 47.37 47.53 47.88 48.33 48.81 49.33 49.90 50.52 51.12 51.56 51.74 51.60 51.17 50.59 50.04 49.67 49.56 49.67 49.86 49.98 49.89 49.54 48.95 48.19 47.37 46.65 46.21 46.23 46.78 47.81 49.14 50.49 51.61 52.35 52.72 53.22 56.67 78.00 
86.00 66.18 58.39 54.12 51.73 50.63 50.34 50.41 50.48 50.37 50.05 49.64 49.29 49.12 49.17 49.45 49.93 50.56 51.32 52.14 52.90 53.49 53.77 53.69 53.26 52.53 51.58 50.49 49.31 48.11 47.05 46.28 45.97 46.21 46.96 48.05 49.26 50.36 51.21 51.73 51.94 51.92 51.75 51.45 51.01 50.42 49.68 48.90 48.20 47.74 47.59 47.75 48.12 48.53 48.84 48.96 48.82 48.43 47.84 47.07 46.12 44.81 42.75 39.27 33.64 25.25 14.04 0.75 0.04 0.00 0.00 0.00 0.00 0.00 0.00 0.00 0.00 0.00 0.00 0.00 0.00 0.00 0.00 0.00 0.00 0.00 0.00 0.00 0.00 0.00 0.00 0.00 0.00 0.00 0.00 0.00 0.00 0.00 0.00 0.00 0.00 0.00 0.00 0.00 0.00 0.00 0.00 0.00 0.00 0.00 0.00 0.00 0.00 0.00 0.00 0.00 0.00 0.00 0.00 0.00 0.00 0.00 0.00 0.00 0.00 0.00 0.00 0.00 0.00 0.00 0.00 0.04 0.75 14.04 25.28 33.70 39.29 42.53 44.09 44.66 44.72 44.58 44.36 44.14 43.94 43.83 43.90 44.23 44.92 45.96 47.29 48.76 50.18 51.34 52.08 52.31 52.02 51.32 50.36 49.33 48.48 47.96 47.87 48.16 48.71 49.37 50.04 50.69 51.32 51.92 52.46 52.82 52.90 52.64 52.06 51.32 50.60 50.08 49.90 50.01 50.29 50.53 50.54 50.22 49.56 48.60 47.51 46.48 45.76 45.56 46.00 47.02 48.38 49.75 50.75 51.00 50.02 46.59 36.66 5.00 
26.00 53.21 55.51 53.43 51.48 50.49 50.31 50.55 50.86 51.01 50.93 50.70 50.45 50.32 50.38 50.67 51.15 51.78 52.51 53.26 53.95 54.46 54.70 54.57 54.07 53.22 52.12 50.83 49.44 48.08 46.91 46.10 45.83 46.13 46.95 48.09 49.30 50.34 51.06 51.41 51.44 51.28 51.01 50.68 50.26 49.71 49.04 48.33 47.70 47.28 47.15 47.30 47.64 48.02 48.33 48.46 48.37 48.08 47.62 47.04 46.33 45.31 43.57 40.47 35.22 27.08 15.60 0.87 0.08 0.04 0.03 0.03 0.03 0.03 0.03 0.03 0.03 0.03 0.04 0.04 0.04 0.04 0.04 0.04 0.04 0.04 0.04 0.04 0.04 0.04 0.04 0.04 0.04 0.04 0.04 0.04 0.04 0.04 0.04 0.04 0.04 0.04 0.04 0.04 0.04 0.04 0.03 0.03 0.04 0.04 0.04 0.04 0.04 0.04 0.04 0.04 0.04 0.04 0.04 0.04 0.04 0.04 0.04 0.03 0.03 0.03 0.03 0.03 0.03 0.04 0.04 0.09 0.86 15.38 26.72 34.81 40.05 43.04 44.46 44.95 44.95 44.72 44.41 44.09 43.82 43.66 43.71 44.05 44.76 45.83 47.22 48.77 50.30 51.62 52.55 52.99 52.87 52.27 51.31 50.22 49.25 48.64 48.51 48.83 49.49 50.29 51.11 51.87 52.55 53.15 53.62 53.88 53.84 53.43 52.68 51.75 50.84 50.17 49.89 50.00 50.35 50.71 50.85 50.60 49.91 48.85 47.58 46.33 45.41 45.05 45.37 46.33 47.67 49.01 49.95 50.08 49.00 45.91 38.10 14.00 
86.00 65.81 58.14 53.84 51.39 50.31 50.19 50.59 51.13 51.55 51.72 51.68 51.54 51.44 51.49 51.74 52.17 52.74 53.37 54.00 54.56 54.97 55.12 54.94 54.38 53.46 52.26 50.86 49.40 48.00 46.84 46.07 45.82 46.15 46.96 48.05 49.17 50.09 50.66 50.85 50.73 50.46 50.13 49.80 49.42 48.96 48.39 47.79 47.24 46.87 46.73 46.81 47.06 47.37 47.64 47.79 47.78 47.64 47.38 47.04 46.60 45.89 44.54 41.95 37.37 30.03 18.96 1.85 0.81 0.68 0.63 0.62 0.62 0.62 0.63 0.64 0.65 0.66 0.67 0.67 0.68 0.69 0.70 0.72 0.73 0.75 0.75 0.75 0.75 0.73 0.72 0.70 0.69 0.68 0.68 0.68 0.69 0.70 0.72 0.73 0.73 0.73 0.72 0.70 0.69 0.67 0.66 0.66 0.67 0.68 0.70 0.73 0.75 0.77 0.78 0.79 0.79 0.79 0.78 0.77 0.74 0.71 0.68 0.65 0.63 0.63 0.63 0.64 0.66 0.68 0.73 0.85 1.86 18.68 29.46 36.66 41.21 43.78 45.00 45.42 45.40 45.16 44.81 44.44 44.11 43.89 43.87 44.16 44.82 45.86 47.25 48.84 50.46 51.94 53.08 53.74 53.83 53.36 52.45 51.32 50.25 49.50 49.24 49.49 50.13 50.98 51.87 52.71 53.43 54.02 54.44 54.60 54.43 53.87 52.97 51.88 50.81 50.02 49.66 49.74 50.12 50.55 50.77 50.58 49.93 48.84 47.51 46.19 45.19 44.74 44.99 45.87 47.13 48.39 49.27 49.51 49.14 49.28 55.45 93.00 
78.00 66.49 58.45 53.64 51.04 49.99 49.98 50.56 51.34 52.02 52.45 52.60 52.57 52.49 52.49 52.65 52.97 53.41 53.89 54.35 54.73 54.98 55.03 54.77 54.16 53.21 52.00 50.63 49.23 47.95 46.91 46.23 46.02 46.30 47.00 47.93 48.89 49.66 50.10 50.20 50.03 49.73 49.41 49.12 48.81 48.44 48.00 47.51 47.04 46.68 46.47 46.41 46.49 46.67 46.87 47.04 47.14 47.16 47.13 47.04 46.86 46.44 45.48 43.51 39.96 34.40 26.78 18.23 14.49 12.79 12.02 11.72 11.69 11.81 11.98 12.16 12.32 12.47 12.61 12.75 12.89 13.07 13.30 13.58 13.89 14.15 14.29 14.29 14.13 13.87 13.57 13.29 13.06 12.92 12.88 12.95 13.11 13.35 13.60 13.80 13.89 13.83 13.64 13.34 13.01 12.73 12.55 12.52 12.68 12.98 13.37 13.80 14.19 14.51 14.76 14.94 15.03 15.01 14.84 14.51 14.05 13.49 12.91 12.40 12.04 11.88 11.91 12.10 12.44 12.93 13.73 15.26 18.68 26.77 33.97 39.29 42.75 44.73 45.69 46.03 46.02 45.81 45.49 45.10 44.71 44.41 44.28 44.46 45.01 45.98 47.33 48.94 50.65 52.27 53.60 54.47 54.77 54.46 53.64 52.50 51.34 50.45 50.02 50.10 50.62 51.40 52.28 53.13 53.87 54.45 54.80 54.87 54.59 53.94 52.95 51.78 50.65 49.78 49.34 49.36 49.70 50.12 50.36 50.23 49.63 48.62 47.36 46.10 45.14 44.71 44.93 45.72 46.84 47.94 48.68 48.78 48.01 45.97 41.07 25.00 
81.00 64.24 56.46 52.32 50.20 49.46 49.68 50.49 51.51 52.47 53.15 53.50 53.58 53.50 53.42 53.44 53.59 53.84 54.11 54.35 54.51 54.56 54.45 54.09 53.45 52.52 51.39 50.18 49.01 47.97 47.15 46.63 46.44 46.62 47.13 47.83 48.59 49.21 49.59 49.69 49.57 49.35 49.12 48.92 48.70 48.42 48.07 47.66 47.23 46.82 46.47 46.21 46.06 46.05 46.15 46.33 46.53 46.73 46.90 47.02 47.05 46.87 46.25 44.85 42.34 38.51 33.56 28.45 25.04 23.06 22.03 21.64 21.66 21.89 22.22 22.54 22.83 23.10 23.34 23.57 23.81 24.11 24.51 25.02 25.58 26.08 26.38 26.40 26.13 25.66 25.09 24.54 24.09 23.81 23.73 23.87 24.21 24.70 25.21 25.62 25.81 25.73 25.38 24.84 24.23 23.70 23.37 23.34 23.63 24.20 24.93 25.70 26.40 26.96 27.38 27.67 27.81 27.76 27.45 26.87 26.03 25.04 24.03 23.14 22.52 22.23 22.30 22.65 23.21 23.98 25.08 26.81 29.73 34.23 38.64 42.09 44.41 45.77 46.45 46.71 46.72 46.57 46.28 45.88 45.44 45.03 44.78 44.80 45.21 46.08 47.37 48.99 50.77 52.50 53.98 55.03 55.50 55.35 54.64 53.55 52.36 51.35 50.74 50.62 50.95 51.58 52.36 53.16 53.86 54.38 54.68 54.67 54.33 53.64 52.67 51.54 50.45 49.59 49.10 49.02 49.25 49.57 49.77 49.66 49.15 48.28 47.19 46.11 45.29 44.95 45.17 45.86 46.81 47.72 48.31 48.34 47.53 45.06 37.60 11.00 
57.00 53.48 51.63 49.97 48.95 48.76 49.31 50.37 51.65 52.86 53.79 54.33 54.51 54.44 54.27 54.13 54.08 54.11 54.13 54.10 54.00 53.80 53.49 53.01 52.34 51.49 50.55 49.61 48.77 48.08 47.56 47.21 47.05 47.12 47.40 47.85 48.40 48.91 49.29 49.49 49.54 49.50 49.43 49.34 49.21 49.00 48.68 48.28 47.81 47.28 46.74 46.23 45.84 45.62 45.60 45.77 46.05 46.40 46.73 47.01 47.17 47.13 46.74 45.81 44.13 41.61 38.43 35.17 32.60 30.90 29.98 29.67 29.80 30.16 30.60 31.03 31.40 31.73 32.02 32.27 32.54 32.89 33.39 34.07 34.85 35.57 36.04 36.14 35.83 35.20 34.40 33.60 32.94 32.51 32.40 32.63 33.17 33.92 34.71 35.35 35.66 35.58 35.11 34.38 33.57 32.86 32.43 32.41 32.83 33.61 34.61 35.63 36.53 37.22 37.71 38.03 38.16 38.05 37.63 36.87 35.80 34.55 33.27 32.16 31.39 31.06 31.17 31.63 32.33 33.19 34.24 35.65 37.61 40.14 42.61 44.59 45.94 46.73 47.15 47.34 47.37 47.27 47.01 46.61 46.11 45.59 45.19 45.05 45.32 46.06 47.29 48.89 50.69 52.49 54.06 55.21 55.81 55.80 55.22 54.24 53.08 52.04 51.32 51.02 51.14 51.58 52.20 52.87 53.47 53.91 54.12 54.05 53.69 53.05 52.20 51.23 50.29 49.52 49.03 48.85 48.91 49.08 49.17 49.05 48.64 47.95 47.09 46.25 45.63 45.40 45.62 46.21 46.97 47.69 48.18 48.38 48.38 48.85 53.13 78.00 
8.00 41.43 47.30 47.83 47.73 48.04 48.90 50.19 51.67 53.09 54.23 54.94 55.23 55.18 54.94 54.65 54.41 54.20 53.96 53.65 53.26 52.79 52.27 51.67 51.00 50.30 49.61 49.03 48.58 48.27 48.06 47.90 47.79 47.75 47.83 48.06 48.44 48.89 49.34 49.72 50.00 50.19 50.32 50.36 50.29 50.09 49.73 49.25 48.66 47.97 47.22 46.48 45.85 45.43 45.30 45.44 45.79 46.23 46.68 47.04 47.26 47.27 47.02 46.39 45.28 43.65 41.61 39.48 37.68 36.42 35.77 35.65 35.92 36.38 36.88 37.33 37.71 38.03 38.28 38.49 38.72 39.06 39.61 40.39 41.34 42.26 42.92 43.14 42.87 42.17 41.22 40.23 39.38 38.84 38.71 39.04 39.78 40.79 41.83 42.66 43.08 43.01 42.48 41.63 40.69 39.89 39.43 39.45 39.98 40.92 42.08 43.24 44.20 44.90 45.35 45.60 45.66 45.47 44.97 44.13 42.98 41.64 40.29 39.13 38.34 38.03 38.21 38.76 39.52 40.34 41.20 42.14 43.24 44.48 45.64 46.55 47.15 47.51 47.71 47.83 47.87 47.78 47.54 47.12 46.56 45.95 45.42 45.14 45.26 45.89 47.03 48.58 50.37 52.16 53.74 54.92 55.58 55.66 55.22 54.38 53.35 52.38 51.65 51.27 51.24 51.50 51.94 52.44 52.89 53.19 53.28 53.14 52.78 52.24 51.58 50.87 50.18 49.58 49.14 48.88 48.78 48.77 48.73 48.58 48.26 47.76 47.14 46.54 46.11 45.98 46.18 46.65 47.24 47.78 48.19 48.48 48.71 48.82 48.07 43.00 
97.00 57.25 48.94 47.09 46.88 47.41 48.46 49.90 51.50 53.05 54.32 55.18 55.57 55.56 55.28 54.89 54.48 54.06 53.59 53.02 52.35 51.64 50.92 50.25 49.63 49.12 48.73 48.52 48.46 48.51 48.58 48.61 48.55 48.44 48.39 48.47 48.74 49.19 49.76 50.35 50.89 51.34 51.65 51.80 51.75 51.48 51.01 50.37 49.61 48.74 47.80 46.87 46.06 45.51 45.29 45.41 45.79 46.31 46.81 47.20 47.41 47.42 47.21 46.74 45.98 44.90 43.56 42.16 40.94 40.10 39.74 39.82 40.21 40.73 41.22 41.62 41.92 42.13 42.28 42.39 42.53 42.82 43.36 44.21 45.27 46.36 47.21 47.60 47.44 46.78 45.79 44.70 43.75 43.15 43.04 43.47 44.37 45.56 46.76 47.70 48.16 48.08 47.51 46.64 45.68 44.89 44.47 44.56 45.17 46.20 47.42 48.59 49.50 50.09 50.41 50.52 50.45 50.19 49.65 48.81 47.70 46.43 45.16 44.08 43.37 43.14 43.39 44.01 44.80 45.56 46.20 46.70 47.12 47.49 47.77 47.94 48.01 48.04 48.08 48.13 48.15 48.06 47.81 47.37 46.76 46.08 45.46 45.07 45.09 45.60 46.65 48.11 49.81 51.52 53.02 54.14 54.78 54.91 54.58 53.91 53.08 52.29 51.68 51.34 51.28 51.43 51.72 52.04 52.30 52.42 52.37 52.14 51.77 51.34 50.89 50.46 50.07 49.71 49.39 49.12 48.90 48.73 48.58 48.39 48.14 47.81 47.40 46.99 46.70 46.61 46.76 47.11 47.54 47.95 48.33 48.79 49.41 49.90 47.50 28.00 
28.00 41.95 44.64 45.38 45.97 46.81 47.99 49.47 51.10 52.68 54.03 54.98 55.46 55.50 55.22 54.76 54.23 53.64 52.97 52.19 51.32 50.42 49.60 48.91 48.41 48.12 48.04 48.16 48.42 48.75 49.04 49.20 49.20 49.09 48.97 48.99 49.24 49.74 50.46 51.26 52.05 52.72 53.19 53.40 53.32 52.93 52.28 51.43 50.46 49.43 48.37 47.33 46.44 45.82 45.57 45.70 46.11 46.67 47.20 47.58 47.74 47.69 47.46 47.06 46.48 45.72 44.80 43.85 43.03 42.52 42.41 42.65 43.13 43.65 44.08 44.36 44.50 44.54 44.53 44.51 44.55 44.77 45.28 46.13 47.24 48.44 49.44 50.01 50.03 49.51 48.60 47.55 46.61 46.04 45.99 46.50 47.50 48.74 49.95 50.84 51.25 51.12 50.55 49.71 48.85 48.17 47.87 48.05 48.72 49.76 50.95 52.01 52.78 53.20 53.32 53.26 53.07 52.72 52.17 51.39 50.41 49.31 48.22 47.29 46.70 46.56 46.89 47.57 48.39 49.10 49.57 49.74 49.67 49.45 49.14 48.82 48.54 48.35 48.26 48.25 48.23 48.13 47.86 47.40 46.77 46.07 45.41 44.96 44.90 45.33 46.26 47.60 49.15 50.69 52.01 52.98 53.52 53.63 53.38 52.89 52.29 51.75 51.38 51.22 51.25 51.40 51.60 51.77 51.86 51.80 51.57 51.22 50.83 50.46 50.19 50.03 49.93 49.84 49.70 49.49 49.24 48.98 48.76 48.56 48.37 48.16 47.89 47.60 47.37 47.26 47.34 47.56 47.87 48.20 48.61 49.29 50.77 54.33 64.33 98.00 
23.00 38.19 42.74 44.42 45.40 46.37 47.56 48.97 50.53 52.07 53.42 54.42 54.97 55.07 54.81 54.30 53.65 52.92 52.10 51.18 50.19 49.23 48.40 47.81 47.49 47.44 47.62 47.97 48.43 48.91 49.31 49.55 49.60 49.52 49.42 49.46 49.76 50.37 51.24 52.24 53.23 54.07 54.66 54.90 54.75 54.21 53.35 52.27 51.11 49.95 48.82 47.78 46.91 46.33 46.11 46.28 46.75 47.34 47.87 48.21 48.31 48.19 47.90 47.50 47.00 46.41 45.73 45.06 44.51 44.23 44.29 44.64 45.15 45.64 45.97 46.10 46.06 45.92 45.74 45.59 45.53 45.67 46.11 46.90 47.99 49.20 50.29 51.02 51.24 50.94 50.22 49.33 48.53 48.07 48.11 48.67 49.65 50.80 51.85 52.55 52.79 52.57 52.01 51.30 50.63 50.16 50.04 50.34 51.04 52.02 53.08 53.97 54.54 54.74 54.67 54.44 54.12 53.71 53.17 52.48 51.67 50.77 49.88 49.13 48.65 48.58 48.97 49.70 50.55 51.26 51.63 51.60 51.23 50.64 49.97 49.32 48.81 48.47 48.29 48.23 48.19 48.07 47.80 47.35 46.75 46.06 45.42 44.97 44.88 45.24 46.06 47.22 48.56 49.85 50.91 51.63 51.98 51.99 51.77 51.41 51.07 50.84 50.79 50.91 51.14 51.39 51.59 51.69 51.63 51.40 51.02 50.54 50.08 49.73 49.56 49.58 49.72 49.87 49.94 49.87 49.68 49.44 49.22 49.06 48.95 48.82 48.64 48.40 48.14 47.96 47.92 48.04 48.26 48.55 48.93 49.55 50.72 52.95 57.87 72.00 
58.00 45.27 44.11 44.65 45.37 46.21 47.24 48.49 49.91 51.36 52.68 53.70 54.30 54.44 54.16 53.59 52.83 51.97 51.03 50.04 49.05 48.14 47.45 47.04 46.94 47.11 47.47 47.94 48.44 48.92 49.31 49.55 49.63 49.60 49.58 49.72 50.14 50.89 51.90 53.05 54.19 55.15 55.80 56.05 55.83 55.15 54.09 52.82 51.50 50.26 49.15 48.19 47.43 46.96 46.85 47.11 47.62 48.24 48.76 49.06 49.10 48.91 48.57 48.15 47.68 47.18 46.64 46.14 45.76 45.62 45.78 46.17 46.68 47.11 47.35 47.35 47.16 46.88 46.58 46.33 46.19 46.24 46.57 47.22 48.17 49.30 50.38 51.21 51.62 51.55 51.09 50.44 49.85 49.55 49.69 50.26 51.13 52.07 52.82 53.22 53.21 52.88 52.37 51.84 51.42 51.24 51.34 51.76 52.47 53.35 54.23 54.90 55.23 55.22 54.96 54.58 54.15 53.69 53.18 52.59 51.94 51.25 50.55 49.94 49.55 49.52 49.91 50.67 51.56 52.31 52.68 52.58 52.07 51.28 50.40 49.57 48.91 48.47 48.23 48.14 48.09 47.99 47.77 47.38 46.86 46.25 45.68 45.28 45.20 45.50 46.19 47.16 48.24 49.21 49.92 50.30 50.36 50.20 49.93 49.68 49.57 49.66 49.97 50.44 50.94 51.38 51.66 51.73 51.59 51.24 50.72 50.12 49.57 49.17 49.01 49.11 49.39 49.73 50.00 50.11 50.07 49.95 49.83 49.76 49.75 49.72 49.59 49.34 49.01 48.72 48.56 48.57 48.74 49.02 49.40 49.90 50.35 49.59 42.65 10.00 
28.00 40.93 44.07 45.11 45.70 46.30 47.09 48.13 49.38 50.72 51.98 52.99 53.60 53.73 53.41 52.74 51.85 50.86 49.84 48.86 47.96 47.23 46.78 46.64 46.79 47.12 47.56 48.00 48.40 48.73 48.98 49.14 49.20 49.24 49.35 49.64 50.23 51.13 52.27 53.53 54.73 55.73 56.40 56.64 56.38 55.61 54.44 53.06 51.67 50.42 49.37 48.55 47.96 47.67 47.70 48.04 48.60 49.22 49.72 49.99 50.00 49.78 49.42 48.99 48.55 48.09 47.65 47.26 47.00 46.93 47.10 47.48 47.95 48.33 48.52 48.45 48.20 47.85 47.51 47.21 47.00 46.95 47.11 47.55 48.27 49.20 50.19 51.04 51.57 51.70 51.48 51.08 50.71 50.58 50.80 51.34 52.05 52.70 53.10 53.16 52.90 52.47 52.02 51.69 51.57 51.68 52.03 52.57 53.27 54.03 54.70 55.13 55.22 55.00 54.57 54.05 53.54 53.05 52.57 52.08 51.57 51.05 50.52 50.02 49.69 49.65 50.03 50.78 51.70 52.50 52.93 52.87 52.35 51.52 50.56 49.64 48.89 48.38 48.11 48.02 48.01 47.99 47.87 47.62 47.24 46.77 46.32 46.00 45.95 46.21 46.77 47.53 48.31 48.92 49.23 49.20 48.91 48.50 48.13 47.93 48.02 48.41 49.07 49.88 50.68 51.33 51.73 51.83 51.65 51.21 50.59 49.88 49.22 48.72 48.48 48.55 48.88 49.33 49.77 50.08 50.24 50.29 50.33 50.43 50.56 50.64 50.57 50.32 49.92 49.51 49.23 49.16 49.31 49.64 50.15 50.89 51.93 53.07 53.55 52.00 
47.00 46.51 46.37 46.37 46.44 46.67 47.17 47.97 49.03 50.23 51.41 52.37 52.95 53.04 52.63 51.83 50.79 49.69 48.65 47.73 47.02 46.57 46.43 46.60 46.97 47.42 47.82 48.10 48.26 48.33 48.35 48.35 48.37 48.46 48.71 49.21 50.00 51.05 52.28 53.55 54.73 55.69 56.32 56.54 56.27 55.52 54.38 53.02 51.67 50.49 49.56 48.90 48.50 48.38 48.54 48.95 49.52 50.11 50.57 50.82 50.83 50.63 50.31 49.92 49.51 49.12 48.76 48.46 48.25 48.19 48.33 48.65 49.04 49.39 49.56 49.52 49.29 48.98 48.65 48.36 48.11 47.95 47.91 48.09 48.53 49.21 50.02 50.79 51.36 51.60 51.54 51.31 51.11 51.10 51.37 51.86 52.40 52.79 52.87 52.63 52.17 51.66 51.28 51.15 51.30 51.68 52.24 52.89 53.57 54.20 54.67 54.88 54.75 54.34 53.75 53.12 52.53 52.02 51.58 51.18 50.80 50.42 50.01 49.61 49.31 49.27 49.60 50.31 51.22 52.06 52.58 52.63 52.22 51.45 50.51 49.57 48.77 48.22 47.93 47.86 47.93 48.05 48.12 48.08 47.91 47.64 47.35 47.14 47.12 47.34 47.79 48.34 48.83 49.08 48.97 48.51 47.82 47.12 46.60 46.42 46.65 47.30 48.25 49.36 50.41 51.25 51.76 51.90 51.70 51.21 50.51 49.69 48.90 48.26 47.89 47.86 48.14 48.64 49.20 49.68 50.03 50.28 50.51 50.80 51.11 51.34 51.37 51.15 50.74 50.26 49.90 49.77 49.91 50.30 50.97 52.07 54.01 57.83 66.85 93.00 
68.00 51.81 48.74 47.89 47.47 47.31 47.48 48.01 48.85 49.88 50.93 51.79 52.30 52.31 51.80 50.89 49.74 48.58 47.56 46.77 46.30 46.16 46.36 46.81 47.38 47.86 48.15 48.19 48.03 47.77 47.50 47.30 47.25 47.40 47.81 48.52 49.51 50.69 51.94 53.14 54.18 54.99 55.51 55.70 55.49 54.87 53.91 52.74 51.57 50.55 49.78 49.27 49.03 49.04 49.29 49.73 50.26 50.78 51.18 51.41 51.45 51.33 51.09 50.78 50.45 50.13 49.85 49.61 49.43 49.35 49.41 49.62 49.94 50.25 50.45 50.48 50.35 50.14 49.90 49.65 49.39 49.12 48.91 48.84 48.99 49.41 50.01 50.64 51.14 51.38 51.36 51.20 51.06 51.11 51.39 51.82 52.23 52.42 52.28 51.84 51.24 50.69 50.38 50.40 50.74 51.32 52.03 52.76 53.43 53.97 54.28 54.29 53.98 53.40 52.68 51.95 51.32 50.81 50.41 50.09 49.82 49.55 49.25 48.92 48.66 48.60 48.87 49.50 50.36 51.22 51.81 52.00 51.74 51.12 50.26 49.35 48.54 47.96 47.66 47.64 47.83 48.15 48.47 48.71 48.82 48.80 48.70 48.61 48.62 48.80 49.12 49.49 49.72 49.64 49.15 48.29 47.23 46.25 45.57 45.37 45.71 46.53 47.69 48.99 50.21 51.17 51.75 51.92 51.71 51.16 50.38 49.45 48.52 47.71 47.18 47.01 47.21 47.69 48.31 48.90 49.39 49.79 50.20 50.66 51.16 51.57 51.77 51.67 51.32 50.86 50.48 50.31 50.43 50.84 51.57 52.77 54.71 57.89 63.35 75.00 
17.00 44.10 49.09 49.33 48.71 48.19 48.02 48.24 48.80 49.58 50.42 51.13 51.52 51.45 50.89 49.92 48.76 47.62 46.68 46.07 45.83 45.98 46.46 47.15 47.83 48.30 48.43 48.20 47.72 47.13 46.58 46.21 46.09 46.30 46.87 47.78 48.93 50.18 51.38 52.40 53.19 53.74 54.09 54.23 54.13 53.75 53.11 52.29 51.42 50.64 50.04 49.68 49.55 49.64 49.91 50.31 50.76 51.18 51.51 51.72 51.81 51.78 51.65 51.45 51.22 50.99 50.77 50.58 50.41 50.28 50.24 50.33 50.55 50.84 51.08 51.20 51.20 51.12 50.98 50.80 50.55 50.23 49.89 49.64 49.58 49.78 50.18 50.65 51.01 51.15 51.06 50.84 50.68 50.71 50.96 51.33 51.64 51.72 51.46 50.93 50.27 49.72 49.45 49.54 49.98 50.67 51.47 52.25 52.91 53.39 53.61 53.51 53.07 52.37 51.55 50.75 50.09 49.60 49.27 49.04 48.86 48.67 48.45 48.18 47.94 47.85 48.05 48.58 49.34 50.15 50.79 51.10 51.01 50.56 49.83 48.99 48.20 47.61 47.32 47.36 47.70 48.24 48.85 49.42 49.85 50.10 50.20 50.23 50.27 50.39 50.60 50.79 50.81 50.48 49.70 48.53 47.19 45.98 45.17 44.94 45.32 46.23 47.49 48.87 50.15 51.14 51.73 51.89 51.64 51.04 50.17 49.13 48.06 47.10 46.41 46.10 46.20 46.64 47.25 47.87 48.41 48.88 49.37 49.96 50.61 51.22 51.63 51.74 51.57 51.23 50.90 50.72 50.80 51.16 51.86 52.97 54.55 56.06 53.93 30.00 
69.00 58.58 54.44 51.99 50.36 49.31 48.76 48.62 48.81 49.25 49.79 50.27 50.52 50.40 49.85 48.96 47.90 46.88 46.10 45.65 45.60 45.94 46.60 47.40 48.13 48.55 48.53 48.09 47.37 46.54 45.81 45.31 45.16 45.43 46.13 47.19 48.46 49.71 50.76 51.51 51.96 52.20 52.32 52.40 52.42 52.35 52.12 51.74 51.25 50.76 50.35 50.09 50.03 50.14 50.39 50.72 51.06 51.36 51.61 51.80 51.93 52.00 51.99 51.90 51.77 51.61 51.45 51.29 51.10 50.91 50.77 50.75 50.88 51.12 51.37 51.57 51.67 51.68 51.64 51.53 51.32 51.01 50.64 50.32 50.17 50.23 50.49 50.80 51.01 50.99 50.76 50.44 50.18 50.13 50.30 50.59 50.83 50.84 50.54 49.99 49.34 48.79 48.53 48.64 49.09 49.80 50.62 51.42 52.10 52.58 52.79 52.67 52.19 51.45 50.58 49.75 49.09 48.65 48.40 48.26 48.15 48.02 47.83 47.57 47.32 47.19 47.29 47.67 48.30 49.02 49.65 50.05 50.12 49.85 49.27 48.53 47.79 47.21 46.95 47.07 47.55 48.31 49.21 50.10 50.85 51.38 51.68 51.82 51.87 51.93 52.01 52.06 51.92 51.42 50.47 49.12 47.63 46.29 45.40 45.13 45.50 46.41 47.66 49.00 50.22 51.16 51.70 51.81 51.51 50.86 49.92 48.79 47.61 46.54 45.74 45.33 45.34 45.70 46.24 46.80 47.28 47.71 48.18 48.80 49.55 50.32 50.97 51.35 51.45 51.33 51.11 50.95 50.96 51.23 51.82 52.87 54.72 58.20 66.50 95.00 
89.00 66.89 58.31 54.19 51.87 50.46 49.58 49.07 48.84 48.84 49.00 49.19 49.30 49.16 48.73 48.04 47.21 46.42 45.81 45.50 45.54 45.93 46.60 47.41 48.10 48.47 48.38 47.85 47.04 46.15 45.37 44.85 44.71 45.04 45.82 46.97 48.25 49.42 50.26 50.70 50.79 50.68 50.57 50.57 50.72 50.94 51.13 51.19 51.10 50.89 50.66 50.50 50.46 50.55 50.75 51.00 51.23 51.43 51.59 51.75 51.92 52.08 52.18 52.19 52.14 52.04 51.91 51.76 51.55 51.30 51.06 50.93 50.96 51.13 51.37 51.57 51.71 51.76 51.77 51.71 51.57 51.33 51.04 50.77 50.63 50.68 50.87 51.08 51.16 51.00 50.65 50.20 49.83 49.65 49.69 49.85 49.97 49.90 49.58 49.04 48.42 47.90 47.63 47.70 48.12 48.79 49.60 50.42 51.14 51.69 51.98 51.93 51.53 50.84 50.00 49.19 48.56 48.18 48.01 47.95 47.90 47.78 47.56 47.25 46.92 46.68 46.66 46.89 47.36 47.97 48.57 49.02 49.22 49.11 48.70 48.08 47.42 46.90 46.68 46.87 47.47 48.40 49.53 50.68 51.69 52.47 52.95 53.18 53.24 53.22 53.18 53.11 52.86 52.29 51.29 49.92 48.40 47.03 46.10 45.79 46.11 46.94 48.08 49.30 50.39 51.20 51.64 51.68 51.33 50.64 49.66 48.51 47.30 46.21 45.38 44.93 44.88 45.14 45.56 45.97 46.30 46.57 46.92 47.45 48.21 49.09 49.95 50.63 51.04 51.18 51.12 50.98 50.90 51.00 51.36 52.10 53.44 55.73 59.04 59.00 
61.00 61.77 57.89 54.84 52.80 51.39 50.35 49.52 48.86 48.39 48.12 48.01 47.97 47.88 47.64 47.24 46.73 46.22 45.80 45.56 45.56 45.85 46.40 47.08 47.70 48.03 47.97 47.52 46.82 46.05 45.38 44.95 44.88 45.25 46.05 47.18 48.40 49.41 50.02 50.15 49.91 49.51 49.19 49.13 49.36 49.82 50.34 50.76 51.00 51.04 50.97 50.88 50.85 50.93 51.07 51.24 51.38 51.48 51.58 51.73 51.93 52.16 52.35 52.46 52.47 52.40 52.28 52.11 51.87 51.57 51.25 51.01 50.93 51.00 51.16 51.31 51.40 51.43 51.41 51.37 51.30 51.18 51.04 50.93 50.92 51.05 51.27 51.46 51.47 51.25 50.83 50.31 49.83 49.51 49.35 49.29 49.21 49.00 48.60 48.06 47.48 46.98 46.72 46.76 47.12 47.74 48.53 49.37 50.17 50.84 51.29 51.44 51.23 50.70 49.98 49.25 48.67 48.34 48.22 48.20 48.16 47.99 47.67 47.22 46.75 46.37 46.20 46.28 46.61 47.11 47.66 48.14 48.44 48.48 48.24 47.77 47.22 46.77 46.60 46.84 47.50 48.53 49.78 51.09 52.28 53.23 53.86 54.17 54.22 54.14 54.01 53.84 53.55 52.99 52.05 50.76 49.32 48.00 47.07 46.71 46.93 47.62 48.60 49.64 50.55 51.21 51.53 51.48 51.08 50.37 49.42 48.33 47.22 46.22 45.48 45.07 45.00 45.17 45.43 45.63 45.73 45.77 45.91 46.28 46.95 47.85 48.85 49.77 50.47 50.85 50.94 50.82 50.63 50.50 50.54 50.80 51.34 52.36 55.04 68.00 
78.00 61.38 56.76 54.58 53.16 52.03 50.98 49.92 48.90 48.00 47.32 46.92 46.76 46.73 46.73 46.67 46.52 46.29 46.02 45.77 45.63 45.70 46.00 46.48 46.99 47.33 47.39 47.18 46.77 46.30 45.89 45.65 45.67 46.05 46.80 47.82 48.88 49.70 50.08 49.96 49.48 48.88 48.42 48.30 48.57 49.15 49.86 50.51 50.97 51.21 51.27 51.25 51.25 51.31 51.41 51.51 51.58 51.61 51.67 51.81 52.05 52.35 52.63 52.81 52.87 52.83 52.70 52.51 52.24 51.89 51.50 51.15 50.94 50.87 50.89 50.92 50.91 50.84 50.75 50.69 50.67 50.69 50.73 50.84 51.04 51.34 51.67 51.91 51.96 51.76 51.35 50.83 50.28 49.80 49.39 49.03 48.66 48.22 47.69 47.10 46.53 46.06 45.81 45.84 46.16 46.74 47.52 48.39 49.28 50.11 50.79 51.22 51.32 51.07 50.55 49.95 49.43 49.11 48.98 48.93 48.82 48.54 48.05 47.42 46.76 46.22 45.91 45.88 46.11 46.53 47.04 47.53 47.91 48.07 47.99 47.68 47.26 46.90 46.77 47.01 47.65 48.66 49.92 51.27 52.54 53.58 54.31 54.67 54.74 54.62 54.44 54.24 53.96 53.48 52.67 51.54 50.24 49.00 48.08 47.65 47.74 48.27 49.06 49.91 50.63 51.13 51.32 51.18 50.75 50.06 49.21 48.27 47.36 46.59 46.04 45.76 45.73 45.82 45.92 45.91 45.76 45.55 45.45 45.61 46.12 46.96 47.99 49.05 49.92 50.47 50.64 50.50 50.17 49.81 49.49 49.21 48.77 47.36 40.78 7.00 
25.00 49.03 53.19 53.52 53.06 52.36 51.42 50.26 48.98 47.76 46.77 46.14 45.89 45.93 46.16 46.42 46.60 46.62 46.45 46.14 45.78 45.55 45.54 45.78 46.16 46.54 46.80 46.92 46.92 46.86 46.79 46.79 46.92 47.28 47.91 48.74 49.58 50.19 50.39 50.12 49.52 48.83 48.31 48.14 48.38 48.96 49.71 50.44 51.01 51.37 51.55 51.62 51.67 51.74 51.81 51.87 51.87 51.86 51.89 52.04 52.33 52.70 53.05 53.30 53.39 53.36 53.23 53.02 52.72 52.34 51.89 51.44 51.07 50.82 50.67 50.54 50.38 50.19 50.01 49.90 49.90 50.02 50.26 50.61 51.06 51.57 52.06 52.43 52.57 52.47 52.16 51.69 51.12 50.49 49.83 49.13 48.42 47.69 46.96 46.28 45.68 45.23 44.99 45.00 45.29 45.84 46.60 47.49 48.48 49.49 50.44 51.22 51.70 51.81 51.58 51.15 50.68 50.33 50.10 49.93 49.66 49.20 48.51 47.68 46.85 46.18 45.79 45.70 45.89 46.26 46.73 47.22 47.64 47.91 47.97 47.82 47.54 47.25 47.14 47.33 47.87 48.77 49.91 51.19 52.43 53.50 54.27 54.68 54.79 54.69 54.52 54.35 54.14 53.78 53.14 52.20 51.05 49.89 48.97 48.45 48.41 48.76 49.36 50.01 50.57 50.91 50.98 50.77 50.32 49.69 48.98 48.28 47.67 47.22 46.96 46.89 46.94 47.01 46.97 46.77 46.41 46.00 45.69 45.64 45.97 46.67 47.63 48.67 49.58 50.16 50.32 50.10 49.63 49.05 48.42 47.74 47.11 47.47 53.66 89.00 
78.00 56.55 53.43 53.04 52.87 52.47 51.68 50.53 49.15 47.75 46.58 45.81 45.50 45.62 46.02 46.54 46.98 47.19 47.08 46.66 46.07 45.51 45.18 45.16 45.42 45.85 46.33 46.80 47.23 47.60 47.90 48.14 48.38 48.70 49.17 49.77 50.37 50.78 50.84 50.53 49.93 49.26 48.73 48.52 48.66 49.12 49.77 50.45 51.05 51.49 51.78 51.96 52.09 52.19 52.26 52.28 52.24 52.19 52.21 52.37 52.69 53.12 53.54 53.83 53.94 53.91 53.76 53.55 53.26 52.87 52.39 51.84 51.32 50.88 50.53 50.24 49.94 49.64 49.36 49.19 49.19 49.38 49.78 50.34 51.03 51.77 52.45 52.96 53.25 53.29 53.12 52.74 52.19 51.45 50.57 49.58 48.54 47.53 46.59 45.77 45.11 44.64 44.37 44.35 44.59 45.07 45.78 46.67 47.73 48.91 50.14 51.28 52.18 52.70 52.79 52.54 52.12 51.67 51.28 50.89 50.41 49.74 48.86 47.87 46.94 46.23 45.83 45.77 45.96 46.32 46.74 47.19 47.60 47.93 48.11 48.11 47.96 47.74 47.61 47.69 48.08 48.79 49.76 50.88 52.03 53.05 53.82 54.27 54.42 54.39 54.30 54.22 54.13 53.92 53.46 52.70 51.68 50.60 49.67 49.07 48.88 49.05 49.46 49.94 50.33 50.54 50.51 50.25 49.80 49.26 48.72 48.29 48.03 47.95 48.04 48.22 48.39 48.46 48.35 48.02 47.53 46.99 46.56 46.37 46.54 47.07 47.87 48.78 49.57 50.04 50.09 49.75 49.14 48.36 47.42 46.15 44.30 41.58 37.27 26.00 
18.00 45.75 50.88 52.11 52.49 52.39 51.80 50.75 49.40 47.99 46.77 45.95 45.64 45.81 46.34 47.02 47.64 47.96 47.86 47.33 46.52 45.68 45.06 44.80 44.94 45.40 46.06 46.83 47.63 48.37 48.98 49.44 49.78 50.06 50.37 50.74 51.11 51.35 51.34 51.06 50.56 49.98 49.49 49.22 49.21 49.46 49.90 50.44 50.99 51.47 51.87 52.17 52.40 52.57 52.67 52.68 52.61 52.53 52.53 52.70 53.05 53.51 53.95 54.24 54.34 54.28 54.13 53.93 53.68 53.34 52.87 52.27 51.62 51.00 50.48 50.04 49.65 49.27 48.93 48.71 48.68 48.91 49.41 50.13 51.02 51.94 52.79 53.45 53.88 54.06 54.02 53.75 53.24 52.47 51.47 50.30 49.06 47.83 46.72 45.76 45.00 44.45 44.10 43.98 44.10 44.46 45.06 45.91 47.00 48.32 49.79 51.27 52.56 53.46 53.87 53.81 53.41 52.85 52.24 51.60 50.88 50.02 49.01 47.96 47.03 46.38 46.09 46.11 46.34 46.67 47.03 47.38 47.73 48.06 48.31 48.43 48.38 48.21 48.04 48.01 48.22 48.73 49.50 50.45 51.46 52.38 53.10 53.55 53.75 53.80 53.82 53.88 53.93 53.89 53.60 53.00 52.11 51.10 50.16 49.49 49.17 49.18 49.40 49.70 49.93 50.02 49.91 49.61 49.18 48.73 48.38 48.23 48.31 48.61 49.03 49.47 49.78 49.89 49.74 49.36 48.83 48.27 47.82 47.59 47.66 48.04 48.65 49.35 49.92 50.18 50.05 49.57 48.84 47.95 46.80 45.06 42.14 37.02 27.65 9.00 
91.00 57.60 52.19 51.82 52.14 52.23 51.83 50.95 49.73 48.41 47.26 46.48 46.20 46.41 47.00 47.77 48.47 48.84 48.73 48.11 47.13 46.08 45.23 44.78 44.81 45.26 46.03 47.00 48.03 49.02 49.86 50.49 50.91 51.17 51.37 51.56 51.74 51.86 51.84 51.64 51.28 50.83 50.38 50.03 49.83 49.81 49.98 50.31 50.76 51.26 51.75 52.18 52.53 52.78 52.93 52.95 52.88 52.79 52.78 52.95 53.30 53.75 54.16 54.40 54.44 54.32 54.14 53.97 53.79 53.55 53.15 52.57 51.86 51.13 50.48 49.94 49.49 49.08 48.73 48.48 48.43 48.65 49.18 49.99 50.99 52.04 53.01 53.79 54.33 54.63 54.70 54.52 54.08 53.35 52.36 51.17 49.87 48.57 47.36 46.30 45.43 44.73 44.23 43.93 43.85 44.02 44.47 45.23 46.32 47.72 49.37 51.12 52.73 53.95 54.63 54.72 54.33 53.65 52.83 51.96 51.05 50.06 49.01 48.01 47.20 46.71 46.57 46.71 46.98 47.27 47.51 47.71 47.94 48.21 48.48 48.67 48.69 48.56 48.36 48.22 48.29 48.62 49.22 50.00 50.85 51.64 52.25 52.65 52.87 52.99 53.13 53.31 53.51 53.62 53.48 53.03 52.28 51.36 50.46 49.76 49.34 49.20 49.25 49.37 49.44 49.40 49.20 48.87 48.46 48.09 47.92 48.02 48.42 49.04 49.76 50.40 50.84 50.98 50.83 50.45 49.97 49.50 49.14 48.96 49.02 49.30 49.74 50.21 50.52 50.53 50.20 49.60 48.85 47.97 46.83 45.00 41.82 36.33 27.06 11.00 
11.00 41.49 48.44 50.65 51.65 52.02 51.83 51.15 50.11 48.95 47.92 47.22 46.98 47.21 47.82 48.61 49.32 49.70 49.56 48.88 47.82 46.65 45.67 45.10 45.04 45.46 46.25 47.27 48.40 49.50 50.46 51.20 51.70 51.99 52.14 52.23 52.30 52.35 52.34 52.24 52.02 51.69 51.27 50.82 50.39 50.07 49.94 50.05 50.37 50.86 51.42 51.96 52.43 52.78 52.98 53.05 53.00 52.91 52.91 53.07 53.40 53.80 54.12 54.25 54.16 53.94 53.70 53.54 53.45 53.34 53.09 52.61 51.94 51.18 50.47 49.87 49.40 49.01 48.68 48.44 48.37 48.56 49.06 49.86 50.87 51.98 53.02 53.88 54.51 54.90 55.04 54.93 54.56 53.93 53.06 51.99 50.81 49.58 48.38 47.28 46.30 45.46 44.75 44.21 43.87 43.79 44.05 44.68 45.73 47.17 48.94 50.87 52.69 54.14 55.00 55.20 54.82 54.05 53.09 52.06 51.02 50.00 49.00 48.14 47.51 47.22 47.25 47.50 47.79 48.00 48.08 48.10 48.17 48.32 48.56 48.77 48.84 48.74 48.52 48.32 48.28 48.51 48.99 49.64 50.34 50.95 51.40 51.69 51.86 52.01 52.22 52.50 52.81 53.04 53.05 52.77 52.18 51.41 50.61 49.94 49.47 49.22 49.10 49.04 48.94 48.76 48.46 48.06 47.64 47.35 47.31 47.63 48.28 49.16 50.09 50.87 51.37 51.52 51.38 51.06 50.70 50.39 50.21 50.17 50.29 50.54 50.87 51.14 51.22 51.01 50.52 49.85 49.15 48.43 47.52 46.01 43.32 38.90 32.90 31.00 
53.00 48.94 49.43 50.52 51.42 51.89 51.85 51.34 50.47 49.48 48.58 47.96 47.76 47.99 48.57 49.33 50.02 50.37 50.23 49.55 48.49 47.31 46.32 45.72 45.62 45.98 46.71 47.68 48.76 49.84 50.83 51.64 52.22 52.57 52.75 52.82 52.85 52.88 52.91 52.89 52.78 52.52 52.09 51.50 50.84 50.23 49.83 49.71 49.92 50.37 50.97 51.59 52.14 52.57 52.84 52.95 52.93 52.88 52.89 53.05 53.35 53.68 53.88 53.85 53.59 53.20 52.86 52.67 52.65 52.69 52.63 52.33 51.78 51.08 50.38 49.78 49.31 48.95 48.67 48.45 48.38 48.51 48.94 49.66 50.62 51.69 52.75 53.68 54.38 54.84 55.03 54.96 54.66 54.14 53.44 52.60 51.64 50.61 49.53 48.47 47.44 46.48 45.58 44.79 44.17 43.83 43.86 44.35 45.33 46.78 48.60 50.61 52.55 54.11 55.07 55.33 54.97 54.17 53.13 52.04 50.98 49.99 49.10 48.40 47.97 47.86 48.03 48.33 48.60 48.70 48.62 48.45 48.33 48.35 48.52 48.72 48.82 48.75 48.54 48.32 48.24 48.42 48.83 49.38 49.93 50.36 50.62 50.74 50.81 50.92 51.13 51.46 51.84 52.16 52.32 52.21 51.85 51.29 50.67 50.10 49.65 49.32 49.06 48.82 48.55 48.20 47.76 47.26 46.80 46.53 46.59 47.06 47.89 48.93 49.97 50.80 51.30 51.45 51.33 51.11 50.92 50.84 50.89 51.06 51.29 51.57 51.82 51.95 51.86 51.50 50.92 50.26 49.68 49.21 48.68 47.73 45.88 42.35 34.21 5.00 
69.00 51.82 49.74 50.37 51.25 51.79 51.86 51.47 50.74 49.88 49.08 48.52 48.33 48.52 49.05 49.76 50.40 50.74 50.62 50.02 49.06 48.00 47.11 46.57 46.47 46.78 47.40 48.22 49.16 50.14 51.08 51.91 52.57 53.02 53.27 53.39 53.44 53.48 53.53 53.57 53.52 53.28 52.79 52.05 51.18 50.33 49.70 49.42 49.52 49.94 50.55 51.20 51.80 52.27 52.57 52.71 52.73 52.72 52.77 52.95 53.23 53.48 53.56 53.34 52.87 52.28 51.78 51.51 51.52 51.68 51.81 51.72 51.37 50.80 50.16 49.58 49.13 48.80 48.57 48.41 48.35 48.44 48.77 49.37 50.20 51.19 52.24 53.20 53.98 54.50 54.73 54.68 54.42 54.00 53.48 52.88 52.20 51.42 50.55 49.60 48.62 47.60 46.58 45.58 44.72 44.13 43.95 44.28 45.17 46.58 48.40 50.43 52.39 53.98 54.97 55.26 54.92 54.14 53.13 52.07 51.05 50.13 49.36 48.79 48.50 48.51 48.74 49.05 49.25 49.22 48.99 48.65 48.37 48.27 48.35 48.52 48.65 48.62 48.44 48.24 48.17 48.32 48.70 49.17 49.60 49.86 49.92 49.86 49.77 49.78 49.95 50.26 50.67 51.07 51.38 51.50 51.40 51.13 50.74 50.33 49.93 49.56 49.19 48.79 48.34 47.80 47.20 46.56 46.02 45.73 45.83 46.38 47.29 48.38 49.42 50.22 50.67 50.81 50.75 50.67 50.70 50.90 51.23 51.61 51.98 52.31 52.54 52.59 52.40 51.95 51.34 50.75 50.32 50.12 50.01 49.74 49.29 49.61 56.10 95.00 
5.00 39.56 47.17 49.70 50.98 51.64 51.78 51.47 50.84 50.06 49.32 48.78 48.56 48.70 49.15 49.78 50.39 50.75 50.71 50.25 49.49 48.64 47.94 47.54 47.49 47.75 48.23 48.87 49.61 50.43 51.29 52.12 52.85 53.39 53.75 53.93 54.02 54.09 54.17 54.23 54.18 53.91 53.32 52.44 51.39 50.38 49.61 49.25 49.30 49.70 50.29 50.93 51.52 51.97 52.26 52.41 52.46 52.49 52.59 52.81 53.10 53.30 53.25 52.86 52.17 51.36 50.66 50.27 50.24 50.47 50.75 50.88 50.75 50.35 49.82 49.28 48.84 48.55 48.37 48.27 48.25 48.34 48.57 49.02 49.69 50.56 51.55 52.53 53.38 53.96 54.23 54.19 53.94 53.58 53.19 52.80 52.38 51.87 51.24 50.50 49.63 48.66 47.60 46.49 45.46 44.66 44.27 44.44 45.22 46.56 48.33 50.31 52.24 53.80 54.78 55.10 54.83 54.13 53.21 52.24 51.30 50.45 49.74 49.24 49.01 49.05 49.27 49.51 49.62 49.48 49.13 48.67 48.27 48.06 48.07 48.22 48.38 48.40 48.29 48.13 48.07 48.22 48.55 48.97 49.29 49.41 49.31 49.07 48.84 48.73 48.81 49.08 49.48 49.96 50.42 50.78 50.99 51.03 50.91 50.68 50.35 49.94 49.47 48.91 48.28 47.57 46.78 46.00 45.35 45.00 45.08 45.63 46.52 47.56 48.52 49.23 49.63 49.79 49.84 49.96 50.26 50.76 51.37 51.96 52.47 52.84 53.05 53.06 52.83 52.36 51.78 51.27 50.98 50.98 51.16 51.26 51.00 49.88 45.06 18.00 
90.00 54.14 49.46 49.93 50.86 51.45 51.58 51.30 50.72 49.99 49.27 48.72 48.44 48.50 48.86 49.42 50.01 50.41 50.51 50.26 49.77 49.20 48.74 48.50 48.51 48.72 49.06 49.50 50.05 50.71 51.48 52.30 53.07 53.70 54.13 54.37 54.51 54.60 54.68 54.74 54.66 54.32 53.63 52.63 51.46 50.37 49.58 49.23 49.30 49.70 50.27 50.86 51.37 51.76 52.01 52.13 52.20 52.28 52.44 52.72 53.01 53.17 53.02 52.46 51.57 50.55 49.66 49.12 49.01 49.25 49.64 49.95 50.02 49.81 49.40 48.92 48.51 48.24 48.12 48.10 48.15 48.25 48.42 48.72 49.21 49.92 50.81 51.77 52.64 53.28 53.59 53.57 53.32 52.98 52.66 52.41 52.20 51.94 51.57 51.05 50.38 49.54 48.53 47.39 46.25 45.30 44.74 44.74 45.38 46.60 48.28 50.19 52.05 53.58 54.57 54.94 54.76 54.20 53.42 52.55 51.68 50.86 50.16 49.65 49.41 49.41 49.56 49.71 49.71 49.48 49.05 48.53 48.06 47.78 47.73 47.87 48.06 48.16 48.13 48.03 47.99 48.12 48.41 48.76 49.00 49.03 48.81 48.45 48.10 47.87 47.87 48.08 48.48 49.01 49.62 50.21 50.71 51.05 51.18 51.11 50.83 50.38 49.78 49.08 48.28 47.40 46.47 45.56 44.81 44.39 44.41 44.88 45.67 46.59 47.42 48.03 48.41 48.63 48.85 49.22 49.83 50.62 51.47 52.24 52.84 53.24 53.44 53.42 53.18 52.74 52.22 51.78 51.59 51.72 52.08 52.48 52.75 53.07 55.82 77.00 
0.00 37.43 46.35 49.32 50.63 51.20 51.27 50.96 50.40 49.69 48.98 48.40 48.06 48.02 48.29 48.79 49.37 49.85 50.11 50.11 49.90 49.61 49.39 49.30 49.36 49.51 49.73 50.00 50.37 50.89 51.59 52.40 53.19 53.86 54.33 54.61 54.77 54.87 54.95 54.97 54.83 54.41 53.63 52.54 51.34 50.27 49.56 49.31 49.47 49.90 50.45 50.97 51.38 51.68 51.85 51.95 52.03 52.16 52.39 52.71 53.01 53.13 52.87 52.17 51.10 49.90 48.85 48.17 47.97 48.19 48.64 49.09 49.34 49.31 49.03 48.62 48.24 48.00 47.93 48.00 48.12 48.25 48.38 48.55 48.86 49.38 50.10 50.96 51.82 52.49 52.84 52.85 52.61 52.27 51.98 51.81 51.74 51.68 51.56 51.30 50.85 50.18 49.27 48.17 46.98 45.92 45.21 45.04 45.51 46.58 48.14 49.95 51.76 53.27 54.31 54.79 54.76 54.37 53.73 52.96 52.12 51.29 50.54 49.98 49.68 49.61 49.67 49.71 49.62 49.32 48.85 48.29 47.79 47.47 47.39 47.53 47.76 47.95 48.01 47.99 47.99 48.11 48.35 48.63 48.81 48.77 48.49 48.06 47.63 47.33 47.25 47.42 47.81 48.38 49.08 49.86 50.59 51.16 51.49 51.52 51.25 50.72 50.00 49.14 48.19 47.19 46.16 45.18 44.37 43.88 43.81 44.17 44.82 45.58 46.28 46.84 47.24 47.60 48.04 48.68 49.56 50.59 51.63 52.51 53.16 53.55 53.72 53.68 53.46 53.07 52.62 52.25 52.11 52.28 52.73 53.32 53.77 53.19 47.77 19.00 
63.00 49.13 48.98 50.10 50.80 51.03 50.92 50.53 49.94 49.24 48.54 47.94 47.54 47.42 47.61 48.05 48.63 49.20 49.63 49.85 49.89 49.85 49.80 49.81 49.89 49.98 50.09 50.22 50.47 50.90 51.55 52.33 53.13 53.80 54.28 54.57 54.72 54.81 54.86 54.83 54.61 54.10 53.25 52.14 50.98 50.02 49.47 49.39 49.68 50.18 50.72 51.18 51.51 51.72 51.84 51.93 52.03 52.20 52.47 52.82 53.11 53.15 52.78 51.94 50.73 49.40 48.23 47.47 47.20 47.40 47.89 48.43 48.83 48.96 48.80 48.47 48.13 47.91 47.88 48.01 48.20 48.36 48.46 48.53 48.67 48.96 49.47 50.16 50.93 51.58 51.97 52.03 51.83 51.51 51.23 51.11 51.14 51.25 51.34 51.32 51.10 50.61 49.83 48.77 47.56 46.41 45.57 45.23 45.51 46.42 47.84 49.55 51.31 52.85 53.99 54.63 54.80 54.58 54.09 53.38 52.54 51.66 50.86 50.24 49.88 49.74 49.72 49.67 49.49 49.13 48.63 48.06 47.54 47.19 47.09 47.22 47.49 47.78 47.98 48.07 48.14 48.27 48.48 48.70 48.81 48.72 48.40 47.94 47.47 47.14 47.02 47.14 47.50 48.06 48.80 49.66 50.52 51.25 51.69 51.78 51.49 50.87 50.02 49.03 47.97 46.88 45.80 44.80 43.98 43.46 43.31 43.55 44.05 44.69 45.31 45.87 46.38 46.92 47.58 48.45 49.52 50.69 51.81 52.71 53.34 53.70 53.85 53.81 53.62 53.31 52.92 52.59 52.45 52.59 53.08 53.94 55.32 57.71 62.78 78.00 
37.00 47.07 50.23 51.16 51.26 51.03 50.63 50.10 49.47 48.77 48.07 47.46 47.03 46.85 46.97 47.36 47.94 48.58 49.14 49.53 49.76 49.87 49.92 49.97 50.02 50.06 50.08 50.13 50.31 50.69 51.30 52.06 52.83 53.48 53.93 54.20 54.34 54.40 54.39 54.28 53.97 53.39 52.50 51.42 50.37 49.59 49.25 49.37 49.82 50.42 50.98 51.41 51.69 51.86 51.97 52.07 52.20 52.42 52.72 53.06 53.29 53.24 52.73 51.75 50.42 49.01 47.78 46.98 46.69 46.89 47.41 48.04 48.56 48.81 48.77 48.51 48.19 47.98 47.95 48.10 48.32 48.51 48.59 48.59 48.58 48.65 48.91 49.38 49.98 50.57 50.98 51.12 50.99 50.72 50.48 50.40 50.52 50.79 51.08 51.27 51.25 50.92 50.24 49.23 48.00 46.76 45.78 45.27 45.38 46.12 47.38 48.99 50.71 52.30 53.56 54.40 54.78 54.76 54.39 53.74 52.89 51.98 51.14 50.50 50.12 49.95 49.86 49.73 49.45 49.02 48.48 47.89 47.35 46.96 46.81 46.93 47.24 47.64 48.00 48.26 48.46 48.65 48.84 49.00 49.04 48.89 48.54 48.06 47.59 47.24 47.10 47.17 47.45 47.95 48.64 49.49 50.38 51.15 51.65 51.77 51.47 50.81 49.88 48.80 47.66 46.52 45.44 44.46 43.67 43.14 42.94 43.08 43.48 44.04 44.67 45.31 45.97 46.69 47.53 48.53 49.66 50.82 51.88 52.71 53.27 53.59 53.73 53.73 53.60 53.35 53.03 52.70 52.50 52.52 52.88 53.74 55.50 59.22 67.42 85.00 
38.00 51.97 53.80 53.12 52.12 51.22 50.46 49.76 49.07 48.36 47.67 47.07 46.62 46.40 46.47 46.83 47.41 48.08 48.71 49.20 49.52 49.69 49.76 49.79 49.80 49.78 49.75 49.77 49.92 50.29 50.87 51.59 52.31 52.90 53.31 53.55 53.66 53.67 53.59 53.38 52.98 52.33 51.46 50.47 49.58 49.01 48.90 49.22 49.83 50.51 51.12 51.56 51.86 52.06 52.20 52.35 52.52 52.76 53.07 53.38 53.53 53.35 52.70 51.58 50.15 48.68 47.44 46.65 46.38 46.61 47.18 47.89 48.51 48.87 48.91 48.70 48.39 48.14 48.06 48.17 48.38 48.56 48.65 48.61 48.49 48.39 48.41 48.63 49.02 49.50 49.91 50.12 50.10 49.92 49.77 49.77 50.00 50.42 50.89 51.28 51.43 51.24 50.63 49.64 48.36 47.03 45.90 45.23 45.17 45.73 46.85 48.34 50.00 51.62 53.00 54.03 54.63 54.79 54.55 53.96 53.15 52.26 51.47 50.88 50.53 50.36 50.22 49.98 49.60 49.07 48.45 47.80 47.21 46.75 46.54 46.61 46.95 47.46 48.00 48.48 48.87 49.17 49.39 49.50 49.47 49.25 48.85 48.35 47.86 47.50 47.31 47.31 47.49 47.86 48.44 49.18 50.02 50.78 51.31 51.48 51.24 50.61 49.70 48.60 47.43 46.28 45.21 44.27 43.52 43.01 42.80 42.87 43.21 43.75 44.43 45.19 46.00 46.86 47.79 48.79 49.83 50.83 51.71 52.38 52.83 53.12 53.28 53.35 53.30 53.12 52.82 52.46 52.13 51.93 51.96 52.34 53.38 55.96 62.48 80.00 
94.00 69.13 60.12 55.72 53.17 51.55 50.44 49.57 48.80 48.07 47.38 46.78 46.32 46.09 46.14 46.48 47.04 47.72 48.37 48.88 49.21 49.37 49.41 49.39 49.34 49.28 49.24 49.25 49.41 49.76 50.31 50.97 51.61 52.13 52.48 52.69 52.76 52.72 52.55 52.24 51.75 51.08 50.26 49.42 48.73 48.40 48.50 48.99 49.70 50.46 51.11 51.60 51.95 52.22 52.44 52.64 52.86 53.13 53.43 53.69 53.75 53.44 52.65 51.41 49.90 48.41 47.18 46.43 46.21 46.49 47.13 47.91 48.61 49.05 49.15 48.96 48.61 48.29 48.12 48.13 48.27 48.42 48.52 48.49 48.34 48.12 47.95 47.92 48.09 48.43 48.80 49.07 49.17 49.14 49.13 49.27 49.65 50.23 50.88 51.43 51.73 51.65 51.10 50.10 48.77 47.33 46.06 45.23 45.00 45.39 46.34 47.68 49.24 50.83 52.29 53.47 54.25 54.60 54.50 54.03 53.33 52.57 51.91 51.46 51.20 51.03 50.83 50.48 49.96 49.29 48.56 47.81 47.12 46.56 46.23 46.23 46.56 47.16 47.89 48.62 49.22 49.67 49.95 50.05 49.95 49.66 49.20 48.66 48.15 47.75 47.49 47.38 47.42 47.63 48.04 48.65 49.39 50.14 50.72 51.00 50.90 50.43 49.63 48.61 47.47 46.32 45.25 44.35 43.65 43.19 42.97 43.03 43.33 43.87 44.60 45.44 46.35 47.27 48.17 49.04 49.86 50.59 51.20 51.66 52.00 52.26 52.48 52.64 52.67 52.54 52.22 51.77 51.26 50.79 50.35 49.90 49.32 48.42 46.35 38.00 
83.00 70.66 62.20 56.98 53.79 51.80 50.49 49.52 48.69 47.92 47.20 46.57 46.10 45.87 45.91 46.24 46.80 47.46 48.09 48.58 48.88 49.00 49.00 48.93 48.84 48.76 48.71 48.73 48.89 49.22 49.72 50.29 50.83 51.26 51.56 51.72 51.76 51.65 51.40 50.99 50.45 49.80 49.09 48.44 47.99 47.87 48.15 48.76 49.53 50.30 50.97 51.49 51.91 52.25 52.54 52.80 53.06 53.33 53.62 53.84 53.83 53.42 52.52 51.20 49.66 48.17 46.99 46.29 46.14 46.48 47.17 48.02 48.79 49.28 49.42 49.21 48.81 48.39 48.08 47.95 47.98 48.09 48.20 48.21 48.08 47.82 47.51 47.28 47.24 47.41 47.71 48.02 48.24 48.40 48.59 48.93 49.49 50.24 51.05 51.75 52.17 52.18 51.68 50.68 49.30 47.77 46.38 45.40 45.00 45.21 45.95 47.09 48.48 49.98 51.44 52.71 53.64 54.15 54.23 53.95 53.45 52.92 52.49 52.23 52.08 51.94 51.66 51.17 50.48 49.67 48.79 47.92 47.10 46.39 45.92 45.79 46.08 46.73 47.61 48.54 49.36 49.96 50.32 50.43 50.30 49.96 49.46 48.88 48.32 47.83 47.47 47.22 47.10 47.14 47.40 47.89 48.57 49.32 50.00 50.46 50.60 50.38 49.81 48.93 47.85 46.72 45.66 44.79 44.14 43.73 43.55 43.60 43.88 44.39 45.10 45.93 46.82 47.66 48.42 49.07 49.61 50.04 50.37 50.62 50.85 51.11 51.39 51.63 51.73 51.60 51.22 50.63 49.95 49.22 48.37 47.16 45.14 41.66 36.25 31.00 
78.00 68.59 61.55 56.80 53.77 51.86 50.58 49.60 48.73 47.90 47.11 46.42 45.90 45.65 45.70 46.04 46.60 47.25 47.87 48.33 48.61 48.71 48.69 48.60 48.50 48.40 48.35 48.36 48.50 48.79 49.21 49.68 50.11 50.44 50.67 50.78 50.76 50.59 50.24 49.76 49.20 48.61 48.06 47.64 47.43 47.52 47.94 48.61 49.38 50.12 50.76 51.28 51.71 52.09 52.42 52.70 52.97 53.24 53.52 53.70 53.64 53.18 52.24 50.91 49.40 47.99 46.89 46.27 46.17 46.56 47.29 48.18 48.99 49.52 49.67 49.46 49.00 48.47 48.01 47.73 47.63 47.67 47.78 47.84 47.76 47.49 47.10 46.71 46.48 46.48 46.70 47.04 47.40 47.76 48.18 48.75 49.51 50.42 51.37 52.17 52.69 52.77 52.33 51.36 49.97 48.39 46.90 45.80 45.23 45.23 45.73 46.61 47.77 49.11 50.49 51.78 52.82 53.49 53.77 53.72 53.50 53.26 53.11 53.07 53.05 52.92 52.55 51.92 51.08 50.12 49.12 48.13 47.17 46.30 45.66 45.38 45.56 46.19 47.14 48.20 49.17 49.90 50.34 50.48 50.36 50.01 49.50 48.89 48.27 47.70 47.20 46.79 46.52 46.43 46.58 47.00 47.67 48.48 49.31 50.00 50.44 50.54 50.23 49.54 48.56 47.45 46.40 45.55 44.97 44.64 44.51 44.57 44.80 45.22 45.80 46.49 47.21 47.86 48.39 48.79 49.05 49.22 49.32 49.42 49.57 49.83 50.15 50.44 50.56 50.38 49.89 49.18 48.35 47.48 46.44 44.85 41.96 36.45 25.74 4.00 
70.00 64.43 59.07 55.48 53.19 51.71 50.66 49.77 48.90 48.00 47.10 46.30 45.71 45.41 45.44 45.79 46.37 47.03 47.64 48.12 48.41 48.55 48.56 48.51 48.42 48.33 48.26 48.24 48.34 48.56 48.89 49.25 49.58 49.82 49.96 50.00 49.90 49.62 49.19 48.65 48.09 47.59 47.22 47.03 47.06 47.34 47.87 48.57 49.31 49.98 50.54 51.00 51.39 51.74 52.05 52.31 52.55 52.79 53.03 53.19 53.10 52.63 51.74 50.50 49.13 47.87 46.92 46.40 46.37 46.78 47.52 48.42 49.24 49.79 49.96 49.75 49.25 48.63 48.04 47.61 47.37 47.33 47.41 47.49 47.43 47.16 46.71 46.20 45.82 45.70 45.85 46.23 46.72 47.30 47.95 48.73 49.66 50.69 51.71 52.58 53.16 53.30 52.93 52.02 50.68 49.11 47.61 46.42 45.70 45.47 45.68 46.25 47.13 48.24 49.50 50.76 51.86 52.67 53.16 53.37 53.44 53.49 53.61 53.77 53.85 53.72 53.28 52.54 51.60 50.55 49.48 48.41 47.34 46.33 45.51 45.05 45.09 45.63 46.55 47.64 48.66 49.45 49.95 50.14 50.06 49.75 49.26 48.65 47.99 47.33 46.71 46.17 45.78 45.60 45.71 46.13 46.84 47.76 48.76 49.71 50.46 50.87 50.83 50.33 49.45 48.38 47.34 46.54 46.03 45.79 45.75 45.82 45.99 46.25 46.60 47.01 47.42 47.78 48.04 48.20 48.26 48.26 48.24 48.26 48.37 48.62 48.95 49.24 49.31 49.05 48.45 47.63 46.75 45.91 44.99 43.63 41.10 36.09 26.03 5.00 
81.00 60.27 55.21 53.29 52.19 51.40 50.72 50.00 49.16 48.20 47.18 46.25 45.53 45.15 45.14 45.49 46.07 46.75 47.40 47.93 48.30 48.53 48.64 48.66 48.63 48.55 48.47 48.42 48.45 48.61 48.85 49.13 49.37 49.52 49.57 49.50 49.27 48.85 48.29 47.68 47.13 46.73 46.53 46.55 46.79 47.24 47.87 48.59 49.30 49.90 50.38 50.75 51.05 51.31 51.53 51.71 51.88 52.06 52.23 52.32 52.22 51.79 51.01 49.97 48.85 47.84 47.11 46.74 46.79 47.21 47.93 48.79 49.58 50.14 50.33 50.14 49.64 48.97 48.29 47.73 47.36 47.20 47.20 47.23 47.14 46.83 46.32 45.73 45.26 45.06 45.21 45.66 46.30 47.06 47.91 48.84 49.87 50.94 51.98 52.86 53.45 53.64 53.35 52.54 51.30 49.83 48.38 47.16 46.31 45.85 45.75 45.98 46.54 47.40 48.50 49.70 50.85 51.79 52.46 52.91 53.23 53.52 53.83 54.11 54.24 54.10 53.62 52.84 51.87 50.82 49.75 48.66 47.54 46.44 45.48 44.87 44.75 45.15 45.96 46.98 47.96 48.74 49.25 49.48 49.45 49.20 48.76 48.19 47.52 46.80 46.09 45.47 45.01 44.80 44.92 45.38 46.18 47.23 48.42 49.61 50.63 51.31 51.51 51.17 50.38 49.34 48.33 47.58 47.18 47.06 47.11 47.21 47.30 47.36 47.40 47.45 47.48 47.49 47.47 47.44 47.40 47.35 47.31 47.32 47.43 47.67 47.97 48.21 48.21 47.85 47.17 46.31 45.47 44.81 44.29 43.70 42.64 40.61 37.18 33.00 
8.00 40.56 48.39 50.49 51.02 51.01 50.74 50.22 49.46 48.46 47.35 46.28 45.43 44.93 44.84 45.14 45.71 46.41 47.11 47.73 48.23 48.61 48.86 49.00 49.05 49.01 48.92 48.85 48.84 48.94 49.15 49.38 49.57 49.65 49.60 49.37 48.95 48.34 47.62 46.90 46.33 46.00 45.94 46.13 46.53 47.12 47.84 48.60 49.31 49.89 50.32 50.61 50.80 50.94 51.03 51.09 51.14 51.21 51.26 51.26 51.11 50.73 50.12 49.36 48.58 47.92 47.48 47.32 47.46 47.89 48.55 49.32 50.05 50.57 50.77 50.62 50.16 49.50 48.78 48.13 47.64 47.35 47.21 47.12 46.92 46.52 45.93 45.28 44.77 44.59 44.80 45.35 46.15 47.06 48.02 49.02 50.06 51.10 52.09 52.92 53.50 53.71 53.48 52.79 51.71 50.40 49.07 47.89 46.95 46.27 45.86 45.75 45.98 46.59 47.53 48.67 49.85 50.89 51.73 52.36 52.85 53.28 53.67 53.98 54.09 53.91 53.41 52.66 51.75 50.78 49.79 48.76 47.67 46.54 45.53 44.81 44.56 44.82 45.49 46.37 47.24 47.95 48.43 48.66 48.67 48.47 48.10 47.57 46.93 46.22 45.49 44.84 44.37 44.18 44.33 44.86 45.75 46.92 48.28 49.66 50.90 51.79 52.16 51.94 51.22 50.22 49.26 48.58 48.28 48.30 48.46 48.60 48.61 48.46 48.20 47.85 47.48 47.14 46.88 46.71 46.63 46.61 46.64 46.70 46.84 47.07 47.33 47.51 47.45 47.05 46.35 45.52 44.81 44.40 44.36 44.70 45.38 46.59 49.07 56.00 
57.00 45.57 47.28 49.21 50.26 50.69 50.71 50.38 49.71 48.75 47.59 46.43 45.45 44.82 44.61 44.81 45.31 46.00 46.75 47.48 48.13 48.67 49.10 49.39 49.55 49.58 49.53 49.46 49.45 49.56 49.77 50.01 50.19 50.23 50.05 49.64 48.98 48.13 47.20 46.35 45.74 45.43 45.44 45.74 46.25 46.95 47.74 48.57 49.32 49.94 50.37 50.62 50.73 50.75 50.70 50.62 50.54 50.45 50.35 50.21 49.98 49.64 49.21 48.75 48.36 48.10 48.00 48.09 48.35 48.78 49.36 50.00 50.59 51.03 51.22 51.10 50.71 50.11 49.41 48.72 48.14 47.71 47.42 47.15 46.78 46.24 45.55 44.87 44.39 44.28 44.60 45.29 46.21 47.21 48.22 49.20 50.17 51.12 52.01 52.77 53.29 53.51 53.34 52.77 51.86 50.75 49.58 48.48 47.49 46.62 45.93 45.50 45.44 45.82 46.61 47.70 48.90 50.03 51.00 51.75 52.34 52.80 53.16 53.38 53.39 53.15 52.65 51.95 51.15 50.33 49.48 48.59 47.60 46.55 45.56 44.83 44.52 44.68 45.22 45.95 46.68 47.28 47.68 47.87 47.87 47.70 47.38 46.93 46.37 45.73 45.06 44.46 44.02 43.86 44.05 44.62 45.57 46.83 48.29 49.81 51.18 52.21 52.70 52.57 51.91 50.96 50.06 49.47 49.29 49.43 49.69 49.87 49.84 49.53 48.99 48.30 47.57 46.93 46.45 46.18 46.10 46.15 46.27 46.42 46.61 46.85 47.10 47.25 47.19 46.82 46.19 45.47 44.91 44.71 45.05 46.07 48.07 51.53 56.61 59.00 
1.00 37.32 45.71 48.49 49.77 50.39 50.58 50.40 49.86 48.98 47.86 46.66 45.60 44.84 44.48 44.54 44.93 45.57 46.34 47.15 47.94 48.65 49.25 49.71 50.01 50.15 50.18 50.17 50.22 50.39 50.67 50.96 51.17 51.16 50.87 50.26 49.34 48.24 47.09 46.11 45.41 45.08 45.11 45.43 45.99 46.73 47.59 48.48 49.32 50.02 50.51 50.78 50.86 50.78 50.61 50.39 50.15 49.90 49.63 49.34 49.02 48.70 48.43 48.26 48.25 48.39 48.64 48.98 49.37 49.79 50.24 50.69 51.09 51.39 51.52 51.44 51.13 50.64 50.01 49.34 48.72 48.19 47.74 47.27 46.71 46.02 45.25 44.57 44.15 44.14 44.59 45.39 46.39 47.42 48.39 49.30 50.17 51.01 51.79 52.46 52.94 53.14 53.01 52.54 51.79 50.87 49.87 48.85 47.83 46.83 45.91 45.21 44.90 45.09 45.76 46.80 48.03 49.24 50.30 51.15 51.76 52.18 52.41 52.45 52.30 51.94 51.42 50.79 50.11 49.45 48.79 48.09 47.29 46.40 45.55 44.90 44.61 44.73 45.18 45.79 46.38 46.85 47.13 47.24 47.19 47.02 46.76 46.41 45.99 45.50 44.97 44.47 44.10 43.97 44.17 44.74 45.69 46.95 48.44 49.99 51.42 52.51 53.07 53.01 52.42 51.55 50.74 50.24 50.16 50.40 50.75 50.98 50.93 50.51 49.78 48.84 47.84 46.95 46.30 45.94 45.86 45.97 46.18 46.42 46.68 46.96 47.24 47.43 47.44 47.18 46.70 46.13 45.70 45.61 46.04 47.25 49.84 55.22 66.99 96.00 
96.00 56.73 49.35 48.79 49.43 50.00 50.28 50.23 49.83 49.09 48.07 46.92 45.83 44.98 44.48 44.38 44.63 45.17 45.91 46.77 47.66 48.51 49.26 49.88 50.34 50.63 50.79 50.90 51.06 51.34 51.72 52.10 52.34 52.31 51.90 51.10 49.97 48.66 47.35 46.24 45.47 45.09 45.06 45.34 45.86 46.58 47.44 48.38 49.30 50.11 50.70 51.04 51.12 50.98 50.71 50.36 49.98 49.58 49.16 48.74 48.34 48.04 47.90 47.99 48.31 48.80 49.37 49.93 50.41 50.79 51.07 51.27 51.42 51.51 51.54 51.48 51.27 50.92 50.44 49.87 49.28 48.69 48.10 47.46 46.73 45.91 45.09 44.43 44.09 44.19 44.73 45.58 46.58 47.58 48.48 49.30 50.08 50.82 51.52 52.12 52.54 52.72 52.62 52.22 51.60 50.81 49.93 48.98 47.95 46.85 45.77 44.88 44.39 44.42 44.99 46.00 47.25 48.53 49.67 50.57 51.18 51.51 51.57 51.39 51.02 50.51 49.92 49.31 48.75 48.25 47.79 47.32 46.77 46.14 45.51 45.03 44.83 44.97 45.37 45.88 46.36 46.69 46.84 46.83 46.71 46.53 46.33 46.13 45.90 45.64 45.32 44.98 44.70 44.60 44.76 45.27 46.13 47.31 48.71 50.18 51.55 52.63 53.21 53.23 52.74 52.00 51.30 50.90 50.90 51.21 51.61 51.88 51.82 51.37 50.55 49.47 48.31 47.25 46.46 46.01 45.90 46.03 46.31 46.62 46.95 47.29 47.64 47.92 48.06 47.97 47.68 47.28 46.93 46.77 46.94 47.61 49.23 52.79 60.27 74.00 
41.00 43.96 45.64 47.29 48.55 49.35 49.76 49.84 49.60 49.03 48.17 47.13 46.07 45.19 44.59 44.35 44.47 44.90 45.58 46.43 47.35 48.27 49.14 49.90 50.52 50.98 51.30 51.57 51.87 52.29 52.78 53.24 53.50 53.44 52.94 52.03 50.77 49.36 47.98 46.83 46.01 45.55 45.42 45.57 45.97 46.59 47.39 48.32 49.29 50.18 50.88 51.29 51.40 51.23 50.86 50.39 49.89 49.37 48.86 48.37 47.95 47.69 47.68 47.98 48.58 49.36 50.19 50.91 51.43 51.70 51.75 51.66 51.50 51.34 51.23 51.16 51.07 50.90 50.62 50.23 49.73 49.15 48.48 47.70 46.83 45.93 45.10 44.49 44.25 44.42 44.98 45.81 46.75 47.65 48.48 49.23 49.93 50.62 51.27 51.83 52.22 52.38 52.28 51.93 51.36 50.66 49.85 48.93 47.88 46.72 45.55 44.55 43.94 43.87 44.37 45.33 46.59 47.90 49.09 50.03 50.64 50.88 50.77 50.36 49.75 49.06 48.37 47.76 47.26 46.89 46.63 46.41 46.16 45.84 45.50 45.24 45.18 45.36 45.73 46.18 46.56 46.77 46.79 46.66 46.46 46.28 46.17 46.16 46.20 46.21 46.15 46.00 45.83 45.74 45.84 46.24 46.94 47.92 49.10 50.37 51.57 52.54 53.12 53.21 52.87 52.30 51.74 51.45 51.50 51.83 52.24 52.51 52.47 52.02 51.20 50.09 48.87 47.74 46.86 46.34 46.17 46.29 46.57 46.93 47.30 47.70 48.12 48.51 48.79 48.88 48.77 48.51 48.19 47.86 47.53 47.17 46.78 46.52 47.32 54.00 
7.00 32.12 41.43 45.55 47.57 48.59 49.09 49.27 49.16 48.76 48.08 47.20 46.26 45.42 44.81 44.50 44.53 44.86 45.46 46.24 47.13 48.05 48.95 49.80 50.54 51.16 51.65 52.08 52.54 53.07 53.65 54.15 54.43 54.33 53.81 52.88 51.64 50.27 48.96 47.86 47.04 46.51 46.25 46.22 46.42 46.86 47.52 48.36 49.30 50.22 50.98 51.46 51.59 51.39 50.94 50.36 49.74 49.14 48.59 48.10 47.74 47.57 47.72 48.22 49.06 50.08 51.10 51.91 52.40 52.50 52.28 51.85 51.35 50.92 50.65 50.55 50.57 50.63 50.61 50.44 50.10 49.57 48.85 47.98 47.02 46.08 45.28 44.75 44.58 44.78 45.31 46.04 46.86 47.66 48.42 49.13 49.82 50.49 51.12 51.64 52.01 52.15 52.06 51.72 51.18 50.49 49.68 48.76 47.70 46.53 45.34 44.31 43.65 43.51 43.93 44.84 46.05 47.36 48.57 49.52 50.12 50.29 50.05 49.46 48.66 47.80 47.01 46.35 45.89 45.62 45.53 45.56 45.62 45.64 45.62 45.60 45.67 45.89 46.24 46.62 46.91 47.02 46.94 46.71 46.46 46.30 46.32 46.53 46.86 47.18 47.39 47.44 47.38 47.31 47.35 47.59 48.07 48.77 49.61 50.54 51.45 52.24 52.77 52.95 52.79 52.42 52.05 51.86 51.94 52.25 52.62 52.86 52.81 52.40 51.63 50.59 49.41 48.29 47.39 46.82 46.59 46.66 46.91 47.25 47.62 48.04 48.49 48.96 49.36 49.59 49.62 49.46 49.14 48.63 47.82 46.43 43.90 38.98 28.40 2.00 
31.00 35.82 41.94 45.39 47.10 47.95 48.38 48.57 48.55 48.29 47.79 47.10 46.34 45.65 45.13 44.85 44.86 45.13 45.64 46.31 47.09 47.93 48.79 49.65 50.46 51.18 51.80 52.37 52.94 53.56 54.17 54.67 54.92 54.82 54.33 53.50 52.43 51.28 50.18 49.24 48.50 47.93 47.52 47.28 47.24 47.43 47.87 48.55 49.38 50.25 51.00 51.48 51.61 51.38 50.85 50.17 49.46 48.80 48.26 47.85 47.60 47.60 47.93 48.65 49.71 50.93 52.08 52.93 53.32 53.23 52.71 51.94 51.10 50.40 49.95 49.82 49.96 50.23 50.49 50.58 50.42 49.96 49.23 48.30 47.30 46.35 45.61 45.15 45.03 45.22 45.66 46.26 46.95 47.66 48.38 49.09 49.80 50.47 51.08 51.58 51.91 52.05 51.94 51.61 51.07 50.36 49.53 48.59 47.53 46.39 45.24 44.25 43.59 43.41 43.75 44.56 45.68 46.93 48.11 49.05 49.63 49.77 49.46 48.78 47.88 46.92 46.05 45.36 44.89 44.69 44.73 44.96 45.31 45.66 45.93 46.14 46.33 46.56 46.85 47.14 47.34 47.37 47.21 46.92 46.66 46.57 46.74 47.17 47.77 48.37 48.82 49.07 49.12 49.09 49.09 49.19 49.43 49.77 50.18 50.67 51.20 51.73 52.17 52.43 52.47 52.33 52.16 52.09 52.20 52.46 52.75 52.92 52.85 52.47 51.78 50.85 49.80 48.77 47.91 47.34 47.08 47.09 47.28 47.55 47.86 48.22 48.65 49.13 49.58 49.89 50.01 49.92 49.61 49.03 48.01 46.18 42.84 36.67 25.07 3.00 
9.00 38.02 44.82 46.65 47.25 47.51 47.69 47.81 47.83 47.68 47.34 46.87 46.34 45.88 45.55 45.40 45.45 45.70 46.12 46.67 47.30 47.99 48.73 49.52 50.30 51.05 51.73 52.36 52.99 53.63 54.22 54.67 54.89 54.80 54.41 53.78 53.01 52.21 51.45 50.77 50.17 49.62 49.11 48.67 48.38 48.31 48.49 48.93 49.57 50.29 50.94 51.36 51.45 51.17 50.59 49.83 49.05 48.38 47.87 47.57 47.48 47.68 48.24 49.18 50.44 51.82 53.05 53.89 54.17 53.87 53.09 52.03 50.92 49.98 49.39 49.22 49.44 49.91 50.41 50.73 50.73 50.35 49.62 48.67 47.65 46.73 46.04 45.65 45.55 45.69 46.02 46.48 47.05 47.69 48.41 49.17 49.91 50.60 51.18 51.63 51.93 52.04 51.93 51.60 51.05 50.32 49.46 48.50 47.46 46.38 45.33 44.42 43.80 43.59 43.85 44.53 45.52 46.65 47.74 48.62 49.18 49.32 49.04 48.39 47.50 46.55 45.68 44.97 44.50 44.30 44.40 44.78 45.35 45.97 46.50 46.89 47.15 47.35 47.54 47.72 47.81 47.75 47.52 47.21 46.97 46.96 47.28 47.91 48.72 49.53 50.18 50.59 50.77 50.82 50.83 50.83 50.82 50.78 50.73 50.71 50.80 51.03 51.36 51.67 51.89 51.99 52.02 52.08 52.22 52.43 52.62 52.70 52.57 52.21 51.61 50.82 49.93 49.05 48.31 47.80 47.56 47.55 47.67 47.85 48.04 48.28 48.62 49.04 49.46 49.78 49.94 49.88 49.63 49.12 48.24 46.69 43.96 39.30 31.95 23.00 
94.00 62.39 52.60 49.12 47.74 47.19 47.04 47.06 47.08 47.01 46.83 46.57 46.32 46.13 46.04 46.07 46.21 46.47 46.81 47.22 47.68 48.20 48.78 49.43 50.11 50.79 51.44 52.06 52.67 53.26 53.78 54.15 54.32 54.26 54.02 53.66 53.26 52.87 52.52 52.18 51.80 51.33 50.78 50.21 49.72 49.41 49.34 49.53 49.91 50.39 50.84 51.12 51.13 50.80 50.19 49.42 48.63 47.97 47.52 47.33 47.41 47.81 48.58 49.72 51.13 52.61 53.88 54.67 54.84 54.39 53.44 52.20 50.92 49.85 49.17 48.99 49.26 49.84 50.50 50.97 51.07 50.73 50.01 49.05 48.05 47.19 46.56 46.21 46.11 46.19 46.39 46.72 47.18 47.79 48.53 49.35 50.16 50.86 51.41 51.80 52.04 52.12 52.01 51.67 51.12 50.37 49.48 48.52 47.53 46.55 45.62 44.84 44.30 44.09 44.27 44.81 45.63 46.58 47.52 48.31 48.84 49.03 48.86 48.36 47.63 46.81 46.01 45.32 44.81 44.57 44.66 45.09 45.79 46.60 47.32 47.82 48.10 48.22 48.27 48.28 48.23 48.07 47.79 47.47 47.26 47.33 47.76 48.52 49.47 50.41 51.18 51.72 52.05 52.22 52.29 52.24 52.04 51.65 51.14 50.63 50.28 50.21 50.39 50.74 51.11 51.41 51.63 51.80 51.97 52.13 52.23 52.21 52.02 51.66 51.15 50.50 49.79 49.10 48.52 48.14 47.98 48.00 48.09 48.18 48.25 48.34 48.52 48.82 49.15 49.42 49.56 49.54 49.37 49.07 48.60 47.84 46.52 44.20 40.22 33.00 
95.00 65.04 54.27 49.77 47.69 46.76 46.42 46.37 46.41 46.43 46.40 46.35 46.35 46.42 46.56 46.75 46.98 47.23 47.50 47.79 48.11 48.48 48.90 49.38 49.91 50.45 50.99 51.52 52.03 52.51 52.92 53.19 53.31 53.29 53.21 53.13 53.09 53.12 53.18 53.19 53.08 52.78 52.28 51.66 51.07 50.61 50.35 50.29 50.40 50.60 50.77 50.84 50.70 50.33 49.75 49.03 48.31 47.72 47.35 47.25 47.45 48.00 48.91 50.17 51.67 53.17 54.41 55.14 55.23 54.70 53.70 52.45 51.18 50.13 49.46 49.28 49.56 50.16 50.83 51.31 51.41 51.06 50.34 49.42 48.48 47.70 47.15 46.84 46.71 46.71 46.79 46.98 47.34 47.92 48.70 49.58 50.44 51.17 51.70 52.04 52.23 52.27 52.15 51.81 51.25 50.49 49.59 48.65 47.73 46.87 46.10 45.48 45.06 44.90 45.02 45.43 46.06 46.80 47.55 48.21 48.71 48.99 49.00 48.76 48.31 47.71 47.05 46.38 45.81 45.46 45.45 45.84 46.57 47.46 48.28 48.83 49.08 49.07 48.94 48.77 48.55 48.27 47.92 47.59 47.41 47.52 48.01 48.83 49.82 50.81 51.66 52.30 52.77 53.10 53.27 53.24 52.90 52.25 51.35 50.42 49.69 49.34 49.38 49.73 50.20 50.65 51.00 51.26 51.43 51.53 51.55 51.44 51.22 50.87 50.44 49.94 49.40 48.90 48.51 48.30 48.28 48.40 48.54 48.61 48.58 48.53 48.54 48.67 48.87 49.05 49.13 49.12 49.05 49.02 49.10 49.37 49.86 50.61 51.60 53.00 
30.00 48.72 50.08 48.53 47.09 46.24 45.90 45.87 45.96 46.06 46.17 46.30 46.50 46.77 47.06 47.34 47.57 47.78 47.97 48.17 48.40 48.68 48.99 49.35 49.73 50.11 50.49 50.85 51.21 51.54 51.80 51.96 52.03 52.05 52.11 52.26 52.53 52.91 53.33 53.68 53.85 53.75 53.39 52.85 52.26 51.76 51.39 51.17 51.03 50.92 50.77 50.57 50.27 49.87 49.35 48.77 48.20 47.73 47.45 47.41 47.66 48.26 49.21 50.49 51.95 53.38 54.53 55.18 55.23 54.73 53.83 52.73 51.66 50.78 50.24 50.11 50.38 50.89 51.43 51.78 51.75 51.33 50.59 49.72 48.89 48.23 47.79 47.52 47.36 47.26 47.20 47.25 47.50 48.02 48.80 49.73 50.65 51.41 51.95 52.27 52.43 52.45 52.31 51.97 51.40 50.63 49.74 48.83 47.99 47.27 46.71 46.29 46.05 45.99 46.13 46.43 46.87 47.39 47.92 48.44 48.91 49.29 49.53 49.60 49.48 49.14 48.63 47.98 47.31 46.78 46.59 46.85 47.52 48.40 49.22 49.76 49.92 49.78 49.46 49.08 48.69 48.28 47.86 47.51 47.34 47.47 47.97 48.76 49.74 50.72 51.59 52.32 52.92 53.40 53.70 53.72 53.32 52.49 51.33 50.10 49.09 48.52 48.45 48.77 49.29 49.81 50.22 50.49 50.63 50.65 50.58 50.42 50.18 49.88 49.55 49.19 48.82 48.50 48.30 48.28 48.45 48.73 48.98 49.10 49.05 48.91 48.78 48.74 48.77 48.83 48.84 48.83 48.85 49.06 49.64 50.88 53.11 56.84 62.62 70.00 
50.00 50.08 49.37 47.91 46.64 45.89 45.60 45.62 45.78 45.98 46.21 46.48 46.80 47.16 47.48 47.73 47.88 47.98 48.08 48.22 48.42 48.69 48.99 49.29 49.58 49.82 50.03 50.21 50.37 50.51 50.60 50.64 50.66 50.71 50.88 51.20 51.69 52.32 53.02 53.65 54.09 54.23 54.06 53.67 53.20 52.76 52.39 52.08 51.75 51.36 50.90 50.41 49.94 49.50 49.09 48.70 48.33 48.02 47.83 47.81 48.04 48.58 49.45 50.61 51.93 53.20 54.21 54.77 54.83 54.43 53.74 52.95 52.21 51.66 51.36 51.35 51.58 51.93 52.23 52.31 52.07 51.51 50.75 49.96 49.27 48.77 48.45 48.23 48.04 47.83 47.61 47.49 47.60 48.02 48.76 49.69 50.64 51.46 52.04 52.40 52.57 52.59 52.45 52.09 51.50 50.72 49.83 48.96 48.23 47.68 47.35 47.20 47.20 47.32 47.52 47.78 48.06 48.35 48.68 49.05 49.48 49.96 50.43 50.80 50.98 50.88 50.47 49.79 48.97 48.24 47.82 47.89 48.42 49.22 49.99 50.45 50.51 50.22 49.71 49.15 48.59 48.07 47.61 47.25 47.10 47.23 47.68 48.42 49.33 50.27 51.14 51.92 52.61 53.20 53.61 53.68 53.28 52.36 51.07 49.67 48.51 47.82 47.67 47.95 48.46 48.99 49.38 49.58 49.62 49.53 49.37 49.16 48.95 48.74 48.53 48.32 48.12 47.96 47.93 48.09 48.45 48.91 49.33 49.57 49.57 49.40 49.18 49.01 48.90 48.83 48.77 48.74 48.82 49.17 50.07 51.90 55.28 61.34 72.19 92.00 
50.00 52.53 49.98 47.83 46.48 45.79 45.56 45.64 45.87 46.15 46.48 46.83 47.21 47.56 47.81 47.92 47.91 47.86 47.84 47.93 48.15 48.48 48.85 49.19 49.45 49.61 49.68 49.68 49.64 49.57 49.48 49.39 49.35 49.42 49.65 50.09 50.72 51.53 52.42 53.28 53.95 54.32 54.37 54.18 53.89 53.59 53.30 52.98 52.54 51.93 51.19 50.45 49.80 49.33 49.02 48.82 48.67 48.53 48.41 48.37 48.51 48.90 49.58 50.53 51.61 52.68 53.52 54.01 54.10 53.85 53.43 53.01 52.70 52.55 52.58 52.73 52.94 53.12 53.13 52.90 52.38 51.66 50.87 50.16 49.63 49.30 49.11 48.94 48.71 48.38 48.00 47.69 47.62 47.89 48.52 49.40 50.36 51.23 51.90 52.34 52.58 52.63 52.48 52.11 51.50 50.69 49.81 48.99 48.36 48.00 47.91 48.06 48.37 48.73 49.08 49.34 49.50 49.60 49.73 49.95 50.34 50.90 51.54 52.15 52.54 52.59 52.21 51.45 50.45 49.50 48.86 48.74 49.12 49.80 50.46 50.83 50.78 50.34 49.69 48.97 48.29 47.71 47.24 46.91 46.78 46.90 47.30 47.96 48.78 49.66 50.52 51.31 52.04 52.67 53.12 53.22 52.83 51.90 50.58 49.15 47.95 47.23 47.05 47.32 47.80 48.27 48.58 48.66 48.53 48.29 48.01 47.77 47.61 47.51 47.46 47.40 47.35 47.34 47.45 47.76 48.27 48.90 49.47 49.85 49.95 49.82 49.59 49.34 49.14 48.99 48.89 48.84 48.93 49.30 50.20 52.02 55.38 61.47 73.02 98.00 
98.00 60.33 50.66 47.60 46.36 45.83 45.70 45.83 46.10 46.46 46.85 47.27 47.65 47.94 48.06 47.99 47.78 47.54 47.41 47.45 47.71 48.13 48.60 49.04 49.34 49.48 49.45 49.31 49.08 48.81 48.54 48.31 48.20 48.26 48.54 49.05 49.78 50.71 51.75 52.79 53.65 54.23 54.49 54.52 54.43 54.31 54.16 53.89 53.41 52.65 51.71 50.74 49.94 49.40 49.15 49.09 49.10 49.10 49.03 48.95 48.95 49.15 49.59 50.26 51.09 51.93 52.63 53.06 53.21 53.13 52.97 52.90 53.00 53.27 53.63 53.99 54.23 54.27 54.03 53.50 52.73 51.85 51.03 50.39 50.00 49.82 49.74 49.61 49.33 48.89 48.35 47.86 47.60 47.68 48.15 48.92 49.84 50.75 51.52 52.09 52.42 52.52 52.38 51.98 51.33 50.51 49.62 48.84 48.31 48.12 48.28 48.73 49.36 50.01 50.54 50.87 50.96 50.92 50.87 50.96 51.30 51.88 52.63 53.36 53.85 53.93 53.50 52.61 51.45 50.32 49.53 49.27 49.53 50.09 50.65 50.92 50.76 50.22 49.46 48.64 47.91 47.31 46.89 46.62 46.53 46.64 46.98 47.53 48.26 49.07 49.89 50.66 51.36 51.97 52.39 52.47 52.08 51.17 49.90 48.53 47.39 46.72 46.58 46.86 47.32 47.73 47.93 47.85 47.55 47.12 46.71 46.42 46.30 46.31 46.39 46.49 46.57 46.68 46.90 47.31 47.91 48.63 49.30 49.78 50.00 49.97 49.79 49.57 49.38 49.23 49.13 49.11 49.17 49.43 50.04 51.25 53.35 56.60 60.67 61.00 
16.00 40.27 45.03 45.96 46.01 45.91 45.90 46.05 46.34 46.74 47.19 47.65 48.04 48.27 48.27 48.04 47.65 47.25 47.00 47.00 47.27 47.75 48.31 48.83 49.18 49.33 49.26 49.02 48.65 48.21 47.78 47.43 47.24 47.29 47.59 48.16 48.98 50.01 51.18 52.35 53.37 54.13 54.59 54.82 54.93 54.99 54.99 54.82 54.35 53.54 52.46 51.33 50.37 49.73 49.45 49.43 49.51 49.57 49.53 49.40 49.28 49.28 49.48 49.90 50.48 51.13 51.73 52.16 52.37 52.44 52.49 52.69 53.10 53.70 54.36 54.92 55.24 55.22 54.82 54.08 53.13 52.13 51.27 50.68 50.39 50.30 50.29 50.17 49.86 49.32 48.66 48.03 47.59 47.48 47.76 48.38 49.22 50.15 51.00 51.67 52.10 52.26 52.13 51.70 51.01 50.15 49.26 48.51 48.04 47.98 48.34 49.06 49.99 50.92 51.67 52.09 52.18 52.04 51.86 51.83 52.10 52.66 53.42 54.16 54.63 54.63 54.08 53.05 51.78 50.57 49.73 49.44 49.65 50.16 50.64 50.83 50.60 50.01 49.19 48.35 47.61 47.07 46.72 46.53 46.47 46.54 46.77 47.21 47.82 48.55 49.32 50.05 50.70 51.24 51.59 51.60 51.19 50.31 49.12 47.86 46.85 46.30 46.26 46.59 47.06 47.42 47.53 47.31 46.83 46.24 45.69 45.32 45.19 45.26 45.44 45.65 45.84 46.04 46.32 46.77 47.39 48.10 48.79 49.31 49.62 49.71 49.68 49.59 49.51 49.46 49.46 49.48 49.51 49.58 49.75 50.11 50.67 51.29 52.28 60.00 
41.00 39.73 43.28 45.33 46.05 46.15 46.12 46.20 46.46 46.87 47.38 47.90 48.33 48.56 48.50 48.17 47.67 47.16 46.81 46.75 46.98 47.45 48.02 48.55 48.92 49.07 48.99 48.71 48.27 47.74 47.19 46.75 46.50 46.52 46.86 47.49 48.38 49.50 50.77 52.04 53.18 54.09 54.71 55.13 55.42 55.65 55.79 55.73 55.33 54.53 53.40 52.16 51.05 50.26 49.85 49.74 49.79 49.84 49.79 49.64 49.44 49.31 49.33 49.55 49.95 50.49 51.04 51.49 51.79 51.95 52.13 52.46 53.03 53.82 54.67 55.40 55.83 55.85 55.41 54.60 53.56 52.50 51.61 51.03 50.76 50.71 50.71 50.58 50.24 49.67 48.95 48.23 47.67 47.41 47.50 47.95 48.68 49.57 50.45 51.18 51.67 51.85 51.71 51.26 50.55 49.66 48.75 47.99 47.55 47.55 48.04 48.95 50.12 51.31 52.26 52.81 52.93 52.75 52.48 52.37 52.55 53.05 53.74 54.38 54.73 54.58 53.87 52.73 51.42 50.25 49.50 49.30 49.56 50.07 50.53 50.69 50.45 49.85 49.05 48.25 47.59 47.13 46.86 46.71 46.63 46.60 46.69 46.96 47.43 48.07 48.79 49.50 50.12 50.60 50.86 50.80 50.34 49.48 48.36 47.23 46.37 45.98 46.06 46.49 47.00 47.37 47.42 47.12 46.52 45.79 45.11 44.65 44.45 44.51 44.71 44.96 45.21 45.46 45.76 46.19 46.74 47.36 47.97 48.48 48.85 49.09 49.26 49.39 49.52 49.67 49.83 49.93 49.93 49.79 49.51 49.08 48.24 45.87 37.31 1.00 
12.00 34.28 42.90 45.97 46.73 46.63 46.36 46.26 46.41 46.81 47.38 47.98 48.50 48.78 48.75 48.41 47.88 47.32 46.91 46.78 46.92 47.29 47.76 48.19 48.49 48.61 48.54 48.29 47.87 47.33 46.76 46.27 45.99 46.01 46.37 47.05 48.01 49.21 50.53 51.87 53.08 54.08 54.83 55.38 55.81 56.18 56.45 56.50 56.20 55.46 54.36 53.08 51.86 50.89 50.27 49.98 49.90 49.88 49.82 49.68 49.50 49.33 49.27 49.37 49.66 50.13 50.69 51.19 51.55 51.77 51.96 52.30 52.88 53.69 54.61 55.44 55.97 56.08 55.72 54.96 53.94 52.88 51.99 51.39 51.08 50.99 50.95 50.80 50.46 49.90 49.20 48.49 47.88 47.51 47.45 47.75 48.35 49.14 49.98 50.69 51.16 51.33 51.17 50.69 49.97 49.07 48.15 47.36 46.90 46.90 47.43 48.45 49.79 51.16 52.29 52.97 53.15 52.97 52.66 52.48 52.58 52.98 53.54 54.02 54.17 53.82 52.96 51.76 50.50 49.48 48.94 48.93 49.33 49.91 50.39 50.56 50.35 49.82 49.12 48.43 47.89 47.54 47.33 47.18 47.01 46.81 46.68 46.74 47.05 47.59 48.28 49.00 49.64 50.11 50.32 50.20 49.69 48.82 47.75 46.72 45.99 45.75 45.99 46.53 47.12 47.53 47.59 47.27 46.63 45.83 45.06 44.49 44.19 44.15 44.29 44.52 44.77 45.02 45.30 45.64 46.06 46.52 46.99 47.43 47.85 48.26 48.66 49.07 49.48 49.88 50.22 50.42 50.38 50.05 49.43 48.55 47.50 46.79 50.18 80.00 
21.00 42.34 47.85 48.76 48.25 47.38 46.65 46.26 46.27 46.63 47.24 47.94 48.56 48.94 49.00 48.73 48.23 47.69 47.26 47.05 47.07 47.27 47.53 47.77 47.93 47.98 47.93 47.75 47.44 47.00 46.50 46.06 45.79 45.81 46.17 46.88 47.88 49.11 50.45 51.79 53.01 54.03 54.82 55.45 55.96 56.41 56.76 56.90 56.72 56.12 55.13 53.89 52.61 51.49 50.66 50.14 49.88 49.77 49.72 49.65 49.56 49.45 49.40 49.46 49.71 50.15 50.71 51.24 51.63 51.85 52.00 52.24 52.70 53.41 54.26 55.09 55.69 55.92 55.71 55.09 54.19 53.21 52.33 51.69 51.32 51.13 51.02 50.84 50.52 50.03 49.42 48.77 48.18 47.77 47.62 47.79 48.25 48.92 49.63 50.24 50.62 50.72 50.52 50.05 49.33 48.46 47.54 46.72 46.21 46.16 46.68 47.73 49.15 50.63 51.87 52.65 52.90 52.75 52.45 52.23 52.27 52.55 52.94 53.20 53.12 52.56 51.58 50.37 49.24 48.46 48.19 48.43 49.01 49.69 50.22 50.43 50.29 49.87 49.32 48.80 48.42 48.18 48.03 47.83 47.51 47.10 46.73 46.54 46.67 47.12 47.81 48.58 49.29 49.82 50.04 49.89 49.33 48.43 47.34 46.36 45.72 45.60 45.95 46.61 47.30 47.79 47.93 47.66 47.06 46.27 45.47 44.81 44.39 44.22 44.26 44.42 44.62 44.83 45.04 45.26 45.49 45.74 46.04 46.41 46.88 47.45 48.10 48.79 49.47 50.10 50.61 50.88 50.81 50.32 49.41 48.14 46.44 43.67 36.65 10.00 
92.00 66.09 57.17 52.86 50.15 48.25 46.98 46.30 46.16 46.48 47.11 47.87 48.57 49.05 49.21 49.04 48.64 48.15 47.72 47.46 47.36 47.35 47.38 47.38 47.35 47.32 47.29 47.23 47.09 46.84 46.50 46.16 45.94 45.97 46.32 47.01 47.99 49.19 50.49 51.76 52.90 53.85 54.60 55.19 55.69 56.14 56.51 56.72 56.66 56.24 55.44 54.36 53.14 51.96 50.96 50.25 49.82 49.64 49.62 49.68 49.73 49.77 49.79 49.88 50.11 50.52 51.05 51.56 51.92 52.09 52.14 52.24 52.52 53.04 53.74 54.48 55.09 55.42 55.38 54.97 54.26 53.42 52.60 51.94 51.49 51.21 51.01 50.79 50.50 50.10 49.60 49.05 48.51 48.10 47.90 47.97 48.31 48.82 49.38 49.83 50.08 50.09 49.85 49.39 48.73 47.91 47.01 46.19 45.63 45.52 45.98 47.00 48.42 49.92 51.21 52.04 52.35 52.26 51.99 51.77 51.75 51.92 52.12 52.16 51.84 51.10 50.03 48.87 47.92 47.41 47.43 47.92 48.67 49.42 49.97 50.21 50.14 49.84 49.46 49.13 48.93 48.82 48.72 48.48 48.04 47.43 46.82 46.42 46.38 46.74 47.43 48.28 49.10 49.73 50.00 49.85 49.24 48.27 47.13 46.12 45.50 45.43 45.86 46.61 47.40 48.00 48.26 48.12 47.65 46.94 46.17 45.48 44.97 44.68 44.61 44.68 44.82 44.98 45.09 45.15 45.18 45.22 45.35 45.65 46.16 46.88 47.74 48.67 49.57 50.37 50.98 51.29 51.16 50.53 49.44 48.02 46.45 44.85 42.81 37.00 
91.00 72.77 61.77 55.37 51.46 48.94 47.35 46.51 46.28 46.54 47.14 47.90 48.63 49.16 49.39 49.31 49.00 48.59 48.20 47.93 47.74 47.58 47.39 47.17 46.97 46.85 46.84 46.90 46.96 46.94 46.82 46.63 46.49 46.52 46.82 47.43 48.33 49.43 50.61 51.73 52.71 53.48 54.07 54.52 54.90 55.25 55.58 55.82 55.87 55.66 55.14 54.31 53.28 52.17 51.15 50.33 49.82 49.61 49.64 49.84 50.07 50.27 50.42 50.55 50.76 51.11 51.56 51.99 52.27 52.35 52.30 52.25 52.35 52.66 53.15 53.74 54.29 54.69 54.82 54.63 54.15 53.50 52.80 52.18 51.69 51.32 51.04 50.79 50.51 50.18 49.77 49.29 48.80 48.38 48.13 48.13 48.36 48.74 49.14 49.44 49.57 49.50 49.24 48.81 48.22 47.48 46.65 45.85 45.28 45.11 45.51 46.45 47.79 49.24 50.50 51.34 51.69 51.66 51.45 51.27 51.22 51.29 51.33 51.15 50.62 49.73 48.63 47.56 46.80 46.55 46.83 47.51 48.35 49.11 49.63 49.85 49.80 49.59 49.36 49.21 49.17 49.21 49.19 48.97 48.47 47.76 47.00 46.43 46.26 46.54 47.22 48.13 49.05 49.77 50.11 49.95 49.29 48.23 47.00 45.92 45.25 45.16 45.61 46.41 47.30 48.04 48.46 48.51 48.21 47.66 46.99 46.32 45.77 45.41 45.26 45.27 45.38 45.48 45.51 45.42 45.25 45.10 45.08 45.32 45.87 46.70 47.71 48.77 49.80 50.68 51.33 51.61 51.42 50.67 49.43 47.88 46.47 46.50 52.77 85.00 
89.00 72.23 61.80 55.57 51.74 49.31 47.80 47.00 46.78 46.99 47.51 48.17 48.82 49.31 49.54 49.52 49.28 48.95 48.64 48.39 48.19 47.96 47.65 47.28 46.96 46.77 46.77 46.94 47.17 47.37 47.46 47.43 47.37 47.39 47.60 48.09 48.85 49.79 50.78 51.68 52.40 52.91 53.23 53.44 53.60 53.78 53.98 54.20 54.36 54.38 54.17 53.69 52.98 52.10 51.19 50.42 49.90 49.71 49.81 50.12 50.51 50.87 51.12 51.30 51.49 51.75 52.08 52.37 52.54 52.52 52.38 52.23 52.17 52.28 52.55 52.95 53.41 53.82 54.07 54.09 53.87 53.45 52.93 52.41 51.95 51.56 51.24 50.95 50.66 50.35 49.97 49.50 48.99 48.53 48.22 48.13 48.27 48.54 48.84 49.04 49.09 48.99 48.74 48.37 47.85 47.20 46.45 45.71 45.16 44.97 45.30 46.14 47.36 48.69 49.87 50.68 51.07 51.12 51.00 50.89 50.85 50.85 50.76 50.41 49.73 48.75 47.65 46.69 46.11 46.06 46.52 47.30 48.14 48.83 49.23 49.35 49.26 49.08 48.93 48.91 49.03 49.21 49.33 49.22 48.79 48.09 47.29 46.66 46.39 46.59 47.22 48.13 49.09 49.85 50.22 50.05 49.33 48.19 46.86 45.67 44.92 44.77 45.19 46.02 46.99 47.87 48.48 48.75 48.66 48.30 47.76 47.17 46.64 46.26 46.08 46.09 46.19 46.28 46.24 46.04 45.73 45.43 45.30 45.48 46.03 46.91 47.97 49.09 50.13 51.00 51.61 51.84 51.58 50.74 49.32 47.38 44.99 41.96 36.80 20.00 
83.00 65.40 57.79 53.68 51.12 49.44 48.40 47.87 47.74 47.91 48.29 48.76 49.21 49.55 49.71 49.67 49.47 49.22 48.99 48.84 48.69 48.49 48.16 47.76 47.38 47.14 47.14 47.35 47.69 48.05 48.31 48.42 48.43 48.43 48.56 48.91 49.48 50.21 50.95 51.57 51.97 52.14 52.13 52.02 51.90 51.84 51.88 52.04 52.27 52.49 52.60 52.53 52.22 51.71 51.07 50.47 50.05 49.89 50.04 50.41 50.89 51.35 51.69 51.91 52.07 52.24 52.43 52.59 52.64 52.55 52.36 52.14 51.97 51.89 51.95 52.14 52.45 52.83 53.17 53.38 53.40 53.24 52.96 52.61 52.25 51.91 51.59 51.28 50.98 50.64 50.23 49.71 49.11 48.54 48.11 47.92 47.96 48.16 48.40 48.59 48.65 48.58 48.38 48.05 47.60 47.02 46.35 45.69 45.19 45.02 45.29 46.02 47.09 48.29 49.37 50.15 50.59 50.74 50.74 50.72 50.73 50.71 50.54 50.09 49.32 48.31 47.25 46.39 45.95 46.03 46.56 47.33 48.08 48.62 48.86 48.82 48.62 48.38 48.24 48.27 48.50 48.84 49.14 49.23 48.99 48.45 47.74 47.12 46.80 46.90 47.43 48.26 49.16 49.89 50.23 50.02 49.25 48.03 46.63 45.36 44.52 44.30 44.67 45.50 46.54 47.55 48.36 48.85 49.00 48.82 48.43 47.92 47.44 47.08 46.92 46.95 47.08 47.19 47.13 46.88 46.49 46.10 45.89 46.03 46.54 47.39 48.42 49.49 50.47 51.26 51.79 51.94 51.63 50.75 49.25 47.06 44.00 39.49 32.45 23.00 
43.00 48.71 50.54 50.62 50.11 49.57 49.21 49.06 49.09 49.23 49.41 49.61 49.79 49.89 49.90 49.79 49.60 49.41 49.28 49.23 49.20 49.09 48.85 48.49 48.11 47.86 47.82 48.02 48.39 48.82 49.17 49.38 49.45 49.45 49.52 49.74 50.14 50.64 51.10 51.38 51.43 51.23 50.86 50.42 49.99 49.67 49.52 49.58 49.83 50.21 50.62 50.96 51.11 51.04 50.78 50.44 50.16 50.06 50.19 50.55 51.03 51.52 51.90 52.15 52.30 52.42 52.52 52.58 52.55 52.42 52.22 51.97 51.71 51.47 51.30 51.27 51.40 51.70 52.09 52.46 52.72 52.83 52.80 52.66 52.47 52.23 51.97 51.69 51.38 51.02 50.55 49.93 49.21 48.48 47.88 47.54 47.48 47.62 47.86 48.09 48.23 48.24 48.10 47.82 47.40 46.86 46.26 45.69 45.26 45.12 45.35 45.98 46.92 47.99 49.00 49.79 50.30 50.56 50.68 50.76 50.83 50.83 50.63 50.15 49.36 48.38 47.39 46.63 46.28 46.41 46.92 47.60 48.19 48.53 48.56 48.34 47.98 47.63 47.41 47.44 47.72 48.21 48.73 49.10 49.15 48.87 48.36 47.82 47.47 47.47 47.83 48.49 49.24 49.85 50.10 49.83 49.01 47.76 46.33 45.02 44.14 43.85 44.17 44.99 46.07 47.21 48.19 48.90 49.24 49.24 48.97 48.54 48.10 47.77 47.64 47.70 47.87 48.00 47.97 47.73 47.32 46.90 46.67 46.74 47.19 47.94 48.86 49.82 50.68 51.35 51.77 51.86 51.54 50.71 49.31 47.22 44.18 39.38 30.44 10.00 
9.00 36.06 45.37 48.55 49.59 49.98 50.22 50.45 50.63 50.71 50.68 50.57 50.42 50.25 50.07 49.87 49.67 49.53 49.49 49.55 49.63 49.65 49.52 49.26 48.94 48.69 48.62 48.76 49.08 49.48 49.85 50.10 50.22 50.25 50.30 50.46 50.73 51.02 51.20 51.16 50.85 50.29 49.58 48.82 48.11 47.54 47.18 47.11 47.33 47.81 48.47 49.17 49.76 50.15 50.30 50.27 50.15 50.07 50.14 50.40 50.80 51.24 51.63 51.91 52.10 52.22 52.29 52.32 52.28 52.16 51.97 51.71 51.36 50.96 50.56 50.28 50.21 50.40 50.80 51.31 51.78 52.15 52.37 52.45 52.43 52.34 52.18 51.98 51.72 51.37 50.87 50.18 49.33 48.43 47.64 47.12 46.92 47.00 47.26 47.57 47.83 47.95 47.89 47.64 47.22 46.70 46.13 45.62 45.26 45.15 45.37 45.93 46.77 47.76 48.75 49.59 50.19 50.57 50.79 50.94 51.05 51.06 50.87 50.40 49.66 48.76 47.88 47.22 46.93 47.06 47.49 48.02 48.42 48.55 48.37 47.96 47.42 46.92 46.59 46.55 46.86 47.48 48.24 48.92 49.32 49.37 49.11 48.71 48.37 48.24 48.40 48.81 49.33 49.75 49.86 49.51 48.66 47.42 46.01 44.73 43.85 43.54 43.82 44.61 45.72 46.93 48.06 48.93 49.45 49.59 49.41 49.03 48.60 48.27 48.13 48.20 48.39 48.56 48.57 48.37 48.01 47.62 47.38 47.40 47.75 48.36 49.14 49.94 50.65 51.21 51.53 51.58 51.30 50.61 49.46 47.84 45.73 43.16 39.79 32.00 
32.00 41.37 46.69 49.04 50.11 50.78 51.33 51.78 52.03 52.01 51.76 51.34 50.89 50.47 50.12 49.86 49.69 49.62 49.66 49.79 49.95 50.04 50.01 49.84 49.60 49.38 49.29 49.37 49.59 49.90 50.21 50.44 50.57 50.66 50.77 50.96 51.17 51.32 51.28 50.94 50.31 49.45 48.45 47.42 46.46 45.67 45.11 44.89 45.05 45.59 46.42 47.41 48.37 49.17 49.70 49.93 49.95 49.86 49.82 49.90 50.15 50.50 50.88 51.22 51.48 51.66 51.78 51.85 51.85 51.77 51.61 51.33 50.89 50.31 49.68 49.14 48.86 48.93 49.33 49.95 50.62 51.21 51.64 51.91 52.05 52.09 52.07 51.99 51.85 51.59 51.13 50.43 49.49 48.44 47.46 46.74 46.39 46.39 46.66 47.07 47.45 47.69 47.72 47.50 47.09 46.56 46.01 45.52 45.19 45.10 45.31 45.83 46.63 47.61 48.64 49.56 50.26 50.70 50.95 51.10 51.20 51.19 51.00 50.56 49.91 49.14 48.41 47.88 47.67 47.78 48.10 48.46 48.66 48.60 48.25 47.66 46.96 46.30 45.84 45.72 46.04 46.77 47.75 48.74 49.51 49.91 49.95 49.72 49.40 49.15 49.08 49.21 49.44 49.62 49.56 49.11 48.25 47.07 45.76 44.57 43.76 43.46 43.73 44.49 45.57 46.81 48.01 48.99 49.63 49.87 49.75 49.37 48.92 48.55 48.38 48.42 48.60 48.78 48.85 48.72 48.43 48.10 47.86 47.84 48.08 48.55 49.16 49.81 50.39 50.84 51.11 51.15 50.92 50.40 49.55 48.41 47.31 47.42 53.38 84.00 
45.00 50.96 51.36 51.21 51.32 51.73 52.29 52.76 52.96 52.80 52.31 51.64 50.94 50.34 49.92 49.70 49.64 49.71 49.85 50.01 50.14 50.22 50.21 50.09 49.92 49.77 49.71 49.75 49.88 50.05 50.21 50.33 50.44 50.59 50.82 51.11 51.38 51.48 51.28 50.74 49.88 48.79 47.59 46.37 45.23 44.24 43.51 43.14 43.23 43.79 44.75 45.95 47.20 48.29 49.08 49.50 49.58 49.44 49.24 49.12 49.18 49.42 49.80 50.23 50.60 50.89 51.09 51.22 51.26 51.23 51.10 50.81 50.29 49.55 48.68 47.89 47.39 47.33 47.72 48.44 49.28 50.07 50.67 51.07 51.32 51.48 51.61 51.69 51.72 51.63 51.30 50.64 49.65 48.46 47.29 46.36 45.84 45.77 46.06 46.57 47.11 47.50 47.63 47.49 47.11 46.58 46.00 45.49 45.15 45.05 45.24 45.74 46.53 47.56 48.68 49.71 50.46 50.89 51.05 51.10 51.10 51.02 50.81 50.40 49.84 49.23 48.70 48.36 48.24 48.35 48.58 48.78 48.81 48.59 48.10 47.39 46.56 45.77 45.19 44.99 45.31 46.14 47.32 48.60 49.70 50.45 50.78 50.74 50.47 50.10 49.80 49.63 49.57 49.47 49.20 48.65 47.80 46.73 45.60 44.60 43.93 43.72 44.01 44.72 45.75 46.93 48.12 49.12 49.80 50.07 49.95 49.55 49.03 48.60 48.38 48.38 48.54 48.74 48.84 48.77 48.56 48.29 48.07 48.01 48.15 48.49 48.97 49.49 49.98 50.36 50.60 50.65 50.49 50.10 49.45 48.50 47.23 45.50 42.12 31.00 
95.00 66.32 56.95 53.51 52.43 52.43 52.82 53.15 53.17 52.80 52.09 51.22 50.38 49.73 49.36 49.30 49.52 49.86 50.15 50.29 50.28 50.20 50.09 49.97 49.85 49.80 49.84 49.92 49.96 49.95 49.88 49.81 49.80 49.97 50.35 50.83 51.23 51.38 51.14 50.51 49.55 48.38 47.09 45.76 44.48 43.33 42.43 41.93 41.99 42.63 43.74 45.11 46.52 47.76 48.66 49.14 49.20 48.95 48.57 48.21 48.04 48.17 48.61 49.20 49.75 50.14 50.37 50.50 50.53 50.51 50.41 50.16 49.61 48.74 47.65 46.60 45.86 45.65 46.02 46.84 47.87 48.83 49.56 50.05 50.39 50.69 50.98 51.25 51.48 51.59 51.42 50.81 49.74 48.35 46.93 45.78 45.10 44.98 45.35 46.05 46.80 47.39 47.69 47.67 47.37 46.86 46.25 45.66 45.25 45.12 45.30 45.76 46.53 47.61 48.87 50.03 50.80 51.09 51.01 50.82 50.64 50.48 50.21 49.79 49.31 48.88 48.59 48.48 48.52 48.68 48.85 48.92 48.80 48.46 47.86 47.04 46.11 45.22 44.57 44.33 44.68 45.61 46.98 48.49 49.87 50.92 51.55 51.73 51.50 51.02 50.49 50.04 49.66 49.27 48.75 48.06 47.23 46.34 45.51 44.84 44.43 44.40 44.76 45.45 46.37 47.41 48.47 49.37 49.95 50.16 49.98 49.48 48.88 48.40 48.17 48.19 48.38 48.59 48.70 48.66 48.50 48.26 48.02 47.91 48.00 48.27 48.68 49.13 49.55 49.89 50.12 50.17 50.05 49.76 49.27 48.50 47.25 44.91 38.43 14.00 
66.00 62.57 56.92 53.74 52.57 52.52 52.75 52.83 52.52 51.88 50.98 49.99 49.14 48.57 48.34 48.60 49.33 50.19 50.74 50.78 50.43 50.01 49.71 49.51 49.40 49.50 49.76 49.95 49.92 49.66 49.26 48.86 48.61 48.73 49.27 50.03 50.65 50.91 50.70 50.12 49.24 48.16 46.94 45.59 44.19 42.91 41.83 41.21 41.32 42.22 43.62 45.18 46.66 47.89 48.72 49.10 49.00 48.59 48.02 47.36 46.87 46.88 47.50 48.45 49.26 49.69 49.81 49.78 49.64 49.55 49.55 49.46 49.01 48.08 46.79 45.41 44.35 43.94 44.28 45.22 46.46 47.65 48.51 49.07 49.52 50.01 50.55 51.04 51.44 51.74 51.67 51.01 49.67 47.86 46.04 44.61 43.80 43.72 44.34 45.41 46.53 47.42 47.96 48.15 47.96 47.48 46.79 46.02 45.49 45.34 45.54 45.92 46.58 47.68 49.16 50.58 51.37 51.35 50.79 50.19 49.81 49.58 49.27 48.77 48.28 48.02 48.03 48.23 48.49 48.77 48.95 48.94 48.66 48.20 47.50 46.52 45.46 44.53 43.86 43.63 44.06 45.16 46.73 48.45 50.02 51.31 52.29 52.74 52.56 51.91 51.13 50.39 49.72 49.00 48.11 47.19 46.37 45.76 45.44 45.33 45.33 45.58 46.13 46.84 47.60 48.40 49.22 49.83 50.12 50.12 49.77 49.07 48.34 47.90 47.82 47.99 48.33 48.58 48.63 48.52 48.36 48.07 47.74 47.57 47.69 47.99 48.45 48.88 49.23 49.51 49.71 49.73 49.55 49.31 49.03 48.57 47.99 48.16 52.54 75.00 
78.00 61.18 54.62 52.13 51.61 51.98 52.14 51.84 50.96 50.02 49.01 47.97 47.27 46.93 46.82 47.49 49.07 50.93 51.94 51.71 50.62 49.61 49.09 48.80 48.60 48.89 49.56 49.98 49.83 49.23 48.32 47.47 46.71 46.71 47.51 48.71 49.57 49.97 49.78 49.39 48.83 48.07 47.17 45.86 44.27 42.88 41.51 40.70 41.02 42.59 44.63 46.46 47.93 48.96 49.49 49.64 49.20 48.57 47.86 46.75 45.65 45.48 46.55 48.32 49.62 49.92 49.62 49.19 48.59 48.31 48.56 48.95 48.87 47.90 46.40 44.46 42.87 42.15 42.44 43.53 45.15 46.72 47.70 48.29 48.95 49.82 50.84 51.58 52.00 52.45 52.40 51.45 49.47 46.73 44.18 42.36 41.45 41.57 42.71 44.58 46.36 47.69 48.49 48.99 48.89 48.46 47.58 46.37 45.62 45.57 45.99 46.19 46.48 47.52 49.46 51.52 52.44 51.83 50.35 49.10 48.58 48.48 48.20 47.41 46.73 46.61 47.02 47.70 48.24 48.75 49.06 49.01 48.48 47.88 47.06 45.74 44.40 43.47 42.86 42.68 43.34 44.75 46.66 48.58 50.18 51.63 53.11 54.03 53.86 52.85 51.76 50.74 49.83 48.75 47.24 45.85 44.95 44.73 45.28 46.11 46.69 47.34 48.25 49.11 49.61 50.01 50.54 50.65 50.31 49.92 49.34 48.20 47.22 47.01 47.40 47.96 48.73 49.07 48.87 48.44 48.22 47.80 47.15 46.91 47.25 47.77 48.50 48.98 49.15 49.20 49.37 49.23 48.75 48.49 48.50 48.35 47.62 46.94 48.42 55.00 
49.00 49.57 48.33 48.57 49.63 51.31 51.31 50.48 48.40 47.22 46.30 45.19 44.92 45.15 44.65 45.61 48.62 52.55 54.43 53.49 50.73 48.67 48.18 47.95 47.27 47.82 49.43 50.32 49.84 48.66 46.95 45.62 43.79 43.56 44.91 47.07 48.07 48.61 48.12 48.08 48.24 48.05 47.96 46.67 44.49 43.26 41.19 39.85 40.49 43.68 47.13 49.31 50.61 51.25 51.08 51.06 49.82 48.92 48.52 46.61 44.08 43.41 45.49 49.29 51.57 51.29 49.88 48.96 47.22 46.48 47.42 48.97 49.79 48.62 46.97 43.85 41.28 40.05 40.31 41.61 44.00 46.39 47.35 47.75 48.77 50.35 52.48 53.46 53.40 54.16 54.08 52.57 49.33 44.56 40.72 38.45 37.47 37.95 40.06 43.63 46.51 48.42 49.29 50.40 50.13 49.86 48.65 46.21 45.06 45.43 46.81 46.55 45.77 46.43 49.49 53.34 54.73 52.94 49.51 47.18 46.80 47.40 47.45 45.72 44.42 44.48 45.56 47.13 47.87 48.81 49.50 49.55 48.32 47.62 46.82 44.58 42.53 41.80 41.38 41.12 42.28 44.29 46.89 49.14 50.36 51.66 54.20 56.18 55.92 53.89 52.47 51.17 50.25 48.90 46.05 43.71 42.50 42.71 44.87 47.48 48.54 49.59 51.28 52.59 52.52 52.15 52.72 52.04 50.34 49.46 48.93 46.69 45.05 45.51 47.09 48.19 50.08 50.55 49.59 48.21 48.20 47.58 46.01 45.59 46.77 47.60 49.21 49.78 49.44 48.81 49.12 48.65 47.22 46.82 47.56 48.21 46.81 43.30 39.05 32.00 
37.00 39.75 40.50 44.10 46.84 51.95 50.76 49.59 44.10 43.44 43.28 41.37 42.16 44.33 41.31 41.91 47.39 56.29 59.71 57.06 50.10 46.12 47.00 47.60 44.72 45.65 49.87 51.69 50.08 48.11 44.70 43.90 38.98 38.58 41.13 46.01 46.23 47.35 45.10 45.87 47.58 47.80 50.01 48.55 43.98 44.76 40.52 37.61 38.22 45.55 52.04 54.13 54.90 55.06 53.03 54.05 50.41 49.12 51.10 47.57 41.16 39.15 43.28 52.42 56.70 54.33 50.09 49.79 45.01 43.11 45.84 49.99 53.09 50.34 49.63 43.40 39.09 37.09 37.62 38.91 42.96 47.58 47.75 47.00 48.76 51.35 56.47 57.60 55.01 57.36 57.40 55.13 50.08 40.60 34.73 32.36 31.29 32.12 35.57 43.11 47.52 50.13 49.81 53.16 51.26 52.01 50.67 44.49 42.72 44.07 49.18 47.36 43.54 42.80 48.51 57.36 59.94 55.50 47.49 43.31 44.04 46.82 48.39 43.48 40.60 41.17 43.44 47.25 47.20 49.11 50.65 51.48 47.73 47.42 47.82 42.85 38.88 39.44 39.52 38.18 40.61 43.61 47.78 50.87 50.44 50.30 55.73 60.52 59.79 54.50 53.34 51.49 51.33 50.65 44.28 40.21 38.34 38.51 43.96 50.61 50.83 51.78 55.35 58.16 56.42 53.96 56.56 54.60 49.41 48.30 49.79 44.18 40.54 42.96 47.57 48.14 53.43 53.97 51.06 46.68 48.65 48.11 43.50 42.59 46.78 46.99 51.44 51.92 50.29 47.51 49.39 48.53 44.04 43.36 46.10 49.63 47.73 40.17 32.36 17.00 
19.00 31.87 29.70 40.35 41.48 58.59 49.77 52.51 34.39 38.70 41.73 34.82 38.21 49.00 34.67 33.57 42.85 65.54 71.04 64.89 46.43 38.67 46.11 50.78 38.41 40.16 52.58 56.18 50.26 48.51 39.36 45.97 29.39 30.45 34.73 49.21 42.88 48.74 38.35 42.15 48.09 45.43 55.76 53.63 38.25 51.43 38.77 32.25 29.80 49.03 62.18 61.10 60.56 61.66 52.37 62.03 48.91 46.35 59.51 51.78 34.22 29.17 36.53 60.92 69.01 59.70 46.73 55.37 40.14 35.30 43.08 52.38 62.68 50.52 58.36 41.64 35.13 32.13 34.56 33.70 41.47 53.31 49.27 44.15 48.56 50.73 65.53 66.53 52.62 63.46 63.26 60.30 54.74 32.30 24.42 24.19 22.51 23.14 26.61 45.52 50.21 54.76 46.67 61.12 49.62 56.00 57.22 37.97 36.89 38.61 58.24 49.95 38.04 32.54 44.15 67.41 72.00 61.55 41.64 34.54 39.25 47.46 55.75 39.12 33.21 36.03 39.67 51.13 44.54 49.81 52.64 58.21 43.85 46.57 54.07 39.84 30.29 37.20 38.82 31.39 38.49 41.99 49.97 56.25 50.25 43.36 57.87 70.42 68.33 51.22 55.20 50.42 53.20 58.24 40.21 34.35 31.91 28.83 41.77 60.26 52.68 51.73 60.66 68.77 61.52 51.13 65.26 60.53 44.32 44.29 57.41 39.39 29.82 38.28 52.38 43.83 62.06 61.26 54.26 38.86 51.51 52.47 37.13 34.41 50.89 42.43 58.05 56.57 52.56 41.56 52.17 51.61 36.46 35.87 43.33 56.05 54.01 37.10 33.13 16.00 
36.00 39.00 6.00 46.00 20.00 91.00 37.00 76.00 2.00 35.00 50.00 18.00 27.00 79.00 15.00 15.00 25.00 92.00 94.00 85.00 32.00 16.00 48.00 71.00 18.00 24.00 64.00 70.00 46.00 56.00 18.00 71.00 2.00 19.00 18.00 73.00 27.00 66.00 17.00 36.00 57.00 30.00 74.00 72.00 4.00 84.00 31.00 23.00 0.00 59.00 87.00 68.00 65.00 79.00 33.00 93.00 37.00 28.00 89.00 66.00 15.00 7.00 13.00 86.00 99.00 69.00 22.00 85.00 25.00 15.00 39.00 54.00 95.00 31.00 92.00 30.00 28.00 22.00 35.00 20.00 36.00 75.00 52.00 32.00 51.00 38.00 89.00 91.00 26.00 81.00 72.00 68.00 76.00 9.00 6.00 17.00 11.00 11.00 2.00 62.00 53.00 72.00 21.00 95.00 30.00 65.00 84.00 13.00 28.00 15.00 95.00 56.00 26.00 5.00 28.00 96.00 99.00 77.00 23.00 14.00 31.00 48.00 88.00 24.00 17.00 30.00 28.00 73.00 30.00 53.00 52.00 85.00 23.00 41.00 82.00 32.00 5.00 40.00 47.00 10.00 40.00 36.00 54.00 74.00 51.00 15.00 62.00 95.00 92.00 27.00 66.00 42.00 53.00 89.00 24.00 25.00 26.00 3.00 34.00 96.00 48.00 42.00 67.00 95.00 70.00 24.00 93.00 78.00 23.00 27.00 96.00 26.00 1.00 28.00 80.00 13.00 90.00 75.00 66.00 3.00 66.00 73.00 18.00 7.00 80.00 14.00 82.00 64.00 62.00 14.00 66.00 69.00 14.00 20.00 35.00 77.00 75.00 21.00 47.00 28.00 

